kind,subject,subject_date,page,hits
event,UFC 108: Evans vs Silva,2010-01-02,UFC 108,8
event,UFC Fight Night: Maynard vs Diaz,2010-01-11,,-1
event,UFC 109: Relentless,2010-02-06,,-1
event,UFC 110: Nogueira vs Velasquez,2010-02-20,,-1
event,UFC Live: Vera vs Jones,2010-03-21,UFC Live: Vera vs. Jones,6
event,UFC 111: St-Pierre vs Hardy,2010-03-27,UFC 111,0
event,UFC Fight Night: Florian vs Gomi,2010-03-31,UFC Fight Night: Florian vs. Gomi,1
event,UFC 112: Invincible,2010-04-10,UFC 112: Invincible,2
event,UFC 113: Machida vs Shogun 2,2010-05-08,UFC 113,2
event,UFC 114: Rampage vs Evans,2010-05-29,UFC 114,5
event,UFC 115: Liddell vs Franklin,2010-06-12,UFC 115,2
event,The Ultimate Fighter: Team Liddell vs Team Ortiz Finale,2010-06-19,,-1
event,UFC 116: Lesnar vs Carwin,2010-07-03,UFC 116,4
event,UFC Live: Jones vs Matyushenko,2010-08-01,,-1
event,UFC 117: Silva vs Sonnen,2010-08-07,UFC 117,2
event,UFC 118: Edgar vs Penn 2,2010-08-28,UFC 118,5
event,UFC Fight Night: Marquardt vs Palhares,2010-09-15,UFC Fight Night: Marquardt vs. Palhares,7
event,UFC 119: Mir vs Cro Cop,2010-09-25,UFC 119,3
event,UFC 120: Bisping vs Akiyama,2010-10-16,,-1
event,UFC 121: Lesnar vs Velasquez,2010-10-23,UFC 121,1
event,UFC 122: Marquardt vs Okami,2010-11-13,UFC 122,3
event,UFC 123: Rampage vs Machida,2010-11-20,UFC 123,1
event,The Ultimate Fighter: Team GSP vs Team Koscheck Finale,2010-12-04,,-1
event,UFC 124: St-Pierre vs Koscheck 2,2010-12-11,UFC 124,2
event,UFC 125: Resolution,2011-01-01,UFC 125: Resolution,2
event,UFC Fight Night: Fight for the Troops 2,2011-01-22,UFC: Fight for the Troops 2,3
event,UFC 126: Silva vs Belfort,2011-02-05,UFC 126,2
event,UFC 127: Penn vs Fitch,2011-02-26,,-1
event,UFC Live: Sanchez vs Kampmann,2011-03-03,UFC Live: Sanchez vs. Kampmann,6
event,UFC 128: Shogun vs Jones,2011-03-19,UFC 128,4
event,UFC Fight Night: Nogueira vs Davis,2011-03-26,UFC Fight Night: Nogueira vs. Davis,5
event,UFC 129: St-Pierre vs Shields,2011-04-30,UFC 129,0
event,UFC 130: Rampage vs Hamill,2011-05-28,UFC 130,6
event,The Ultimate Fighter: Team Lesnar vs Team dos Santos Finale,2011-06-04,,-1
event,UFC 131: Dos Santos vs Carwin,2011-06-11,UFC 131,7
event,UFC Live: Kongo vs Barry,2011-06-26,,-1
event,UFC 132: Cruz vs Faber,2011-07-02,UFC 132,3
event,UFC 133: Evans vs Ortiz 2,2011-08-06,UFC 133,9
event,UFC Live: Hardy vs Lytle,2011-08-14,,-1
event,UFC 134: Silva vs Okami,2011-08-27,UFC 134,3
event,UFC Fight Night: Shields vs Ellenberger,2011-09-17,UFC Fight Night: Shields vs. Ellenberger,2
event,UFC 135: Jones vs Rampage,2011-09-24,UFC 135,7
event,UFC Live: Cruz vs Johnson,2011-10-01,,-1
event,UFC 136: Edgar vs Maynard 3,2011-10-08,UFC 136,4
event,UFC 137: Penn vs Diaz,2011-10-29,UFC 137,2
event,UFC 138: Leben vs Munoz,2011-11-05,,-1
event,UFC on FOX: Velasquez vs Dos Santos,2011-11-12,,-1
event,UFC 139: Shogun vs Henderson,2011-11-19,UFC 139,1
event,The Ultimate Fighter: Team Bisping vs Team Miller Finale,2011-12-03,,-1
event,UFC 140: Jones vs Machida,2011-12-10,UFC 140,10
event,UFC 141: Lesnar vs Overeem,2011-12-30,UFC 141,3
event,UFC 142: Aldo vs Mendes,2012-01-14,UFC 142,2
event,UFC on FX: Guillard vs Miller,2012-01-20,UFC on FX: Guillard vs. Miller,5
event,UFC on FOX: Evans vs Davis,2012-01-28,,-1
event,UFC 143: Diaz vs Condit,2012-02-04,UFC 143,5
event,UFC on FUEL TV: Sanchez vs Ellenberger,2012-02-15,,-1
event,UFC 144: Edgar vs Henderson,2012-02-25,UFC 144,2
event,UFC on FX: Alves vs Kampmann,2012-03-02,UFC on FX: Alves vs. Kampmann,2
event,UFC on FUEL TV: Gustafsson vs Silva,2012-04-14,UFC on Fuel TV: Gustafsson vs. Silva,3
event,UFC 145: Jones vs Evans,2012-04-21,UFC 145,3
event,UFC on FOX: Diaz vs Miller,2012-05-05,UFC on Fox: Diaz vs. Miller,3
event,UFC on FUEL TV: Korean Zombie vs Poirier,2012-05-15,,-1
event,UFC 146: Dos Santos vs Mir,2012-05-26,UFC 146,3
event,The Ultimate Fighter: Live Finale,2012-06-01,,-1
event,UFC on FX: Johnson vs McCall,2012-06-08,,-1
event,UFC on FX: Maynard vs Guida,2012-06-22,UFC on FX: Maynard vs. Guida,6
event,UFC 147: Silva vs Franklin 2,2012-06-23,UFC 147,1
event,UFC 148: Silva vs Sonnen 2,2012-07-07,UFC 148,2
event,UFC on FUEL TV: Munoz vs Weidman,2012-07-11,UFC on Fuel TV: Muñoz vs. Weidman,2
event,UFC 149: Faber vs Barao,2012-07-21,,-1
event,UFC on FOX: Shogun vs Vera,2012-08-04,UFC on Fox: Shogun vs. Vera,3
event,UFC 150: Henderson vs Edgar II,2012-08-11,UFC 150,3
event,UFC 152: Jones vs Belfort,2012-09-22,UFC 152,4
event,UFC on FUEL TV: Struve vs Miocic,2012-09-29,,-1
event,UFC on FX: Browne vs Bigfoot,2012-10-05,UFC on FX: Browne vs. Bigfoot,1
event,UFC 153: Silva vs Bonnar,2012-10-13,UFC 153,5
event,UFC Macao: Franklin vs Le,2012-11-10,UFC on Fuel TV: Franklin vs. Le,3
event,UFC 154: St-Pierre vs Condit,2012-11-17,UFC 154,3
event,UFC on FOX: Henderson vs Diaz,2012-12-08,UFC on FOX: Henderson vs. Diaz,8
event,UFC on FX: Sotiropoulos vs Pearson,2012-12-14,,-1
event,The Ultimate Fighter: Team Carwin vs. Team Nelson Finale,2012-12-15,,-1
event,UFC 155: Dos Santos vs Velasquez II,2012-12-29,UFC 155,6
event,UFC on FX: Belfort vs Bisping,2013-01-19,,-1
event,UFC on FOX: Johnson vs Dodson,2013-01-26,UFC on Fox: Johnson vs. Dodson,3
event,UFC 156: Aldo vs Edgar,2013-02-02,UFC 156,2
event,UFC on FUEL TV: Barao vs McDonald,2013-02-16,,-1
event,UFC 157: Rousey vs Carmouche,2013-02-23,UFC 157,1
event,UFC on FUEL TV: Silva vs. Stann,2013-03-02,UFC on Fuel TV: Silva vs. Stann,0
event,UFC 158: St-Pierre vs Diaz,2013-03-16,UFC 158,4
event,UFC on FUEL TV: Mousasi vs Latifi,2013-04-06,UFC on Fuel TV: Mousasi vs. Latifi,1
event,The Ultimate Fighter: Team Jones vs. Team Sonnen Finale,2013-04-13,,-1
event,UFC on FOX: Henderson vs Melendez,2013-04-20,,-1
event,UFC 159: Jones vs Sonnen,2013-04-27,UFC 159,4
event,UFC on FX: Belfort vs. Rockhold,2013-05-18,UFC on FX: Belfort vs. Rockhold,4
event,UFC 160: Velasquez vs Silva 2,2013-05-25,UFC 160,4
event,UFC on FUEL TV: Nogueira vs. Werdum,2013-06-08,,-1
event,UFC 161: Evans vs Henderson,2013-06-15,UFC 161,3
event,UFC 162: Silva vs Weidman,2013-07-06,UFC 162,3
event,UFC on FOX: Johnson vs Moraga,2013-07-27,UFC on Fox: Johnson vs. Moraga,5
event,UFC 163: Aldo vs Jung,2013-08-03,UFC 163,4
event,UFC Fight Night: Shogun vs Sonnen,2013-08-17,UFC Fight Night: Shogun vs. Sonnen,3
event,UFC Fight Night: Condit vs Kampmann 2,2013-08-28,UFC Fight Night: Condit vs. Kampmann 2,2
event,UFC 164: Henderson vs Pettis 2,2013-08-31,UFC 164,4
event,UFC Fight Night: Teixeira vs Bader,2013-09-04,UFC Fight Night: Teixeira vs. Bader,6
event,UFC 165: Jones vs Gustafsson,2013-09-21,UFC 165,2
event,UFC Fight Night: Maia vs Shields,2013-10-09,UFC Fight Night: Maia vs. Shields,2
event,UFC 166: Velasquez vs Dos Santos 3,2013-10-19,UFC 166,4
event,UFC Fight Night: Machida vs Munoz,2013-10-26,,-1
event,UFC Fight Night: Fight for the Troops 3,2013-11-06,UFC: Fight for the Troops 3,3
event,UFC Fight Night: Belfort vs Henderson 2,2013-11-09,UFC Fight Night: Belfort vs. Henderson 2,3
event,UFC 167: St-Pierre vs Hendricks,2013-11-16,UFC 167,1
event,The Ultimate Fighter: Team Rousey vs. Team Tate Finale,2013-11-30,,-1
event,UFC Fight Night: Hunt vs Bigfoot,2013-12-06,,-1
event,UFC on FOX: Johnson vs. Benavidez 2,2013-12-14,UFC on Fox: Johnson vs. Benavidez 2,8
event,UFC 168: Weidman vs Silva 2,2013-12-28,UFC 168,3
event,UFC Fight Night: Saffiedine vs Lim,2014-01-04,UFC Fight Night: Saffiedine vs. Lim,2
event,UFC Fight Night: Rockhold vs Philippou,2014-01-15,UFC Fight Night: Rockhold vs. Philippou,2
event,UFC on FOX: Henderson vs Thomson,2014-01-25,UFC on Fox: Henderson vs. Thomson,1
event,UFC 169: Barao vs Faber 2,2014-02-01,UFC 169,3
event,UFC Fight Night: Machida vs Mousasi,2014-02-15,UFC Fight Night: Machida vs. Mousasi,2
event,UFC 170: Rousey vs McMann,2014-02-22,UFC 170,5
event,UFC Fight Night: Kim vs Hathaway,2014-03-01,,-1
event,UFC Fight Night: Gustafsson vs Manuwa,2014-03-08,,-1
event,UFC 171: Hendricks vs Lawler,2014-03-15,UFC 171,3
event,UFC Fight Night: Shogun vs Henderson 2,2014-03-23,UFC Fight Night: Shogun vs. Henderson 2,2
event,UFC Fight Night: Minotauro vs Nelson,2014-04-11,UFC Fight Night: Minotauro vs. Nelson,2
event,UFC Fight Night: Bisping vs Kennedy,2014-04-16,,-1
event,UFC on FOX: Werdum vs Browne,2014-04-19,UFC on Fox: Werdum vs. Browne,3
event,UFC 172: Jones vs Teixeira,2014-04-26,UFC 172,3
event,UFC Fight Night: Brown vs Silva,2014-05-10,UFC Fight Night: Brown vs. Silva,0
event,UFC 173: Barao vs Dillashaw,2014-05-24,UFC 173,4
event,UFC Fight Night: Miocic vs Maldonado,2014-05-31,UFC Fight Night: Muñoz vs. Mousasi,1
event,UFC Fight Night: Munoz vs Mousasi,2014-05-31,UFC Fight Night: Munoz vs. Mousasi,1
event,UFC Fight Night: Henderson vs Khabilov,2014-06-07,UFC Fight Night: Henderson vs. Khabilov,2
event,UFC 174: Johnson vs Bagautinov,2014-06-14,UFC 174,1
event,UFC Fight Night: Te Huna vs Marquardt,2014-06-28,,-1
event,UFC Fight Night: Swanson vs Stephens,2014-06-28,UFC Fight Night: Swanson vs. Stephens,3
event,UFC 175: Weidman vs Machida,2014-07-05,UFC 175,3
event,The Ultimate Fighter: Team Edgar vs. Team Penn Finale,2014-07-06,,-1
event,UFC Fight Night: Cowboy vs Miller,2014-07-16,UFC Fight Night: Cowboy vs. Miller,3
event,UFC Fight Night: McGregor vs Brandao,2014-07-19,,-1
event,UFC on FOX: Lawler vs Brown,2014-07-26,UFC on Fox: Lawler vs. Brown,1
event,UFC Fight Night: Bader vs Saint Preux,2014-08-16,UFC Fight Night: Bader vs. Saint Preux,1
event,UFC Fight Night: Henderson vs Dos Anjos,2014-08-23,UFC Fight Night: Bisping vs. Le,1
event,UFC Fight Night: Bisping vs Le,2014-08-23,UFC Fight Night: Bisping vs. Le,1
event,UFC 177: Dillashaw vs Soto,2014-08-30,UFC 177,2
event,UFC Fight Night: Jacare vs Mousasi,2014-09-05,UFC Fight Night: Jacare vs. Mousasi,3
event,UFC Fight Night: Bigfoot vs Arlovski,2014-09-13,UFC Fight Night: Bigfoot vs. Arlovski,4
event,UFC Fight Night: Hunt vs Nelson,2014-09-20,UFC Fight Night: Hunt vs. Nelson,2
event,UFC 178: Johnson vs Cariaso,2014-09-27,UFC 178,4
event,UFC Fight Night: MacDonald vs Saffiedine,2014-10-04,UFC Fight Night: MacDonald vs. Saffiedine,1
event,UFC Fight Night: Nelson vs Story,2014-10-04,UFC Fight Night: Nelson vs. Story,1
event,UFC 179: Aldo vs Mendes 2,2014-10-25,UFC 179,4
event,UFC Fight Night: Rockhold vs Bisping,2014-11-07,UFC Fight Night: Rockhold vs. Bisping,4
event,UFC Fight Night 56: Shogun vs Saint Preux,2014-11-08,UFC Fight Night 56: Shogun vs. Saint Preux,4
event,UFC 180: Werdum vs Hunt,2014-11-15,UFC 180,2
event,UFC Fight Night: Edgar vs Swanson,2014-11-22,UFC Fight Night: Edgar vs. Swanson,1
event,UFC 181: Hendricks vs Lawler II,2014-12-06,UFC 181,3
event,The Ultimate Fighter: A Champion Will Be Crowned Finale,2014-12-12,,-1
event,UFC on FOX: Dos Santos vs Miocic,2014-12-13,UFC on Fox: dos Santos vs. Miocic,2
event,UFC Fight Night: Machida vs Dollaway,2014-12-20,UFC Fight Night: Machida vs. Dollaway,0
event,UFC 182: Jones vs Cormier,2015-01-03,,-1
event,UFC Fight Night: McGregor vs Siver,2015-01-18,UFC Fight Night: McGregor vs. Siver,4
event,UFC on FOX: Gustafsson vs Johnson,2015-01-24,UFC on Fox: Gustafsson vs. Johnson,2
event,UFC 183: Silva vs Diaz,2015-01-31,UFC 183,1
event,UFC Fight Night: Henderson vs Thatch,2015-02-14,UFC Fight Night: Henderson vs. Thatch,5
event,UFC Fight Night: Bigfoot vs Mir,2015-02-22,UFC Fight Night: Bigfoot vs. Mir,1
event,UFC 184: Rousey vs Zingano,2015-02-28,UFC 184,5
event,UFC 185: Pettis vs Dos Anjos,2015-03-14,UFC 185,1
event,UFC Fight Night: Maia vs LaFlare,2015-03-21,UFC Fight Night: Maia vs. LaFlare,4
event,UFC Fight Night: Mendes vs Lamas,2015-04-04,UFC Fight Night: Mendes vs. Lamas,1
event,UFC Fight Night: Gonzaga vs Cro Cop 2,2015-04-11,UFC Fight Night: Gonzaga vs. Cro Cop 2,2
event,UFC on FOX: Machida vs Rockhold,2015-04-18,UFC on Fox: Machida vs. Rockhold,7
event,UFC 186: Johnson vs Horiguchi,2015-04-25,UFC 186,2
event,UFC Fight Night: Miocic vs Hunt,2015-05-09,,-1
event,UFC Fight Night: Edgar vs Faber,2015-05-16,,-1
event,UFC 187: Johnson vs Cormier,2015-05-23,UFC 187,5
event,UFC Fight Night: Condit vs Alves,2015-05-30,UFC Fight Night: Condit vs. Alves,3
event,UFC Fight Night: Boetsch vs Henderson,2015-06-06,UFC Fight Night: Boetsch vs. Henderson,4
event,UFC 188: Velasquez vs Werdum,2015-06-13,UFC 188,5
event,UFC Fight Night: Jedrzejczyk vs Penne,2015-06-20,UFC Fight Night: Jedrzejczyk vs. Penne,3
event,UFC Fight Night: Machida vs Romero,2015-06-27,UFC Fight Night: Machida vs. Romero,2
event,UFC 189: Mendes vs McGregor,2015-07-11,UFC 189,7
event,The Ultimate Fighter: American Top Team vs. Blackzilians Finale,2015-07-12,,-1
event,UFC Fight Night: Mir vs Duffee,2015-07-15,UFC Fight Night: Mir vs. Duffee,3
event,UFC Fight Night: Bisping vs Leites,2015-07-18,,-1
event,UFC on FOX: Dillashaw vs. Barao II,2015-07-25,UFC on Fox: Dillashaw vs. Barão 2,6
event,UFC 190: Rousey vs Correia,2015-08-01,UFC 190,0
event,UFC Fight Night: Teixeira vs Saint Preux,2015-08-08,UFC Fight Night: Teixeira vs. Saint Preux,3
event,UFC Fight Night: Holloway vs Oliveira,2015-08-23,UFC Fight Night: Holloway vs. Oliveira,7
event,UFC 191: Johnson vs Dodson 2,2015-09-05,UFC 191,3
event,UFC Fight Night: Barnett vs Nelson,2015-09-26,UFC Fight Night: Barnett vs. Nelson,3
event,UFC 192: Cormier vs Gustafsson,2015-10-03,UFC 192,3
event,UFC Fight Night: Holohan vs Smolka,2015-10-24,,-1
event,UFC Fight Night: Belfort vs Henderson 3,2015-11-07,UFC Fight Night: Belfort vs. Henderson 3,0
event,UFC 193: Rousey vs Holm,2015-11-14,,-1
event,UFC Fight Night: Magny vs Gastelum,2015-11-21,,-1
event,UFC Fight Night: Henderson vs Masvidal,2015-11-28,UFC Fight Night: Henderson vs. Masvidal,3
event,UFC Fight Night: Namajunas vs. VanZant,2015-12-10,UFC Fight Night: Namajunas vs. VanZant,1
event,The Ultimate Fighter: Team McGregor vs. Team Faber Finale,2015-12-11,,-1
event,UFC 194: Aldo vs McGregor,2015-12-12,UFC 194,3
event,UFC on FOX: Dos Anjos vs. Cowboy 2,2015-12-19,UFC on Fox: dos Anjos vs. Cowboy 2,1
event,UFC 195: Lawler vs Condit,2016-01-02,UFC 195,5
event,UFC Fight Night: Dillashaw vs Cruz,2016-01-17,UFC Fight Night: Dillashaw vs. Cruz,4
event,UFC on FOX: Johnson vs. Bader,2016-01-30,UFC on Fox: Johnson vs. Bader,3
event,UFC Fight Night: Hendricks vs Thompson,2016-02-06,UFC Fight Night: Hendricks vs. Thompson,2
event,UFC Fight Night: Cowboy vs Cowboy,2016-02-21,UFC Fight Night: Cowboy vs. Cowboy,4
event,UFC Fight Night: Silva vs Bisping,2016-02-27,,-1
event,UFC 196: McGregor vs Diaz,2016-03-05,UFC 196,1
event,UFC Fight Night: Hunt vs Mir,2016-03-19,,-1
event,UFC Fight Night: Rothwell vs Dos Santos,2016-04-10,UFC Fight Night: Rothwell vs. dos Santos,1
event,UFC on FOX: Teixeira vs Evans,2016-04-16,UFC on Fox: Teixeira vs. Evans,3
event,UFC 197: Jones vs Saint Preux,2016-04-23,UFC 197,2
event,UFC Fight Night: Overeem vs Arlovski,2016-05-08,UFC Fight Night: Overeem vs. Arlovski,3
event,UFC 198: Werdum vs Miocic,2016-05-14,UFC 198,2
event,UFC Fight Night: Almeida vs Garbrandt,2016-05-29,UFC Fight Night: Almeida vs. Garbrandt,1
event,UFC 199: Rockhold vs. Bisping 2,2016-06-04,UFC 199: Rockhold vs. Bisping 2,6
event,UFC Fight Night: MacDonald vs Thompson,2016-06-18,UFC Fight Night: MacDonald vs. Thompson,1
event,UFC Fight Night: Dos Anjos vs. Alvarez,2016-07-07,UFC Fight Night: dos Anjos vs. Alvarez,1
event,The Ultimate Fighter: Team Joanna vs. Team Cláudia Finale,2016-07-08,,-1
event,UFC 200: Tate vs Nunes,2016-07-09,UFC 200,9
event,UFC Fight Night: McDonald vs. Lineker,2016-07-13,UFC Fight Night: McDonald vs. Lineker,2
event,UFC on FOX: Holm vs. Shevchenko,2016-07-23,UFC on Fox: Holm vs. Shevchenko,2
event,UFC 201: Lawler vs. Woodley,2016-07-30,UFC 201: Lawler vs. Woodley,4
event,UFC Fight Night: Rodriguez vs. Caceres,2016-08-06,UFC Fight Night: Rodríguez vs. Caceres,2
event,UFC 202: Diaz vs. McGregor 2,2016-08-20,UFC 202: Diaz vs. McGregor 2,6
event,UFC on FOX: Maia vs. Condit,2016-08-27,UFC on Fox: Maia vs. Condit,1
event,UFC Fight Night: Arlovski vs. Barnett,2016-09-03,UFC Fight Night: Arlovski vs. Barnett,4
event,UFC 203: Miocic vs. Overeem,2016-09-10,UFC 203: Miocic vs. Overeem,7
event,UFC Fight Night: Poirier vs. Johnson,2016-09-17,UFC Fight Night: Poirier vs. Johnson,1
event,UFC Fight Night: Cyborg vs. Lansberg,2016-09-24,UFC Fight Night: Cyborg vs. Lansberg,1
event,UFC Fight Night: Lineker vs. Dodson,2016-10-01,UFC Fight Night: Lineker vs. Dodson,1
event,UFC 204: Bisping vs. Henderson,2016-10-08,,-1
event,UFC Fight Night: Dos Anjos vs. Ferguson,2016-11-05,,-1
event,UFC 205: Alvarez vs McGregor,2016-11-12,UFC 205,3
event,UFC Fight Night: Bader vs. Nogueira,2016-11-19,UFC Fight Night: Bader vs. Nogueira 2,1
event,UFC Fight Night: Mousasi vs. Hall 2,2016-11-19,UFC Fight Night: Bader vs. Nogueira 2,1
event,UFC Fight Night: Whittaker vs. Brunson,2016-11-26,UFC Fight Night: Whittaker vs. Brunson,2
event,The Ultimate Fighter: Tournament of Champions Finale,2016-12-03,,-1
event,UFC Fight Night: Lewis vs. Abdurakhimov,2016-12-09,,-1
event,UFC 206: Holloway vs. Pettis,2016-12-10,UFC 206: Holloway vs. Pettis,4
event,UFC on FOX: VanZant vs. Waterson,2016-12-17,UFC on Fox: VanZant vs. Waterson,0
event,UFC 207: Nunes vs. Rousey,2016-12-30,UFC 207: Nunes vs. Rousey,2
event,UFC Fight Night: Rodriguez vs. Penn,2017-01-15,UFC Fight Night: Rodríguez vs. Penn,2
event,UFC on FOX: Shevchenko vs. Pena,2017-01-28,,-1
event,UFC Fight Night: Bermudez vs. The Korean Zombie,2017-02-04,UFC Fight Night: Bermudez vs. The Korean Zombie,6
event,UFC 208: Holm vs. De Randamie,2017-02-11,Germaine de Randamie,4
event,UFC Fight Night: Lewis vs. Browne,2017-02-19,UFC Fight Night: Lewis vs. Browne,3
event,UFC 209: Woodley vs. Thompson 2,2017-03-04,UFC 209: Woodley vs. Thompson 2,5
event,UFC Fight Night: Belfort vs. Gastelum,2017-03-11,UFC Fight Night: Belfort vs. Gastelum,4
event,UFC Fight Night: Manuwa vs. Anderson,2017-03-18,,-1
event,UFC 210: Cormier vs. Johnson 2,2017-04-08,UFC 210: Cormier vs. Johnson 2,1
event,UFC on FOX: Johnson vs. Reis,2017-04-15,UFC on Fox: Johnson vs. Reis,1
event,UFC Fight Night: Swanson vs. Lobov,2017-04-22,UFC Fight Night: Swanson vs. Lobov,0
event,UFC 211: Miocic vs. Dos Santos,2017-05-13,,-1
event,UFC Fight Night: Gustafsson vs. Teixeira,2017-05-28,UFC Fight Night: Gustafsson vs. Teixeira,3
event,UFC 212: Aldo vs. Holloway,2017-06-03,UFC 212: Aldo vs. Holloway,2
event,UFC Fight Night: Lewis vs. Hunt,2017-06-10,,-1
event,UFC Fight Night: Holm vs. Correia,2017-06-17,UFC Fight Night: Holm vs. Correia,1
event,UFC Fight Night: Chiesa vs. Lee,2017-06-25,UFC Fight Night: Chiesa vs. Lee,3
event,The Ultimate Fighter: Redemption Finale,2017-07-07,,-1
event,UFC 213: Romero vs. Whittaker,2017-07-08,UFC 213: Romero vs. Whittaker,6
event,UFC Fight Night: Nelson vs. Ponzinibbio,2017-07-16,,-1
event,UFC Fight Night: Weidman vs. Gastelum,2017-07-22,UFC on Fox: Weidman vs. Gastelum,3
event,UFC 214: Cormier vs. Jones 2,2017-07-29,UFC 214: Cormier vs. Jones 2,8
event,UFC Fight Night: Pettis vs. Moreno,2017-08-05,UFC Fight Night: Pettis vs. Moreno,2
event,UFC Fight Night: Volkov vs. Struve,2017-09-02,UFC Fight Night: Volkov vs. Struve,3
event,UFC 215: Nunes vs Shevchenko 2,2017-09-09,UFC 215,5
event,UFC Fight Night: Rockhold vs. Branch,2017-09-16,UFC Fight Night: Rockhold vs. Branch,2
event,UFC Fight Night: Saint Preux vs. Okami,2017-09-22,UFC Fight Night: Saint Preux vs. Okami,2
event,UFC 216: Ferguson vs. Lee,2017-10-07,UFC 216: Ferguson vs. Lee,6
event,UFC Fight Night: Cerrone vs. Till,2017-10-21,UFC Fight Night: Cerrone vs. Till,3
event,UFC Fight Night: Brunson vs. Machida,2017-10-28,UFC Fight Night: Brunson vs. Machida,5
event,UFC 217: Bisping vs. St-Pierre,2017-11-04,UFC 217: Bisping vs. St-Pierre,8
event,UFC Fight Night: Poirier vs. Pettis,2017-11-11,UFC Fight Night: Poirier vs. Pettis,0
event,UFC Fight Night: Werdum vs. Tybura,2017-11-18,,-1
event,UFC Fight Night: Bisping vs. Gastelum,2017-11-25,UFC Fight Night: Bisping vs. Gastelum,3
event,The Ultimate Fighter: A New World Champion Finale,2017-12-01,,-1
event,UFC 218: Holloway vs. Aldo 2,2017-12-02,UFC 218: Holloway vs. Aldo 2,4
event,UFC Fight Night: Swanson vs. Ortega,2017-12-09,UFC Fight Night: Swanson vs. Ortega,1
event,UFC Fight Night: Lawler vs. Dos Anjos,2017-12-16,,-1
event,UFC 219: Cyborg vs. Holm,2017-12-30,UFC 219: Cyborg vs. Holm,3
event,UFC Fight Night: Stephens vs. Choi,2018-01-14,UFC Fight Night: Stephens vs. Choi,1
event,UFC 220: Miocic vs. Ngannou,2018-01-20,UFC 220: Miocic vs. Ngannou,2
event,UFC Fight Night: Jacare vs. Brunson 2,2018-01-27,UFC on Fox: Jacaré vs. Brunson 2,1
event,UFC Fight Night: Machida vs. Anders,2018-02-03,UFC Fight Night: Machida vs. Anders,0
event,UFC 221: Romero vs. Rockhold,2018-02-10,,-1
event,UFC Fight Night: Cerrone vs. Medeiros,2018-02-18,UFC Fight Night: Cowboy vs. Medeiros,3
event,UFC Fight Night: Emmett vs. Stephens,2018-02-24,UFC on Fox: Emmett vs. Stephens,3
event,UFC 222: Cyborg vs. Kunitskaya,2018-03-03,UFC 222: Cyborg vs. Kunitskaya,5
event,UFC Fight Night: Werdum vs. Volkov,2018-03-17,,-1
event,UFC 223: Khabib vs. Iaquinta,2018-04-07,UFC 223: Khabib vs. Iaquinta,4
event,UFC Fight Night: Poirier vs. Gaethje,2018-04-14,UFC on Fox: Poirier vs. Gaethje,3
event,UFC Fight Night: Barboza vs. Lee,2018-04-21,UFC Fight Night: Barboza vs. Lee,3
event,UFC 224: Nunes vs. Pennington,2018-05-12,UFC 224: Nunes vs. Pennington,0
event,UFC Fight Night: Maia vs. Usman,2018-05-19,UFC Fight Night: Maia vs. Usman,3
event,UFC Fight Night: Thompson vs. Till,2018-05-27,UFC Fight Night: Thompson vs. Till,4
event,UFC Fight Night: Rivera vs. Moraes,2018-06-01,UFC Fight Night: Rivera vs. Moraes,3
event,UFC 225: Whittaker vs. Romero 2,2018-06-09,UFC 225,2
event,UFC Fight Night: Cowboy vs. Edwards,2018-06-23,UFC Fight Night: Cowboy vs. Edwards,0
event,The Ultimate Fighter: Undefeated Finale,2018-07-06,,-1
event,UFC 226: Miocic vs. Cormier,2018-07-07,UFC 226: Miocic vs. Cormier,5
event,UFC Fight Night: Dos Santos vs. Ivanov,2018-07-14,UFC Fight Night: dos Santos vs. Ivanov,1
event,UFC Fight Night: Shogun vs. Smith,2018-07-22,UFC Fight Night: Shogun vs. Smith,3
event,UFC Fight Night: Alvarez vs. Poirier 2,2018-07-28,,-1
event,UFC 227: Dillashaw vs. Garbrandt 2,2018-08-04,UFC 227: Dillashaw vs. Garbrandt 2,5
event,UFC Fight Night: Gaethje vs. Vick,2018-08-25,UFC Fight Night: Gaethje vs. Vick,1
event,UFC 228: Woodley vs. Till,2018-09-08,UFC 228: Woodley vs. Till,3
event,UFC Fight Night: Hunt vs. Oleinik,2018-09-15,UFC Fight Night: Hunt vs. Oleinik,5
event,UFC Fight Night: Marreta vs. Anders,2018-09-22,,-1
event,UFC 229: Khabib vs. McGregor,2018-10-06,UFC 229: Khabib vs. McGregor,4
event,UFC Fight Night: Oezdemir vs. Smith,2018-10-27,UFC Fight Night: Volkan vs. Smith,1
event,UFC 230: Cormier vs. Lewis,2018-11-03,UFC 230: Cormier vs. Lewis,6
event,UFC Fight Night: Korean Zombie vs. Rodriguez,2018-11-10,UFC Fight Night: The Korean Zombie vs. Rodríguez,4
event,UFC Fight Night: Magny vs. Ponzinibbio,2018-11-17,UFC Fight Night: Magny vs. Ponzinibbio,6
event,UFC Fight Night: Blaydes vs. Ngannou 2,2018-11-24,UFC Fight Night: Blaydes vs. Ngannou 2,3
event,The Ultimate Fighter: Heavy Hitters Finale,2018-11-30,,-1
event,UFC Fight Night: Dos Santos vs. Tuivasa,2018-12-01,,-1
event,UFC 231: Holloway vs. Ortega,2018-12-08,UFC 231: Holloway vs. Ortega,4
event,UFC Fight Night: Lee vs. Iaquinta,2018-12-15,,-1
event,UFC 232: Jones vs. Gustafsson 2,2018-12-29,UFC 232: Jones vs. Gustafsson 2,6
event,UFC Fight Night: Cejudo vs. Dillashaw,2019-01-19,UFC Fight Night: Cejudo vs. Dillashaw,6
event,UFC Fight Night: Assuncao vs. Moraes 2,2019-02-02,UFC Fight Night: Assunção vs. Moraes 2,2
event,UFC 234: Adesanya vs. Silva,2019-02-09,UFC 234: Adesanya vs. Silva,2
event,UFC Fight Night: Ngannou vs. Velasquez,2019-02-17,UFC on ESPN: Ngannou vs. Velasquez,2
event,UFC Fight Night: Blachowicz vs. Santos,2019-02-23,UFC Fight Night: Błachowicz vs. Santos,2
event,UFC 235: Jones vs. Smith,2019-03-02,UFC 235: Jones vs. Smith,3
event,UFC Fight Night: Lewis vs. Dos Santos,2019-03-09,,-1
event,UFC Fight Night: Till vs. Masvidal,2019-03-16,,-1
event,UFC Fight Night: Thompson vs. Pettis,2019-03-23,UFC Fight Night: Thompson vs. Pettis,3
event,UFC Fight Night: Barboza vs. Gaethje,2019-03-30,UFC on ESPN: Barboza vs. Gaethje,2
event,UFC 236: Holloway vs. Poirier 2,2019-04-13,UFC 236: Holloway vs. Poirier 2,1
event,UFC Fight Night: Overeem vs. Oleinik,2019-04-20,UFC Fight Night: Overeem vs. Oleinik,2
event,UFC Fight Night: Jacare vs. Hermansson,2019-04-27,UFC Fight Night: Jacaré vs. Hermansson,8
event,UFC Fight Night: Iaquinta vs. Cowboy,2019-05-04,UFC Fight Night: Iaquinta vs. Cowboy,3
event,UFC 237: Namajunas vs. Andrade,2019-05-11,UFC 237: Namajunas vs. Andrade,4
event,UFC Fight Night: Dos Anjos vs. Lee,2019-05-18,UFC Fight Night: dos Anjos vs. Lee,0
event,UFC Fight Night: Gustafsson vs. Smith,2019-06-01,UFC Fight Night: Gustafsson vs. Smith,3
event,UFC 238: Cejudo vs. Moraes,2019-06-08,UFC 238: Cejudo vs. Moraes,1
event,UFC Fight Night: Moicano vs. The Korean Zombie,2019-06-22,UFC Fight Night: Moicano vs. The Korean Zombie,2
event,UFC Fight Night: Ngannou vs. Dos Santos,2019-06-29,UFC on ESPN: Ngannou vs. dos Santos,4
event,UFC 239: Jones vs. Santos,2019-07-06,UFC 239: Jones vs. Santos,2
event,UFC Fight Night: De Randamie vs. Ladd,2019-07-13,UFC Fight Night: de Randamie vs. Ladd,7
event,UFC Fight Night: Dos Anjos vs. Edwards,2019-07-20,UFC on ESPN: dos Anjos vs. Edwards,1
event,UFC 240: Holloway vs. Edgar,2019-07-27,UFC 240: Holloway vs. Edgar,1
event,UFC Fight Night: Covington vs. Lawler,2019-08-03,UFC on ESPN: Covington vs. Lawler,1
event,UFC Fight Night: Shevchenko vs. Carmouche 2,2019-08-10,UFC Fight Night: Shevchenko vs. Carmouche 2,5
event,UFC 241: Cormier vs. Miocic 2,2019-08-17,UFC 241: Cormier vs. Miocic 2,2
event,UFC Fight Night: Andrade vs. Zhang,2019-08-31,UFC Fight Night: Andrade vs. Zhang,4
event,UFC 242: Khabib vs. Poirier,2019-09-07,UFC 242: Khabib vs. Poirier,1
event,UFC Fight Night: Cowboy vs. Gaethje,2019-09-14,UFC Fight Night: Cowboy vs. Gaethje,2
event,UFC Fight Night: Rodriguez vs. Stephens,2019-09-21,UFC Fight Night: Rodriguez vs. Stephens,1
event,UFC Fight Night: Hermansson vs. Cannonier,2019-09-28,UFC Fight Night: Hermansson vs. Cannonier,1
event,UFC 243: Whittaker vs. Adesanya,2019-10-05,UFC 243: Whittaker vs. Adesanya,2
event,UFC Fight Night: Joanna vs. Waterson,2019-10-12,UFC Fight Night: Joanna vs. Waterson,1
event,UFC Fight Night: Reyes vs. Weidman,2019-10-18,UFC on ESPN: Reyes vs. Weidman,0
event,UFC Fight Night: Maia vs. Askren,2019-10-26,UFC Fight Night: Maia vs. Askren,2
event,UFC 244: Masvidal vs. Diaz,2019-11-02,,-1
event,UFC Fight Night: Zabit vs. Kattar,2019-11-09,UFC Fight Night: Zabit vs. Kattar,1
event,UFC Fight Night: Blachowicz vs. Jacare,2019-11-16,UFC Fight Night: Błachowicz vs. Jacaré,3
event,UFC Fight Night: Overeem vs. Rozenstruik,2019-12-07,,-1
event,UFC 245: Usman vs. Covington,2019-12-14,UFC 245: Usman vs. Covington,1
event,UFC Fight Night: Edgar vs. The Korean Zombie,2019-12-21,UFC Fight Night: Edgar vs. The Korean Zombie,3
event,UFC 246: McGregor vs. Cowboy,2020-01-18,UFC 246: McGregor vs. Cowboy,1
event,UFC Fight Night: Blaydes vs. Dos Santos,2020-01-25,UFC Fight Night: Blaydes vs. dos Santos,3
event,UFC 247: Jones vs. Reyes,2020-02-08,UFC 247: Jones vs. Reyes,4
event,UFC Fight Night: Anderson vs. Blachowicz,2020-02-15,UFC Fight Night: Anderson vs. Błachowicz 2,1
event,UFC Fight Night: Felder vs. Hooker,2020-02-22,,-1
event,UFC Fight Night: Benavidez vs. Figueiredo,2020-02-29,UFC Fight Night: Benavidez vs. Figueiredo,4
event,UFC 248: Adesanya vs. Romero,2020-03-07,UFC 248: Adesanya vs. Romero,6
event,UFC Fight Night: Lee vs. Oliveira,2020-03-14,UFC Fight Night: Lee vs. Oliveira,5
event,UFC 249: Ferguson vs. Gaethje,2020-05-09,UFC 249: Ferguson vs. Gaethje,12
event,UFC Fight Night: Smith vs. Teixeira,2020-05-13,UFC Fight Night: Smith vs. Teixeira,3
event,UFC Fight Night: Overeem vs. Harris,2020-05-16,UFC on ESPN: Overeem vs. Harris,3
event,UFC Fight Night: Woodley vs. Burns,2020-05-30,UFC Fight Night: Woodley vs. Burns,4
event,UFC 250: Nunes vs. Spencer,2020-06-06,UFC 250: Nunes vs. Spencer,4
event,UFC Fight Night: Eye vs. Calvillo,2020-06-13,UFC Fight Night: Eye vs. Calvillo,4
event,UFC Fight Night: Blaydes vs. Volkov,2020-06-20,UFC Fight Night: Blaydes vs. Volkov,5
event,UFC Fight Night: Poirier vs. Hooker,2020-06-27,UFC on ESPN: Poirier vs. Hooker,8
event,UFC 251: Usman vs. Masvidal,2020-07-11,UFC 251: Usman vs. Masvidal,9
event,UFC Fight Night: Kattar vs. Ige,2020-07-15,UFC Fight Night: Kattar vs. Ige,6
event,UFC Fight Night: Figueiredo vs. Benavidez 2,2020-07-18,UFC Fight Night: Figueiredo vs. Benavidez 2,5
event,UFC Fight Night: Whittaker vs. Till,2020-07-25,UFC Fight Night: Whittaker vs. Till,8
event,UFC Fight Night: Brunson vs. Shahbazyan,2020-08-01,UFC Fight Night: Brunson vs. Shahbazyan,6
event,UFC Fight Night: Lewis vs. Oleinik,2020-08-08,UFC Fight Night: Lewis vs. Oleinik,2
event,UFC 252: Miocic vs. Cormier 3,2020-08-15,UFC 252: Miocic vs. Cormier 3,6
event,UFC Fight Night: Munhoz vs. Edgar,2020-08-22,UFC on ESPN: Munhoz vs. Edgar,9
event,UFC Fight Night: Smith vs. Rakic,2020-08-29,UFC Fight Night: Smith vs. Rakić,10
event,UFC Fight Night: Overeem vs. Sakai,2020-09-05,UFC Fight Night: Overeem vs. Sakai,9
event,UFC Fight Night: Waterson vs. Hill,2020-09-12,UFC Fight Night: Waterson vs. Hill,9
event,UFC Fight Night: Covington vs. Woodley,2020-09-19,UFC Fight Night: Covington vs. Woodley,5
event,UFC 253: Adesanya vs. Costa,2020-09-26,,-1
event,UFC Fight Night: Holm vs. Aldana,2020-10-03,UFC Fight Night: Holm vs. Aldana,8
event,UFC Fight Night: Moraes vs. Sandhagen,2020-10-10,UFC Fight Night: Moraes vs. Sandhagen,3
event,UFC Fight Night: Ortega vs. The Korean Zombie,2020-10-17,UFC Fight Night: Ortega vs. The Korean Zombie,4
event,UFC 254: Khabib vs. Gaethje,2020-10-24,UFC 254: Khabib vs. Gaethje,9
event,UFC Fight Night: Hall vs. Silva,2020-10-31,UFC Fight Night: Hall vs. Silva,5
event,UFC Fight Night: Santos vs. Teixeira,2020-11-07,UFC Fight Night: Santos vs. Teixeira,13
event,UFC Fight Night: Felder vs. Dos Anjos,2020-11-14,UFC Fight Night: Felder vs. dos Anjos,6
event,UFC 255: Figueiredo vs. Perez,2020-11-21,UFC 255: Figueiredo vs. Perez,1
event,UFC Fight Night: Smith vs. Clark,2020-11-28,UFC on ESPN: Smith vs. Clark,2
event,UFC Fight Night: Hermansson vs. Vettori,2020-12-05,UFC on ESPN: Hermansson vs. Vettori,8
event,UFC 256: Figueiredo vs. Moreno,2020-12-12,UFC 256: Figueiredo vs. Moreno,9
event,UFC Fight Night: Thompson vs. Neal,2020-12-19,UFC Fight Night: Thompson vs. Neal,8
event,UFC Fight Night: Holloway vs. Kattar,2021-01-16,UFC Fight Night: Holloway vs. Kattar,13
event,UFC Fight Night: Chiesa vs. Magny,2021-01-20,UFC on ESPN: Chiesa vs. Magny,10
event,UFC 257: Poirier vs. McGregor,2021-01-23,UFC 257,7
event,UFC Fight Night: Overeem vs. Volkov,2021-02-06,UFC Fight Night: Overeem vs. Volkov,8
event,UFC 258: Usman vs. Burns,2021-02-13,UFC 258: Usman vs. Burns,10
event,UFC Fight Night: Blaydes vs. Lewis,2021-02-20,UFC Fight Night: Blaydes vs. Lewis,5
event,UFC Fight Night: Rozenstruik vs. Gane,2021-02-27,UFC Fight Night: Rozenstruik vs. Gane,8
event,UFC 259: Blachowicz vs. Adesanya,2021-03-06,UFC 259,3
event,UFC Fight Night: Edwards vs. Muhammad,2021-03-13,UFC Fight Night: Edwards vs. Muhammad,5
event,UFC Fight Night: Brunson vs. Holland,2021-03-20,UFC Fight Night: Brunson vs. Holland,4
event,UFC 260: Miocic vs. Ngannou,2021-03-27,UFC 260,9
event,UFC Fight Night: Vettori vs. Holland,2021-04-10,UFC on ABC: Vettori vs. Holland,2
event,UFC Fight Night: Whittaker vs. Gastelum,2021-04-17,UFC Fight Night: Whittaker vs. Gastelum,6
event,UFC 261: Usman vs. Masvidal 2,2021-04-24,UFC 261: Usman vs. Masvidal 2,3
event,UFC Fight Night: Reyes vs. Prochazka,2021-05-01,UFC Fight Night: Reyes vs. Prochazka,8
event,UFC Fight Night: Rodriguez vs. Waterson,2021-05-08,UFC on ESPN: Rodriguez vs. Waterson,7
event,UFC 262: Oliveira vs. Chandler,2021-05-15,UFC 262: Oliveira vs. Chandler,4
event,UFC Fight Night: Font vs. Garbrandt,2021-05-22,UFC Fight Night: Font vs. Garbrandt,8
event,UFC Fight Night: Rozenstruik vs. Sakai,2021-06-05,UFC Fight Night: Rozenstruik vs. Sakai,6
event,UFC 263: Adesanya vs. Vettori 2,2021-06-12,UFC 263: Adesanya vs. Vettori 2,6
event,UFC Fight Night: Jung vs. Ige,2021-06-19,,-1
event,UFC Fight Night: Gane vs. Volkov,2021-06-26,UFC Fight Night: Gane vs. Volkov,4
event,UFC 264: Poirier vs. McGregor 3,2021-07-10,UFC 264: Poirier vs. McGregor 3,4
event,UFC Fight Night: Makhachev vs. Moises,2021-07-17,,-1
event,UFC Fight Night: Sandhagen vs. Dillashaw,2021-07-24,UFC Fight Night: Sandhagen vs. Dillashaw,4
event,UFC Fight Night: Hall vs. Strickland,2021-07-31,UFC Fight Night: Hall vs. Strickland,5
event,UFC 265: Lewis vs. Gane,2021-08-07,UFC 265: Lewis vs. Gane,3
event,UFC Fight Night: Cannonier vs. Gastelum,2021-08-21,UFC on ESPN: Cannonier vs. Gastelum,1
event,UFC Fight Night: Barboza vs. Chikadze,2021-08-28,UFC Fight Night: Barboza vs. Chikadze,6
event,UFC Fight Night: Brunson vs. Till,2021-09-04,UFC Fight Night: Brunson vs. Till,4
event,UFC Fight Night: Smith vs. Spann,2021-09-18,UFC Fight Night: Smith vs. Spann,5
event,UFC 266: Volkanovski vs. Ortega,2021-09-25,,-1
event,UFC Fight Night: Santos vs. Walker,2021-10-02,UFC Fight Night: Santos vs. Walker,2
event,UFC Fight Night: Dern vs. Rodriguez,2021-10-09,UFC Fight Night: Dern vs. Rodriguez,3
event,UFC Fight Night: Ladd vs. Dumont,2021-10-16,UFC Fight Night: Ladd vs. Dumont,6
event,UFC Fight Night: Costa vs. Vettori,2021-10-23,UFC Fight Night: Costa vs. Vettori,3
event,UFC 267: Blachowicz vs. Teixeira,2021-10-30,UFC 267,3
event,UFC 268: Usman vs. Covington 2,2021-11-06,UFC 268: Usman vs. Covington 2,4
event,UFC Fight Night: Holloway vs. Rodriguez,2021-11-13,UFC Fight Night: Holloway vs. Rodríguez,6
event,UFC Fight Night: Vieira vs. Tate,2021-11-20,UFC Fight Night: Vieira vs. Tate,4
event,UFC Fight Night: Font vs. Aldo,2021-12-04,UFC Fight Night: Font vs. Aldo,5
event,UFC 269: Oliveira vs. Poirier,2021-12-11,UFC 269: Oliveira vs. Poirier,5
event,UFC Fight Night: Lewis vs. Daukaus,2021-12-18,UFC Fight Night: Lewis vs. Daukaus,2
event,UFC Fight Night: Kattar vs. Chikadze,2022-01-15,UFC on ESPN: Kattar vs. Chikadze,1
event,UFC 270: Ngannou vs. Gane,2022-01-22,UFC 270: Ngannou vs. Gane,4
event,UFC Fight Night: Hermansson vs. Strickland,2022-02-05,UFC Fight Night: Hermansson vs. Strickland,3
event,UFC 271: Adesanya vs. Whittaker 2,2022-02-12,UFC 271: Adesanya vs. Whittaker 2,0
event,UFC Fight Night: Walker vs. Hill,2022-02-19,UFC Fight Night: Walker vs. Hill,3
event,UFC Fight Night: Makhachev vs. Green,2022-02-26,UFC Fight Night: Makhachev vs. Green,5
event,UFC 272: Covington vs. Masvidal,2022-03-05,UFC 272: Covington vs. Masvidal,6
event,UFC Fight Night: Santos vs. Ankalaev,2022-03-12,UFC Fight Night: Santos vs. Ankalaev,1
event,UFC Fight Night: Volkov vs. Aspinall,2022-03-19,,-1
event,UFC Fight Night: Blaydes vs. Daukaus,2022-03-26,UFC Fight Night: Blaydes vs. Daukaus,6
event,UFC 273: Volkanovski vs. The Korean Zombie,2022-04-09,UFC 273: Volkanovski vs. The Korean Zombie,4
event,UFC Fight Night: Luque vs. Muhammad,2022-04-16,UFC on ESPN: Luque vs. Muhammad 2,1
event,UFC Fight Night: Lemos vs. Andrade,2022-04-23,UFC Fight Night: Lemos vs. Andrade,4
event,UFC Fight Night: Font vs. Vera,2022-04-30,UFC on ESPN: Font vs. Vera,3
event,UFC 274: Oliveira vs. Gaethje,2022-05-07,UFC 274,2
event,UFC Fight Night: Blachowicz vs. Rakic,2022-05-14,UFC on ESPN: Błachowicz vs. Rakić,5
event,UFC Fight Night: Holm vs. Vieira,2022-05-21,UFC Fight Night: Holm vs. Vieira,0
event,UFC Fight Night: Volkov vs. Rozenstruik,2022-06-04,UFC Fight Night: Volkov vs. Rozenstruik,0
event,UFC 275: Teixeira vs. Prochazka,2022-06-11,UFC 275,3
event,UFC Fight Night: Kattar vs. Emmett,2022-06-18,UFC Fight Night: Kattar vs. Emmett,3
event,UFC Fight Night: Tsarukyan vs. Gamrot,2022-06-25,UFC Fight Night: Tsarukyan vs. Gamrot,2
event,UFC 276: Adesanya vs. Cannonier,2022-07-02,UFC 276: Adesanya vs. Cannonier,4
event,UFC Fight Night: Dos Anjos vs. Fiziev,2022-07-09,UFC on ESPN: dos Anjos vs. Fiziev,5
event,UFC Fight Night: Ortega vs. Rodriguez,2022-07-16,,-1
event,UFC Fight Night: Blaydes vs. Aspinall,2022-07-23,UFC Fight Night: Blaydes vs. Aspinall,2
event,UFC 277: Pena vs. Nunes 2,2022-07-30,UFC 277,6
event,UFC Fight Night: Santos vs. Hill,2022-08-06,UFC Fight Night: Santos vs. Hill,1
event,UFC Fight Night: Vera vs. Cruz,2022-08-13,,-1
event,UFC 278: Usman vs. Edwards,2022-08-20,UFC 278,2
event,UFC Fight Night: Gane vs. Tuivasa,2022-09-03,UFC Fight Night: Gane vs. Tuivasa,4
event,UFC 279: Diaz vs. Ferguson,2022-09-10,UFC 279: Diaz vs. Ferguson,1
event,UFC Fight Night: Sandhagen vs. Song,2022-09-17,UFC Fight Night: Sandhagen vs. Song,3
event,UFC Fight Night: Dern vs. Yan,2022-10-01,UFC Fight Night: Dern vs. Yan,5
event,UFC Fight Night: Grasso vs. Araujo,2022-10-15,UFC Fight Night: Grasso vs. Araújo,4
event,UFC 280: Oliveira vs. Makhachev,2022-10-22,UFC 280: Oliveira vs. Makhachev,1
event,UFC Fight Night: Kattar vs. Allen,2022-10-29,UFC Fight Night: Kattar vs. Allen,3
event,UFC Fight Night: Rodriguez vs. Lemos,2022-11-05,UFC Fight Night: Rodriguez vs. Lemos,6
event,UFC 281: Adesanya vs. Pereira,2022-11-12,UFC 281: Adesanya vs. Pereira,1
event,UFC Fight Night: Nzechukwu vs. Cutelaba,2022-11-19,UFC Fight Night: Nzechukwu vs. Cuțelaba,2
event,UFC Fight Night: Thompson vs. Holland,2022-12-03,,-1
event,UFC 282: Blachowicz vs. Ankalaev,2022-12-10,UFC 282,5
event,UFC Fight Night: Cannonier vs. Strickland,2022-12-17,UFC Fight Night: Cannonier vs. Strickland,5
event,UFC Fight Night: Strickland vs. Imavov,2023-01-14,UFC Fight Night: Strickland vs. Imavov,3
event,UFC 283: Teixeira vs. Hill,2023-01-21,UFC 283: Teixeira vs. Hill,3
event,UFC Fight Night: Lewis vs. Spivac,2023-02-04,UFC Fight Night: Lewis vs. Spivac,2
event,UFC 284: Makhachev vs. Volkanovski,2023-02-11,,-1
event,UFC Fight Night: Andrade vs. Blanchfield,2023-02-18,UFC Fight Night: Andrade vs. Blanchfield,2
event,UFC Fight Night: Muniz vs. Allen,2023-02-25,UFC Fight Night: Muniz vs. Allen,4
event,UFC 285: Jones vs. Gane,2023-03-04,UFC 285: Jones vs. Gane,5
event,UFC Fight Night: Yan vs. Dvalishvili,2023-03-11,UFC Fight Night: Yan vs. Dvalishvili,3
event,UFC 286: Edwards vs. Usman 3,2023-03-18,UFC 286: Edwards vs. Usman 3,2
event,UFC Fight Night: Vera vs. Sandhagen,2023-03-25,UFC on ESPN: Vera vs. Sandhagen,3
event,UFC 287: Pereira vs. Adesanya 2,2023-04-08,UFC 287: Pereira vs. Adesanya 2,2
event,UFC Fight Night: Holloway vs. Allen,2023-04-15,UFC Fight Night: Holloway vs. Allen,0
event,UFC Fight Night: Pavlovich vs. Blaydes,2023-04-22,UFC Fight Night: Pavlovich vs. Blaydes,1
event,UFC Fight Night: Song vs. Simon,2023-04-29,UFC on ESPN: Song vs. Simón,1
event,UFC 288: Sterling vs. Cejudo,2023-05-06,UFC 288: Sterling vs. Cejudo,8
event,UFC Fight Night: Rozenstruik vs. Almeida,2023-05-13,UFC on ABC: Rozenstruik vs. Almeida,2
event,UFC Fight Night: Dern vs. Hill,2023-05-20,UFC Fight Night: Dern vs. Hill,0
event,UFC Fight Night: Kara-France vs. Albazi,2023-06-03,UFC on ESPN: Kara-France vs. Albazi,5
event,UFC 289: Nunes vs. Aldana,2023-06-10,UFC 289: Nunes vs. Aldana,5
event,UFC Fight Night: Vettori vs. Cannonier,2023-06-17,UFC on ESPN: Vettori vs. Cannonier,1
event,UFC Fight Night: Emmett vs. Topuria,2023-06-24,UFC on ABC: Emmett vs. Topuria,0
event,UFC Fight Night: Strickland vs. Magomedov,2023-07-01,UFC on ESPN: Strickland vs. Magomedov,2
event,UFC 290: Volkanovski vs. Rodriguez,2023-07-08,UFC 290,3
event,UFC Fight Night: Holm vs. Bueno Silva,2023-07-15,UFC Fight Night: Holm vs. Bueno Silva,2
event,UFC Fight Night: Aspinall vs. Tybura,2023-07-22,UFC Fight Night: Aspinall vs. Tybura,0
event,UFC 291: Poirier vs. Gaethje 2,2023-07-29,UFC 291: Poirier vs. Gaethje 2,0
event,UFC Fight Night: Sandhagen vs. Font,2023-08-05,UFC on ESPN: Sandhagen vs. Font,3
event,UFC Fight Night: Luque vs. Dos Anjos,2023-08-12,UFC on ESPN: Luque vs. dos Anjos,1
event,UFC 292: Sterling vs. O'Malley,2023-08-19,UFC 292: Sterling vs. O'Malley,2
event,UFC Fight Night: Holloway vs. The Korean Zombie,2023-08-26,UFC Fight Night: Holloway vs. The Korean Zombie,0
event,UFC Fight Night: Gane vs. Spivac,2023-09-02,UFC Fight Night: Gane vs. Spivac,2
event,UFC 293: Adesanya vs. Strickland,2023-09-09,UFC 293: Adesanya vs. Strickland,2
event,UFC Fight Night: Grasso vs. Shevchenko 2,2023-09-16,UFC Fight Night: Grasso vs. Shevchenko 2,4
event,UFC Fight Night: Fiziev vs. Gamrot,2023-09-23,UFC Fight Night: Fiziev vs. Gamrot,1
event,UFC Fight Night: Dawson vs. Green,2023-10-07,UFC Fight Night: Dawson vs. Green,0
event,UFC Fight Night: Yusuff vs. Barboza,2023-10-14,UFC Fight Night: Yusuff vs. Barboza,4
event,UFC 294: Makhachev vs. Volkanovski 2,2023-10-21,UFC 294: Makhachev vs. Volkanovski 2,2
event,UFC Fight Night: Almeida vs. Lewis,2023-11-04,UFC Fight Night: Almeida vs. Lewis,1
event,UFC 295: Prochazka vs. Pereira,2023-11-11,UFC 295,2
event,UFC Fight Night: Allen vs. Craig,2023-11-18,UFC Fight Night: Allen vs. Craig,2
event,UFC Fight Night: Dariush vs. Tsarukyan,2023-12-02,UFC Fight Night: Dariush vs. Tsarukyan,3
event,UFC Fight Night: Song vs. Gutierrez,2023-12-09,UFC Fight Night: Song vs. Gutiérrez,3
event,UFC 296: Edwards vs. Covington,2023-12-16,UFC 296: Edwards vs. Covington,4
event,UFC Fight Night: Ankalaev vs. Walker 2,2024-01-13,UFC Fight Night: Ankalaev vs. Walker 2,2
event,UFC 297: Strickland vs. Du Plessis,2024-01-20,UFC 297,3
event,UFC Fight Night: Dolidze vs. Imavov,2024-02-03,UFC Fight Night: Dolidze vs. Imavov,3
event,UFC Fight Night: Hermansson vs. Pyfer,2024-02-10,UFC Fight Night: Hermansson vs. Pyfer,4
event,UFC 298: Volkanovski vs. Topuria,2024-02-17,UFC 298: Volkanovski vs. Topuria,6
event,UFC Fight Night: Moreno vs. Royval 2,2024-02-24,UFC Fight Night: Moreno vs. Royval 2,4
event,UFC Fight Night: Rozenstruik vs. Gaziev,2024-03-02,UFC Fight Night: Rozenstruik vs. Gaziev,4
event,UFC 299: O'Malley vs. Vera 2,2024-03-09,UFC 299: O'Malley vs. Vera 2,1
event,UFC Fight Night: Tuivasa vs. Tybura,2024-03-16,UFC Fight Night: Tuivasa vs. Tybura,0
event,UFC Fight Night: Ribas vs. Namajunas,2024-03-23,UFC Fight Night: Ribas vs. Namajunas,2
event,UFC Fight Night: Blanchfield vs. Fiorot,2024-03-30,UFC Fight Night: Blanchfield vs. Fiorot,3
event,UFC Fight Night: Allen vs. Curtis 2,2024-04-06,UFC Fight Night: Allen vs. Curtis 2,3
event,UFC 300: Pereira vs. Hill,2024-04-13,UFC 300: Pereira vs. Hill,3
event,UFC Fight Night: Nicolau vs. Perez,2024-04-27,UFC on ESPN: Nicolau vs. Perez,2
event,UFC 301: Pantoja vs. Erceg,2024-05-04,UFC 301: Pantoja vs. Erceg,2
event,UFC Fight Night: Lewis vs. Nascimento,2024-05-11,UFC Fight Night: Lewis vs. Nascimento,1
event,UFC Fight Night: Barboza vs. Murphy,2024-05-18,UFC Fight Night: Barboza vs. Murphy,3
event,UFC 302: Makhachev vs. Poirier,2024-06-01,UFC 302: Makhachev vs. Poirier,2
event,UFC Fight Night: Cannonier vs. Imavov,2024-06-08,UFC on ESPN: Cannonier vs. Imavov,1
event,UFC Fight Night: Perez vs. Taira,2024-06-15,UFC Fight Night: Perez vs. Taira,3
event,UFC Fight Night: Whittaker vs. Aliskerov,2024-06-22,UFC on ABC: Whittaker vs. Aliskerov,4
event,UFC 303: Pereira vs. Prochazka 2,2024-06-29,UFC 303,3
event,UFC Fight Night: Namajunas vs. Cortez,2024-07-13,UFC on ESPN: Namajunas vs. Cortez,2
event,UFC Fight Night: Lemos vs. Jandiroba,2024-07-20,UFC on ESPN: Lemos vs. Jandiroba,2
event,UFC 304: Edwards vs. Muhammad 2,2024-07-27,UFC 304: Edwards vs. Muhammad 2,4
event,UFC Fight Night: Sandhagen vs. Nurmagomedov,2024-08-03,UFC Fight Night: Sandhagen vs. Nurmagomedov,3
event,UFC Fight Night: Tybura vs. Spivac 2,2024-08-10,UFC Fight Night: Tybura vs. Spivac 2,3
event,UFC 305: Du Plessis vs. Adesanya,2024-08-17,,-1
event,UFC Fight Night: Cannonier vs. Borralho,2024-08-24,UFC on ESPN: Cannonier vs. Borralho,3
event,UFC Fight Night: Burns vs. Brady,2024-09-07,UFC Fight Night: Burns vs. Brady,3
event,UFC 306: Riyadh Season Noche UFC,2024-09-14,UFC 306,2
event,UFC Fight Night: Moicano vs. Saint Denis,2024-09-28,UFC Fight Night: Moicano vs. Saint Denis,2
event,UFC 307: Pereira vs. Rountree Jr.,2024-10-05,UFC 307: Pereira vs. Rountree Jr.,3
event,UFC Fight Night: Royval vs. Taira,2024-10-12,UFC Fight Night: Royval vs. Taira,1
event,UFC Fight Night: Hernandez vs. Pereira,2024-10-19,UFC Fight Night: Hernandez vs. Pereira,1
event,UFC 308: Topuria vs. Holloway,2024-10-26,UFC 308: Topuria vs. Holloway,4
event,UFC Fight Night: Moreno vs. Albazi,2024-11-02,UFC Fight Night: Moreno vs. Albazi,2
event,UFC Fight Night: Magny vs. Prates,2024-11-09,UFC Fight Night: Magny vs. Prates,1
event,UFC 309: Jones vs. Miocic,2024-11-16,UFC 309: Jones vs. Miocic,2
event,UFC Fight Night: Yan vs. Figueiredo,2024-11-23,UFC Fight Night: Yan vs. Figueiredo,1
event,UFC 310: Pantoja vs. Asakura,2024-12-07,UFC 310: Pantoja vs. Asakura,4
event,UFC Fight Night: Covington vs. Buckley,2024-12-14,UFC on ESPN: Covington vs. Buckley,2
event,UFC Fight Night: Dern vs. Ribas 2,2025-01-11,UFC Fight Night: Dern vs. Ribas 2,0
event,UFC 311: Makhachev vs. Moicano,2025-01-18,UFC 311: Makhachev vs. Moicano,4
event,UFC Fight Night: Adesanya vs. Imavov,2025-02-01,UFC Fight Night: Adesanya vs. Imavov,2
event,UFC 312: Du Plessis vs. Strickland 2,2025-02-08,UFC 312,1
event,UFC Fight Night: Cannonier vs. Rodrigues,2025-02-15,UFC Fight Night: Cannonier vs. Rodrigues,4
event,UFC Fight Night: Cejudo vs. Song,2025-02-22,UFC Fight Night: Cejudo vs. Song,6
event,UFC Fight Night: Kape vs. Almabayev,2025-03-01,UFC Fight Night: Kape vs. Almabayev,2
event,UFC 313: Pereira vs. Ankalaev,2025-03-08,UFC 313: Pereira vs. Ankalaev,3
event,UFC Fight Night: Vettori vs. Dolidze 2,2025-03-15,UFC Fight Night: Vettori vs. Dolidze 2,1
event,UFC Fight Night: Edwards vs. Brady,2025-03-22,UFC Fight Night: Edwards vs. Brady,1
event,UFC Fight Night: Moreno vs. Erceg,2025-03-29,UFC Fight Night: Moreno vs. Erceg,3
event,UFC Fight Night: Emmett vs. Murphy,2025-04-05,UFC Fight Night: Emmett vs. Murphy,3
event,UFC 314: Volkanovski vs. Lopes,2025-04-12,UFC 314: Volkanovski vs. Lopes,1
event,UFC Fight Night: Machado Garry vs. Prates,2025-04-26,UFC on ESPN: Machado Garry vs. Prates,4
event,UFC Fight Night: Sandhagen vs. Figueiredo,2025-05-03,UFC Fight Night: Sandhagen vs. Figueiredo,3
event,UFC 315: Muhammad vs. Della Maddalena,2025-05-10,UFC 315: Muhammad vs. Della Maddalena,1
event,UFC Fight Night: Burns vs. Morales,2025-05-17,UFC Fight Night: Burns vs. Morales,2
event,UFC Fight Night: Blanchfield vs. Barber,2025-05-31,UFC Fight Night: Blanchfield vs. Barber,7
event,UFC 316: Dvalishvili vs. O'Malley 2,2025-06-07,UFC 316: Dvalishvili vs. O'Malley 2,3
event,UFC Fight Night: Usman vs. Buckley,2025-06-14,,-1
event,UFC Fight Night: Hill vs. Rountree Jr.,2025-06-21,UFC Fight Night: Hill vs. Rountree Jr.,2
event,UFC 317: Topuria vs. Oliveira,2025-06-28,UFC 317: Topuria vs. Oliveira,3
event,UFC Fight Night: Lewis vs. Teixeira,2025-07-12,UFC Fight Night: Lewis vs. Teixeira,1
event,UFC 318: Holloway vs. Poirier 3,2025-07-19,UFC 318: Holloway vs. Poirier 3,6
event,UFC Fight Night: Whittaker vs. De Ridder,2025-07-26,UFC on ABC: Whittaker vs. de Ridder,1
event,UFC Fight Night: Taira vs. Park,2025-08-02,UFC on ESPN: Taira vs. Park,4
event,UFC Fight Night: Dolidze vs. Hernandez,2025-08-09,UFC Fight Night: Dolidze vs. Hernandez,1
event,UFC 319: Du Plessis vs. Chimaev,2025-08-16,UFC 319,3
event,UFC Fight Night: Walker vs. Zhang,2025-08-23,UFC Fight Night: Walker vs. Zhang,1
event,UFC Fight Night: Imavov vs. Borralho,2025-09-06,UFC Fight Night: Imavov vs. Borralho,1
event,UFC Fight Night: Lopes vs. Silva,2025-09-13,UFC Fight Night: Lopes vs. Silva,5
event,UFC Fight Night: Ulberg vs. Reyes,2025-09-27,,-1
event,UFC 320: Ankalaev vs. Pereira 2,2025-10-04,UFC 320: Ankalaev vs. Pereira 2,2
event,UFC Fight Night: Oliveira vs. Gamrot,2025-10-11,UFC Fight Night: Oliveira vs. Gamrot,2
event,UFC Fight Night: De Ridder vs. Allen,2025-10-18,,-1
event,UFC 321: Aspinall vs. Gane,2025-10-25,UFC 321: Aspinall vs. Gane,0
event,UFC Fight Night: Garcia vs. Onama,2025-11-01,UFC Fight Night: Garcia vs. Onama,0
event,UFC Fight Night: Bonfim vs. Brown,2025-11-08,UFC Fight Night: Bonfim vs. Brown,2
event,UFC 322: Della Maddalena vs. Makhachev,2025-11-15,,-1
event,UFC Fight Night: Tsarukyan vs. Hooker,2025-11-22,UFC Fight Night: Tsarukyan vs. Hooker,2
event,UFC 323: Dvalishvili vs. Yan 2,2025-12-06,UFC 323: Dvalishvili vs. Yan 2,0
event,UFC Fight Night: Royval vs. Kape,2025-12-13,UFC Fight Night: Royval vs. Kape,6
event,UFC 324: Gaethje vs. Pimblett,2026-01-24,UFC 324,3
event,UFC 325: Volkanovski vs. Lopes 2,2026-01-31,UFC 325,2
event,UFC Fight Night: Bautista vs. Oliveira,2026-02-07,UFC Fight Night: Bautista vs. Oliveira,0
event,UFC Fight Night: Strickland vs. Hernandez,2026-02-21,UFC Fight Night: Strickland vs. Hernandez,4
event,UFC Fight Night: Moreno vs. Kavanagh,2026-02-28,UFC Fight Night: Moreno vs. Kavanagh,1
event,UFC 326: Holloway vs. Oliveira 2,2026-03-07,UFC 326,4
event,UFC Fight Night: Emmett vs. Vallejos,2026-03-14,UFC Fight Night: Emmett vs. Vallejos,1
event,UFC Fight Night: Evloev vs. Murphy,2026-03-21,UFC Fight Night: Evloev vs. Murphy,0
event,UFC Fight Night: Adesanya vs. Pyfer,2026-03-28,UFC Fight Night: Adesanya vs. Pyfer,4
event,UFC Fight Night: Moicano vs. Duncan,2026-04-04,UFC Fight Night: Moicano vs. Duncan,1
event,UFC 327: Prochazka vs. Ulberg,2026-04-11,UFC 327,3
event,UFC Fight Night: Burns vs. Malott,2026-04-18,UFC Fight Night: Burns vs. Malott,3
event,UFC Fight Night: Sterling vs. Zalal,2026-04-25,UFC Fight Night: Sterling vs. Zalal,1
event,UFC Fight Night: Della Maddalena vs. Prates,2026-05-02,,-1
event,UFC 328: Chimaev vs. Strickland,2026-05-09,UFC 328,4
event,UFC Fight Night: Allen vs. Costa,2026-05-16,UFC Fight Night: Allen vs. Costa,2
event,Road To UFC 5.1,2026-05-28,,-1
event,Road To UFC 5.2,2026-05-29,,-1
event,UFC Fight Night: Song vs. Figueiredo,2026-05-30,UFC Fight Night: Song vs. Figueiredo,1
event,UFC Fight Night: Muhammad vs. Bonfim,2026-06-06,UFC Fight Night: Muhammad vs. Bonfim,2
event,UFC Freedom 250,2026-06-14,,-1
event,UFC Fight Night: Kape vs. Horiguchi,2026-06-20,UFC Fight Night: Kape vs. Horiguchi,1
event,UFC Fight Night: Fiziev vs. Torres,2026-06-27,UFC Fight Night: Fiziev vs. Torres,1
event,UFC 329: McGregor vs. Holloway 2,2026-07-11,UFC 329,3
event,UFC Fight Night: Du Plessis vs. Usman,2026-07-18,UFC Fight Night: Du Plessis vs. Usman,1
event,UFC Fight Night: Ankalaev vs. Guskov,2026-07-25,UFC Fight Night: Ankalaev vs. Guskov,4
event,UFC Fight Night: Medic vs. Rodriguez,2026-08-01,UFC Fight Night: Medić vs. Rodriguez,5
event,UFC Fight Night: Gamrot vs. Salkilld,2026-08-08,UFC Fight Night: Gamrot vs. Salkilld,1
fighter,AJ Cunningham,,,-1
fighter,AJ Dobson,,,-1
fighter,AJ Fletcher,,List of male mixed martial artists,0
fighter,Aalon Cruz,,,-1
fighter,Aaron Phillips,,Aaron Phillips (fighter),7
fighter,Aaron Pico,,Aaron Pico,8
fighter,Aaron Riley,,Aaron Riley,8
fighter,Aaron Rosa,,Aaron Rosa,3
fighter,Aaron Simpson,,Aaron Simpson (fighter),5
fighter,Aaron Wilkinson,,Michael Johnson (fighter),7
fighter,Abdul Hussein,,Abdul Hussein,1
fighter,Abdul Rakhman Yakhyaev,,2026 in UFC,0
fighter,Abdul Razak Alhassan,,Abdul Razak Alhassan,3
fighter,Abdul-Kareem Al-Selwady,,,-1
fighter,Abdul-Kerim Edilov,,Abdul-Kerim Edilov,0
fighter,Abel Trujillo,,Abel Trujillo,9
fighter,Abner Lloveras,,Abner Lloveras,3
fighter,Abu Azaitar,,,-1
fighter,Abubakar Nurmagomedov,,Abubakar Nurmagomedov,5
fighter,Abubakar Vagaev,,2026 in UFC,0
fighter,Abus Magomedov,,Abusupiyan Magomedov,5
fighter,Adam Cella,,Tor Troéng,2
fighter,Adam Fugitt,,Adam Fugitt,0
fighter,Adam Milstead,,Adam Milstead,1
fighter,Adam Wieczorek,,Adam Wieczorek,1
fighter,Adam Yandiev,,Jordan Johnson (fighter),2
fighter,Adlan Amagov,,Adlan Amagov,4
fighter,Adrian Luna Martinetti,,2026 in UFC,0
fighter,Adrian Yanez,,Adrian Yañez,1
fighter,Adriano Martins,,Adriano Martins,2
fighter,Ahejiang Ailinuer,,,-1
fighter,Aiemann Zahabi,,Aiemann Zahabi,2
fighter,Ailin Perez,,Ailín Pérez,1
fighter,Aisling Daly,,Aisling Daly,3
fighter,Akbarh Arreola,,Akbarh Arreola,2
fighter,Akira Corassani,,Akira Corassani,8
fighter,Al Iaquinta,,Al Iaquinta,7
fighter,Alan Baudot,,Alan Baudot,3
fighter,Alan Belcher,,Alan Belcher,8
fighter,Alan Jouban,,Alan Jouban,5
fighter,Alan Omer,,,-1
fighter,Alan Patrick,,Alan Patrick (fighter),4
fighter,Alatengheili,,Alateng Heili,1
fighter,Albert Cheng,,The Ultimate Fighter: China,7
fighter,Albert Duraev,,,-1
fighter,Albert Morales,,Albert Morales,1
fighter,Albert Tumenov,,Albert Tumenov,3
fighter,Alberto Mina,,Alberto Mina,1
fighter,Alberto Montes,,,-1
fighter,Alberto Uda,,Jake Collier,5
fighter,Alden Coria,,2025 in UFC,2
fighter,Alejandro Perez,,Alejandro Pérez (fighter),3
fighter,Aleksa Camur,,Aleksa Camur,1
fighter,Aleksandar Rakic,,Aleksandar Rakić,5
fighter,Aleksandra Albu,,Aleksandra Albu,1
fighter,Aleksandre Topuria,,Aleksandre Topuria,1
fighter,Aleksei Kunchenko,,Alexey Kunchenko,1
fighter,Aleksei Oleinik,,Aleksei Oleinik,6
fighter,Alen Amedovski,,Alen Amedovski,5
fighter,Alessandro Costa,,Steve Erceg,1
fighter,Alessio Di Chirico,,Alessio Di Chirico,7
fighter,Alessio Sakara,,Alessio Sakara,17
fighter,Alex Caceres,,Alex Caceres,5
fighter,Alex Chambers,,Alex Chambers,0
fighter,Alex Da Silva,,,-1
fighter,Alex Garcia,,Alex Garcia (fighter),2
fighter,Alex Gorgees,,Damir Ismagulov,1
fighter,Alex Morono,,Alex Morono,4
fighter,Alex Nicholson,,Alex Nicholson (fighter),2
fighter,Alex Oliveira,,Alex Oliveira,9
fighter,Alex Pereira,,Alex Pereira,3
fighter,Alex Perez,,Alex Perez (fighter),10
fighter,Alex Reyes,,Tom Nolan (fighter),0
fighter,Alex Ricci,,,-1
fighter,Alex Soto,,List of male mixed martial artists,0
fighter,Alex Torres,,Alex Caceres,5
fighter,Alex White,,Alex White (fighter),5
fighter,Alexa Grasso,,Alexa Grasso,9
fighter,Alexander Gustafsson,,Alexander Gustafsson,19
fighter,Alexander Hernandez,,Alexander Hernandez,4
fighter,Alexander Munoz,,,-1
fighter,Alexander Poppeck,,2026 in UFC,0
fighter,Alexander Volkanovski,,Alexander Volkanovski,7
fighter,Alexander Volkov,,Alexander Volkov (fighter),3
fighter,Alexander Yakovlev,,Alexander Yakovlev (fighter),3
fighter,Alexandr Romanov,,Alexander Romanov (fighter),7
fighter,Alexandre Ferreira,,Alexandre Ferreira (fighter),1
fighter,Alexandre Pantoja,,Alexandre Pantoja,7
fighter,Alexia Thainara,,Denise Gomes,0
fighter,Alexis Davis,,Alexis Davis (fighter),3
fighter,Alexis Dufresne,,,-1
fighter,Ali AlQaisi,,,-1
fighter,Ali Bagautinov,,Ali Bagautinov,1
fighter,Aliaskhab Khizriev,,Abusupiyan Magomedov,5
fighter,Alibi Idiris,,2026 in UFC,0
fighter,Alice Ardelean,,,-1
fighter,Alice Pereira,,,-1
fighter,Alistair Overeem,,Alistair Overeem,20
fighter,Aljamain Sterling,,Aljamain Sterling,8
fighter,Allan Nascimento,,Allan Nascimento,6
fighter,Allan Zuniga,,The Ultimate Fighter: Undefeated,13
fighter,Allen Crowder,,Allen Crowder,1
fighter,Allen Frye Jr.,,1983 in the United States,6
fighter,Alonzo Menifield,,Alonzo Menifield,6
fighter,Alptekin Ozkilic,,Alp Ozkilic,1
fighter,Alvaro Herrera Mendoza,,Álvaro Herrera,2
fighter,Alvin Hines,,,-1
fighter,Amanda Cooper,,Amanda Brundage,0
fighter,Amanda Lemos,,Amanda Lemos,5
fighter,Amanda Nunes,,Amanda Nunes,12
fighter,Amanda Ribas,,Amanda Ribas,6
fighter,Amilcar Alves,,,-1
fighter,Amir Albazi,,Amir Albazi,5
fighter,Amir Sadollah,,Amir Sadollah,7
fighter,Anderson Dos Santos,,,-1
fighter,Anderson Silva,,Anderson Silva,18
fighter,Andre Ewell,,Andre Ewell,1
fighter,Andre Fialho,,André Fialho,1
fighter,Andre Fili,,Andre Fili,11
fighter,Andre Lima,,André Lima (fighter),3
fighter,Andre Muniz,,André Muniz,3
fighter,Andre Petroski,,Andre Petroski,2
fighter,Andre Soukhamthath,,Andre Soukhamthath,3
fighter,Andre Winner,,Andre Winner,2
fighter,Andrea Lee,,Andrea Lee (fighter),4
fighter,Andreas Gustafsson,,Khaos Williams,2
fighter,Andreas Michailidis,,Andreas Michailidis,0
fighter,Andreas Stahl,,Gilbert Burns,10
fighter,Andrei Arlovski,,Andrei Arlovski,13
fighter,Andrew Craig,,Andrew Craig,5
fighter,Andrew Holbrook,,Andrew Holbrook,2
fighter,Andrew Sanchez,,Andrew Sanchez,4
fighter,Andrey Pulyaev,,,-1
fighter,Andy Enz,,Andy Enz,0
fighter,Andy Ogle,,Andy Ogle,2
fighter,Anelya Toktogonova,,,-1
fighter,Ange Loosa,,Bryan Battle,2
fighter,Angel Pacheco,,,-1
fighter,Angela Hill,,Angela Hill,9
fighter,Angela Magana,,Angela Magaña,2
fighter,Anistavio Medeiros,,Rodrigo Damm,3
fighter,Anna Elmose,,,-1
fighter,Anna Melisano,,2026 in UFC,0
fighter,Anshul Jubli,,Anshul Jubli,0
fighter,Ante Delija,,Ante Delija,5
fighter,Anthony Birchak,,Anthony Birchak,1
fighter,Anthony Christodoulou,,,-1
fighter,Anthony Hamilton,,Anthony Hamilton (fighter),0
fighter,Anthony Hernandez,,Anthony Hernandez,9
fighter,Anthony Ivy,,,-1
fighter,Anthony Johnson,,Anthony Johnson (fighter),12
fighter,Anthony Lapsley,,Anthony Lapsley,1
fighter,Anthony Njokuani,,Anthony Njokuani,7
fighter,Anthony Perosh,,Anthony Perosh,6
fighter,Anthony Pettis,,Anthony Pettis,14
fighter,Anthony Rocco Martin,,Anthony Rocco Martin,4
fighter,Anthony Smith,,Anthony Smith (fighter),8
fighter,Anton Kuivanen,,Anton Kuivanen,3
fighter,Anton Turkalj,,Vitor Petrino,0
fighter,Anton Zafir,,,-1
fighter,Antonina Shevchenko,,Antonina Shevchenko,3
fighter,Antonio Arroyo,,Antônio Arroyo,4
fighter,Antonio Banuelos,,Antonio Banuelos,1
fighter,Antonio Braga Neto,,Antônio Braga Neto,3
fighter,Antonio Carlos Junior,,Antônio Carlos Jr.,8
fighter,Antonio Carvalho,,Antonio Carvalho,2
fighter,Antonio Dos Santos,,,-1
fighter,Antonio McKee,,List of male mixed martial artists,0
fighter,Antonio Rodrigo Nogueira,,Antônio Rodrigo Nogueira,9
fighter,Antonio Silva,,Antônio Silva (fighter),15
fighter,Antonio Trocoli,,,-1
fighter,Anying Wang,,,-1
fighter,Aoriqileng,,Aori Qileng,0
fighter,Ariane Carnelossi,,Ariane Carnelossi,7
fighter,Ariane da Silva,,Ariane Lipski da Silva,7
fighter,Ariel Beck,,Shana Dobson,0
fighter,Arisa Matsuda,,,-1
fighter,Arjan Bhullar,,Arjan Bhullar,4
fighter,Arman Tsarukyan,,Arman Tsarukyan,6
fighter,Armen Petrosyan,,Armen Petrosyan (fighter),1
fighter,Arnold Allen,,Arnold Allen,9
fighter,Artem Lobov,,Artem Lobov,2
fighter,Artur Minev,,2026 in UFC,0
fighter,Ashkan Mokhtarian,,Ashkan Mokhtarian,2
fighter,Ashlee Evans-Smith,,Ashlee Evans-Smith,5
fighter,Ashley Yoder,,Ashley Yoder,2
fighter,Askar Askarov,,Askar Askarov,2
fighter,Askar Mozharov,,Dustin Jacoby,9
fighter,Aspen Ladd,,Aspen Ladd,7
fighter,Asu Almabayev,,Asu Almabayev,2
fighter,Ateba Gautier,,Ateba Gautier,1
fighter,Augusto Mendes,,Augusto Mendes,3
fighter,Augusto Montano,,Augusto Montaño,1
fighter,Augusto Sakai,,Augusto Sakai,0
fighter,Austen Lane,,Austen Lane,3
fighter,Austin Arnett,,Austin Arnett,1
fighter,Austin Bashi,,Hyder Amil,2
fighter,Austin Hubbard,,Austin Hubbard,3
fighter,Austin Lingo,,Austin Lingo,0
fighter,Austin Springer,,,-1
fighter,Austin Vanderford,,Austin Vanderford,3
fighter,Axel Sola,,Axel Sola,0
fighter,Azamat Bekoev,,Azamat Bekoev,0
fighter,Azamat Gashimov,,,-1
fighter,Azamat Murzakanov,,Azamat Murzakanov,4
fighter,Azat Maksum,,Kyoji Horiguchi,7
fighter,Azunna Anyanwu,,,-1
fighter,BJ Penn,,B.J. Penn,13
fighter,Baergeng Jieleyisi,,,-1
fighter,Baisangur Susurkaev,,2025 in UFC,2
fighter,Barb Honchak,,Barb Honchak,1
fighter,Bart Palaszewski,,Bart Palaszewski,3
fighter,Bartosz Fabinski,,Bartosz Fabiński,6
fighter,Bassil Hafez,,,-1
fighter,Batgerel Danaa,,Danaa Batgerel,1
fighter,Bea Malecki,,Bea Malecki,1
fighter,Bec Rawlings,,Bec Rawlings,4
fighter,Bekzat Almakhan,,Bekzat Almakhan,1
fighter,Belal Muhammad,,Belal Muhammad,6
fighter,Ben Alloway,,Ben Alloway,0
fighter,Ben Askren,,Ben Askren,7
fighter,Ben Johnston,,List of male mixed martial artists,0
fighter,Ben Nguyen,,Ben Nguyen,4
fighter,Ben Rothwell,,Ben Rothwell,20
fighter,Ben Saunders,,Ben Saunders (fighter),15
fighter,Ben Sosoli,,,-1
fighter,Ben Wall,,,-1
fighter,Benardo Sopaj,,,-1
fighter,Beneil Dariush,,Beneil Dariush,11
fighter,Benito Lopez,,Benito Lopez,2
fighter,Benoit Saint Denis,,Benoît Saint Denis,7
fighter,Benson Henderson,,Benson Henderson,11
fighter,Bentley Syler,,Fredy Serrano,2
fighter,Bernardo Magalhaes,,List of male mixed martial artists,0
fighter,Besam Yousef,,,-1
fighter,Bethe Correia,,Bethe Correia,2
fighter,Bevon Lewis,,Bevon Lewis,1
fighter,Bharat Kandare,,Marlon Vera,9
fighter,Bia Mesquita,,Beatriz Mesquita,0
fighter,Bibulatov Magomed,,List of male mixed martial artists,0
fighter,Bill Algeo,,Bill Algeo,3
fighter,Billy Elekana,,Billy Elekana,3
fighter,Billy Quarantillo,,Billy Quarantillo,1
fighter,Billy Ray Goff,,,-1
fighter,Blagoy Ivanov,,Blagoy Ivanov,12
fighter,Blake Bilder,,List of Canadian UFC fighters,10
fighter,Blood Diamond,,Jeremiah Wells,4
fighter,Bo Nickal,,Bo Nickal,3
fighter,BoHyun Park,,,-1
fighter,Bobby Moffett,,Bobby Moffett,0
fighter,Bobby Nash,,Bobby Nash,1
fighter,Bobby Voelker,,Bobby Voelker,1
fighter,Bogdan Grad,,2025 in UFC,2
fighter,Bogdan Guskov,,Bogdan Guskov,3
fighter,Bojan Mihajlovic,,,-1
fighter,Bojan Velickovic,,Bojan Veličković,5
fighter,Bolaji Oki,,2026 in UFC,0
fighter,Borislav Nikolic,,2026 in UFC,0
fighter,Boston Salmon,,Raoni Barcelos,8
fighter,Brad Blackburn,,Brad Blackburn,0
fighter,Brad Katona,,Brad Katona,1
fighter,Brad Pickett,,Brad Pickett,1
fighter,Brad Riddell,,Brad Riddell,1
fighter,Brad Scott,,Brad Scott (fighter),3
fighter,Brad Tavares,,Brad Tavares,6
fighter,Brady Hiestand,,List of Canadian UFC fighters,10
fighter,Brando Pericic,,2026 in UFC,0
fighter,Brandon Davis,,Brandon Davis,1
fighter,Brandon Jenkins,,,-1
fighter,Brandon Moreno,,Brandon Moreno,8
fighter,Brandon Royval,,Brandon Royval,4
fighter,Brandon Thatch,,Brandon Thatch,6
fighter,Brandon Vera,,Brandon Vera,10
fighter,Braxton Smith,,Chase Sherman,4
fighter,Brendan Allen,,Brendan Allen,8
fighter,Brendan Loughnane,,Brendan Loughnane,5
fighter,Brendan O'Reilly,,Brendan O'Reilly (fighter),2
fighter,Brendan Schaub,,Brendan Schaub,4
fighter,Brendon Marotte,,,-1
fighter,Brendson Ribeiro,,Johnny Walker (fighter),8
fighter,Brett Johns,,Brett Johns,4
fighter,Brian Bowles,,Brian Bowles (fighter),4
fighter,Brian Camozzi,,Brian Camozzi,1
fighter,Brian Ebersole,,Brian Ebersole,8
fighter,Brian Foster,,Brian Foster (fighter),4
fighter,Brian Houston,,,-1
fighter,Brian Kelleher,,Brian Kelleher,6
fighter,Brian Melancon,,Brian Melancon,1
fighter,Brian Ortega,,Brian Ortega,12
fighter,Brian Stann,,Brian Stann,2
fighter,Brianna Fortino,,Brianna Fortino,1
fighter,Bristol Marunde,,Bristol Marunde,2
fighter,Brock Jardine,,List of male mixed martial artists,0
fighter,Brock Lesnar,,Brock Lesnar,19
fighter,Brogan Walker,,Brogan Walker,0
fighter,Brok Weaver,,Brok Weaver,1
fighter,Bruna Brasil,,Denise Gomes,0
fighter,Brunno Ferreira,,Gregory Rodrigues,1
fighter,Bruno Korea,,,-1
fighter,Bruno Lopes,,,-1
fighter,Bruno Santos,,Bruno Santos,1
fighter,Bruno Silva,,Bruno Silva (fighter),4
fighter,Bruno Souza,,,-1
fighter,Bryan Barberena,,Bryan Barberena,3
fighter,Bryan Battle,,Bryan Battle,2
fighter,Bryan Caraway,,Bryan Caraway,8
fighter,Bryce Mitchell,,Bryce Mitchell,5
fighter,Bubba Bush,,,-1
fighter,Buddy Roberts,,,-1
fighter,Byron Bloodworth,,,-1
fighter,CB Dollaway,,C. B. Dollaway,8
fighter,CJ Keith,,List of male mixed martial artists,0
fighter,CJ Vergara,,C. J. Vergara,2
fighter,CM Punk,,CM Punk,29
fighter,Cain Carrizosa,,,-1
fighter,Cain Velasquez,,Cain Velasquez,13
fighter,Caio Borralho,,Caio Borralho,1
fighter,Caio Machado,,,-1
fighter,Caio Magalhaes,,Caio Magalhães,3
fighter,Callan Potter,,Callan Potter,0
fighter,Calvin Kattar,,Calvin Kattar,3
fighter,Cam Rowston,,Jacob Malkoun,2
fighter,Cameron Else,,,-1
fighter,Cameron Saaiman,,Cameron Saaiman,1
fighter,Cameron Smotherman,,,-1
fighter,Cameron VanCamp,,,-1
fighter,Caol Uno,,Caol Uno,2
fighter,Caolan Loughran,,Taylor Lapilus,3
fighter,Carl Deaton,,,-1
fighter,Carla Esparza,,Carla Esparza,9
fighter,Carli Judice,,,-1
fighter,Carlo Pedersoli Jr.,,Carlo Pedersoli Jr.,0
fighter,Carlo Prater,,Carlo Prater,1
fighter,Carlos Candelario,,,-1
fighter,Carlos Condit,,Carlos Condit,16
fighter,Carlos Eduardo Rocha,,Carlos Eduardo Rocha,4
fighter,Carlos Felipe,,Carlos Felipe,3
fighter,Carlos Hernandez,,,-1
fighter,Carlos Huachin,,Raoni Barcelos,8
fighter,Carlos Leal,,,-1
fighter,Carlos Mota,,Charles Johnson (fighter),0
fighter,Carlos Prates,,Carlos Prates,0
fighter,Carlos Ulberg,,Carlos Ulberg,5
fighter,Carlos Vera,,,-1
fighter,Carls John De Tomas,,,-1
fighter,Carlston Harris,,Carlston Harris,1
fighter,Carlton Minus,,,-1
fighter,Carol Foro,,2026 in UFC,0
fighter,Caros Fodor,,Caros Fodor,1
fighter,Casey Kenney,,Casey Kenney,1
fighter,Casey O'Neill,,Casey O'Neill,3
fighter,Cat Zingano,,Cat Zingano,10
fighter,Cathal Pendred,,Cathal Pendred,1
fighter,Cesar Almeida,,César Almeida (fighter),2
fighter,Cesar Arzamendia,,,-1
fighter,Cezar Ferreira,,Cezar Ferreira,11
fighter,Cezary Oleksiejczuk,,Abusupiyan Magomedov,5
fighter,Chad Anheliger,,Cody Gibson,3
fighter,Chad Griggs,,Chad Griggs,2
fighter,Chad Laprise,,Chad Laprise,1
fighter,Chad Mendes,,Chad Mendes,8
fighter,Chael Sonnen,,Chael Sonnen,7
fighter,Chan Sung Jung,,The Korean Zombie,10
fighter,Chan-Mi Jeon,,,-1
fighter,Chance Rencountre,,Chance Rencountre,2
fighter,ChangHo Lee,,,-1
fighter,Charalampos Grigoriou,,,-1
fighter,Charles Byrd,,Charles Byrd (fighter),0
fighter,Charles Johnson,,Charles Johnson (fighter),0
fighter,Charles Jourdain,,Charles Jourdain,4
fighter,Charles Oliveira,,Charles Oliveira,17
fighter,Charles Radtke,,Matthew Semelsberger,3
fighter,Charles Rosa,,Charles Rosa,6
fighter,Charlie Brenneman,,Charlie Brenneman,5
fighter,Charlie Campbell,,List of male mixed martial artists,0
fighter,Charlie Ontiveros,,,-1
fighter,Charlie Valencia,,Charlie Valencia,2
fighter,Charlie Ward,,Charlie Ward (fighter),5
fighter,Chas Skelly,,Chas Skelly,6
fighter,Chase Gormley,,Chase Gormley,1
fighter,Chase Hooper,,Chase Hooper,0
fighter,Chase Sherman,,Chase Sherman,4
fighter,Che Mills,,Che Mills,4
fighter,Cheick Kongo,,Cheick Kongo,7
fighter,Chelsea Chandler,,Chelsea Chandler,0
fighter,Chepe Mariscal,,Pat Sabatini,1
fighter,Cheyanne Vlismas,,Cheyanne Vlismas,0
fighter,Chico Camus,,Chico Camus,0
fighter,Chidi Njokuani,,Chidi Njokuani,1
fighter,Chris Avila,,Chris Avila,1
fighter,Chris Barnett,,Chris Barnett,4
fighter,Chris Beal,,Chris Beal,2
fighter,Chris Camozzi,,Chris Camozzi,13
fighter,Chris Cariaso,,Chris Cariaso,2
fighter,Chris Clements,,Chris Clements (fighter),3
fighter,Chris Cope,,Chris Cope,0
fighter,Chris Curtis,,Chris Curtis (fighter),9
fighter,Chris Daukaus,,Chris Daukaus,4
fighter,Chris Dempsey,,Chris Dempsey,0
fighter,Chris Duncan,,Chris Duncan (fighter),0
fighter,Chris Fishgold,,Chris Fishgold,2
fighter,Chris Gruetzemacher,,Chris Gruetzemacher,2
fighter,Chris Gutierrez,,Chris Gutiérrez,3
fighter,Chris Heatherly,,,-1
fighter,Chris Holdsworth,,Chris Holdsworth,2
fighter,Chris Indich,,List of Canadian UFC fighters,10
fighter,Chris Kelades,,Chris Kelades,1
fighter,Chris Leben,,Chris Leben,13
fighter,Chris Lytle,,Chris Lytle,7
fighter,Chris Padilla,,,-1
fighter,Chris Saunders,,Chris Saunders (mixed martial artist),0
fighter,Chris Spang,,List of male mixed martial artists,0
fighter,Chris Tickle,,Daron Cruickshank,4
fighter,Chris Tuchscherer,,Chris Tuchscherer,0
fighter,Chris Wade,,Chris Wade (fighter),2
fighter,Chris Weidman,,Chris Weidman,21
fighter,Chris de la Rocha,,Chris de la Rocha,1
fighter,Christian Aguilera,,Christian Aguilera,2
fighter,Christian Colombo,,Luis Henrique (fighter),4
fighter,Christian Edwards,,List of male mixed martial artists,0
fighter,Christian Leroy Duncan,,Christian Leroy Duncan,3
fighter,Christian Morecraft,,Christian Morecraft,0
fighter,Christian Rodriguez,,,-1
fighter,Christina Marks,,List of current UFC fighters,24
fighter,Christos Giagos,,Christos Giagos,2
fighter,Chuck Liddell,,Chuck Liddell,5
fighter,Chuck O'Neil,,Chris Cope,0
fighter,Chungreng Koren,,,-1
fighter,Cindy Dandois,,Cindy Dandois,1
fighter,Ciryl Gane,,Ciryl Gane,3
fighter,Claude Patrick,,Claude Patrick,3
fighter,Claudia Gadelha,,Cláudia Gadelha,6
fighter,Claudio Puelles,,Claudio Puelles,0
fighter,Claudio Ribeiro,,,-1
fighter,Claudio Silva,,Cláudio Silva,7
fighter,Clay Collard,,Clay Collard,3
fighter,Clay Guida,,Clay Guida,6
fighter,Clay Harvison,,Clay Harvison,3
fighter,Clayton Carpenter,,,-1
fighter,Clifford Starks,,Clifford Starks,1
fighter,Clint Hester,,Clint Hester,5
fighter,Cody Brundage,,Cody Brundage,2
fighter,Cody Donovan,,Cody Donovan,2
fighter,Cody Durden,,Cody Durden,2
fighter,Cody East,,,-1
fighter,Cody Garbrandt,,Cody Garbrandt,8
fighter,Cody Gibson,,Cody Gibson,3
fighter,Cody Haddon,,,-1
fighter,Cody McKenzie,,Cody McKenzie,4
fighter,Cody Pfister,,Cody Pfister,0
fighter,Cody Stamann,,Cody Stamann,5
fighter,Colby Covington,,Colby Covington,9
fighter,Colby Thicknesse,,2025 in UFC,2
fighter,Cole Escovedo,,Cole Escovedo,2
fighter,Cole Miller,,Cole Miller,4
fighter,Cole Smith,,Cole Smith (fighter),0
fighter,Cole Williams,,List of male mixed martial artists,0
fighter,Colin Fletcher,,The Ultimate Fighter: The Smashes,13
fighter,Collin Anglin,,,-1
fighter,Collin Hart,,Luke Barnatt,1
fighter,Colton Smith,,Colton Smith (fighter),0
fighter,Connor Matthews,,,-1
fighter,Conor McGregor,,Conor McGregor,21
fighter,Constantinos Philippou,,Costas Philippou,6
fighter,Corey Anderson,,Corey Anderson (fighter),6
fighter,Cortavious Romious,,,-1
fighter,Cortney Casey,,Cortney Casey,3
fighter,Cory Hendricks,,Josh Stansbury,4
fighter,Cory McKenna,,Cory McKenna,1
fighter,Cory Sandhagen,,Cory Sandhagen,8
fighter,Court McGee,,Court McGee,7
fighter,Craig White,,List of male mixed martial artists,0
fighter,Cristian Quinonez,,Cristian Quiñónez,2
fighter,Cristiane Justino,,Cris Cyborg,4
fighter,Cristiano Marcello,,Cristiano Marcello,2
fighter,Cristina Stanciu,,,-1
fighter,Cub Swanson,,Cub Swanson,11
fighter,Cung Le,,Cung Le,8
fighter,Curt Warburton,,Curt Warburton,2
fighter,Curtis Blaydes,,Curtis Blaydes,13
fighter,Curtis Millender,,Curtis Millender,2
fighter,Cynthia Calvillo,,Cynthia Calvillo,3
fighter,Cyril Asker,,Cyril Asker,0
fighter,Cyrille Diabate,,Cyrille Diabaté,6
fighter,Da Woon Jung,,Da Woon Jung,1
fighter,Da'Mon Blackshear,,Farid Basharat,1
fighter,DaMarques Johnson,,DaMarques Johnson,4
fighter,Dagiisuren Chagnaadorj,,,-1
fighter,Daichi Abe,,Daichi Abe,3
fighter,Dakota Bush,,,-1
fighter,Dakota Hope,,,-1
fighter,Dalcha Lungiambula,,Dalcha Lungiambula,2
fighter,Damacio Page,,Damacio Page,5
fighter,Damian Grabowski,,Damian Grabowski,6
fighter,Damian Pinas,,2026 in UFC,0
fighter,Damian Rzepecki,,Damian Rzepecki,0
fighter,Damian Stasiak,,Damian Stasiak,0
fighter,Damien Anderson,,List of male mixed martial artists,0
fighter,Damien Brown,,Damien Brown (fighter),1
fighter,Damir Hadzovic,,Damir Hadžović,2
fighter,Damir Ismagulov,,Damir Ismagulov,1
fighter,Damon Jackson,,Damon Jackson,2
fighter,Dan Argueta,,Miles Johns,6
fighter,Dan Hardy,,Dan Hardy,4
fighter,Dan Henderson,,Dan Henderson,3
fighter,Dan Hooker,,Dan Hooker,6
fighter,Dan Ige,,Dan Ige,4
fighter,Dan Lauzon,,Dan Lauzon,2
fighter,Dan Miller,,Dan Miller (fighter),6
fighter,Dan Moret,,Jared Gordon,8
fighter,Dan Stittgen,,,-1
fighter,Daniel Barez,,,-1
fighter,Daniel Cormier,,Daniel Cormier,13
fighter,Daniel Frunza,,,-1
fighter,Daniel Jolly,,,-1
fighter,Daniel Kelly,,Dan Kelly (fighter),1
fighter,Daniel Lacerda,,Édgar Cháirez,2
fighter,Daniel Marcos,,Daniel Marcos,2
fighter,Daniel Omielanczuk,,Daniel Omielańczuk,3
fighter,Daniel Pineda,,Daniel Pineda (fighter),6
fighter,Daniel Roberts,,Daniel Roberts (fighter),4
fighter,Daniel Rodriguez,,Daniel Rodriguez (fighter),4
fighter,Daniel Santos,,Daniel Santos (fighter),2
fighter,Daniel Sarafian,,Daniel Sarafian,6
fighter,Daniel Spitz,,Daniel Spitz,2
fighter,Daniel Spohn,,Daniel Spohn,2
fighter,Daniel Teymur,,Daniel Teymur,0
fighter,Daniel Zellhuber,,Daniel Zellhuber,1
fighter,Danielle Taylor,,Danielle Taylor (fighter),0
fighter,Daniil Donchenko,,2026 in UFC,0
fighter,Danilo Belluardo,,,-1
fighter,Danilo Marques,,Danilo Marques,1
fighter,Danny Barlow,,,-1
fighter,Danny Castillo,,Danny Castillo,3
fighter,Danny Chavez,,Danny Chavez,1
fighter,Danny Downes,,Danny Downes,2
fighter,Danny Henry,,Danny Henry,0
fighter,Danny Martinez,,Danny Martinez,2
fighter,Danny Mitchell,,Danny Mitchell (fighter),2
fighter,Danny Roberts,,Danny Roberts (fighter),4
fighter,Danny Silva,,,-1
fighter,Danyelle Wolf,,Danyelle Wolf,1
fighter,Daria Zhelezniakova,,,-1
fighter,Darian Weeks,,,-1
fighter,Darko Stosic,,Darko Stošić,1
fighter,Daron Cruickshank,,Daron Cruickshank,4
fighter,Darrell Horcher,,Darrell Horcher,0
fighter,Darrell Montague,,Darrell Montague,1
fighter,Darren Elkins,,Darren Elkins,5
fighter,Darren Stewart,,Darren Stewart,2
fighter,Darren Till,,Darren Till,7
fighter,Darren Uyenoyama,,Darren Uyenoyama,2
fighter,Darrick Minner,,Darrick Minner,3
fighter,Darrius Flowers,,2026 in UFC,0
fighter,Dashon Johnson,,List of male mixed martial artists,0
fighter,Dave Galera,,Leandro Issa,0
fighter,Dave Herman,,Dave Herman (fighter),6
fighter,Davey Grant,,Davey Grant,6
fighter,Davi Ramos,,Davi Ramos,1
fighter,David Branch,,David Branch (fighter),7
fighter,David Dvorak,,David Dvořák,4
fighter,David Loiseau,,David Loiseau,8
fighter,David Martinez,,David Martínez (fighter),2
fighter,David Michaud,,David Michaud,4
fighter,David Mitchell,,David Mitchell (fighter),2
fighter,David Onama,,David Onama,3
fighter,David Teymur,,David Teymur,1
fighter,David Zawada,,David Zawada,6
fighter,DeAnna Bennett,,DeAnna Bennett,0
fighter,Dean Barry,,List of male mixed martial artists,0
fighter,Deiveson Figueiredo,,Deiveson Figueiredo,9
fighter,Delson Heleno,,,-1
fighter,Demetrious Johnson,,Demetrious Johnson,8
fighter,Demian Maia,,Demian Maia,14
fighter,Denis Tiuliulin,,Gregory Rodrigues,1
fighter,Denise Gomes,,Denise Gomes,0
fighter,Dennis Bermudez,,Dennis Bermudez,1
fighter,Dennis Buzukja,,2026 in UFC,0
fighter,Dennis Hallman,,Dennis Hallman,3
fighter,Dennis Siver,,Dennis Siver,4
fighter,Denys Bondar,,Ronaldo Rodríguez,2
fighter,Denzel Freeman,,,-1
fighter,Dequan Townsend,,Dequan Townsend,2
fighter,Derek Brunson,,Derek Brunson,8
fighter,Deron Winn,,Deron Winn,3
fighter,Derrick Krantz,,Derrick Krantz,0
fighter,Derrick Lewis,,Derrick Lewis,8
fighter,Desmond Green,,Desmond Green,7
fighter,Devin Clark,,Devin Clark (fighter),4
fighter,Devin Powell,,Devin Powell,2
fighter,Devonte Smith,,Devonte Smith,3
fighter,Dhiego Lima,,Dhiego Lima,3
fighter,Diana Belbita,,Diana Belbiță,0
fighter,Diego Brandao,,Diego Brandão,8
fighter,Diego Ferreira,,Carlos Diego Ferreira,5
fighter,Diego Lopes,,Diego Lopes (fighter),1
fighter,Diego Nunes,,Diego Nunes (fighter),5
fighter,Diego Rivas,,Diego Rivas (fighter),1
fighter,Diego Sanchez,,Diego Sanchez,17
fighter,Dileno Lopes,,,-1
fighter,Ding Meng,,2026 in UFC,0
fighter,Dione Barbosa,,,-1
fighter,Diyar Nurgozhay,,2026 in UFC,0
fighter,Djorden Santos,,UFC 328,4
fighter,Dmitrii Smoliakov,,,-1
fighter,Dmitry Sosnovskiy,,,-1
fighter,Dom Mar Fan,,,-1
fighter,Domingo Pilarte,,Domingo Pilarte (fighter),2
fighter,Dominic Waters,,,-1
fighter,Dominick Cruz,,Dominick Cruz,14
fighter,Dominick Reyes,,Dominick Reyes,3
fighter,Dominique Steele,,Dominique Steele,3
fighter,Don Madge,,,-1
fighter,Don Shainis,,,-1
fighter,Don'Tale Mayes,,Don'Tale Mayes,0
fighter,Donald Cerrone,,Donald Cerrone,19
fighter,Dong Huaxiang,,,-1
fighter,Dong Hyun Kim,,Dong Hyun Kim,7
fighter,Dong Hyun Ma,,Dong Hyun Ma,4
fighter,DongHun Choi,,,-1
fighter,Dongi Yang,,Yang Dongi,0
fighter,Donny Walker,,Donny Walker,0
fighter,Donte Johnson,,Zachary Reese,2
fighter,Dooho Choi,,Choi Doo-ho,4
fighter,Douglas Silva de Andrade,,Douglas Silva de Andrade,7
fighter,Drakkar Klose,,Drakkar Klose,5
fighter,Drako Rodriguez,,Aiemann Zahabi,2
fighter,Drew Dober,,Drew Dober,9
fighter,Dricus Du Plessis,,Dricus du Plessis,5
fighter,Duane Ludwig,,Duane Ludwig,13
fighter,Duda Santana,,Bea Malecki,1
fighter,Dusko Todorovic,,Duško Todorović,7
fighter,Dustin Hazelett,,Dustin Hazelett,2
fighter,Dustin Jacoby,,Dustin Jacoby,9
fighter,Dustin Kimura,,Dustin Kimura,2
fighter,Dustin Neace,,Dustin Neace,1
fighter,Dustin Ortiz,,Dustin Ortiz,3
fighter,Dustin Pague,,Dustin Pague,3
fighter,Dustin Poirier,,Dustin Poirier,15
fighter,Dustin Stoltzfus,,Dustin Stoltzfus,3
fighter,Dwight Grant,,Dwight Grant,3
fighter,Dylan Andrews,,Dylan Andrews,3
fighter,Dylan Budka,,Andre Petroski,2
fighter,Ed Herman,,Ed Herman,11
fighter,Eddie Alvarez,,Eddie Alvarez,6
fighter,Eddie Gordon,,Eddie Gordon (fighter),1
fighter,Eddie Mendez,,,-1
fighter,Eddie Wineland,,Eddie Wineland,7
fighter,Eddie Yagin,,,-1
fighter,Edgar Chairez,,Édgar Cháirez,2
fighter,Edgar Garcia,,Edgar García (fighter),2
fighter,Edimilson Souza,,Kevin Souza,2
fighter,Edmen Shahbazyan,,Edmen Shahbazyan,3
fighter,Ednaldo Oliveira,,,-1
fighter,Edson Barboza,,Edson Barboza,12
fighter,Eduarda Moura,,,-1
fighter,Eduardo Garagorri,,Luiz Eduardo Garagorri,1
fighter,Edward Faaloloto,,Edward Faaloloto,0
fighter,Edwin Figueroa,,Edwin Figueroa,2
fighter,Efrain Escudero,,Efraín Escudero,5
fighter,Eiji Mitsuoka,,Eiji Mitsuoka,1
fighter,Elias Garcia,,List of male mixed martial artists,0
fighter,Elias Silverio,,Elias Silvério,1
fighter,Elias Theodorou,,Elias Theodorou,3
fighter,Elijah Smith,,,-1
fighter,Eliot Marshall,,Eliot Marshall,2
fighter,Elise Reed,,Elise Reed,0
fighter,Elisha Ellison,,2026 in UFC,0
fighter,Elizabeth Phillips,,Elizabeth Phillips (martial artist),0
fighter,Elizeu Zaleski dos Santos,,Elizeu Zaleski dos Santos,2
fighter,Elves Brener,,Esteban Ribovics,0
fighter,Elvis Mutapcic,,Elvis Mutapčić,0
fighter,Emil Meek,,Emil Weber Meek,1
fighter,Emily Ducote,,Emily Ducote,3
fighter,Emily Kagan,,Emily Kagan,0
fighter,Emily Whitmire,,Emily Whitmire,2
fighter,Enrique Barzola,,Enrique Barzola,3
fighter,Enrique Marin,,,-1
fighter,Eric McConico,,Cody Brundage,2
fighter,Eric Nolan,,,-1
fighter,Eric Schafer,,Eric Schafer,0
fighter,Eric Shelton,,Eric Shelton (fighter),1
fighter,Eric Spicely,,Eric Spicely,3
fighter,Eric Wisely,,Eric Wisely,4
fighter,Erick Gonzalez,,Jim Miller (fighter),15
fighter,Erick Montano,,List of male mixed martial artists,0
fighter,Erick Silva,,Erick Silva,9
fighter,Ericka Almeida,,,-1
fighter,Erik Koch,,Erik Koch,12
fighter,Erik Perez,,Erik Pérez,5
fighter,Erik Silva,,,-1
fighter,Erin Blanchfield,,Erin Blanchfield,3
fighter,Ernest Chavez,,Ernest Chavez (fighter),1
fighter,Ernesta Kareckaite,,2025 in UFC,2
fighter,Eros Baluyot,,,-1
fighter,Eryk Anders,,Eryk Anders,3
fighter,Esteban Ribovics,,Esteban Ribovics,0
fighter,Estevan Payan,,Charles Oliveira,17
fighter,Ethyn Ewing,,List of current UFC fighters,24
fighter,Evan Dunham,,Evan Dunham,10
fighter,Evan Elder,,,-1
fighter,Ezra Elliott,,1986 in the United States,5
fighter,Fabio Cherant,,Fabio Cherant,0
fighter,Fabio Maldonado,,Fábio Maldonado,7
fighter,Fabricio Camoes,,Fabrício Camões,5
fighter,Fabricio Werdum,,Fabrício Werdum,8
fighter,Fares Ziam,,Farès Ziam,3
fighter,Farid Basharat,,Farid Basharat,1
fighter,Farida Abdueva,,,-1
fighter,Farman Hasanov,,2026 in UFC,0
fighter,Fatima Kline,,Fatima Kline,0
fighter,Felice Herrig,,Felice Herrig,1
fighter,Felicia Spencer,,Felicia Spencer,1
fighter,Felipe Arantes,,Felipe Arantes,2
fighter,Felipe Bunes,,Joshua Van,6
fighter,Felipe Colares,,Felipe Colares,2
fighter,Felipe Franco,,,-1
fighter,Felipe Lima,,Felipe Lima (fighter),1
fighter,Felipe Olivieri,,Anthony Rocco Martin,4
fighter,Felipe Silva,,Felipe Silva (fighter),1
fighter,Felipe dos Santos,,André Lima (fighter),3
fighter,Feng Xiaocan,,,-1
fighter,Fernando Bruno,,List of male mixed martial artists,0
fighter,Fernando Padilla,,Fernando Padilla,0
fighter,Fernie Garcia,,Rinya Nakamura,2
fighter,Filip Pejic,,,-1
fighter,Forrest Griffin,,Forrest Griffin,16
fighter,Forrest Petz,,Forrest Petz,0
fighter,Francimar Barroso,,Francimar Barroso,9
fighter,Francis Carmont,,Francis Carmont,3
fighter,Francis Marshall,,List of male mixed martial artists,0
fighter,Francis Ngannou,,Francis Ngannou,7
fighter,Francisco Figueiredo,,Francisco Figueiredo,1
fighter,Francisco Prado,,List of male mixed martial artists,0
fighter,Francisco Rivera,,Francisco Rivera (fighter),9
fighter,Francisco Trevino,,Francisco Treviño,0
fighter,Francisco Trinaldo,,Francisco Trinaldo,5
fighter,Frank Camacho,,Frank Camacho,5
fighter,Frank Mir,,Frank Mir,14
fighter,Frank Trigg,,Frank Trigg,2
fighter,Frankie Edgar,,Frankie Edgar,10
fighter,Frankie Perez,,Frankie Perez,0
fighter,Frankie Saenz,,Frankie Saenz,4
fighter,Fredson Paixao,,Fredson Paixão,2
fighter,Fredy Serrano,,Fredy Serrano,2
fighter,Gabe Green,,Gabriel Green (fighter),1
fighter,Gabe Ruediger,,Gabe Ruediger,4
fighter,Gable Steveson,,Gable Steveson,2
fighter,Gabriel Benitez,,Gabriel Benítez,3
fighter,Gabriel Bonfim,,Gabriel Bonfim,2
fighter,Gabriel Gonzaga,,Gabriel Gonzaga,6
fighter,Gabriel Miranda,,List of male mixed martial artists,0
fighter,Gabriel Santos,,,-1
fighter,Gabriel Silva,,,-1
fighter,Gabriella Fernandes,,Casey O'Neill,3
fighter,Gadzhi Omargadzhiev,,,-1
fighter,Gadzhimurad Antigulov,,Gadzhimurad Antigulov,4
fighter,Gaetano Pirrello,,,-1
fighter,Galore Bofando,,,-1
fighter,Garett Whiteley,,Garett Whiteley,0
fighter,Garreth McLellan,,Garreth McLellan,0
fighter,Garrett Armfield,,List of current UFC fighters,24
fighter,Gasan Umalatov,,Gasan Umalatov,1
fighter,Gaston Bolanos,,,-1
fighter,Gauge Young,,,-1
fighter,Gavin Tucker,,Gavin Tucker,6
fighter,Geane Herrera,,Geane Herrera,0
fighter,Gegard Mousasi,,Gegard Mousasi,14
fighter,Genaro Valdez,,,-1
fighter,Geoff Neal,,Geoff Neal,5
fighter,George Mangos,,,-1
fighter,George Roop,,George Roop,8
fighter,George Sotiropoulos,,George Sotiropoulos,6
fighter,George Sullivan,,George Sullivan (fighter),4
fighter,Georges St-Pierre,,Georges St-Pierre,21
fighter,Gerald Harris,,Gerald Harris,4
fighter,Gerald Meerschaert,,Gerald Meerschaert,5
fighter,Geraldo de Freitas,,Geraldo de Freitas,4
fighter,Germaine de Randamie,,Germaine de Randamie,4
fighter,Gian Villante,,Gian Villante,9
fighter,Gianni Vazquez,,,-1
fighter,Giga Chikadze,,Giga Chikadze,6
fighter,Gigi Canuto,,2026 in UFC,0
fighter,Gilbert Burns,,Gilbert Burns,10
fighter,Gilbert Melendez,,Gilbert Melendez,7
fighter,Gilbert Smith,,List of male mixed martial artists,0
fighter,Gilbert Urbina,,,-1
fighter,Gilbert Yvel,,Gilbert Yvel,9
fighter,Gillian Robertson,,Gillian Robertson,5
fighter,Gina Mazany,,Gina Mazany,0
fighter,Glaico Franca Moreira,,,-1
fighter,Gleison Tibau,,Gleison Tibau,2
fighter,Gloria de Paula,,Gloria de Paula,1
fighter,Glover Teixeira,,Glover Teixeira,13
fighter,Godofredo Pepey,,Godofredo Pepey,2
fighter,Gokhan Saki,,Gökhan Saki,16
fighter,Gokhan Saricam,,2026 in UFC,0
fighter,Goran Reljic,,Goran Reljić,3
fighter,Grant Dawson,,Grant Dawson,2
fighter,Gray Maynard,,Gray Maynard,7
fighter,Greg Hardy,,Greg Hardy,13
fighter,Greg Soto,,Greg Soto,0
fighter,Gregor Gillespie,,Gregor Gillespie,2
fighter,Gregory Rodrigues,,Gregory Rodrigues,1
fighter,Grigory Popov,,Eddie Wineland,7
fighter,Guangyou Ning,,List of male mixed martial artists,0
fighter,Guido Cannetti,,Guido Cannetti,4
fighter,Guilherme Pat,,,-1
fighter,Guilherme Vasconcelos,,,-1
fighter,Gunnar Nelson,,Gunnar Nelson (fighter),12
fighter,Guram Kutateladze,,Guram Kutateladze (fighter),0
fighter,Gustavo Lopez,,Gustavo Lopez (fighter),2
fighter,Guto Inocente,,Guto Inocente,9
fighter,GwanWoo Lim,,,-1
fighter,Hacran Dias,,Hacran Dias,5
fighter,Hailey Cowan,,2026 in UFC,0
fighter,Hakeem Dawodu,,Hakeem Dawodu,2
fighter,Hamdy Abdelwahab,,Hamdy Abdelwahab,2
fighter,Hannah Cifers,,Hannah Cifers,1
fighter,Hannah Goldy,,Hannah Goldy,3
fighter,Hans Stringer,,Hans Stringer,0
fighter,Harry Hardwick,,,-1
fighter,Harry Hunsucker,,Tai Tuivasa,2
fighter,Hatsu Hioki,,Hatsu Hioki,2
fighter,Hayder Hassan,,Hayder Hassan,0
fighter,Heather Clark,,Heather Clark (fighter),1
fighter,Hecher Sosa,,2026 in UFC,0
fighter,Hector Aldana,,Hector Aldana,0
fighter,Hector Lombard,,Héctor Lombard,10
fighter,Hector Sandoval,,Hector Sandoval,1
fighter,Hector Urbina,,Héctor Urbina,3
fighter,Henrique da Silva,,Henrique da Silva (fighter),1
fighter,Henry Briones,,Henry Briones,1
fighter,Henry Cejudo,,Henry Cejudo,7
fighter,Henry Martinez,,Henry Martinez (fighter),1
fighter,Herbert Burns,,Herbert Burns,2
fighter,Hernani Perpetuo,,Hernani Perpetuo,2
fighter,Holly Holm,,Holly Holm,9
fighter,Horacio Gutierrez,,,-1
fighter,Hu Yaozong,,Hu Yaozong,3
fighter,Hugo Viana,,Hugo Viana (fighter),3
fighter,Humberto Bandenay,,Humberto Bandenay,1
fighter,Humberto Brown Morrison,,List of male mixed martial artists,0
fighter,Hunter Azure,,Hunter Azure,0
fighter,Hyder Amil,,Hyder Amil,2
fighter,Hyun Gyu Lim,,Lim Hyun-gyu,6
fighter,HyunSung Park,,Park Hyun-sung,2
fighter,Ian Entwistle,,Ian Entwistle,4
fighter,Ian Heinisch,,Ian Heinisch,5
fighter,Ian Loveland,,Ian Loveland,2
fighter,Ian Machado Garry,,Ian Machado Garry,1
fighter,Ian McCall,,Ian McCall (fighter),10
fighter,Iasmin Lucindo,,Iasmin Lucindo,3
fighter,Ibo Aslan,,İbo Aslan,1
fighter,Ignacio Bahamondes,,Ignacio Bahamondes,0
fighter,Igor Araujo,,Igor Araújo,0
fighter,Igor Pokrajac,,Igor Pokrajac,7
fighter,Igor Severino,,Igor Severino,4
fighter,Ihor Potieria,,Carlos Ulberg,5
fighter,Ike Villanueva,,Ike Villanueva,2
fighter,Ikram Aliskerov,,Ikram Aliskerov,5
fighter,Ildemar Alcantara,,Ildemar Alcântara,2
fighter,Ilia Topuria,,Ilia Topuria,3
fighter,Iliarde Santos,,Iliarde Santos,2
fighter,Ilir Latifi,,Ilir Latifi,9
fighter,Imanol Rodriguez,,2026 in UFC,0
fighter,Impa Kasanganay,,Impa Kasanganay,2
fighter,Ion Cutelaba,,Ion Cutelaba,7
fighter,Irene Aldana,,Irene Aldana,5
fighter,Irina Alekseeva,,Beatriz Mesquita,0
fighter,Irwin Rivera,,Irwin Rivera,3
fighter,Isaac Dulgarian,,2025 in UFC,2
fighter,Isaac Thomson,,List of male mixed martial artists,0
fighter,Isaac Vallie-Flagg,,Isaac Vallie-Flagg,5
fighter,Isabela de Padua,,Ariane Lipski da Silva,7
fighter,Islam Dulatov,,Islam Dulatov,4
fighter,Islam Makhachev,,Islam Makhachev,7
fighter,Ismael Bonfim,,,-1
fighter,Ismail Naurdiev,,Ismail Naurdiev,5
fighter,Israel Adesanya,,Israel Adesanya,3
fighter,Issei Tamura,,Issei Tamura,5
fighter,Istela Nunes,,Yazmin Jauregui,5
fighter,Iuri Alcantara,,Iuri Alcântara,8
fighter,Ivan Erslan,,Navajo Stirling,0
fighter,Ivan Jorge,,Ivan Jorge,1
fighter,Ivan Menjivar,,Ivan Menjivar,0
fighter,Ivana Petrovic,,,-1
fighter,Iwo Baraniewski,,Iwo Baraniewski,0
fighter,Izabela Badurek,,Aleksandra Albu,1
fighter,JC Cottrell,,,-1
fighter,JJ Aldrich,,JJ Aldrich,2
fighter,JP Buys,,JP Buys,0
fighter,Jacare Souza,,Ronaldo Souza,8
fighter,Jack Della Maddalena,,Jack Della Maddalena,2
fighter,Jack Hermansson,,Jack Hermansson,11
fighter,Jack Jenkins,,List of male mixed martial artists,0
fighter,Jack Marshman,,Jack Marshman,4
fighter,Jack May,,List of male mixed martial artists,0
fighter,Jack Shore,,Jack Shore,6
fighter,Jackson McVey,,Jackson McVey,3
fighter,Jacob Kilburn,,,-1
fighter,Jacob Malkoun,,Jacob Malkoun,2
fighter,Jacob Volkmann,,Jacob Volkmann,3
fighter,Jacobe Smith,,2026 in UFC,0
fighter,Jacqueline Cavalcanti,,Jacqueline Cavalcanti,0
fighter,Jafel Filho,,Allan Nascimento,6
fighter,Jai Herbert,,Jai Herbert,3
fighter,Jailton Almeida,,Jailton Almeida,1
fighter,Jairzinho Rozenstruik,,Jairzinho Rozenstruik,4
fighter,Jake Collier,,Jake Collier,5
fighter,Jake Ellenberger,,Jake Ellenberger,13
fighter,Jake Hadley,,Allan Nascimento,6
fighter,Jake Hecht,,Jake Hecht,1
fighter,Jake Lindsey,,Jake Lindsey (fighter),4
fighter,Jake Matthews,,Jake Matthews (fighter),5
fighter,Jake Shields,,Jake Shields,4
fighter,Jakub Wiklacz,,Jakub Wikłacz,4
fighter,Jalin Turner,,Jalin Turner,8
fighter,Jamahal Hill,,Jamahal Hill,7
fighter,Jamal Pogues,,,-1
fighter,Jamall Emmers,,Jamall Emmers,2
fighter,James Bochnovic,,Cody Stamann,5
fighter,James Hammortree,,Brad Tavares,6
fighter,James Head,,James Head (fighter),3
fighter,James Irvin,,James Irvin (fighter),14
fighter,James Krause,,James Krause (fighter),7
fighter,James Llontop,,,-1
fighter,James McSweeney,,James McSweeney,3
fighter,James Moontasri,,James Moontasri,3
fighter,James Mulheron,,Justin Willis,0
fighter,James Te Huna,,James Te Huna,7
fighter,James Toney,,James Toney,5
fighter,James Vick,,James Vick,2
fighter,James Wilks,,James Wilks,3
fighter,Jamey Simmons,,,-1
fighter,Jamey-Lyn Horth,,Tracy Cortez,3
fighter,Jamie Moyle,,Jamie Moyle,1
fighter,Jamie Mullarkey,,Jamie Mullarkey,3
fighter,Jamie Pickett,,Jamie Pickett,4
fighter,Jamie Siraj,,2026 in UFC,0
fighter,Jamie Varner,,Jamie Varner,9
fighter,Jamie Yager,,Rich Attonito,4
fighter,Jan Blachowicz,,Jan Błachowicz,11
fighter,Jaqueline Amorim,,Vanessa Demopoulos,1
fighter,Jared Cannonier,,Jared Cannonier,7
fighter,Jared Gooden,,Jared Gooden,4
fighter,Jared Gordon,,Jared Gordon,8
fighter,Jared Hamman,,Jared Hamman,1
fighter,Jared Papazian,,,-1
fighter,Jared Rosholt,,Jared Rosholt,2
fighter,Jared Vanderaa,,Jared Vanderaa,3
fighter,Jarjis Danho,,Jarjis Danho,4
fighter,Jarno Errens,,Seung Woo Choi,2
fighter,Jarred Brooks,,Jarred Brooks,3
fighter,Jasmine Jasudavicius,,Jasmine Jasudavicius,1
fighter,Jason Brilz,,Jason Brilz,4
fighter,Jason Gonzalez,,Jason Gonzalez (fighter),1
fighter,Jason High,,Jason High,2
fighter,Jason Knight,,Jason Knight (fighter),1
fighter,Jason MacDonald,,Jason MacDonald,5
fighter,Jason Miller,,Jason Miller (fighter),8
fighter,Jason Novelli,,,-1
fighter,Jason Reinhardt,,Jason Reinhardt,1
fighter,Jason Saggo,,Jason Saggo,1
fighter,Jason Witt,,Jason Witt,0
fighter,Jason Young,,Jason Young (fighter),1
fighter,Javid Basharat,,Javid Basharat,3
fighter,Javier Reyes,,,-1
fighter,Javier Vazquez,,Javier Vazquez (fighter),4
fighter,Jay Cucciniello,,The Ultimate Fighter: Undefeated,13
fighter,Jay Hieron,,Jay Hieron,6
fighter,Jay Perrin,,,-1
fighter,Jay Silva,,Jay Silva,0
fighter,Jean Matsumoto,,Bekzat Almakhan,1
fighter,Jean Silva,,Jean Silva,5
fighter,Jean-Paul Lebosnoyani,,,-1
fighter,Jeff Curran,,Jeff Curran,4
fighter,Jeff Hougland,,Jeff Hougland,1
fighter,Jeff Hughes,,Jeff Hughes (fighter),3
fighter,Jeff Molina,,Jeff Molina,0
fighter,Jefferson Nascimento,,2026 in UFC,0
fighter,Jeisla Chaves,,2026 in UFC,0
fighter,Jeka Saragih,,Jeka Saragih,1
fighter,Jenel Lausa,,Jenel Lausa,3
fighter,Jennifer Maia,,Jennifer Maia,4
fighter,JeongYeong Lee,,,-1
fighter,Jeremiah Wells,,Jeremiah Wells,4
fighter,Jeremy Kennedy,,Jeremy Kennedy,6
fighter,Jeremy Kimball,,Jeremy Kimball,1
fighter,Jeremy Larsen,,Jeremy Larsen,3
fighter,Jeremy Stephens,,Jeremy Stephens,12
fighter,Jerome Rivera,,Jerome Rivera,5
fighter,Jerrod Sanders,,Jerrod Sanders,2
fighter,Jessamyn Duke,,Jessamyn Duke,0
fighter,Jesse Bongfeldt,,,-1
fighter,Jesse Butler,,List of male mixed martial artists,0
fighter,Jesse Forbes,,Jesse Forbes,1
fighter,Jesse Lennox,,,-1
fighter,Jesse Ronson,,Jesse Ronson,4
fighter,Jesse Strader,,,-1
fighter,Jesse Taylor,,Jesse Taylor,4
fighter,Jessica Aguilar,,Jessica Aguilar,6
fighter,Jessica Andrade,,Jéssica Andrade,5
fighter,Jessica Eye,,Jessica Eye,11
fighter,Jessica Penne,,Jessica Penne,5
fighter,Jessica Rakoczy,,Jessica Rakoczy,0
fighter,Jessica-Rose Clark,,Jessica-Rose Clark,5
fighter,Jessin Ayari,,Jessin Ayari,1
fighter,Jesus Aguilar,,Su Mudaerji,5
fighter,Jesus Pinedo,,Jesus Pinedo,4
fighter,Jhonata Diniz,,Jhonata Diniz,3
fighter,Ji Yeon Kim,,Ji Yeon Kim (fighter),6
fighter,Jianping Yang,,Ning Guangyou,2
fighter,Jim Alers,,Jim Alers,3
fighter,Jim Miller,,Jim Miller (fighter),15
fighter,Jim Wallhead,,Jim Wallhead,6
fighter,Jimi Manuwa,,Jimi Manuwa,10
fighter,Jimmie Rivera,,Jimmie Rivera,8
fighter,Jimmy Crute,,Jimmy Crute,4
fighter,Jimmy Flick,,Cody Durden,2
fighter,Jimmy Quinlan,,Clint Hester,5
fighter,Jimy Hettes,,Jimy Hettes,7
fighter,Jin Aoi,,Daisuke Nakamura (fighter),2
fighter,Jin Soo Son,,Mario Bautista,4
fighter,Jinh Yu Frey,,Jinh Yu Frey,4
fighter,Jiniushiyue,,,-1
fighter,Jiri Prochazka,,Jiří Procházka,7
fighter,Joachim Christensen,,Joachim Christensen,1
fighter,Joanderson Brito,,Joanderson Brito,5
fighter,Joanna Jedrzejczyk,,Joanna Jędrzejczyk,3
fighter,Joanne Wood,,Joanne Wood,8
fighter,Joao Zeferino,,,-1
fighter,Joaquim Silva,,Joaquim Silva (fighter),3
fighter,Joaquin Buckley,,Joaquin Buckley,5
fighter,Joby Sanchez,,,-1
fighter,Jocelyn Jones-Lybarger,,Jocelyn Jones-Lybarger,1
fighter,Jodie Esquibel,,Jodie Esquibel,3
fighter,Joe Brammer,,Aaron Riley,8
fighter,Joe Doerksen,,Joe Doerksen,2
fighter,Joe Duffy,,Joseph Duffy (fighter),5
fighter,Joe Ellenberger,,Jake Ellenberger,13
fighter,Joe Giannetti,,The Ultimate Fighter: Undefeated,13
fighter,Joe Lauzon,,Joe Lauzon,12
fighter,Joe Merritt,,Alex Oliveira,9
fighter,Joe Proctor,,Joe Proctor,2
fighter,Joe Pyfer,,Joe Pyfer,4
fighter,Joe Riggs,,Joe Riggs,16
fighter,Joe Solecki,,Joe Solecki,1
fighter,Joe Soto,,Joe Soto,7
fighter,Joe Stevenson,,Joe Stevenson,4
fighter,Joel Alvarez,,Joel Álvarez,2
fighter,Joey Beltran,,Joey Beltran,3
fighter,Joey Gambino,,Diego Brandão,8
fighter,Joey Gomez,,,-1
fighter,John Albert,,John Albert (fighter),3
fighter,John Alessio,,John Alessio,5
fighter,John Allan,,John Allan (fighter),3
fighter,John Castaneda,,John Castañeda,3
fighter,John Cholish,,John Cholish,1
fighter,John Cofer,,,-1
fighter,John Dodson,,John Dodson (fighter),4
fighter,John Garza,,List of male mixed martial artists,0
fighter,John Gunderson,,John Gunderson,2
fighter,John Gunther,,The Ultimate Fighter: Undefeated,13
fighter,John Hathaway,,John Hathaway (English wrestler),5
fighter,John Howard,,John Howard (fighter),7
fighter,John Lineker,,John Lineker,11
fighter,John Maguire,,John Maguire (fighter),2
fighter,John Makdessi,,John Makdessi,8
fighter,John Moraga,,John Moraga,7
fighter,John Phillips,,John Phillips (fighter),4
fighter,John Salter,,John Salter,7
fighter,John Teixeira,,John Macapá,6
fighter,John Yannis,,,-1
fighter,Johnny Bedford,,Johnny Bedford,7
fighter,Johnny Case,,Johnny Case,4
fighter,Johnny Eduardo,,Johnny Eduardo,5
fighter,Johnny Munoz,,Johnny Muñoz Jr.,1
fighter,Johnny Walker,,Johnny Walker (fighter),8
fighter,Johny Hendricks,,Johny Hendricks,6
fighter,Jon Delos Reyes,,Jon Delos Reyes,2
fighter,Jon Fitch,,Jon Fitch,5
fighter,Jon Jones,,Jon Jones,27
fighter,Jon Madsen,,Jon Madsen,3
fighter,Jon Manley,,The Ultimate Fighter: Team Carwin vs. Team Nelson,2
fighter,Jon Olav Einemo,,John-Olav Einemo,1
fighter,Jon Tuck,,Jon Tuck,10
fighter,Jonathan Brookins,,Jonathan Brookins,2
fighter,Jonathan Goulet,,Jonathan Goulet,1
fighter,Jonathan Martinez,,Jonathan Martinez,2
fighter,Jonathan Meunier,,Jonathan Meunier,2
fighter,Jonathan Micallef,,2025 in UFC,2
fighter,Jonathan Pearce,,Jonathan Pearce (fighter),4
fighter,Jonathan Wilson,,Jonathan Wilson (fighter),0
fighter,Jonavin Webb,,,-1
fighter,Jonny Parsons,,,-1
fighter,JooSang Yoo,,Jeka Saragih,1
fighter,Jordan Espinosa,,Jordan Espinosa,3
fighter,Jordan Griffin,,Jordan Griffin,4
fighter,Jordan Johnson,,Jordan Johnson (fighter),2
fighter,Jordan Leavitt,,Jordan Leavitt,0
fighter,Jordan Mein,,Jordan Mein,7
fighter,Jordan Rinaldi,,Jordan Rinaldi,0
fighter,Jordan Vucenic,,,-1
fighter,Jordan Williams,,Jordan Williams (fighter),3
fighter,Jordan Wright,,Jordan Wright,5
fighter,Jorge Lopez,,List of male mixed martial artists,0
fighter,Jorge Masvidal,,Jorge Masvidal,11
fighter,Jorge Rivera,,Jorge Rivera (fighter),4
fighter,Jorge Santiago,,Jorge Santiago,2
fighter,Jorge de Oliveira,,Charles Oliveira,17
fighter,Jose Aldo,,José Aldo,11
fighter,Jose Daniel Medina,,,-1
fighter,Jose Delano,,Robert Ruchała,0
fighter,Jose Delgado,,Hyder Amil,2
fighter,Jose Johnson,,,-1
fighter,Jose Maria,,,-1
fighter,Jose Medina,,,-1
fighter,Jose Montanha,,,-1
fighter,Jose Ochoa,,Charles Johnson (fighter),0
fighter,Jose Quinonez,,José Alberto Quiñónez,0
fighter,Jose Souza,,,-1
fighter,Jose Torres,,Jose Torres (fighter),1
fighter,Josefine Knutsson,,Josefine Lindgren Knutsson,1
fighter,Joselyne Edwards,,Joselyne Edwards,3
fighter,Joseph Benavidez,,Joseph Benavidez,8
fighter,Joseph Gigliotti,,,-1
fighter,Joseph Holmes,,Jamie Pickett,4
fighter,Joseph Larcinese,,,-1
fighter,Joseph Morales,,Joseph Morales (fighter),0
fighter,Joseph Sandoval,,List of male mixed martial artists,0
fighter,Josh Barnett,,Josh Barnett,13
fighter,Josh Bryant,,,-1
fighter,Josh Clopton,,,-1
fighter,Josh Copeland,,,-1
fighter,Josh Culibao,,Joshua Culibao,0
fighter,Josh Emmett,,Josh Emmett,11
fighter,Josh Ferguson,,,-1
fighter,Josh Fremd,,Gregory Rodrigues,1
fighter,Josh Grispi,,Josh Grispi,2
fighter,Josh Hokit,,Josh Hokit,2
fighter,Josh Koscheck,,Josh Koscheck,13
fighter,Josh Neer,,Josh Neer,4
fighter,Josh Parisian,,Josh Parisian,1
fighter,Josh Quinlan,,,-1
fighter,Josh Samman,,Josh Samman,4
fighter,Josh Sampo,,Josh Sampo,0
fighter,Josh Shockley,,Josh Shockley,1
fighter,Josh Stansbury,,Josh Stansbury,4
fighter,Josh Thomson,,Josh Thomson,9
fighter,Joshua Burkman,,Josh Burkman,2
fighter,Joshua Van,,Joshua Van,6
fighter,Joshua Weems,,,-1
fighter,Josiah Harrell,,2026 in UFC,0
fighter,Josiane Nunes,,Josiane Nunes,0
fighter,Josias Musasa,,2025 in UFC,2
fighter,Journey Newson,,Journey Newson,1
fighter,Jovan Leka,,2026 in UFC,0
fighter,Juan Adams,,Juan Adams,1
fighter,Juan Diaz,,Choi Doo-ho,4
fighter,Juan Espino,,Juan Espino,4
fighter,Juan Manuel Puig,,,-1
fighter,Juancamilo Ronderos,,,-1
fighter,Julia Avila,,Julia Avila,6
fighter,Julia Polastri,,Yazmin Jauregui,5
fighter,Julian Erosa,,Julian Erosa,1
fighter,Julian Marquez,,Julian Marquez,7
fighter,Juliana Lima,,Juliana Lima,0
fighter,Juliana Miller,,List of female mixed martial artists,0
fighter,Julianna Pena,,Julianna Peña,12
fighter,Julie Kedzie,,Julie Kedzie,3
fighter,Julien Leblanc,,2026 in UFC,0
fighter,Julija Stoliarenko,,Julija Stoliarenko,0
fighter,Julio Arce,,Julio Arce,3
fighter,Julio Paulino,,,-1
fighter,Julius Walker,,Alonzo Menifield,6
fighter,Jumabieke Tuerxun,,Zhumabek Tursyn,3
fighter,JunYong Park,,Jun Yong Park,3
fighter,Junior Albini,,Júnior Albini,1
fighter,Junior Assuncao,,Júnior Assunção,2
fighter,Junior Dos Santos,,Junior dos Santos,11
fighter,Junior Tafa,,Junior Tafa,5
fighter,Jussier Formiga,,Jussier Formiga,0
fighter,Justin Buchholz,,Justin Buchholz,2
fighter,Justin Edwards,,Justin Edwards (fighter),4
fighter,Justin Frazier,,Justin Frazier,2
fighter,Justin Gaethje,,Justin Gaethje,10
fighter,Justin Jaynes,,Justin Jaynes,6
fighter,Justin Jones,,,-1
fighter,Justin Lawrence,,Justin Lawrence (fighter),3
fighter,Justin Ledet,,Justin Ledet,1
fighter,Justin Salas,,Justin Salas,2
fighter,Justin Scoggins,,Justin Scoggins,5
fighter,Justin Tafa,,Justin Tafa,5
fighter,Justin Willis,,Justin Willis,0
fighter,Justine Kish,,Justine Kish,2
fighter,KB Bhullar,,,-1
fighter,KJ Noons,,K.J. Noons,5
fighter,Kaan Ofli,,List of current UFC fighters,24
fighter,Kai Asakura,,Kai Asakura,9
fighter,Kai Kamaka,,Kai Kamaka III,2
fighter,Kai Kamaka III,,Kai Kamaka III,2
fighter,Kai Kara-France,,Kai Kara-France,5
fighter,Kailin Curran,,Kailin Curran,0
fighter,Kaito Oda,,,-1
fighter,Kajan Johnson,,Kajan Johnson,5
fighter,Kalindra Faria,,Kalindra Faria,0
fighter,Kamal Shalorus,,Kamal Shalorus,4
fighter,Kamaru Usman,,Kamaru Usman,4
fighter,Kamuela Kirk,,,-1
fighter,Kanako Murata,,Kanako Murata,4
fighter,Karine Gevorgyan,,Rachael Ostovich,4
fighter,Karine Silva,,Karine Silva,2
fighter,Karl Roberson,,Karl Roberson,5
fighter,Karl Williams,,List of male mixed martial artists,0
fighter,Karlos Vemola,,Karlos Vémola,5
fighter,Karo Parisyan,,Karo Parisyan,15
fighter,Karol Rosa,,Karol Rosa,4
fighter,Karolina Kowalkiewicz,,Karolina Kowalkiewicz,5
fighter,Kasib Murdoch,,,-1
fighter,Katlyn Cerminara,,Katlyn Cerminara,2
fighter,Katsunori Kikuno,,Katsunori Kikuno,2
fighter,Kaue Fernandes,,,-1
fighter,Kay Hansen,,Kay Hansen,0
fighter,Kayla Harrison,,Kayla Harrison,5
fighter,Kaynan Kruschewsky,,,-1
fighter,Kazuki Tokudome,,Kazuki Tokudome,2
fighter,Kazula Vargas,,Kazula Vargas,1
fighter,Keiichiro Nakamura,,,-1
fighter,Keita Nakamura,,Keita Nakamura,1
fighter,Keith Berish,,,-1
fighter,Keith Jardine,,Keith Jardine,4
fighter,Keith Wisniewski,,Keith Wisniewski,3
fighter,Kelly Faszholz,,Kelly Faszholz,0
fighter,Kelvin Gastelum,,Kelvin Gastelum,10
fighter,Ken Stone,,Ken Stone (fighter),4
fighter,Kendall Grove,,Kendall Grove,4
fighter,Kennedy Nzechukwu,,Kennedy Nzechukwu,3
fighter,Kenny Florian,,Kenny Florian,7
fighter,Kenny Robertson,,Kenny Robertson,4
fighter,Ketlen Souza,,Ketlen Souza,1
fighter,Ketlen Vieira,,Ketlen Vieira,6
fighter,Kevin Aguilar,,Kevin Aguilar (mixed martial artist),1
fighter,Kevin Borjas,,Su Mudaerji,5
fighter,Kevin Casey,,Kevin Casey (fighter),3
fighter,Kevin Christian,,,-1
fighter,Kevin Croom,,Kevin Croom,3
fighter,Kevin Ferguson,,Kimbo Slice,4
fighter,Kevin Holland,,Kevin Holland,12
fighter,Kevin Jousset,,Kevin Jousset,4
fighter,Kevin Lee,,Kevin Lee,5
fighter,Kevin Natividad,,,-1
fighter,Kevin Vallejos,,Kevin Vallejos,0
fighter,Khabib Nurmagomedov,,Khabib Nurmagomedov,11
fighter,Khadis Ibragimov,,Khadis Ibragimov,2
fighter,Khalid Murtazaliev,,Herb Dean,6
fighter,Khalid Taha,,Khalid Taha,3
fighter,Khalil Rountree Jr.,,Khalil Rountree Jr.,8
fighter,Khama Worthy,,Khama Worthy,2
fighter,Khamzat Chimaev,,Khamzat Chimaev,11
fighter,Khaos Williams,,Khaos Williams,2
fighter,Khusein Askhabov,,Daniel Pineda (fighter),6
fighter,Kiefer Crosbie,,,-1
fighter,Kiichi Kunimoto,,Kiichi Kunimoto,2
fighter,Kimbert Alintozon,,Rabindra Dhant,1
fighter,King Green,,King Green,12
fighter,Kiru Sahota,,,-1
fighter,Klaudia Sygula,,,-1
fighter,Kleydson Rodrigues,,,-1
fighter,Klidson Abreu,,Klidson Abreu,4
fighter,Kody Steele,,,-1
fighter,Konstantin Erokhin,,,-1
fighter,Kris McCray,,Kris McCray,1
fighter,Kris Moutinho,,Sean O'Malley (fighter),5
fighter,Kron Gracie,,Kron Gracie,2
fighter,Krzysztof Jotko,,Krzysztof Jotko,8
fighter,Krzysztof Soszynski,,Krzysztof Soszynski,7
fighter,Kurt Holobaugh,,Kurt Holobaugh,0
fighter,Kurt Pellegrino,,Kurt Pellegrino,7
fighter,Kurtis Campbell,,2026 in UFC,0
fighter,Kwan Ho Kwak,,,-1
fighter,Kyle Bochniak,,Kyle Bochniak,3
fighter,Kyle Bradley,,List of male mixed martial artists,0
fighter,Kyle Daukaus,,Kyle Daukaus,4
fighter,Kyle Kingsbury,,Kyle Kingsbury,5
fighter,Kyle Nelson,,Kyle Nelson (fighter),0
fighter,Kyle Noke,,Kyle Noke,6
fighter,Kyle Prepolec,,Kyle Prepolec,3
fighter,Kyle Stewart,,List of male mixed martial artists,0
fighter,Kyle Watson,,The Ultimate Fighter: Team GSP vs. Team Koscheck,2
fighter,Kyler Phillips,,Kyler Phillips,2
fighter,Kyoji Horiguchi,,Kyoji Horiguchi,7
fighter,Kyung Ho Kang,,Kang Kyung-ho,3
fighter,Lance Benoist,,Lance Benoist,2
fighter,Lance Gibson Jr.,,List of male mixed martial artists,0
fighter,Lando Vannata,,Lando Vannata,3
fighter,Landon Quinones,,,-1
fighter,Lara Procopio,,Lara Procópio,1
fighter,Larissa Pacheco,,Larissa Pacheco,2
fighter,Laureano Staropoli,,Laureano Staropoli,3
fighter,Lauren Mueller,,Lauren Mueller,1
fighter,Lauren Murphy,,Lauren Murphy,7
fighter,Lavar Johnson,,Lavar Johnson,13
fighter,Lawrence Lui,,,-1
fighter,Leah Letson,,Leah Letson,1
fighter,Leandro Issa,,Leandro Issa,0
fighter,Leandro Silva,,Leandro Silva (fighter),1
fighter,Leo Kuntz,,,-1
fighter,Leon Edwards,,Leon Edwards,8
fighter,Leon Shahbazyan,,,-1
fighter,Leonard Garcia,,Leonard Garcia,8
fighter,Leonardo Guimaraes,,List of male mixed martial artists,0
fighter,Leonardo Mafra,,Leonardo Mafra,6
fighter,Leonardo Morales,,List of male mixed martial artists,0
fighter,Leonardo Santos,,Leonardo Santos (fighter),6
fighter,Lerone Murphy,,Lerone Murphy,5
fighter,Lerryan Douglas,,2026 in UFC,0
fighter,Leslie Smith,,Leslie Smith (fighter),7
fighter,Levan Chokheli,,2026 in UFC,0
fighter,Levan Makashvili,,Levan Makashvili,1
fighter,Levi Rodrigues Jr.,,,-1
fighter,Lewis Gonzalez,,Gina Carano,6
fighter,Li Jingliang,,Li Jingliang,5
fighter,Liana Jojua,,Liana Jojua,1
fighter,Liang Na,,,-1
fighter,Liliya Shakirova,,Cynthia Calvillo,3
fighter,Lina Lansberg,,Lina Länsberg,2
fighter,Lisa Ellis,,Lisa Ellis (martial artist),2
fighter,Liudvik Sholinian,,,-1
fighter,Livinha Souza,,Lívia Renata Souza,5
fighter,Liz Carmouche,,Liz Carmouche,4
fighter,Loik Radzhabov,,Esteban Ribovics,0
fighter,Loma Lookboonmee,,Loma Lookboonmee,2
fighter,Lone'er Kavanagh,,Lone'er Kavanagh,1
fighter,Loopy Godinez,,Loopy Godinez,2
fighter,Lorenz Larkin,,Lorenz Larkin,7
fighter,Losene Keita,,Losene Keita,4
fighter,Louie Sutherland,,,-1
fighter,Louis Cosce,,,-1
fighter,Louis Gaudinot,,Louis Gaudinot,2
fighter,Louis Smolka,,Louis Smolka,5
fighter,Luan Chagas,,Luan Chagas,1
fighter,Luan Lacerda,,2026 in UFC,0
fighter,Luana Carolina,,Luana Carolina,1
fighter,Luana Pinheiro,,Luana Pinheiro,3
fighter,Luana Santos,,Luana Santos,0
fighter,Lucas Alexander,,,-1
fighter,Lucas Almeida,,,-1
fighter,Lucas Brennan,,Lucas Brennan,2
fighter,Lucas Martins,,Lucas Martins,12
fighter,Lucas Rocha,,,-1
fighter,Lucie Pudilova,,Lucie Pudilová,4
fighter,Lucio Linhares,,Rousimar Palhares,7
fighter,Ludovit Klein,,Ľudovít Klein,4
fighter,Luigi Vendramini,,Luigi Vendramini,3
fighter,Luis Felipe Dias,,John Lineker,11
fighter,Luis Gurule,,,-1
fighter,Luis Henrique,,Luis Henrique (fighter),4
fighter,Luis Pajuelo,,Fernando Padilla,0
fighter,Luis Pena,,Luis Peña (fighter),4
fighter,Luis Ramos,,Luis Ramos (fighter),3
fighter,Luis Saldana,,Luis Saldaña,2
fighter,Luiz Cane,,Luiz Cané,4
fighter,Luiz Dutra,,,-1
fighter,Lukasz Brzeski,,Mick Parkin,0
fighter,Lukasz Sajewski,,,-1
fighter,Luke Barnatt,,Luke Barnatt,1
fighter,Luke Fernandez,,,-1
fighter,Luke Jumeau,,Luke Jumeau,1
fighter,Luke Riley,,,-1
fighter,Luke Rockhold,,Luke Rockhold,15
fighter,Luke Sanders,,Luke Sanders,2
fighter,Luke Zachrich,,Luke Zachrich,4
fighter,Lyman Good,,Lyman Good,7
fighter,Lyoto Machida,,Lyoto Machida,10
fighter,Mac Danzig,,Mac Danzig,6
fighter,Machi Fukuda,,,-1
fighter,Maciej Jewtuszko,,Maciej Jewtuszko,4
fighter,Mackens Semerzier,,Mackens Semerzier,3
fighter,Mackenzie Dern,,Mackenzie Dern,0
fighter,Macy Chiasson,,Macy Chiasson,12
fighter,Mads Burnell,,Mads Burnell,0
fighter,Magnus Cedenblad,,Magnus Cedenblad,5
fighter,Magomed Ankalaev,,Magomed Ankalaev,6
fighter,Magomed Gadzhiyasulov,,2025 in UFC,2
fighter,Magomed Mustafaev,,Magomed Mustafaev,7
fighter,Magomed Tuchalov,,2026 in UFC,0
fighter,Magomed Zaynukov,,Magomed Zaynukov,2
fighter,Maheshate,,Rafa García (fighter),1
fighter,Maia Stevenson,,,-1
fighter,Maiquel Falcao,,Maiquel Falcão,5
fighter,Mairbek Taisumov,,Mairbek Taisumov,7
fighter,Mairon Santos,,Muhammad Naimov,3
fighter,Makhmud Muradov,,Makhmud Muradov,13
fighter,Maki Pitolo,,Maki Pitolo,1
fighter,Makwan Amirkhani,,Makwan Amirkhani,5
fighter,Malcolm Gordon,,Malcolm Gordon (fighter),3
fighter,Malcolm Wellmaker,,,-1
fighter,Mallory Martin,,Mallory Martin,1
fighter,Mana Martinez,,,-1
fighter,Mandel Nallo,,2026 in UFC,0
fighter,Mandy Bohm,,Ji Yeon Kim (fighter),6
fighter,Manel Kape,,Manel Kape,12
fighter,Manny Bermudez,,Manny Bermudez,1
fighter,Manoel Sousa,,,-1
fighter,Manolo Zecchini,,List of current UFC fighters,24
fighter,Manon Fiorot,,Manon Fiorot,4
fighter,Mansur Abdul-Malik,,Cody Brundage,2
fighter,Mantas Kondratavicius,,2026 in UFC,0
fighter,Manuel Rodriguez,,List of male mixed martial artists,0
fighter,Manuel Torres,,Manuel Torres (fighter),2
fighter,Manvel Gamburyan,,Manny Gamburyan,9
fighter,MarQuel Mederos,,,-1
fighter,Mara Romero Borella,,Mara Romero Borella,1
fighter,Marc Diakiese,,Marc Diakiese,2
fighter,Marc-Andre Barriault,,Marc-André Barriault,3
fighter,Marcel Fortuna,,Marcel Fortuna,0
fighter,Marcelo Golm,,Marcelo Golm,2
fighter,Marcelo Guimaraes,,Marcelo Guimarães,2
fighter,Marcelo Rojo,,Kyler Phillips,2
fighter,Marcin Bandel,,Marcin Bandel,1
fighter,Marcin Held,,Marcin Held,5
fighter,Marcin Prachnio,,Marcin Prachnio,1
fighter,Marcin Tybura,,Marcin Tybura,9
fighter,Marcin Wrzosek,,List of male mixed martial artists,0
fighter,Marcio Alexandre Junior,,List of male mixed martial artists,0
fighter,Marcio Barbosa,,,-1
fighter,Marco Beltran,,Marco Beltrán,1
fighter,Marco Polo Reyes,,Polo Reyes,1
fighter,Marco Tulio,,,-1
fighter,Marcos Mariano,,List of male mixed martial artists,0
fighter,Marcos Rogerio de Lima,,Marcos Rogério de Lima,5
fighter,Marcos Vinicius,,Marcos Vinicius (fighter),2
fighter,Marcus Brimage,,Marcus Brimage,5
fighter,Marcus Buchecha,,Marcus Buchecha,4
fighter,Marcus Davis,,Marcus Davis,9
fighter,Marcus LeVesseur,,Marcus LeVesseur,6
fighter,Marcus McGhee,,Marcus McGhee,1
fighter,Marek Bujlo,,List of male mixed martial artists,0
fighter,Maria Oliveira,,Diana Belbiță,0
fighter,Marina Rodriguez,,Marina Rodriguez,2
fighter,Marina Spasic,,2026 in UFC,0
fighter,Mario Bautista,,Mario Bautista,4
fighter,Mario Miranda,,List of male mixed martial artists,0
fighter,Mario Pinto,,Mario Pinto,0
fighter,Marion Reneau,,Marion Reneau,6
fighter,Mariya Agapova,,Mariya Agapova,1
fighter,Mark Bocek,,Mark Bocek,4
fighter,Mark Choinski,,2025 in UFC,2
fighter,Mark Coleman,,Mark Coleman,6
fighter,Mark De La Rosa,,Mark De La Rosa,0
fighter,Mark Eddiva,,Mark Eddiva,2
fighter,Mark Godbeer,,Mark Godbeer,5
fighter,Mark Holst,,,-1
fighter,Mark Hominick,,Mark Hominick,3
fighter,Mark Hunt,,Mark Hunt,12
fighter,Mark Madsen,,Mark Madsen (fighter),3
fighter,Mark Munoz,,Mark Muñoz,6
fighter,Mark Scanlon,,Matt Brown (fighter),20
fighter,Mark Striegl,,Mark Striegl,1
fighter,Mark Vologdin,,2026 in UFC,0
fighter,Markus Perez,,Markus Perez,3
fighter,Marlon Moraes,,Marlon Moraes,5
fighter,Marlon Vera,,Marlon Vera,9
fighter,Marnic Mann,,,-1
fighter,Martin Bravo,,Martin Bravo,2
fighter,Martin Buday,,Martin Buday,3
fighter,Martin Day,,Martin Day (fighter),0
fighter,Martin Kampmann,,Martin Kampmann,7
fighter,Martin Sano,,List of male mixed martial artists,0
fighter,Martin Svensson,,David Teymur,1
fighter,Marvin Vettori,,Marvin Vettori,8
fighter,Marwan Rahiki,,2026 in UFC,0
fighter,Maryna Moroz,,Maryna Moroz,5
fighter,Masanori Kanehara,,Masanori Kanehara,3
fighter,Masio Fullen,,Alex Caceres,5
fighter,Mason Jones,,Mason Jones (fighter),2
fighter,Mateus Mendonca,,,-1
fighter,Mateusz Gamrot,,Mateusz Gamrot,7
fighter,Mateusz Rebecki,,Mateusz Rębecki,1
fighter,Matheus Camilo,,Nazim Sadykhov,5
fighter,Matheus Nicolau,,Matheus Nicolau,2
fighter,Mats Nilsson,,Mats Nilsson,2
fighter,Matt Bessette,,Matt Bessette,8
fighter,Matt Brown,,Matt Brown (fighter),20
fighter,Matt Dwyer,,Matt Dwyer,3
fighter,Matt Frevola,,Matt Frevola,4
fighter,Matt Grice,,Matt Grice,6
fighter,Matt Hamill,,Matt Hamill,8
fighter,Matt Hobar,,Matt Hobar,4
fighter,Matt Hughes,,Matt Hughes (fighter),18
fighter,Matt Lucas,,,-1
fighter,Matt Mitrione,,Matt Mitrione,9
fighter,Matt Sayles,,,-1
fighter,Matt Schnell,,Matt Schnell,3
fighter,Matt Serra,,Matt Serra,3
fighter,Matt Van Buren,,Matt Van Buren,1
fighter,Matt Veach,,Matt Veach,2
fighter,Matt Wiman,,Matt Wiman,8
fighter,Matthew Lopez,,Matthew Lopez (fighter),1
fighter,Matthew Riddle,,Matt Riddle,20
fighter,Matthew Semelsberger,,Matthew Semelsberger,3
fighter,Maurice Greene,,Maurice Greene (fighter),1
fighter,Mauricio Rua,,Maurício Rua,12
fighter,Mauricio Ruffy,,Maurício Ruffy,0
fighter,Max Gimenis,,2025 in UFC,2
fighter,Max Griffin,,Max Griffin,3
fighter,Max Holloway,,Max Holloway,19
fighter,Max Rohskopf,,Robert Drysdale,2
fighter,Maxim Grishin,,Maxim Grishin,6
fighter,Maximo Blanco,,Maximo Blanco,6
fighter,Maycee Barber,,Maycee Barber,5
fighter,Mayra Bueno Silva,,Mayra Bueno Silva,6
fighter,Megan Anderson,,Megan Anderson (fighter),4
fighter,Mehdi Baghdad,,Mehdi Baghdad,1
fighter,Melinda Fabian,,Melinda Fábián,2
fighter,Melissa Croden,,Luana Santos,0
fighter,Melissa Gatto,,Melissa Gatto,6
fighter,Melissa Martinez,,,-1
fighter,Melissa Mullins,,Beatriz Mesquita,0
fighter,Melquizael Costa,,Melquizael Costa,3
fighter,Melsik Baghdasaryan,,Melsik Baghdasaryan,5
fighter,Melvin Guillard,,Melvin Guillard,13
fighter,Meng Bo,,,-1
fighter,Merab Dvalishvili,,Merab Dvalishvili,7
fighter,Michael Aswell,,2025 in UFC,2
fighter,Michael Aswell Jr.,,List of current UFC fighters,24
fighter,Michael Bisping,,Michael Bisping,16
fighter,Michael Chandler,,Michael Chandler,9
fighter,Michael Chiesa,,Michael Chiesa,8
fighter,Michael Graves,,Michael Graves (fighter),4
fighter,Michael Johnson,,Michael Johnson (fighter),7
fighter,Michael Kuiper,,Michael Kuiper,3
fighter,Michael McBride,,Michael McBride (fighter),0
fighter,Michael McDonald,,Michael McDonald (fighter),10
fighter,Michael Morales,,Michael Morales (fighter),4
fighter,Michael Oliveira,,,-1
fighter,Michael Page,,Michael Page,15
fighter,Michael Trizano,,Michael Trizano,1
fighter,Michal Figlak,,,-1
fighter,Michal Oleksiejczuk,,Michał Oleksiejczuk,5
fighter,Micheal Gillmore,,,-1
fighter,Michel Batista,,List of male mixed martial artists,0
fighter,Michel Pereira,,Michel Pereira,4
fighter,Michel Prazeres,,Michel Prazeres,8
fighter,Michel Quinones,,,-1
fighter,Michelle Montague,,Luana Carolina,1
fighter,Michelle Waterson-Gomez,,Michelle Waterson-Gomez,4
fighter,Michihiro Omigawa,,Michihiro Omigawa,1
fighter,Michinori Tanaka,,Michinori Tanaka,1
fighter,Mick Parkin,,Mick Parkin,0
fighter,Mickael Lebout,,Mickaël Lebout,5
fighter,Mickey Gall,,Mickey Gall,3
fighter,Miesha Tate,,Miesha Tate,9
fighter,Miguel Baeza,,Miguel Baeza,1
fighter,Miguel Torres,,Miguel Torres (fighter),5
fighter,Mike Breeden,,,-1
fighter,Mike Brown,,Mike Brown (fighter),5
fighter,Mike Davis,,Mike Davis (fighter),3
fighter,Mike Easton,,Mike Easton,7
fighter,Mike Grundy,,Mike Grundy,3
fighter,Mike Guymon,,Mike Guymon,3
fighter,Mike Jackson,,Mike Jackson (fighter),2
fighter,Mike King,,,-1
fighter,Mike Lullo,,,-1
fighter,Mike Malott,,Mike Malott,1
fighter,Mike Massenzio,,Mike Massenzio,2
fighter,Mike Perry,,Mike Perry (fighter),6
fighter,Mike Pierce,,Mike Pierce,6
fighter,Mike Pyle,,Mike Pyle (fighter),6
fighter,Mike Rhodes,,Mike Rhodes (fighter),1
fighter,Mike Ricci,,Mike Ricci (fighter),3
fighter,Mike Rio,,Mike Rio,4
fighter,Mike Rodriguez,,Mike Rodríguez (fighter),1
fighter,Mike Russow,,Mike Russow,2
fighter,Mike Santiago,,Mike Santiago (fighter),2
fighter,Mike Stumpf,,,-1
fighter,Mike Swick,,Mike Swick,5
fighter,Mike Wilkinson,,Mike Wilkinson (fighter),3
fighter,Mike de la Torre,,Mike De La Torre,5
fighter,Milana Dudieva,,Milana Dudieva,3
fighter,Miles Johns,,Miles Johns,6
fighter,Milos Janicic,,Miloš Janičić,1
fighter,Milton Vieira,,Milton Vieira,0
fighter,Miranda Granger,,Miranda Granger,1
fighter,Miranda Maverick,,Miranda Maverick,7
fighter,Mirko Filipovic,,Mirko Cro Cop,34
fighter,Mirsad Bektic,,Mirsad Bektić,6
fighter,Misha Cirkunov,,Misha Cirkunov,5
fighter,Mitch Clarke,,Mitch Clarke,0
fighter,Mitch Gagnon,,Mitch Gagnon,2
fighter,Mitch Ramirez,,Mitch Ramirez,0
fighter,Mitch Raposo,,Allan Nascimento,6
fighter,Mizuki,,Mizuki Inoue,4
fighter,Mizuto Hirota,,Mizuto Hirota,2
fighter,Modestas Bukauskas,,Modestas Bukauskas,3
fighter,Mohammad Yahya,,,-1
fighter,Mohammed Usman,,Valter Walker,1
fighter,Molly McCann,,Molly McCann,1
fighter,Montana De La Rosa,,Montana De La Rosa,2
fighter,Montel Jackson,,Montel Jackson,5
fighter,Montse Rendon,,,-1
fighter,Montserrat Conejo Ruiz,,Montserrat Ruiz,2
fighter,Morgan Charriere,,,-1
fighter,Mostapha Al-Turk,,List of male mixed martial artists,0
fighter,Motonobu Tezuka,,Alex Caceres,5
fighter,Mounir Lazzez,,Mounir Lazzez,0
fighter,Movsar Evloev,,Movsar Evloev,8
fighter,Muhammad Mokaev,,Muhammad Mokaev,1
fighter,Muhammad Naimov,,Muhammad Naimov,3
fighter,Muhammad Saidov,,2026 in UFC,0
fighter,Muin Gafurov,,John Castañeda,3
fighter,Murtazali Magomedov,,,-1
fighter,Muslim Salikhov,,Muslim Salikhov,5
fighter,Myktybek Orolbai,,Myktybek Orolbai,0
fighter,Myles Jury,,Myles Jury,4
fighter,Nad Narimani,,Nad Narimani,2
fighter,Nadia Kassem,,Nadia Kassem,2
fighter,Nah-Shon Burrell,,Nah-Shon Burrell,2
fighter,Nam Phan,,Nam Phan,6
fighter,Namsrai Batbayar,,,-1
fighter,Nandor Guelmino,,,-1
fighter,Naoki Inoue,,Naoki Inoue,2
fighter,Naoyuki Kotani,,Naoyuki Kotani,4
fighter,Nasrat Haqparast,,Nasrat Haqparast,5
fighter,Nassourdine Imavov,,Nassourdine Imavov,2
fighter,Natalia Silva,,Natália Silva (fighter),3
fighter,Natan Levy,,Natan Levy,0
fighter,Nate Diaz,,Nate Diaz,7
fighter,Nate Landwehr,,Nate Landwehr,2
fighter,Nate Maness,,Nate Maness,3
fighter,Nate Marquardt,,Nate Marquardt,9
fighter,Nate Quarry,,Nate Quarry,4
fighter,Nathan Coy,,Nathan Coy,3
fighter,Nathan Fletcher,,List of male mixed martial artists,0
fighter,Nathaniel Wood,,Nathaniel Wood (fighter),5
fighter,Navajo Stirling,,Navajo Stirling,0
fighter,Nazareno Malegarie,,Nazareno Malegarie,1
fighter,Nazim Sadykhov,,Nazim Sadykhov,5
fighter,Neil Magny,,Neil Magny,5
fighter,Neil Seery,,Neil Seery,2
fighter,Nicco Montano,,List of female mixed martial artists,0
fighter,Nicholas Musoke,,Nico Musoke,2
fighter,Nick Aguirre,,,-1
fighter,Nick Catone,,Nick Catone,11
fighter,Nick Denis,,Nick Denis,1
fighter,Nick Diaz,,Nick Diaz,15
fighter,Nick Fiore,,,-1
fighter,Nick Hein,,Nick Hein,4
fighter,Nick Klein,,,-1
fighter,Nick Maximov,,Nick Maximov,1
fighter,Nick Osipczak,,Nick Osipczak,0
fighter,Nick Pace,,Nick Pace,0
fighter,Nick Penner,,,-1
fighter,Nick Ring,,Nick Ring,6
fighter,Nick Roehrick,,Jared Cannonier,7
fighter,Nicolae Negumereanu,,Nicolae Negumereanu,3
fighter,Nicolas Dalby,,Nicolas Dalby,5
fighter,Nicolle Caliari,,2025 in UFC,2
fighter,Nik Lentz,,Nik Lentz,15
fighter,Nikita Krylov,,Nikita Krylov,7
fighter,Niklas Backstrom,,Niklas Bäckström (fighter),6
fighter,Niklas Stolze,,Niklas Stolze,0
fighter,Niko Price,,Niko Price,6
fighter,Nikolas Motta,,Manuel Torres (fighter),2
fighter,Nikolay Veretennikov,,,-1
fighter,Nina Milosevic,,2026 in UFC,0
fighter,Nina Nunes,,Nina Nunes,1
fighter,Noad Lahat,,Noad Lahat,0
fighter,Noah Gugnon,,2026 in UFC,0
fighter,Nohelin Hernandez,,,-1
fighter,Nolan Ticman,,,-1
fighter,Nora Cornolle,,Nora Cornolle,4
fighter,Nordine Taleb,,Nordine Taleb,5
fighter,Norifumi Yamamoto,,Norifumi Yamamoto,12
fighter,Norma Dumont,,Norma Dumont,3
fighter,Norman Parke,,Norman Parke,10
fighter,Nursulton Ruziboev,,Nursulton Ruziboev,1
fighter,Nurullo Aliev,,Nurullo Aliev,1
fighter,Nyamjargal Tumendemberel,,Cody Durden,2
fighter,Oban Elliott,,2025 in UFC,2
fighter,Ode Osbourne,,Ode' Osbourne,2
fighter,Oli Thompson,,Oli Thompson,4
fighter,Oliver Enkamp,,Oliver Enkamp,3
fighter,Olivier Aubin-Mercier,,Olivier Aubin-Mercier,2
fighter,Ollie Schmid,,2026 in UFC,0
fighter,Oluwale Bamgbose,,Oluwale Bamgbose,4
fighter,Omar Morales,,Omar Morales (fighter),0
fighter,Omari Akhmedov,,Omari Akhmedov,7
fighter,Orion Cosce,,,-1
fighter,Oskar Piechota,,,-1
fighter,Otari Tanzilovi,,2026 in UFC,0
fighter,Otgonbaatar Boldbaatar,,,-1
fighter,Ottman Azaitar,,Ottman Azaitar,6
fighter,Oumar Sy,,List of male mixed martial artists,0
fighter,Ovince Saint Preux,,Ovince Saint Preux,16
fighter,Ozzy Diaz,,,-1
fighter,Pablo Garza,,Pablo Garza (fighter),1
fighter,Paddy Holohan,,Paddy Holohan,2
fighter,Paddy Pimblett,,Paddy Pimblett,1
fighter,Paige VanZant,,Paige VanZant,10
fighter,Pannie Kianzad,,Pannie Kianzad,1
fighter,Papy Abedi,,Papy Abedi,2
fighter,Parker Porter,,Parker Porter,3
fighter,Pascal Krauss,,Pascal Krauss,4
fighter,Pat Audinwood,,,-1
fighter,Pat Barry,,Pat Barry (fighter),7
fighter,Pat Healy,,Pat Healy (fighter),8
fighter,Pat Sabatini,,Pat Sabatini,1
fighter,Pat Schilling,,,-1
fighter,Patchy Mix,,Patchy Mix,1
fighter,Patricio Freire,,Patrício Pitbull,11
fighter,Patricio Pitbull,,Patrício Pitbull,11
fighter,Patrick Cote,,Patrick Côté (fighter),8
fighter,Patrick Cummins,,Patrick Cummins (fighter),4
fighter,Patrick Walsh,,List of male mixed martial artists,0
fighter,Patrick Williams,,Patrick Williams (fighter),1
fighter,Paul Bradley,,Paul Bradley (fighter),1
fighter,Paul Buentello,,Paul Buentello,3
fighter,Paul Craig,,Paul Craig,4
fighter,Paul Daley,,Paul Daley,13
fighter,Paul Felder,,Paul Felder,6
fighter,Paul Kelly,,Paul Kelly (fighter),6
fighter,Paul Redmond,,,-1
fighter,Paul Sass,,Paul Sass,1
fighter,Paul Taylor,,Paul Taylor (fighter),6
fighter,Paulo Costa,,Paulo Costa,8
fighter,Paulo Thiago,,Paulo Thiago,8
fighter,Pawel Pawlak,,Paweł Pawlak,2
fighter,Payton Talbott,,Payton Talbott,0
fighter,Pearl Gonzalez,,Pearl Gonzalez,1
fighter,Pedro Falcao,,List of male mixed martial artists,0
fighter,Pedro Munhoz,,Pedro Munhoz,6
fighter,Pedro Nobre,,,-1
fighter,Peggy Morgan,,Peggy Morgan,0
fighter,Pete Rodriguez,,,-1
fighter,Peter Barrett,,List of male mixed martial artists,0
fighter,Peter Sobotta,,Peter Sobotta,3
fighter,Petr Yan,,Petr Yan,6
fighter,Phil Baroni,,Phil Baroni,5
fighter,Phil Davis,,Phil Davis (fighter),9
fighter,Phil Harris,,Phil Harris (fighter),4
fighter,Phil Hawes,,Phil Hawes,4
fighter,Phil Rowe,,Philip Rowe,2
fighter,Philip De Fries,,Phil De Fries,2
fighter,Philipe Lins,,Philipe Lins,7
fighter,Phillipe Nover,,Phillipe Nover,3
fighter,Piera Rodriguez,,Gillian Robertson,5
fighter,Pingyuan Liu,,Liu Pingyuan,0
fighter,Piotr Hallmann,,Piotr Hallmann,5
fighter,Poliana Botelho,,Poliana Botelho,7
fighter,Polyana Viana,,Polyana Viana,2
fighter,Preston Parsons,,,-1
fighter,Priscila Cachoeira,,Priscila Cachoeira,3
fighter,Puja Tomar,,Puja Tomar,0
fighter,Punahele Soriano,,Punahele Soriano,1
fighter,Quang Le,,Santiago Luna (fighter),0
fighter,Quillan Salkilld,,Quillan Salkilld,1
fighter,Quinn Mulhern,,Quinn Mulhern,3
fighter,Quinton Jackson,,Rampage Jackson,11
fighter,RJ Harris,,2026 in UFC,0
fighter,Rabindra Dhant,,Rabindra Dhant,1
fighter,Rachael Ostovich,,Rachael Ostovich,4
fighter,Rafa Garcia,,Rafa García (fighter),1
fighter,Rafael Alves,,Rafael Alves (fighter),2
fighter,Rafael Cavalcante,,Rafael Cavalcante,3
fighter,Rafael Cerqueira,,2026 in UFC,0
fighter,Rafael Dos Anjos,,Rafael dos Anjos,14
fighter,Rafael Estevam,,Zhalgas Zhumagulov,3
fighter,Rafael Fiziev,,Rafael Fiziev,6
fighter,Rafael Natal,,Rafael Natal,7
fighter,Rafael Tobias,,2026 in UFC,0
fighter,Rafaello Oliveira,,Rafaello Oliveira,7
fighter,Ramazan Emeev,,Ramazan Emeev,3
fighter,Ramazan Temirov,,Asu Almabayev,2
fighter,Ramiro Hernandez,,,-1
fighter,Ramiz Brahimaj,,Ramiz Brahimaj,5
fighter,Ramon Taveras,,,-1
fighter,Ramona Pascual,,Joselyne Edwards,3
fighter,Ramsey Nijem,,Ramsey Nijem,2
fighter,Randa Markos,,Randa Markos,6
fighter,Randy Brown,,Randy Brown (fighter),2
fighter,Randy Costa,,Randy Costa,1
fighter,Randy Couture,,Randy Couture,9
fighter,Rani Yahya,,Rani Yahya,8
fighter,Raoni Barcelos,,Raoni Barcelos,8
fighter,Raphael Assuncao,,Raphael Assunção,17
fighter,Raphael Pessoa,,Raphael Pessoa,2
fighter,Raquel Pennington,,Raquel Pennington,8
fighter,Rashad Coulter,,Rashad Coulter,0
fighter,Rashad Evans,,Rashad Evans,12
fighter,Rashid Magomedov,,Rashid Magomedov,3
fighter,Raul Rosas Jr.,,Raul Rosas Jr.,2
fighter,Raulian Paiva,,Raulian Paiva,4
fighter,Ravena Oliveira,,List of current UFC fighters,24
fighter,Ray Borg,,Ray Borg,10
fighter,Ray Rodriguez,,List of male mixed martial artists,0
fighter,Rayanne dos Santos,,Rayanne dos Santos,1
fighter,Regezhen,,,-1
fighter,Regina Tarin,,2026 in UFC,0
fighter,Reginaldo Vieira,,,-1
fighter,Rei Tsuruya,,Cody Durden,2
fighter,Reinier de Ridder,,Reinier de Ridder,4
fighter,Renan Barao,,Renan Barão,11
fighter,Renato Moicano,,Renato Moicano,10
fighter,Renee Forte,,Renée Forte,0
fighter,Renzo Gracie,,Renzo Gracie,3
fighter,Reuben Duran,,Reuben Duran,4
fighter,Reza Madadi,,Reza Madadi,9
fighter,Rhys McKee,,Rhys McKee,2
fighter,Ricardo Abreu,,,-1
fighter,Ricardo Almeida,,Ricardo Almeida,1
fighter,Ricardo Funch,,Ricardo Funch,1
fighter,Ricardo Lamas,,Ricardo Lamas,9
fighter,Ricardo Ramos,,Ricardo Ramos (fighter),3
fighter,Ricardo Romero,,Ricardo Romero (fighter),2
fighter,Rich Attonito,,Rich Attonito,4
fighter,Rich Franklin,,Rich Franklin,12
fighter,Richard Walsh,,Richard Walsh (fighter),0
fighter,Richardson Moreira,,,-1
fighter,Richie Miranda,,,-1
fighter,Richie Smullen,,,-1
fighter,Richie Vaculik,,Richie Vaculik,0
fighter,Rick Story,,Rick Story,9
fighter,Ricky Glenn,,Ricky Glenn,3
fighter,Ricky Rainey,,Ricky Rainey,1
fighter,Ricky Simon,,Ricky Simón,4
fighter,Ricky Turcios,,,-1
fighter,Riki Fukuda,,Riki Fukuda,3
fighter,Rin Nakai,,Rin Nakai,4
fighter,Rinat Fakhretdinov,,Rinat Fakhretdinov,2
fighter,Rinya Nakamura,,Rinya Nakamura,2
fighter,Rizvan Kuniev,,Rizvan Kuniev,1
fighter,Roan Carneiro,,Roan Carneiro,2
fighter,Rob Broughton,,Rob Broughton,7
fighter,Rob Emerson,,Rob Emerson,5
fighter,Rob Font,,Rob Font,6
fighter,Rob Kimmons,,Rob Kimmons,1
fighter,Rob Wilkinson,,Rob Wilkinson,4
fighter,Robbie Lawler,,Robbie Lawler,14
fighter,Robelis Despaigne,,Robelis Despaigne,3
fighter,Robert Bryczek,,Robert Bryczek,0
fighter,Robert Drysdale,,Robert Drysdale,2
fighter,Robert McDaniel,,Bubba McDaniel,2
fighter,Robert Peralta,,Robbie Peralta,2
fighter,Robert Ruchala,,Robert Ruchała,0
fighter,Robert Sanchez,,,-1
fighter,Robert Valentin,,,-1
fighter,Robert Whiteford,,Rob Whiteford,4
fighter,Robert Whittaker,,Robert Whittaker (fighter),14
fighter,Roberto Romero,,,-1
fighter,Rocky Lee,,,-1
fighter,Rodney Wallace,,Rodney Wallace (fighter),1
fighter,Rodolfo Bellato,,Paul Craig,4
fighter,Rodolfo Rubio Perez,,,-1
fighter,Rodolfo Vieira,,Rodolfo Vieira,6
fighter,Rodrigo Damm,,Rodrigo Damm,3
fighter,Rodrigo Nascimento,,Rodrigo Nascimento,3
fighter,Rodrigo Sezinando,,2025 in UFC,2
fighter,Rodrigo Vera,,,-1
fighter,Rodrigo de Lima,,,-1
fighter,Roger Bowling,,Roger Bowling (fighter),6
fighter,Roger Gracie,,Roger Gracie,3
fighter,Roger Hollett,,Roger Hollett,6
fighter,Roger Narvaez,,Roger Narvaez,2
fighter,Roger Zapata,,,-1
fighter,Rogerio Bontorin,,List of male mixed martial artists,0
fighter,Rogerio Nogueira,,Antônio Rogério Nogueira,11
fighter,Roland Delorme,,Roland Delorme,3
fighter,Rolando Bedoya,,,-1
fighter,Rolando Dy,,Rolando Dy,4
fighter,Roldan Sangcha'an,,Richie Vaculik,0
fighter,Rolles Gracie,,Rolles Gracie Jr.,2
fighter,Roman Bogatov,,Leonardo Santos (fighter),6
fighter,Roman Dolidze,,Roman Dolidze,10
fighter,Roman Kopylov,,Roman Kopylov,7
fighter,Roman Salazar,,Roman Salazar,2
fighter,Ron Stallings,,Ron Stallings,4
fighter,Ronaldo Rodriguez,,Ronaldo Rodríguez,2
fighter,Ronda Rousey,,Ronda Rousey,17
fighter,Rongzhu,,Rong Zhu,5
fighter,Ronnie Lawrence,,,-1
fighter,Ronny Markes,,Ronny Markes,9
fighter,Rony Jason,,Rony Jason,3
fighter,Ronys Torres,,List of male mixed martial artists,0
fighter,Roosevelt Roberts,,Roosevelt Roberts,3
fighter,Roque Martinez,,Roque Martinez,3
fighter,Rory MacDonald,,Rory MacDonald (fighter),5
fighter,Rory Markham,,Rory Markham,1
fighter,Rose Namajunas,,Rose Namajunas,9
fighter,Rosi Sexton,,Rosi Sexton,8
fighter,Ross Pearson,,Ross Pearson,7
fighter,Rostem Akman,,,-1
fighter,Rousimar Palhares,,Rousimar Palhares,7
fighter,Roxanne Modafferi,,Roxanne Modafferi,5
fighter,Roy Nelson,,Roy Nelson,8
fighter,Royston Wee,,Royston Wee,1
fighter,Ruan Potts,,Ruan Potts,0
fighter,Ruslan Magomedov,,Ruslan Magomedov,6
fighter,Russell Doane,,Russell Doane,1
fighter,Rustam Khabilov,,Rustam Khabilov,6
fighter,Ryan Bader,,Ryan Bader,6
fighter,Ryan Benoit,,Ryan Benoit,3
fighter,Ryan Couture,,Ryan Couture,3
fighter,Ryan Gandra,,Zachary Reese,2
fighter,Ryan Hall,,Ryan Hall (fighter),5
fighter,Ryan Janes,,Ryan Janes,0
fighter,Ryan Jensen,,Ryan Jensen (fighter),1
fighter,Ryan Jimmo,,Ryan Jimmo,6
fighter,Ryan LaFlare,,Ryan LaFlare,4
fighter,Ryan Loder,,,-1
fighter,Ryan MacDonald,,,-1
fighter,Ryan McGillivray,,Shamar Bailey,2
fighter,Ryan Spann,,Ryan Spann,6
fighter,Ryo Tajima,,,-1
fighter,Ryoga Arimoto,,,-1
fighter,Ryuho Miyaguchi,,,-1
fighter,Sabah Homasi,,Sabah Homasi,2
fighter,Sabina Mazo,,Sabina Mazo,0
fighter,Sage Northcutt,,Sage Northcutt,5
fighter,Sai Wang,,,-1
fighter,Said Nurmagomedov,,Said Nurmagomedov,3
fighter,Saidyokub Kakhramonov,,Umar Nurmagomedov,4
fighter,Saimon Oliveira,,Daniel Marcos,2
fighter,Sako Chivitchian,,Sako Chivitchian,0
fighter,Salim Touahri,,Salim Touahri,1
fighter,Sam Alvey,,Sam Alvey,7
fighter,Sam Hughes,,Sam Hughes (fighter),4
fighter,Sam Patterson,,,-1
fighter,Sam Sicilia,,Sam Sicilia,2
fighter,Sam Stout,,Sam Stout,4
fighter,Sangwook Kim,,2026 in UFC,0
fighter,Santiago Luna,,Santiago Luna (fighter),0
fighter,Santiago Ponzinibbio,,Santiago Ponzinibbio,9
fighter,Saparbeg Safarov,,Saparbek Safarov,4
fighter,Sara McMann,,Sara McMann,5
fighter,Sarah Alpar,,,-1
fighter,Sarah Frota,,Gillian Robertson,5
fighter,Sarah Kaufman,,Sarah Kaufman,4
fighter,Sarah Moras,,Sarah Moras,4
fighter,Sasha Palatnikov,,Sasha Palatnikov,4
fighter,Saygid Izagakhmaev,,,-1
fighter,Scott Askham,,Scott Askham,0
fighter,Scott Holtzman,,Scott Holtzman,2
fighter,Scott Jorgensen,,Scott Jorgensen,7
fighter,Sean Brady,,Sean Brady (fighter),6
fighter,Sean McCorkle,,Sean McCorkle,4
fighter,Sean O'Connell,,Sean O'Connell (fighter),2
fighter,Sean O'Malley,,Sean O'Malley (fighter),5
fighter,Sean Pierson,,Sean Pierson,5
fighter,Sean Sharaf,,,-1
fighter,Sean Sherk,,Sean Sherk,8
fighter,Sean Soriano,,Sean Soriano,5
fighter,Sean Spencer,,Sean Spencer (fighter),6
fighter,Sean Strickland,,Sean Strickland,9
fighter,Sean Woodson,,Sean Woodson,3
fighter,Sebastian Szalay,,2026 in UFC,0
fighter,Sedriques Dumas,,,-1
fighter,Seo Hee Ham,,Seo Hee Ham,3
fighter,Seokhyeon Ko,,,-1
fighter,Sergei Pavlovich,,Sergei Pavlovich,1
fighter,Sergey Khandozhko,,Sergey Khandozhko,3
fighter,Sergey Morozov,,Sergey Morozov (fighter),1
fighter,Serghei Spivac,,Serghei Spivac,4
fighter,Sergio Moraes,,Sérgio Moraes,4
fighter,Sergio Pettis,,Sergio Pettis,8
fighter,Serhiy Sidey,,List of current UFC fighters,24
fighter,Seth Baczynski,,Seth Baczynski,4
fighter,Seth Petruzelli,,Seth Petruzelli,3
fighter,SeungGuk Choi,,Park Hyun-sung,2
fighter,SeungWoo Choi,,Seung Woo Choi,2
fighter,Shamar Bailey,,Shamar Bailey,2
fighter,Shamil Abdurakhimov,,Shamil Abdurakhimov,1
fighter,Shamil Gamzatov,,Shamil Gamzatov,2
fighter,Shamil Gaziev,,Shamil Gaziev,1
fighter,Shana Dobson,,Shana Dobson,0
fighter,Shane Burgos,,Shane Burgos,2
fighter,Shane Campbell,,Shane Campbell,3
fighter,Shane Carwin,,Shane Carwin,10
fighter,Shane Collins,,,-1
fighter,Shane Howell,,Shane Howell,1
fighter,Shane Roller,,Shane Roller,1
fighter,Shane Young,,Shane Young,1
fighter,Shane del Rosario,,Shane del Rosario,5
fighter,Shanelle Dyer,,2026 in UFC,0
fighter,Shanna Young,,Shanna Young,5
fighter,Shannon Gugerty,,Shannon Gugerty,1
fighter,Shannon Ross,,Shannon Ritch,9
fighter,Shara Magomedov,,Sharabutdin Magomedov,4
fighter,Shauna Bannon,,,-1
fighter,Shavkat Rakhmonov,,Shavkat Rakhmonov,10
fighter,Shawn Jordan,,Shawn Jordan,1
fighter,Shayilan Nuerdanbieke,,Shayilan Nuerdanbieke,0
fighter,Shayna Baszler,,Shayna Baszler,1
fighter,Sheila Gaff,,Sheila Gaff,2
fighter,Sheldon Westcott,,Sheldon Westcott,1
fighter,Shem Rock,,,-1
fighter,Sheymon Moraes,,Sheymon Moraes,1
fighter,Shi Ming,,,-1
fighter,Shinsho Anzai,,Shinsho Anzai,2
fighter,Shunichi Shimizu,,Shunichi Shimizu,1
fighter,Sijara Eubanks,,Sijara Eubanks,4
fighter,Silvana Gomez Juarez,,Silvana Gómez Juárez,1
fighter,Simeon Thoresen,,Simeon Thoresen,1
fighter,Sirwan Kakai,,Danny Martinez,2
fighter,Siyar Bahadurzada,,Siyar Bahadurzada,10
fighter,Soa Palelei,,Soa Palelei,4
fighter,Sodiq Yusuff,,Sodiq Yusuff,1
fighter,Song Kenan,,Song Kenan,0
fighter,Song Yadong,,Song Yadong,6
fighter,Spencer Fisher,,Spencer Fisher,13
fighter,Spike Carlyle,,Spike Carlyle,0
fighter,Stanislav Nedkov,,Stanislav Nedkov,2
fighter,Stefan Sekulic,,,-1
fighter,Stefan Struve,,Stefan Struve,11
fighter,Stephan Bonnar,,Stephan Bonnar,8
fighter,Stephanie Egger,,Stephanie Egger,2
fighter,Stephanie Luciano,,Talita Alencar,0
fighter,Stephen Bass,,Marcus Brimage,5
fighter,Stephen Thompson,,Stephen Thompson (fighter),11
fighter,Steve Bosse,,Steve Bossé,3
fighter,Steve Cantwell,,Steve Cantwell,4
fighter,Steve Erceg,,Steve Erceg,1
fighter,Steve Garcia,,Steve Garcia,4
fighter,Steve Kennedy,,List of male mixed martial artists,0
fighter,Steve Lopez,,List of male mixed martial artists,0
fighter,Steve Montgomery,,,-1
fighter,Steve Steinbeiss,,Steve Steinbeiss,1
fighter,Steven Asplund,,,-1
fighter,Steven Koslow,,Cameron Saaiman,1
fighter,Steven Nguyen,,,-1
fighter,Steven Peterson,,Steven Peterson,2
fighter,Steven Siler,,Steven Siler,4
fighter,Stevie Ray,,Stevie Ray (fighter),3
fighter,Stewart Nicoll,,2026 in UFC,0
fighter,Stipe Miocic,,Stipe Miocic,6
fighter,SuYoung You,,Lauren Murphy,7
fighter,Sulangrangbo,,,-1
fighter,Sultan Aliev,,Sultan Aliev,4
fighter,Suman Mokhtarian,,,-1
fighter,Sumudaerji,,Su Mudaerji,5
fighter,Sung Bin Jo,,Daniel Teymur,0
fighter,Syuri Kondo,,Syuri,1
fighter,TJ Brown,,T.J. Brown,0
fighter,TJ Dillashaw,,T.J. Dillashaw,12
fighter,TJ Grant,,TJ Grant,6
fighter,TJ Laramie,,,-1
fighter,TJ O'Brien,,List of male mixed martial artists,0
fighter,TJ Waldburger,,TJ Waldburger,5
fighter,Tabatha Ricci,,Tabatha Ricci,1
fighter,Tae Hyun Bang,,Tae Hyun Bang,1
fighter,Tafon Nchukwi,,Tafon Nchukwi,0
fighter,Tagir Ulanbekov,,Tagir Ulanbekov,3
fighter,Tahir Abdullayev,,2026 in UFC,0
fighter,Tai Tuivasa,,Tai Tuivasa,2
fighter,Taila Santos,,Taila Santos,4
fighter,Tainara Lisboa,,Norma Dumont,3
fighter,Taiyilake Nueraji,,2025 in UFC,2
fighter,Takanori Gomi,,Takanori Gomi,6
fighter,Takashi Sato,,Takashi Sato,5
fighter,Takaya Suzuki,,,-1
fighter,Takenori Sato,,Takenori Sato,2
fighter,Takeru Uchida,,,-1
fighter,Takeya Mizugaki,,Takeya Mizugaki,4
fighter,Talita Alencar,,Talita Alencar,0
fighter,Talita Bernardo,,Talita Bernardo,1
fighter,Tallison Teixeira,,Tallison Teixeira,1
fighter,Tamdan McCrory,,Tamdan McCrory,0
fighter,Tamires Vidal,,Joselyne Edwards,3
fighter,Tanner Boser,,Tanner Boser,5
fighter,Tarec Saffiedine,,Tarec Saffiedine,6
fighter,Tateki Matsuda,,Tateki Matsuda,1
fighter,Tatiana Suarez,,Tatiana Suarez,5
fighter,Tatsuro Taira,,Tatsuro Taira,6
fighter,Tatsuya Kawajiri,,Tatsuya Kawajiri,4
fighter,Taylor Lapilus,,Taylor Lapilus,3
fighter,Te Edwards,,,-1
fighter,Tecia Pennington,,Tecia Pennington,6
fighter,Teemu Packalen,,Teemu Packalén,5
fighter,Tereza Bleda,,,-1
fighter,Terrance McKinney,,Terrance McKinney,4
fighter,Terrence Mitchell,,,-1
fighter,Terrion Ware,,Terrion Ware,1
fighter,Terry Etim,,Terry Etim,5
fighter,Teruto Ishihara,,Teruto Ishihara,0
fighter,Thales Leites,,Thales Leites,1
fighter,Themba Gorimbo,,Themba Gorimbo,1
fighter,Theodor Berggren,,2026 in UFC,0
fighter,Thiago Alves,,Thiago Alves (fighter),22
fighter,Thiago Moises,,Thiago Moisés,3
fighter,Thiago Perpetuo,,Thiago Perpétuo,1
fighter,Thiago Santos,,Thiago Santos,7
fighter,Thiago Silva,,Thiago Silva (fighter),17
fighter,Thiago Tavares,,Thiago Tavares,14
fighter,Thibault Gouti,,Thibault Gouti,2
fighter,Thomas Almeida,,Thomas Almeida,3
fighter,Thomas Gifford,,,-1
fighter,Thomas Petersen,,Valter Walker,1
fighter,Ti Haitao,,,-1
fighter,Tiago dos Santos e Silva,,List of male mixed martial artists,0
fighter,Tim Boetsch,,Tim Boetsch,4
fighter,Tim Credeur,,Tim Credeur,3
fighter,Tim Elliott,,Tim Elliott,10
fighter,Tim Gorman,,,-1
fighter,Tim Hague,,Tim Hague,3
fighter,Tim Kennedy,,Tim Kennedy (fighter),5
fighter,Tim Means,,Tim Means,8
fighter,Tim Williams,,,-1
fighter,Timmy Cuamba,,List of current UFC fighters,24
fighter,Timothy Johnson,,Timothy Johnson (fighter),0
fighter,Timur Valiev,,Timur Valiev,4
fighter,Tina Lahdemaki,,Cláudia Gadelha,6
fighter,Tito Ortiz,,Tito Ortiz,12
fighter,Todd Brown,,List of male mixed martial artists,0
fighter,Todd Duffee,,Todd Duffee,21
fighter,Tofiq Musayev,,Tofiq Musayev,5
fighter,Tom Aspinall,,Tom Aspinall,9
fighter,Tom Blackledge,,Jeff Monson,8
fighter,Tom Breese,,Tom Breese,4
fighter,Tom DeBlass,,Tom DeBlass,6
fighter,Tom Duquesnoy,,Tom Duquesnoy,1
fighter,Tom Gallicchio,,Angela Hill,9
fighter,Tom Lawlor,,Tom Lawlor,4
fighter,Tom Niinimaki,,Tom Niinimäki,2
fighter,Tom Nolan,,Tom Nolan (fighter),0
fighter,Tom Watson,,Tom Watson (fighter),5
fighter,Tomasz Drwal,,Tomasz Drwal,4
fighter,Tommy Gantt,,2026 in UFC,0
fighter,Tommy Hayden,,,-1
fighter,Tommy McMillen,,2026 in UFC,0
fighter,Tony Ferguson,,Tony Ferguson,17
fighter,Tony Gravely,,Tony Gravely,0
fighter,Tony Kelley,,Tony Kelley,0
fighter,Tony Sims,,Tony Sims,2
fighter,Tonya Evinger,,Tonya Evinger,2
fighter,Tor Troeng,,Tor Troéng,2
fighter,Torrez Finney,,,-1
fighter,Toshiomi Kazama,,,-1
fighter,Tracy Cortez,,Tracy Cortez,3
fighter,Travis Browne,,Travis Browne,5
fighter,Tre'ston Vines,,2025 in UFC,2
fighter,Tresean Gore,,Bo Nickal,3
fighter,Trevin Giles,,Trevin Giles,3
fighter,Trevin Jones,,Trevin Jones,3
fighter,Trevor Peek,,,-1
fighter,Trevor Smith,,Trevor Smith (fighter),4
fighter,Trey Ogden,,Manuel Torres (fighter),2
fighter,Trey Waters,,,-1
fighter,Tristan Connelly,,Tristan Connelly,4
fighter,Tucker Lutz,,,-1
fighter,Tuco Tokkos,,Tuco Tokkos,1
fighter,Ty Miller,,,-1
fighter,Tyler Diamond,,The Ultimate Fighter: Undefeated,13
fighter,Tyler Toner,,Tyler Toner,0
fighter,Tyrell Fortune,,Tyrell Fortune,2
fighter,Tyron Woodley,,Tyron Woodley,9
fighter,Tyson Griffin,,Tyson Griffin,3
fighter,Tyson Nam,,Tyson Nam,2
fighter,Tyson Pedro,,Tyson Pedro,5
fighter,Ulysses Gomez,,Ulysses Gomez,1
fighter,Umar Nurmagomedov,,Umar Nurmagomedov,4
fighter,Uran Satybaldiev,,,-1
fighter,Uriah Hall,,Uriah Hall,14
fighter,Urijah Faber,,Urijah Faber,12
fighter,Uros Medic,,Uroš Medić,2
fighter,Vagner Rocha,,Vagner Rocha,7
fighter,Val Woodburn,,,-1
fighter,Valentina Shevchenko,,Valentina Shevchenko,10
fighter,Valerie Letourneau,,Valérie Létourneau,3
fighter,Valmir Lazaro,,James Krause (fighter),7
fighter,Valter Walker,,Valter Walker,1
fighter,Vanessa Demopoulos,,Vanessa Demopoulos,1
fighter,Vanessa Melo,,Vanessa Melo,1
fighter,Vaughan Lee,,Vaughan Lee (fighter),1
fighter,Vernon Ramos Ho,,List of deaths due to the COVID-19 pandemic,36
fighter,Veronica Hardy,,Veronica Hardy,3
fighter,Viacheslav Borshchev,,Chris Duncan (fighter),0
fighter,Vicente Luque,,Vicente Luque,7
fighter,Victor Altamirano,,Allan Nascimento,6
fighter,Victor Henry,,Victor Henry (fighter),3
fighter,Victor Hugo,,List of male mixed martial artists,0
fighter,Victor Martinez,,List of male mixed martial artists,0
fighter,Victor Rodriguez,,,-1
fighter,Victor Valenzuela,,Bruno Gustavo da Silva,7
fighter,Victoria Leonardo,,Victoria Leonardo,3
fighter,Vik Grujic,,Nordine Taleb,5
fighter,Viktor Pesta,,Viktor Pešta,5
fighter,Viktoriia Dudakova,,Jinh Yu Frey,4
fighter,Vinc Pichel,,Vinc Pichel,5
fighter,Vince Cachero,,,-1
fighter,Vince Morales,,Vince Morales,3
fighter,Vinicius Moreira,,Vinicius Moreira,4
fighter,Vinicius Oliveira,,Vinicius Oliveira,1
fighter,Vinicius Queiroz,,Vinicius Queiroz,3
fighter,Vinicius Salvador,,List of male mixed martial artists,0
fighter,Vinny Magalhaes,,Vinny Magalhães,6
fighter,Virna Jandiroba,,Virna Jandiroba,6
fighter,Viscardi Andrade,,Viscardi Andrade,4
fighter,Vitor Belfort,,Vitor Belfort,23
fighter,Vitor Miranda,,Vitor Miranda,4
fighter,Vitor Petrino,,Vitor Petrino,0
fighter,Viviane Araujo,,Viviane Araújo (fighter),7
fighter,Viviane Pereira,,Viviane Pereira,1
fighter,Vladimir Matyushenko,,Vladimir Matyushenko,6
fighter,Vlasto Cepo,,2026 in UFC,0
fighter,Volkan Oezdemir,,Volkan Oezdemir,5
fighter,Wagner Campos,,Leandro Higo,6
fighter,Wagner Prado,,Wagner Prado,3
fighter,Wagner Silva,,Johnny Walker (fighter),8
fighter,Waldo Cortes Acosta,,Waldo Cortes-Acosta,2
fighter,Walel Watson,,Walel Watson,0
fighter,Walt Harris,,Walt Harris (fighter),5
fighter,Wanderlei Silva,,Wanderlei Silva,18
fighter,Wang Cong,,Wang Cong,1
fighter,Wang Guan,,Alex Caceres,5
fighter,Warlley Alves,,Warlley Alves,4
fighter,Waylon Lowe,,Waylon Lowe,2
fighter,Wellington Turman,,Wellington Turman,5
fighter,Wendell Oliveira Marques,,,-1
fighter,Wes Schultz,,,-1
fighter,Westin Wilson,,,-1
fighter,Will Brooks,,Will Brooks,7
fighter,Will Campuzano,,Will Campuzano,3
fighter,Will Chope,,Islam Dulatov,4
fighter,Willamy Freire,,Willamy Freire,5
fighter,William Gomis,,List of male mixed martial artists,0
fighter,William Knight,,William Knight (fighter),3
fighter,William Macario,,William Macário,3
fighter,Willie Gates,,Willie Gates,2
fighter,Wilson Reis,,Wilson Reis,3
fighter,Wu Yanan,,Wu Yanan (fighter),3
fighter,Wulijiburen,,,-1
fighter,Xiao Long,,Mixed martial arts,32
fighter,Xie Bin,,,-1
fighter,Xiong Jingnan,,Xiong Jingnan,3
fighter,Yadier del Valle,,2025 in UFC,2
fighter,Yair Rodriguez,,Yair Rodríguez,10
fighter,Yan Cabral,,Yan Cabral,2
fighter,Yan Xiaonan,,Yan Xiaonan,5
fighter,Yana Santos,,Yana Santos,1
fighter,Yanal Ashmouz,,,-1
fighter,Yancy Medeiros,,Yancy Medeiros,10
fighter,Yanis Ghemmouri,,,-1
fighter,Yao Zhikui,,Yao Zhikui,2
fighter,Yaotzin Meza,,Yaotzin Meza,1
fighter,Yaroslav Amosov,,Yaroslav Amosov,2
fighter,Yasuhiro Urushitani,,Yasuhiro Urushitani,1
fighter,Yazmin Jauregui,,Yazmin Jauregui,5
fighter,YiSak Lee,,2026 in UFC,0
fighter,Yin Shuai,,,-1
fighter,Yizha,,,-1
fighter,Yoel Romero,,Yoel Romero,13
fighter,Yohan Lainesse,,,-1
fighter,Yoislandy Izquierdo,,Rafaello Oliveira,7
fighter,Yorgan De Castro,,Yorgan De Castro,5
fighter,Yosdenis Cedeno,,Yosdenis Cedeno,1
fighter,Yoshihiro Akiyama,,Yoshihiro Akiyama,6
fighter,Yoshinori Horie,,,-1
fighter,Yoshiyuki Yoshida,,Yoshiyuki Yoshida,4
fighter,YoungJae Song,,,-1
fighter,Yousri Belgaroui,,Yousri Belgaroui,4
fighter,Youssef Zalal,,Youssef Zalal,0
fighter,Yudi Cahyadi,,,-1
fighter,Yui Chul Nam,,Yui Chul Nam,0
fighter,Yuito Yanagawa,,,-1
fighter,Yuneisy Duben,,2026 in UFC,0
fighter,Yunosuke Minami,,,-1
fighter,Yuri Villefort,,Yuri Villefort,2
fighter,Yusaku Kinoshita,,,-1
fighter,Yushin Okami,,Yushin Okami,9
fighter,Yusuke Kasuya,,,-1
fighter,Yuta Sasaki,,Ulka Sasaki,6
fighter,Yves Edwards,,Yves Edwards,7
fighter,Yves Jabouin,,Yves Jabouin,4
fighter,Zabit Magomedsharipov,,Zabit Magomedsharipov,5
fighter,Zac Pauga,,,-1
fighter,Zach Makovsky,,Zach Makovsky,3
fighter,Zach Reese,,Zachary Reese,2
fighter,Zachary Reese,,Zachary Reese,2
fighter,Zachary Scroggin,,,-1
fighter,Zak Cummings,,Zak Cummings,4
fighter,Zak Ottow,,Zak Ottow,0
fighter,Zarah Fairn,,Zarah Fairn,1
fighter,Zarrukh Adashev,,Zarrukh Adashev,1
fighter,Zelim Imadaev,,Zelim Imadaev,0
fighter,Zhalgas Zhumagulov,,Zhalgas Zhumagulov,3
fighter,Zhang Lipeng,,Zhang Lipeng,0
fighter,Zhang Mingyang,,Zhang Mingyang,1
fighter,Zhang Tiequan,,Zhang Tiequan,2
fighter,Zhang Weili,,Zhang Weili,2
fighter,Zhu Kangjie,,2026 in UFC,0
fighter,Zubaira Tukhugov,,Zubaira Tukhugov,5
fighter,Zviad Lazishvili,,Jonathan Martinez,2
fighter,Zygimantas Ramaska,,,-1
