date,fighter_a,fighter_b,dec_a,dec_b,ko_a,ko_b,sub_a,sub_b
2012-05-05,Dennis Bermudez,Pablo Garza,272.0,506.0,,,,
2012-05-05,Nate Diaz,Jim Miller,309.0,135.0,1330.0,632.0,475.0,485.0
2012-05-05,Josh Koscheck,Johny Hendricks,240.0,200.0,575.0,265.0,1275.0,1615.0
2012-05-05,Rousimar Palhares,Alan Belcher,325.0,665.0,1195.0,460.0,105.0,940.0
2012-05-05,Pat Barry,Lavar Johnson,695.0,1550.0,120.0,170.0,600.0,1700.0
2012-05-05,Danny Castillo,John Cholish,249.0,160.0,,,,
2012-05-05,John Dodson,Tim Elliott,253.0,739.0,,,,
2012-05-05,John Hathaway,Pascal Krauss,101.0,347.0,,,,
2012-05-05,Louis Gaudinot,John Lineker,475.0,354.0,,,,
2012-05-05,Tony Ferguson,Michael Johnson,220.0,1550.0,,170.0,,1700.0
2012-05-15,Jason MacDonald,Tom Lawlor,,346.0,,190.0,,332.0
2012-05-15,Igor Pokrajac,Fabio Maldonado,378.0,411.0,450.0,150.0,600.0,1640.0
2012-05-15,Yves Jabouin,Jeff Hougland,240.0,565.0,140.0,1455.0,1367.0,350.0
2012-05-15,Donald Cerrone,Jeremy Stephens,125.0,385.0,627.0,725.0,320.0,1195.0
2012-05-15,Amir Sadollah,Jorge Lopez,160.0,224.0,1065.0,475.0,445.0,2020.0
2012-05-15,Chan Sung Jung,Dustin Poirier,950.0,351.0,525.0,150.0,1030.0,300.0
2012-05-26,Junior Dos Santos,Frank Mir,1260.0,874.0,-380.0,2630.0,3450.0,600.0
2012-05-26,Cain Velasquez,Antonio Silva,438.0,1150.0,-170.0,495.0,2000.0,1580.0
2012-05-26,Roy Nelson,Dave Herman,375.0,400.0,170.0,475.0,522.0,1085.0
2012-05-26,Stipe Miocic,Shane del Rosario,264.0,650.0,180.0,345.0,1130.0,631.0
2012-05-26,Dan Hardy,Duane Ludwig,280.0,275.0,,,,
2012-05-26,Diego Brandao,Darren Elkins,755.0,300.0,,,,
2012-05-26,Edson Barboza,Jamie Varner,110.0,600.0,,,,
2012-05-26,Jason Miller,CB Dollaway,560.0,300.0,,,,
2012-05-26,Stefan Struve,Lavar Johnson,1700.0,2500.0,689.0,135.0,105.0,2625.0
2012-06-01,Michael Chiesa,Al Iaquinta,534.0,222.0,,,,
2012-06-01,Jake Ellenberger,Martin Kampmann,384.0,605.0,125.0,1005.0,1280.0,280.0
2012-06-01,Max Holloway,Pat Schilling,304.0,850.0,,,,
2012-06-01,Justin Lawrence,John Cofer,304.0,550.0,,,,
2012-06-01,Jonathan Brookins,Charles Oliveira,280.0,209.0,,,,
2012-06-08,Erick Silva,Charlie Brenneman,344.0,250.0,160.0,1030.0,700.0,1285.0
2012-06-08,Mike Pyle,Josh Neer,140.0,732.0,894.0,340.0,300.0,745.0
2012-06-08,Eddie Wineland,Scott Jorgensen,315.0,154.0,575.0,706.0,1200.0,365.0
2012-06-08,Mike Pierce,Carlos Eduardo Rocha,-120.0,450.0,,,,
2012-06-08,Demetrious Johnson,Ian McCall,120.0,188.0,890.0,800.0,1075.0,1115.0
2012-06-08,Leonard Garcia,Matt Grice,329.0,200.0,,,,
2012-06-08,Dustin Pague,Jared Papazian,350.0,180.0,,,,
2012-06-08,Tim Means,Justin Salas,168.0,191.0,,,,
2012-06-08,Buddy Roberts,Caio Magalhaes,300.0,465.0,,,,
2012-06-08,Henry Martinez,Bernardo Magalhaes,,465.0,,,,
2012-06-08,Seth Baczynski,Lance Benoist,535.0,280.0,,,,
2012-06-22,Gray Maynard,Clay Guida,175.0,769.0,220.0,1095.0,1095.0,350.0
2012-06-22,Sam Stout,Spencer Fisher,-104.0,397.0,370.0,1486.0,684.0,1270.0
2012-06-22,Brian Ebersole,TJ Waldburger,242.0,625.0,,,,
2012-06-22,Ross Pearson,Cub Swanson,-120.0,299.0,,,,
2012-06-22,Rick Story,Brock Jardine,146.0,489.0,,,,
2012-06-22,Ramsey Nijem,CJ Keith,262.0,475.0,,,,
2012-06-22,Steven Siler,Joey Gambino,220.0,169.0,,,,
2012-06-22,Nick Catone,Chris Camozzi,-105.0,359.0,,,,
2012-06-22,Matt Brown,Luis Ramos,326.0,350.0,,,,
2012-06-22,Hatsu Hioki,Ricardo Lamas,157.0,365.0,,,,
2012-06-23,Wanderlei Silva,Rich Franklin,750.0,523.0,170.0,120.0,1150.0,2900.0
2012-06-23,Fabricio Werdum,Mike Russow,203.0,500.0,,,,
2012-06-23,Iuri Alcantara,Hacran Dias,172.0,262.0,,,,
2012-06-23,Cezar Ferreira,Sergio Moraes,282.0,525.0,,,,
2012-07-07,Forrest Griffin,Tito Ortiz,100.0,420.0,350.0,700.0,1640.0,1458.0
2012-07-07,John Alessio,Shane Roller,262.0,123.0,,,,
2012-07-07,Costas Philippou,Riki Fukuda,160.0,240.0,,,,
2012-07-07,Gleison Tibau,Khabib Nurmagomedov,120.0,280.0,,,,
2012-07-07,Melvin Guillard,Fabricio Camoes,424.0,,,,,
2012-07-07,Ivan Menjivar,Mike Easton,245.0,175.0,515.0,750.0,474.0,1050.0
2012-07-07,Chad Mendes,Cody McKenzie,220.0,1950.0,141.0,2500.0,400.0,632.0
2012-07-07,Dong Hyun Kim,Demian Maia,120.0,290.0,570.0,1431.0,1275.0,360.0
2012-07-07,Cung Le,Patrick Cote,716.0,425.0,290.0,120.0,2500.0,699.0
2012-07-07,Anderson Silva,Chael Sonnen,716.0,425.0,-121.0,800.0,453.0,2065.0
2012-07-11,Mark Munoz,Chris Weidman,322.0,212.0,,,,
2012-07-11,James Te Huna,Joey Beltran,318.0,509.0,,,,
2012-07-11,TJ Dillashaw,Vaughan Lee,120.0,814.0,,,,
2012-07-11,Karlos Vemola,Francis Carmont,837.0,262.0,,,,
2012-07-11,Rafael Dos Anjos,Anthony Njokuani,381.0,300.0,,,,
2012-07-11,Aaron Simpson,Kenny Robertson,178.0,513.0,,,,
2012-07-21,Hector Lombard,Tim Boetsch,407.0,560.0,-125.0,600.0,1005.0,1545.0
2012-07-21,Urijah Faber,Renan Barao,328.0,248.0,893.0,469.0,450.0,370.0
2012-07-21,Brian Ebersole,James Head,170.0,616.0,265.0,640.0,382.0,1295.0
2012-07-21,Cheick Kongo,Shawn Jordan,399.0,620.0,205.0,170.0,1500.0,1050.0
2012-08-04,Joe Lauzon,Jamie Varner,686.0,280.0,1090.0,260.0,160.0,747.0
2012-08-04,Mauricio Rua,Brandon Vera,477.0,1050.0,-210.0,555.0,800.0,1620.0
2012-08-04,Lyoto Machida,Ryan Bader,145.0,355.0,180.0,1075.0,1133.0,2775.0
2012-08-04,Mike Swick,DaMarques Johnson,372.0,508.0,253.0,430.0,350.0,800.0
2012-08-04,John Moraga,Ulysses Gomez,250.0,174.0,,,,
2012-08-04,Josh Grispi,Rani Yahya,378.0,390.0,,,,
2012-08-04,Philip De Fries,Oli Thompson,350.0,950.0,,,,
2012-08-04,Manvel Gamburyan,Michihiro Omigawa,151.0,183.0,,,,
2012-08-04,Cole Miller,Nam Phan,151.0,261.0,,,,
2012-08-11,Nik Lentz,Eiji Mitsuoka,-155.0,460.0,,,,
2012-08-11,Dustin Pague,Chico Camus,314.0,250.0,,,,
2012-08-11,Ken Stone,Erik Perez,320.0,270.0,,,,
2012-08-11,Jared Hamman,Michael Kuiper,250.0,264.0,,,,
2012-08-11,Dennis Bermudez,Tommy Hayden,150.0,578.0,,,,
2012-08-11,Justin Lawrence,Max Holloway,275.0,185.0,725.0,260.0,1303.0,850.0
2012-08-11,Yushin Okami,Buddy Roberts,155.0,1800.0,155.0,750.0,600.0,1215.0
2012-08-11,Donald Cerrone,Melvin Guillard,323.0,800.0,500.0,435.0,100.0,4500.0
2012-08-11,Benson Henderson,Frankie Edgar,140.0,295.0,500.0,850.0,637.0,1780.0
2012-09-22,Joseph Benavidez,Demetrious Johnson,128.0,325.0,715.0,1075.0,425.0,1370.0
2012-09-22,Michael Bisping,Brian Stann,132.0,740.0,450.0,260.0,676.0,1505.0
2012-09-22,Jon Jones,Vitor Belfort,569.0,1200.0,-119.0,800.0,236.0,3375.0
2012-09-22,Matt Hamill,Roger Hollett,221.0,600.0,145.0,750.0,615.0,1265.0
2012-09-22,Jimy Hettes,Marcus Brimage,490.0,700.0,,,,
2012-09-22,Igor Pokrajac,Vinny Magalhaes,410.0,325.0,,,,
2012-09-22,TJ Grant,Evan Dunham,222.0,165.0,,,,
2012-09-22,Sean Pierson,Lance Benoist,275.0,173.0,,,,
2012-09-22,Cub Swanson,Charles Oliveira,600.0,321.0,425.0,1035.0,1315.0,120.0
2012-09-29,Che Mills,Duane Ludwig,733.0,394.0,,,,
2012-09-29,John Hathaway,John Maguire,104.0,335.0,,,,
2012-09-29,Paul Sass,Matt Wiman,652.0,315.0,,,,
2012-09-29,Brad Pickett,Yves Jabouin,186.0,258.0,,,,
2012-09-29,Dan Hardy,Amir Sadollah,214.0,280.0,,,,
2012-09-29,Stefan Struve,Stipe Miocic,1005.0,1123.0,628.0,-135.0,295.0,2675.0
2012-10-05,Travis Browne,Antonio Silva,1358.0,592.0,-170.0,450.0,1750.0,547.0
2012-10-05,Jake Ellenberger,Jay Hieron,208.0,426.0,100.0,1240.0,1117.0,1505.0
2012-10-05,John Dodson,Jussier Formiga,125.0,,,,,
2012-10-05,Bart Palaszewski,Diego Nunes,382.0,102.0,,,,
2012-10-05,Michael Johnson,Danny Castillo,160.0,230.0,,,,
2012-10-05,Jacob Volkmann,Shane Roller,-110.0,420.0,,,,
2012-10-05,Darren Uyenoyama,Phil Harris,160.0,450.0,,,,
2012-10-05,Josh Neer,Justin Edwards,362.0,500.0,,,,
2012-10-13,Glover Teixeira,Fabio Maldonado,383.0,775.0,240.0,750.0,150.0,1285.0
2012-10-13,Anderson Silva,Stephan Bonnar,227.0,1312.0,-180.0,1550.0,1510.0,2445.0
2012-10-13,Minotauro Nogueira,Dave Herman,472.0,940.0,165.0,320.0,250.0,1369.0
2012-10-13,Jon Fitch,Erick Silva,210.0,227.0,1050.0,-180.0,1500.0,1510.0
2012-10-13,Demian Maia,Rick Story,252.0,186.0,1480.0,550.0,250.0,2200.0
2012-10-13,Rony Jason,Sam Sicilia,,675.0,,,,
2012-10-13,Gleison Tibau,Francisco Trinaldo,314.0,315.0,,,,
2012-10-13,Diego Brandao,Joey Gambino,524.0,475.0,,,,
2012-10-13,Phil Davis,Wagner Prado,210.0,1117.0,527.0,450.0,170.0,1265.0
2012-10-13,Sergio Moraes,Renee Forte,405.0,775.0,,,,
2012-11-10,Takanori Gomi,Mac Danzig,530.0,320.0,,,,
2012-11-10,Dong Hyun Kim,Paulo Thiago,-140.0,485.0,,,,
2012-11-10,Rich Franklin,Cung Le,581.0,1430.0,-165.0,435.0,550.0,1975.0
2012-11-17,Patrick Cote,Alessio Sakara,471.0,650.0,,,,
2012-11-17,Sam Stout,John Makdessi,135.0,260.0,,,,
2012-11-17,Cyrille Diabate,Chad Griggs,350.0,400.0,,,,
2012-11-17,Mark Hominick,Pablo Garza,328.0,550.0,160.0,500.0,400.0,900.0
2012-11-17,Mark Bocek,Rafael Dos Anjos,350.0,,990.0,,775.0,
2012-11-17,Francis Carmont,Tom Lawlor,264.0,525.0,349.0,550.0,200.0,1110.0
2012-11-17,Johny Hendricks,Martin Kampmann,199.0,322.0,280.0,785.0,1263.0,497.0
2012-11-17,Georges St-Pierre,Carlos Condit,115.0,1142.0,525.0,460.0,375.0,899.0
2012-12-08,BJ Penn,Rory MacDonald,596.0,,604.0,,910.0,
2012-12-08,Benson Henderson,Nate Diaz,-105.0,572.0,450.0,1155.0,1067.0,405.0
2012-12-08,Mauricio Rua,Alexander Gustafsson,457.0,125.0,575.0,245.0,2200.0,1025.0
2012-12-08,Mike Swick,Matt Brown,365.0,483.0,634.0,385.0,195.0,583.0
2012-12-08,Ramsey Nijem,Joe Proctor,135.0,444.0,,,,
2012-12-08,Raphael Assuncao,Mike Easton,300.0,-120.0,,,,
2012-12-08,Marcus LeVesseur,Abel Trujillo,,290.0,,,,
2012-12-08,Dennis Siver,Nam Phan,136.0,350.0,,,,
2012-12-08,Yves Edwards,Jeremy Stephens,294.0,366.0,,,,
2012-12-14,Nick Penner,Cody Donovan,365.0,350.0,,,,
2012-12-14,Brendan Loughnane,Mike Wilkinson,325.0,279.0,,,,
2012-12-14,Benny Alloway,Manuel Rodriguez,226.0,380.0,,,,
2012-12-14,Mike Pierce,Seth Baczynski,-140.0,568.0,,,,
2012-12-14,Chad Mendes,Yaotzin Meza,264.0,1406.0,,,,
2012-12-14,Hector Lombard,Rousimar Palhares,572.0,1150.0,,,,
2012-12-14,Colin Fletcher,Norman Parke,275.0,250.0,,,,
2012-12-14,Robert Whittaker,Bradley Scott,333.0,240.0,,,,
2012-12-14,George Sotiropoulos,Ross Pearson,257.0,250.0,2300.0,240.0,440.0,573.0
2012-12-15,Roy Nelson,Matt Mitrione,310.0,325.0,125.0,450.0,700.0,2575.0
2012-12-15,Pat Barry,Shane del Rosario,1003.0,1006.0,300.0,171.0,1490.0,180.0
2012-12-15,Dustin Poirier,Jonathan Brookins,125.0,350.0,500.0,950.0,395.0,1340.0
2012-12-15,Colton Smith,Mike Ricci,340.0,274.0,1392.0,180.0,1350.0,411.0
2012-12-15,Johnny Bedford,Marcos Vinicius,220.0,570.0,,,,
2012-12-15,Vinc Pichel,Rustam Khabilov,550.0,235.0,,,,
2012-12-15,TJ Waldburger,Nick Catone,550.0,372.0,,,,
2012-12-15,Mike Pyle,James Head,218.0,350.0,,,,
2012-12-29,Junior Dos Santos,Cain Velasquez,638.0,865.0,-121.0,254.0,1325.0,1750.0
2012-12-29,Jim Miller,Joe Lauzon,200.0,439.0,843.0,1320.0,225.0,400.0
2012-12-29,Tim Boetsch,Costas Philippou,181.0,213.0,750.0,530.0,625.0,2125.0
2012-12-29,Yushin Okami,Alan Belcher,125.0,400.0,1050.0,240.0,2470.0,1060.0
2012-12-29,Chris Leben,Derek Brunson,425.0,252.0,175.0,800.0,629.0,795.0
2012-12-29,Brad Pickett,Eddie Wineland,372.0,210.0,,,,
2012-12-29,Melvin Guillard,Jamie Varner,412.0,575.0,,,,
2012-12-29,Michael Johnson,Myles Jury,140.0,475.0,,,,
2012-12-29,Philip De Fries,Todd Duffee,825.0,1200.0,,,,
2012-12-29,Leonard Garcia,Max Holloway,606.0,-110.0,,,,
2012-12-29,Chris Cariaso,John Moraga,225.0,172.0,,,,
2012-12-29,Erik Perez,Byron Bloodworth,237.0,500.0,,,,
2013-01-19,Gabriel Gonzaga,Ben Rothwell,497.0,380.0,427.0,220.0,255.0,1790.0
2013-01-19,Vitor Belfort,Michael Bisping,600.0,180.0,170.0,453.0,1200.0,1950.0
2013-01-19,Daniel Sarafian,CB Dollaway,695.0,210.0,260.0,1167.0,290.0,900.0
2013-01-19,Thiago Tavares,Khabib Nurmagomedov,233.0,179.0,1270.0,290.0,1150.0,855.0
2013-01-19,Godofredo Pepey,Milton Vieira,,163.0,,,,
2013-01-19,Ronny Markes,Andrew Craig,-130.0,371.0,,,,
2013-01-19,Diego Nunes,Nik Lentz,146.0,203.0,,,,
2013-01-19,Edson Barboza,Lucas Martins,175.0,650.0,,,,
2013-01-19,Wagner Prado,Ildemar Alcantara,500.0,352.0,,,,
2013-01-19,Francisco Trinaldo,CJ Keith,,550.0,,,,
2013-01-26,Demetrious Johnson,John Dodson,-128.0,489.0,960.0,390.0,942.0,2050.0
2013-01-26,Rampage Jackson,Glover Teixeira,659.0,324.0,330.0,200.0,2830.0,350.0
2013-01-26,Anthony Pettis,Donald Cerrone,175.0,235.0,365.0,878.0,925.0,880.0
2013-01-26,Erik Koch,Ricardo Lamas,192.0,275.0,200.0,1325.0,989.0,1000.0
2013-01-26,TJ Grant,Matt Wiman,119.0,360.0,,,,
2013-01-26,Clay Guida,Hatsu Hioki,-121.0,442.0,,,,
2013-01-26,Mike Stumpf,Pascal Krauss,336.0,212.0,,,,
2013-01-26,Ryan Bader,Vladimir Matyushenko,206.0,1150.0,,,,
2013-01-26,Mike Russow,Shawn Jordan,246.0,460.0,,,,
2013-01-26,Rafael Natal,Sean Spencer,234.0,310.0,,,,
2013-01-26,Simeon Thoresen,David Mitchell,205.0,510.0,,,,
2013-02-02,Jose Aldo,Frankie Edgar,211.0,263.0,200.0,590.0,1350.0,1720.0
2013-02-02,Rashad Evans,Rogerio Nogueira,-145.0,1350.0,282.0,600.0,1200.0,1450.0
2013-02-02,Alistair Overeem,Antonio Silva,575.0,1650.0,-265.0,529.0,1250.0,1050.0
2013-02-02,Jon Fitch,Demian Maia,-155.0,550.0,950.0,1650.0,2295.0,264.0
2013-02-02,Joseph Benavidez,Ian McCall,-130.0,317.0,645.0,1125.0,564.0,1505.0
2013-02-02,Tyron Woodley,Jay Hieron,145.0,225.0,420.0,550.0,1315.0,1235.0
2013-02-02,Jacob Volkmann,Bobby Green,172.0,829.0,1690.0,586.0,120.0,1865.0
2013-02-02,Yves Edwards,Isaac Vallie-Flagg,166.0,438.0,415.0,495.0,365.0,2155.0
2013-02-02,Chico Camus,Dustin Kimura,127.0,525.0,575.0,564.0,1150.0,345.0
2013-02-02,Edwin Figueroa,Francisco Rivera,785.0,183.0,650.0,155.0,680.0,1180.0
2013-02-02,Gleison Tibau,Evan Dunham,260.0,146.0,649.0,606.0,590.0,895.0
2013-02-16,Terry Etim,Renee Forte,254.0,516.0,437.0,625.0,155.0,2205.0
2013-02-16,Renan Barao,Michael McDonald,156.0,488.0,539.0,620.0,245.0,2300.0
2013-02-16,Cub Swanson,Dustin Poirier,387.0,396.0,250.0,775.0,1090.0,245.0
2013-02-16,Jimi Manuwa,Cyrille Diabate,487.0,625.0,-140.0,582.0,1387.0,585.0
2013-02-16,Gunnar Nelson,Jorge Santiago,212.0,525.0,350.0,510.0,242.0,1545.0
2013-02-16,Andy Ogle,Josh Grispi,225.0,526.0,533.0,366.0,1500.0,225.0
2013-02-16,Paul Sass,Danny Castillo,644.0,350.0,1280.0,265.0,150.0,985.0
2013-02-16,Tom Watson,Stanislav Nedkov,197.0,332.0,300.0,375.0,1835.0,730.0
2013-02-16,Vaughan Lee,Motonobu Tezuka,211.0,275.0,625.0,574.0,387.0,575.0
2013-02-16,Phil Harris,Ulysses Gomez,249.0,238.0,1350.0,632.0,1415.0,190.0
2013-02-16,James Te Huna,Ryan Jimmo,420.0,610.0,-110.0,350.0,1530.0,1665.0
2013-02-23,Urijah Faber,Ivan Menjivar,-115.0,485.0,672.0,2470.0,300.0,115.0
2013-02-23,Josh Koscheck,Robbie Lawler,133.0,850.0,450.0,424.0,323.0,3300.0
2013-02-23,Ronda Rousey,Liz Carmouche,1019.0,2600.0,950.0,928.0,-370.0,2500.0
2013-02-23,Lyoto Machida,Dan Henderson,-102.0,660.0,640.0,291.0,650.0,2400.0
2013-02-23,Brendan Schaub,Lavar Johnson,868.0,1200.0,600.0,120.0,160.0,2830.0
2013-02-23,Court McGee,Josh Neer,121.0,625.0,416.0,680.0,405.0,1100.0
2013-02-23,Dennis Bermudez,Matt Grice,146.0,600.0,350.0,645.0,285.0,1000.0
2013-02-23,Nah-Shon Burrell,Yuri Villefort,270.0,257.0,359.0,561.0,1400.0,385.0
2013-02-23,Sam Stout,Caros Fodor,250.0,-112.0,420.0,1150.0,973.0,1150.0
2013-02-23,Kenny Robertson,Brock Jardine,270.0,365.0,550.0,310.0,1415.0,320.0
2013-02-23,Jon Manley,Neil Magny,275.0,164.0,1250.0,514.0,550.0,515.0
2013-02-23,Michael Chiesa,Anton Kuivanen,240.0,375.0,874.0,800.0,155.0,885.0
2013-03-02,Wanderlei Silva,Brian Stann,525.0,485.0,450.0,-165.0,1500.0,1550.0
2013-03-02,Stefan Struve,Mark Hunt,500.0,875.0,700.0,180.0,100.0,3000.0
2013-03-02,Takanori Gomi,Diego Sanchez,357.0,174.0,601.0,600.0,2500.0,320.0
2013-03-02,Yushin Okami,Hector Lombard,245.0,400.0,1425.0,-145.0,1400.0,1200.0
2013-03-02,Mizuto Hirota,Rani Yahya,164.0,450.0,463.0,2200.0,1200.0,271.0
2013-03-02,Dong Hyun Kim,Siyar Bahadurzada,117.0,761.0,1200.0,276.0,386.0,1200.0
2013-03-02,Riki Fukuda,Brad Tavares,165.0,165.0,681.0,609.0,2000.0,725.0
2013-03-02,Takeya Mizugaki,Bryan Caraway,170.0,298.0,180.0,1950.0,1770.0,550.0
2013-03-02,Cristiano Marcello,Kazuki Tokudome,334.0,375.0,330.0,265.0,510.0,1125.0
2013-03-02,Marcelo Guimaraes,Hyun Gyu Lim,725.0,259.0,1117.0,125.0,475.0,1005.0
2013-03-16,Georges St-Pierre,Nick Diaz,-125.0,1394.0,325.0,1250.0,600.0,763.0
2013-03-16,Carlos Condit,Johny Hendricks,197.0,190.0,578.0,350.0,700.0,1835.0
2013-03-16,Jake Ellenberger,Nate Marquardt,174.0,305.0,315.0,390.0,1855.0,1575.0
2013-03-16,Mike Ricci,Colin Fletcher,190.0,660.0,195.0,1520.0,361.0,850.0
2013-03-16,Patrick Cote,Bobby Voelker,370.0,310.0,149.0,475.0,750.0,1540.0
2013-03-16,Nick Ring,Chris Camozzi,145.0,205.0,1320.0,575.0,555.0,1215.0
2013-03-16,Dan Miller,Jordan Mein,464.0,117.0,1515.0,255.0,720.0,1045.0
2013-03-16,John Makdessi,Daron Cruickshank,215.0,210.0,310.0,450.0,1230.0,1405.0
2013-03-16,Rick Story,Quinn Mulhern,-116.0,550.0,250.0,1650.0,900.0,1050.0
2013-03-16,TJ Dillashaw,Issei Tamura,109.0,1335.0,346.0,700.0,300.0,1420.0
2013-03-16,George Roop,Reuben Duran,509.0,260.0,335.0,305.0,490.0,739.0
2013-03-16,Antonio Carvalho,Darren Elkins,613.0,-135.0,525.0,920.0,590.0,800.0
2013-04-06,Akira Corassani,Robert Peralta,666.0,320.0,1155.0,-154.0,1500.0,1600.0
2013-04-06,Diego Brandao,Pablo Garza,335.0,350.0,172.0,662.0,450.0,1400.0
2013-04-06,Brad Pickett,Mike Easton,131.0,219.0,596.0,783.0,850.0,1200.0
2013-04-06,Matt Mitrione,Philip De Fries,708.0,675.0,-170.0,1000.0,3300.0,469.0
2013-04-06,Ryan Couture,Ross Pearson,454.0,119.0,1500.0,200.0,1170.0,1400.0
2013-04-06,Gegard Mousasi,Ilir Latifi,372.0,950.0,124.0,1332.0,230.0,2500.0
2013-04-13,Urijah Faber,Scott Jorgensen,174.0,500.0,500.0,1105.0,134.0,1450.0
2013-04-13,Uriah Hall,Kelvin Gastelum,325.0,575.0,-145.0,1250.0,750.0,865.0
2013-04-13,Miesha Tate,Cat Zingano,245.0,149.0,1350.0,650.0,487.0,591.0
2013-04-13,Travis Browne,Gabriel Gonzaga,350.0,480.0,-140.0,950.0,1500.0,500.0
2013-04-13,Dylan Andrews,Jimmy Quinlan,320.0,428.0,251.0,465.0,625.0,423.0
2013-04-13,Josh Samman,Kevin Casey,315.0,600.0,-106.0,2700.0,460.0,960.0
2013-04-13,Luke Barnatt,Collin Hart,561.0,320.0,293.0,460.0,460.0,402.0
2013-04-13,Bristol Marunde,Clint Hester,435.0,306.0,856.0,187.0,350.0,900.0
2013-04-13,Bubba McDaniel,Gilbert Smith,337.0,500.0,525.0,1300.0,199.0,294.0
2013-04-20,Matt Brown,Jordan Mein,420.0,165.0,1000.0,240.0,1456.0,450.0
2013-04-20,Benson Henderson,Gilbert Melendez,113.0,349.0,436.0,1085.0,620.0,2300.0
2013-04-20,Frank Mir,Daniel Cormier,675.0,310.0,1320.0,-195.0,650.0,1800.0
2013-04-20,Nate Diaz,Josh Thomson,172.0,157.0,775.0,1420.0,420.0,1800.0
2013-04-20,Chad Mendes,Darren Elkins,129.0,769.0,182.0,1000.0,600.0,2000.0
2013-04-20,Clifford Starks,Yoel Romero,385.0,384.0,475.0,145.0,874.0,1120.0
2013-04-20,Ramsey Nijem,Myles Jury,350.0,135.0,575.0,500.0,1805.0,450.0
2013-04-20,Joseph Benavidez,Darren Uyenoyama,130.0,710.0,300.0,1590.0,300.0,1400.0
2013-04-20,Tim Means,Jorge Masvidal,248.0,218.0,340.0,385.0,1410.0,1008.0
2013-04-20,TJ Dillashaw,Hugo Viana,149.0,525.0,319.0,627.0,350.0,1600.0
2013-04-20,Anthony Njokuani,Roger Bowling,175.0,350.0,200.0,550.0,1775.0,1035.0
2013-04-20,Francis Carmont,Lorenz Larkin,250.0,303.0,650.0,310.0,400.0,2525.0
2013-04-27,Jon Jones,Chael Sonnen,400.0,1000.0,145.0,1800.0,135.0,2200.0
2013-04-27,Michael Bisping,Alan Belcher,100.0,300.0,400.0,400.0,1800.0,1600.0
2013-04-27,Roy Nelson,Cheick Kongo,400.0,350.0,-105.0,600.0,600.0,2500.0
2013-04-27,Phil Davis,Vinny Magalhaes,-140.0,600.0,550.0,1400.0,700.0,500.0
2013-04-27,Rustam Khabilov,Yancy Medeiros,260.0,825.0,254.0,420.0,450.0,514.0
2013-04-27,Gian Villante,Ovince Saint Preux,300.0,170.0,500.0,185.0,1000.0,900.0
2013-04-27,Sara McMann,Sheila Gaff,213.0,1385.0,589.0,650.0,110.0,1620.0
2013-04-27,Bryan Caraway,Johnny Bedford,525.0,256.0,1440.0,353.0,175.0,809.0
2013-04-27,Leonard Garcia,Cody McKenzie,325.0,722.0,169.0,2050.0,550.0,280.0
2013-04-27,Steven Siler,Kurt Holobaugh,228.0,251.0,1800.0,462.0,336.0,600.0
2013-05-18,Vitor Belfort,Luke Rockhold,675.0,265.0,150.0,345.0,1000.0,475.0
2013-05-18,Jacare Souza,Chris Camozzi,300.0,800.0,650.0,850.0,-175.0,2500.0
2013-05-18,Rafael Dos Anjos,Evan Dunham,150.0,250.0,500.0,950.0,430.0,1600.0
2013-05-18,Rafael Natal,Joao Zeferino,145.0,440.0,300.0,1150.0,455.0,1310.0
2013-05-18,Hacran Dias,Nik Lentz,180.0,204.0,1700.0,1065.0,445.0,460.0
2013-05-18,Francisco Trinaldo,Mike Rio,339.0,420.0,175.0,1500.0,258.0,1200.0
2013-05-18,Jussier Formiga,Chris Cariaso,,236.0,,680.0,,2240.0
2013-05-18,Paulo Thiago,Michel Prazeres,148.0,280.0,543.0,795.0,500.0,950.0
2013-05-18,Iuri Alcantara,Iliarde Santos,180.0,614.0,215.0,1350.0,295.0,2220.0
2013-05-18,Fabio Maldonado,Roger Hollett,198.0,446.0,140.0,869.0,1640.0,950.0
2013-05-18,John Lineker,Azamat Gashimov,620.0,135.0,175.0,1400.0,1025.0,700.0
2013-05-18,Lucas Martins,Jeremy Larsen,487.0,400.0,-125.0,1300.0,480.0,1608.0
2013-05-18,Gleison Tibau,John Cholish,130.0,317.0,735.0,1100.0,320.0,1000.0
2013-05-25,Donald Cerrone,KJ Noons,173.0,470.0,215.0,515.0,610.0,3425.0
2013-05-25,Junior Dos Santos,Mark Hunt,200.0,800.0,200.0,420.0,400.0,3500.0
2013-05-25,Glover Teixeira,James Te Huna,180.0,600.0,350.0,450.0,280.0,2000.0
2013-05-25,Gray Maynard,TJ Grant,120.0,350.0,500.0,950.0,700.0,600.0
2013-05-25,Mike Pyle,Rick Story,360.0,282.0,400.0,220.0,1360.0,740.0
2013-05-25,Cain Velasquez,Antonio Silva,650.0,1500.0,-380.0,825.0,1500.0,2200.0
2013-05-25,Colton Smith,Robert Whittaker,106.0,568.0,1000.0,400.0,545.0,484.0
2013-05-25,Jeremy Stephens,Estevan Payan,388.0,350.0,120.0,525.0,800.0,1685.0
2013-05-25,Brian Bowles,George Roop,321.0,471.0,200.0,800.0,300.0,1135.0
2013-05-25,Dennis Bermudez,Max Holloway,201.0,438.0,325.0,700.0,272.0,2450.0
2013-05-25,Khabib Nurmagomedov,Abel Trujillo,281.0,550.0,170.0,500.0,428.0,1700.0
2013-05-25,Stephen Thompson,Nah-Shon Burrell,300.0,349.0,150.0,390.0,1855.0,1470.0
2013-06-08,Minotauro Nogueira,Fabricio Werdum,600.0,325.0,450.0,115.0,1100.0,500.0
2013-06-08,William Patolino,Leonardo Santos,,235.0,,827.0,,200.0
2013-06-08,Thiago Silva,Rafael Feijao,450.0,,380.0,,1200.0,
2013-06-08,Daniel Sarafian,Eddie Mendez,180.0,550.0,250.0,900.0,170.0,1700.0
2013-06-08,Erick Silva,Jason High,450.0,450.0,380.0,1200.0,1200.0,1000.0
2013-06-08,Godofredo Pepey,Felipe Arantes,,130.0,,325.0,,1050.0
2013-06-08,Ildemar Alcantara,Leandro Silva,317.0,450.0,175.0,380.0,800.0,1200.0
2013-06-08,Rodrigo Damm,Mizuto Hirota,144.0,381.0,1235.0,320.0,445.0,1725.0
2013-06-08,Caio Magalhaes,Karlos Vemola,480.0,366.0,850.0,250.0,250.0,800.0
2013-06-08,Antonio Braga Neto,Anthony Smith,631.0,1100.0,745.0,300.0,-125.0,2065.0
2013-06-08,Raphael Assuncao,Vaughan Lee,158.0,480.0,439.0,1150.0,240.0,1208.0
2013-06-08,Rony Jason,Mike Wilkinson,275.0,380.0,160.0,950.0,250.0,1600.0
2013-06-15,Pat Barry,Shawn Jordan,550.0,320.0,115.0,400.0,1900.0,420.0
2013-06-15,Rashad Evans,Dan Henderson,130.0,240.0,500.0,260.0,1700.0,1800.0
2013-06-15,Roy Nelson,Stipe Miocic,500.0,300.0,-150.0,650.0,950.0,1800.0
2013-06-15,Ryan Jimmo,Igor Pokrajac,-110.0,350.0,190.0,550.0,1500.0,1150.0
2013-06-15,Alexis Davis,Rosi Sexton,232.0,525.0,400.0,1500.0,125.0,1400.0
2013-06-15,Jake Shields,Tyron Woodley,300.0,110.0,1750.0,300.0,375.0,2000.0
2013-06-15,Sean Pierson,Kenny Robertson,220.0,206.0,425.0,1145.0,1305.0,420.0
2013-06-15,Roland Delorme,Edwin Figueroa,503.0,450.0,700.0,300.0,129.0,764.0
2013-06-15,Mitch Clarke,John Maguire,370.0,147.0,1242.0,605.0,1050.0,295.0
2013-06-15,Yves Jabouin,Dustin Pague,210.0,565.0,110.0,1200.0,2000.0,625.0
2013-06-15,Sam Stout,James Krause,110.0,389.0,250.0,2145.0,1865.0,700.0
2013-07-06,Anderson Silva,Chris Weidman,450.0,550.0,-130.0,850.0,1000.0,425.0
2013-07-06,Frankie Edgar,Charles Oliveira,125.0,1300.0,160.0,950.0,700.0,600.0
2013-07-06,Tim Kennedy,Roger Gracie,125.0,200.0,350.0,1500.0,1000.0,350.0
2013-07-06,Mark Munoz,Tim Boetsch,225.0,275.0,380.0,275.0,1200.0,1500.0
2013-07-06,Cub Swanson,Dennis Siver,166.0,345.0,300.0,645.0,525.0,1200.0
2013-07-06,Norman Parke,Kazuki Tokudome,175.0,249.0,540.0,649.0,580.0,650.0
2013-07-06,Gabriel Gonzaga,Dave Herman,1195.0,700.0,434.0,206.0,135.0,2600.0
2013-07-06,Edson Barboza,Rafaello Oliveira,320.0,1300.0,-190.0,950.0,1375.0,600.0
2013-07-06,Seth Baczynski,Brian Melancon,164.0,368.0,345.0,1055.0,360.0,1900.0
2013-07-06,Mike Pierce,David Mitchell,-117.0,1600.0,187.0,1700.0,1550.0,665.0
2013-07-06,Chris Leben,Andrew Craig,415.0,160.0,300.0,350.0,1000.0,666.0
2013-07-27,Liz Carmouche,Jessica Andrade,240.0,650.0,200.0,1200.0,175.0,1000.0
2013-07-27,Demetrious Johnson,John Moraga,-180.0,950.0,475.0,800.0,625.0,850.0
2013-07-27,Rory MacDonald,Jake Ellenberger,,525.0,,300.0,,1400.0
2013-07-27,Robbie Lawler,Bobby Voelker,260.0,425.0,-115.0,675.0,1700.0,1150.0
2013-07-27,Michael Chiesa,Jorge Masvidal,550.0,177.0,2650.0,165.0,350.0,1205.0
2013-07-27,Julie Kedzie,Germaine de Randamie,327.0,170.0,650.0,426.0,925.0,475.0
2013-07-27,Mac Danzig,Melvin Guillard,660.0,331.0,600.0,170.0,290.0,1800.0
2013-07-27,Aaron Riley,Justin Salas,365.0,196.0,1200.0,285.0,810.0,430.0
2013-07-27,John Albert,Yaotzin Meza,890.0,875.0,240.0,700.0,140.0,451.0
2013-07-27,Danny Castillo,Tim Means,-105.0,580.0,470.0,400.0,570.0,1845.0
2013-07-27,Yves Edwards,Daron Cruickshank,300.0,166.0,525.0,275.0,1525.0,1415.0
2013-07-27,Ed Herman,Trevor Smith,548.0,345.0,304.0,1195.0,200.0,525.0
2013-08-03,Jose Aldo,Chan Sung Jung,325.0,1300.0,-240.0,1150.0,625.0,1100.0
2013-08-03,Lyoto Machida,Phil Davis,-110.0,375.0,200.0,1500.0,1100.0,1100.0
2013-08-03,Cezar Ferreira,Thiago Santos,300.0,500.0,-115.0,1100.0,400.0,1650.0
2013-08-03,John Lineker,Jose Maria,215.0,,-115.0,,850.0,
2013-08-03,Vinny Magalhaes,Anthony Perosh,240.0,500.0,315.0,900.0,130.0,1700.0
2013-08-03,Thales Leites,Tom Watson,225.0,280.0,1500.0,275.0,200.0,1300.0
2013-08-03,Sergio Moraes,Neil Magny,289.0,275.0,750.0,506.0,200.0,1750.0
2013-08-03,Ian McCall,Iliarde Santos,-130.0,500.0,328.0,1100.0,550.0,1650.0
2013-08-03,Rani Yahya,Josh Clopton,329.0,1500.0,1050.0,1257.0,-300.0,2800.0
2013-08-03,Ednaldo Oliveira,Francimar Barroso,552.0,,115.0,,1000.0,
2013-08-03,Viscardi Andrade,Bristol Marunde,167.0,360.0,412.0,665.0,500.0,745.0
2013-08-03,Amanda Nunes,Sheila Gaff,468.0,700.0,145.0,333.0,350.0,1900.0
2013-08-17,Matt Brown,Mike Pyle,425.0,400.0,110.0,950.0,1000.0,280.0
2013-08-17,Mauricio Rua,Chael Sonnen,800.0,145.0,190.0,900.0,450.0,600.0
2013-08-17,Alistair Overeem,Travis Browne,425.0,700.0,-130.0,300.0,650.0,1600.0
2013-08-17,Urijah Faber,Iuri Alcantara,115.0,575.0,550.0,400.0,300.0,1000.0
2013-08-17,Joe Lauzon,Michael Johnson,675.0,425.0,725.0,375.0,-140.0,1700.0
2013-08-17,Uriah Hall,John Howard,225.0,600.0,110.0,700.0,500.0,1350.0
2013-08-17,Conor McGregor,Max Holloway,325.0,525.0,-125.0,600.0,1050.0,850.0
2013-08-17,Ramsey Nijem,James Vick,210.0,435.0,506.0,330.0,300.0,1000.0
2013-08-17,Mike Brown,Steven Siler,425.0,375.0,110.0,810.0,1000.0,645.0
2013-08-17,Diego Brandao,Daniel Pineda,417.0,480.0,220.0,500.0,350.0,600.0
2013-08-17,Manvel Gamburyan,Cole Miller,275.0,268.0,225.0,1105.0,1065.0,500.0
2013-08-17,Cody Donovan,Ovince Saint Preux,840.0,333.0,880.0,-105.0,545.0,612.0
2013-08-17,Brad Pickett,Michael McDonald,250.0,175.0,800.0,300.0,750.0,550.0
2013-08-28,Carlos Condit,Martin Kampmann,185.0,400.0,150.0,1200.0,900.0,700.0
2013-08-28,Donald Cerrone,Rafael Dos Anjos,175.0,190.0,375.0,1050.0,550.0,1000.0
2013-08-28,Kelvin Gastelum,Brian Melancon,100.0,425.0,525.0,400.0,625.0,1450.0
2013-08-28,Court McGee,Robert Whittaker,190.0,180.0,800.0,290.0,625.0,1150.0
2013-08-28,Takeya Mizugaki,Erik Perez,242.0,180.0,865.0,400.0,1325.0,450.0
2013-08-28,Brad Tavares,Bubba McDaniel,210.0,700.0,-115.0,1400.0,850.0,900.0
2013-08-28,Justin Edwards,Brandon Thatch,656.0,260.0,1042.0,180.0,470.0,350.0
2013-08-28,Darren Elkins,Hatsu Hioki,180.0,220.0,1600.0,499.0,1433.0,285.0
2013-08-28,James Head,Jason High,321.0,168.0,300.0,800.0,1315.0,600.0
2013-08-28,Zak Cummings,Benny Alloway,385.0,369.0,500.0,400.0,280.0,555.0
2013-08-28,Dylan Andrews,Papy Abedi,402.0,500.0,120.0,800.0,400.0,800.0
2013-08-31,Ben Rothwell,Brandon Vera,350.0,325.0,175.0,200.0,1500.0,950.0
2013-08-31,Benson Henderson,Anthony Pettis,150.0,275.0,500.0,300.0,950.0,800.0
2013-08-31,Frank Mir,Josh Barnett,400.0,225.0,550.0,225.0,350.0,550.0
2013-08-31,Chad Mendes,Clay Guida,100.0,475.0,325.0,1400.0,375.0,1500.0
2013-08-31,Erik Koch,Dustin Poirier,201.0,359.0,250.0,795.0,502.0,500.0
2013-08-31,Ryan Couture,Al Iaquinta,320.0,250.0,1295.0,200.0,700.0,592.0
2013-08-31,Louis Gaudinot,Tim Elliott,325.0,171.0,745.0,525.0,1000.0,305.0
2013-08-31,Pascal Krauss,Hyun Gyu Lim,183.0,486.0,425.0,400.0,346.0,900.0
2013-08-31,Chico Camus,Kyung Ho Kang,327.0,150.0,750.0,900.0,1670.0,220.0
2013-08-31,Soa Palelei,Nikita Krylov,700.0,1022.0,135.0,260.0,900.0,240.0
2013-08-31,Jared Hamman,Magnus Cedenblad,485.0,500.0,275.0,212.0,700.0,500.0
2013-08-31,Jamie Varner,Gleison Tibau,260.0,171.0,250.0,1185.0,1505.0,550.0
2013-09-04,Glover Teixeira,Ryan Bader,525.0,650.0,100.0,700.0,225.0,1700.0
2013-09-04,Yushin Okami,Jacare Souza,275.0,176.0,1000.0,401.0,2500.0,320.0
2013-09-04,Joseph Benavidez,Jussier Formiga,185.0,,140.0,,700.0,
2013-09-04,Francisco Trinaldo,Piotr Hallmann,341.0,550.0,325.0,650.0,165.0,1350.0
2013-09-04,Rafael Natal,Tor Troeng,175.0,550.0,500.0,550.0,250.0,800.0
2013-09-04,Felipe Arantes,Kevin Souza,265.0,176.0,565.0,401.0,150.0,320.0
2013-09-04,Lucas Martins,Junior Hernandez,500.0,275.0,200.0,400.0,1142.0,1060.0
2013-09-04,Joao Zeferino,Elias Silverio,465.0,360.0,660.0,245.0,250.0,685.0
2013-09-04,Keith Wisniewski,Ivan Jorge,370.0,250.0,940.0,700.0,1275.0,160.0
2013-09-04,Yuri Villefort,Sean Spencer,200.0,300.0,800.0,900.0,235.0,1095.0
2013-09-04,Marcos Vinicius,Ali Bagautinov,500.0,305.0,700.0,145.0,1150.0,350.0
2013-09-21,Pat Healy,Khabib Nurmagomedov,275.0,140.0,1500.0,330.0,900.0,450.0
2013-09-21,Jon Jones,Alexander Gustafsson,300.0,1300.0,165.0,900.0,140.0,2300.0
2013-09-21,Renan Barao,Eddie Wineland,280.0,1100.0,250.0,725.0,120.0,2400.0
2013-09-21,Brendan Schaub,Matt Mitrione,210.0,650.0,400.0,135.0,650.0,1800.0
2013-09-21,Costas Philippou,Francis Carmont,180.0,220.0,210.0,1200.0,1400.0,650.0
2013-09-21,Mike Ricci,Myles Jury,510.0,130.0,1225.0,370.0,1680.0,325.0
2013-09-21,Nandor Guelmino,Daniel Omielanczuk,635.0,700.0,600.0,260.0,675.0,145.0
2013-09-21,Chris Clements,Stephen Thompson,605.0,170.0,750.0,150.0,2640.0,757.0
2013-09-21,Mitch Gagnon,Dustin Kimura,370.0,314.0,450.0,1130.0,800.0,170.0
2013-09-21,John Makdessi,Renee Forte,160.0,246.0,380.0,1850.0,1795.0,450.0
2013-09-21,Michel Prazeres,Jesse Ronson,260.0,250.0,1195.0,290.0,375.0,1375.0
2013-09-21,Roland Delorme,Alex Caceres,350.0,206.0,1345.0,720.0,325.0,325.0
2013-09-21,Ivan Menjivar,Wilson Reis,195.0,271.0,415.0,900.0,805.0,450.0
2013-10-09,Fabio Maldonado,Joey Beltran,185.0,180.0,290.0,525.0,1150.0,2000.0
2013-10-09,Erick Silva,Dong Hyun Kim,360.0,275.0,160.0,1400.0,250.0,1100.0
2013-10-09,Rousimar Palhares,Mike Pierce,650.0,180.0,1500.0,130.0,330.0,1550.0
2013-10-09,Demian Maia,Jake Shields,160.0,370.0,350.0,1050.0,250.0,1000.0
2013-10-09,Ildemar Alcantara,Igor Araujo,178.0,415.0,150.0,2225.0,1067.0,1000.0
2013-10-09,Raphael Assuncao,TJ Dillashaw,350.0,163.0,1200.0,300.0,645.0,526.0
2013-10-09,Alan Patrick,Garett Whiteley,190.0,716.0,490.0,435.0,245.0,1065.0
2013-10-09,Thiago Silva,Matt Hamill,360.0,400.0,160.0,750.0,250.0,1600.0
2013-10-09,Iliarde Santos,Chris Cariaso,230.0,180.0,455.0,700.0,400.0,1100.0
2013-10-09,Yan Cabral,David Mitchell,280.0,470.0,700.0,1400.0,110.0,545.0
2013-10-19,Cain Velasquez,Junior Dos Santos,200.0,750.0,250.0,225.0,725.0,1800.0
2013-10-19,Daniel Cormier,Roy Nelson,-155.0,1600.0,275.0,475.0,1800.0,2300.0
2013-10-19,Gilbert Melendez,Diego Sanchez,-155.0,650.0,250.0,2300.0,1200.0,2000.0
2013-10-19,Gabriel Gonzaga,Shawn Jordan,750.0,475.0,425.0,-110.0,500.0,2300.0
2013-10-19,Tim Boetsch,CB Dollaway,254.0,320.0,250.0,410.0,800.0,788.0
2013-10-19,John Dodson,Darrell Montague,140.0,420.0,180.0,1400.0,850.0,1500.0
2013-10-19,George Sotiropoulos,KJ Noons,300.0,273.0,2475.0,165.0,425.0,1805.0
2013-10-19,TJ Waldburger,Adlan Amagov,605.0,210.0,770.0,160.0,405.0,1735.0
2013-10-19,Tony Ferguson,Mike Rio,179.0,535.0,130.0,2100.0,897.0,1125.0
2013-10-19,Jeremy Larsen,Andre Fili,475.0,230.0,485.0,235.0,896.0,556.0
2013-10-19,Dustin Pague,Kyoji Horiguchi,255.0,245.0,1210.0,245.0,550.0,1045.0
2013-10-19,Nate Marquardt,Hector Lombard,270.0,328.0,700.0,125.0,2020.0,905.0
2013-10-26,Lyoto Machida,Mark Munoz,210.0,650.0,110.0,550.0,745.0,2000.0
2013-10-26,Jimi Manuwa,Ryan Jimmo,375.0,425.0,150.0,350.0,1100.0,1000.0
2013-10-26,Norman Parke,Jon Tuck,145.0,326.0,300.0,878.0,519.0,545.0
2013-10-26,Phil Harris,John Lineker,550.0,297.0,1915.0,-115.0,975.0,832.0
2013-10-26,Alessio Sakara,Nico Musoke,310.0,525.0,170.0,400.0,465.0,635.0
2013-10-26,Luke Barnatt,Andrew Craig,517.0,170.0,405.0,250.0,708.0,1200.0
2013-10-26,Rosi Sexton,Jessica Andrade,237.0,200.0,790.0,475.0,585.0,578.0
2013-10-26,Andy Ogle,Cole Miller,325.0,334.0,560.0,650.0,1360.0,160.0
2013-10-26,Jimy Hettes,Rob Whiteford,296.0,550.0,839.0,1325.0,-150.0,1530.0
2013-10-26,Bradley Scott,Michael Kuiper,440.0,222.0,985.0,250.0,1200.0,315.0
2013-10-26,Al Iaquinta,Piotr Hallmann,188.0,318.0,305.0,1875.0,926.0,420.0
2013-11-06,Tim Kennedy,Rafael Natal,160.0,500.0,180.0,950.0,600.0,1500.0
2013-11-06,Liz Carmouche,Alexis Davis,150.0,335.0,275.0,1500.0,1050.0,550.0
2013-11-06,Ronny Markes,Yoel Romero,240.0,450.0,1150.0,125.0,1275.0,650.0
2013-11-06,Jorge Masvidal,Rustam Khabilov,300.0,190.0,475.0,340.0,1100.0,575.0
2013-11-06,Colton Smith,Michael Chiesa,250.0,406.0,750.0,475.0,750.0,200.0
2013-11-06,Bobby Green,James Krause,210.0,264.0,600.0,550.0,820.0,330.0
2013-11-06,Dennis Bermudez,Steven Siler,177.0,310.0,400.0,1500.0,500.0,650.0
2013-11-06,Amanda Nunes,Germaine de Randamie,350.0,250.0,405.0,275.0,460.0,1495.0
2013-11-06,Chris Camozzi,Lorenz Larkin,500.0,-108.0,700.0,265.0,800.0,1130.0
2013-11-06,Neil Magny,Seth Baczynski,191.0,412.0,460.0,365.0,880.0,500.0
2013-11-06,George Roop,Francisco Rivera,443.0,380.0,245.0,180.0,700.0,1150.0
2013-11-09,Vitor Belfort,Dan Henderson,275.0,600.0,160.0,300.0,450.0,2200.0
2013-11-09,Cezar Ferreira,Daniel Sarafian,220.0,440.0,290.0,575.0,380.0,400.0
2013-11-09,Rafael Feijao,Igor Pokrajac,,450.0,,550.0,,1500.0
2013-11-09,Paulo Thiago,Brandon Thatch,400.0,500.0,1250.0,-150.0,750.0,600.0
2013-11-09,Santiago Ponzinibbio,Ryan LaFlare,350.0,,325.0,,650.0,
2013-11-09,Godofredo Pepey,Sam Sicilia,675.0,370.0,480.0,290.0,200.0,931.0
2013-11-09,Thiago Perpetuo,Omari Akhmedov,260.0,600.0,580.0,130.0,1260.0,664.0
2013-11-09,Jose Maria,Dustin Ortiz,,226.0,,575.0,,675.0
2013-11-09,Rony Jason,Jeremy Stephens,325.0,490.0,375.0,290.0,310.0,1395.0
2013-11-09,Thiago Tavares,Justin Salas,171.0,364.0,626.0,675.0,245.0,1825.0
2013-11-09,Adriano Martins,Daron Cruickshank,334.0,173.0,375.0,375.0,1120.0,1215.0
2013-11-16,Georges St-Pierre,Johny Hendricks,-140.0,1000.0,565.0,260.0,600.0,2000.0
2013-11-16,Rashad Evans,Chael Sonnen,155.0,230.0,240.0,1000.0,1200.0,925.0
2013-11-16,Rory MacDonald,Robbie Lawler,,1000.0,,365.0,,2200.0
2013-11-16,Josh Koscheck,Tyron Woodley,175.0,250.0,650.0,325.0,875.0,550.0
2013-11-16,Tim Elliott,Ali Bagautinov,150.0,255.0,465.0,500.0,600.0,850.0
2013-11-16,Brian Ebersole,Rick Story,370.0,110.0,600.0,350.0,820.0,1150.0
2013-11-16,Erik Perez,Edwin Figueroa,188.0,569.0,145.0,800.0,606.0,2900.0
2013-11-16,Jason High,Anthony Lapsley,320.0,435.0,901.0,1050.0,-120.0,1310.0
2013-11-16,Will Campuzano,Sergio Pettis,500.0,254.0,1350.0,240.0,1665.0,225.0
2013-11-16,Cody Donovan,Gian Villante,470.0,369.0,1110.0,-130.0,1440.0,1160.0
2013-11-16,Ed Herman,Thales Leites,340.0,171.0,530.0,1288.0,1215.0,200.0
2013-11-16,Donald Cerrone,Evan Dunham,243.0,175.0,455.0,850.0,545.0,905.0
2013-11-30,Jessamyn Duke,Peggy Morgan,165.0,353.0,,,,
2013-11-30,Gray Maynard,Nate Diaz,120.0,300.0,435.0,725.0,1600.0,420.0
2013-11-30,Julianna Pena,Jessica Rakoczy,170.0,,,,,
2013-11-30,Chris Holdsworth,Davey Grant,350.0,375.0,,,,
2013-11-30,Akira Corassani,Maximo Blanco,220.0,280.0,,,,
2013-11-30,Rani Yahya,Tom Niinimaki,230.0,196.0,,,,
2013-11-30,Jared Rosholt,Walt Harris,300.0,1445.0,,,,
2013-11-30,Sean Spencer,Drew Dober,117.0,530.0,,,,
2013-11-30,Joshua Sampo,Ryan Benoit,217.0,395.0,,,,
2013-11-30,Roxanne Modafferi,Raquel Pennington,473.0,233.0,,,,
2013-12-06,Mauricio Rua,James Te Huna,-440.0,235.0,250.0,200.0,450.0,2250.0
2013-12-06,Ryan Bader,Anthony Perosh,600.0,1370.0,-210.0,800.0,450.0,900.0
2013-12-06,Pat Barry,Soa Palelei,1365.0,925.0,-110.0,200.0,1310.0,700.0
2013-12-06,Dylan Andrews,Clint Hester,400.0,320.0,170.0,350.0,650.0,1435.0
2013-12-06,Julie Kedzie,Bethe Correia,150.0,262.0,350.0,640.0,350.0,1395.0
2013-12-06,Nick Ring,Caio Magalhaes,145.0,325.0,520.0,730.0,600.0,599.0
2013-12-06,Richie Vaculik,Justin Scoggins,495.0,277.0,1300.0,-105.0,925.0,745.0
2013-12-06,Bruno Santos,Krzysztof Jotko,130.0,320.0,450.0,825.0,500.0,1040.0
2013-12-06,Ben Wall,Alex Garcia,1085.0,220.0,1740.0,,1150.0,
2013-12-06,Takeya Mizugaki,Nam Phan,-155.0,500.0,375.0,900.0,2000.0,1045.0
2013-12-14,Demetrious Johnson,Joseph Benavidez,-110.0,360.0,1100.0,325.0,1050.0,800.0
2013-12-14,Urijah Faber,Michael McDonald,180.0,325.0,1050.0,320.0,300.0,1250.0
2013-12-14,Chad Mendes,Nik Lentz,180.0,775.0,-130.0,2250.0,825.0,1700.0
2013-12-14,Joe Lauzon,Mac Danzig,350.0,235.0,685.0,1250.0,125.0,1150.0
2013-12-14,Court McGee,Ryan LaFlare,215.0,,760.0,,695.0,
2013-12-14,Danny Castillo,Edson Barboza,422.0,235.0,950.0,-120.0,1880.0,1380.0
2013-12-14,Scott Jorgensen,Zach Makovsky,140.0,290.0,345.0,1500.0,650.0,900.0
2013-12-14,Darren Uyenoyama,Alptekin Ozkilic,305.0,143.0,1695.0,260.0,950.0,1140.0
2013-12-14,Bobby Green,Pat Healy,250.0,155.0,550.0,1115.0,735.0,425.0
2013-12-14,Sam Stout,Cody McKenzie,260.0,515.0,120.0,1905.0,1215.0,400.0
2013-12-14,Abel Trujillo,Roger Bowling,472.0,242.0,200.0,390.0,779.0,501.0
2013-12-28,Robert Peralta,Estevan Payan,269.0,344.0,180.0,550.0,1065.0,800.0
2013-12-28,William Patolino,Bobby Voelker,,450.0,,165.0,,737.0
2013-12-28,John Howard,Siyar Bahadurzada,292.0,420.0,450.0,165.0,1030.0,873.0
2013-12-28,Gleison Tibau,Michael Johnson,230.0,239.0,1095.0,350.0,300.0,1565.0
2013-12-28,Chris Leben,Uriah Hall,633.0,220.0,500.0,125.0,1380.0,1000.0
2013-12-28,Dustin Poirier,Diego Brandao,254.0,417.0,250.0,500.0,350.0,1025.0
2013-12-28,Jim Miller,Fabricio Camoes,165.0,573.0,430.0,1455.0,190.0,930.0
2013-12-28,Josh Barnett,Travis Browne,450.0,546.0,328.0,250.0,250.0,1410.0
2013-12-28,Ronda Rousey,Miesha Tate,894.0,1700.0,792.0,1412.0,-275.0,1000.0
2013-12-28,Chris Weidman,Anderson Silva,535.0,529.0,434.0,135.0,505.0,1000.0
2014-01-04,Tarec Saffiedine,Hyun Gyu Lim,189.0,700.0,,,,
2014-01-04,Tatsuya Kawajiri,Sean Soriano,200.0,175.0,,,,
2014-01-04,Kyung Ho Kang,Shunichi Shimizu,-120.0,776.0,,,,
2014-01-04,Max Holloway,Will Chope,150.0,500.0,,,,
2014-01-04,Kiichi Kunimoto,Luiz Dutra,276.0,,,,,
2014-01-04,Royston Wee,Dave Galera,377.0,404.0,,,,
2014-01-04,Mairbek Taisumov,Tae Hyun Bang,239.0,591.0,,,,
2014-01-04,Dustin Kimura,Jon Delos Reyes,299.0,550.0,,,,
2014-01-04,Leandro Issa,Russell Doane,171.0,231.0,,,,
2014-01-04,Katsunori Kikuno,Quinn Mulhern,200.0,423.0,,,,
2014-01-15,Luke Rockhold,Costas Philippou,160.0,900.0,350.0,350.0,250.0,2050.0
2014-01-15,Lorenz Larkin,Brad Tavares,110.0,350.0,250.0,730.0,1478.0,980.0
2014-01-15,TJ Dillashaw,Mike Easton,110.0,395.0,350.0,700.0,545.0,1440.0
2014-01-15,Yoel Romero,Derek Brunson,798.0,320.0,-130.0,750.0,1525.0,1242.0
2014-01-15,John Moraga,Dustin Ortiz,145.0,353.0,665.0,645.0,350.0,1175.0
2014-01-15,Ramsey Nijem,Justin Edwards,210.0,695.0,340.0,425.0,350.0,350.0
2014-01-15,Isaac Vallie-Flagg,Elias Silverio,250.0,140.0,725.0,415.0,870.0,930.0
2014-01-15,Trevor Smith,Brian Houston,655.0,640.0,800.0,180.0,110.0,1042.0
2014-01-15,Alptekin Ozkilic,Louis Smolka,-105.0,610.0,350.0,600.0,750.0,700.0
2014-01-15,Vinc Pichel,Garett Whiteley,365.0,630.0,190.0,300.0,635.0,545.0
2014-01-15,Charlie Brenneman,Beneil Dariush,125.0,475.0,535.0,505.0,615.0,500.0
2014-01-15,Cole Miller,Sam Sicilia,320.0,525.0,685.0,220.0,200.0,830.0
2014-01-25,Benson Henderson,Josh Thomson,-120.0,500.0,550.0,700.0,550.0,950.0
2014-01-25,Stipe Miocic,Gabriel Gonzaga,450.0,1300.0,-120.0,340.0,1150.0,675.0
2014-01-25,Alex Caceres,Sergio Pettis,265.0,175.0,1300.0,455.0,700.0,385.0
2014-01-25,Donald Cerrone,Adriano Martins,150.0,375.0,280.0,750.0,850.0,615.0
2014-01-25,Junior Hernandez,Hugo Viana,435.0,254.0,1000.0,110.0,1895.0,1030.0
2014-01-25,Eddie Wineland,Yves Jabouin,242.0,550.0,-119.0,1100.0,1700.0,1865.0
2014-01-25,Walt Harris,Nikita Krylov,459.0,1250.0,-150.0,710.0,800.0,800.0
2014-01-25,Darren Elkins,Jeremy Stephens,160.0,475.0,650.0,160.0,950.0,1175.0
2014-01-25,Daron Cruickshank,Mike Rio,240.0,485.0,160.0,1350.0,1245.0,430.0
2014-01-25,George Sullivan,Mike Rhodes,567.0,188.0,460.0,180.0,1465.0,740.0
2014-02-01,Anthony Rocco Martin,Rashid Magomedov,190.0,245.0,1700.0,245.0,950.0,913.0
2014-02-01,Renan Barao,Urijah Faber,100.0,550.0,425.0,1250.0,450.0,500.0
2014-02-01,Jose Aldo,Ricardo Lamas,275.0,900.0,-160.0,1150.0,1100.0,1500.0
2014-02-01,Neil Magny,Gasan Umalatov,250.0,185.0,500.0,685.0,1380.0,400.0
2014-02-01,Jamie Varner,Abel Trujillo,225.0,275.0,350.0,350.0,510.0,1450.0
2014-02-01,Frank Mir,Alistair Overeem,800.0,600.0,750.0,-200.0,650.0,1200.0
2014-02-01,Chris Cariaso,Danny Martinez,190.0,200.0,545.0,1580.0,365.0,1100.0
2014-02-01,Nick Catone,Tom Watson,205.0,367.0,1100.0,240.0,1278.0,1245.0
2014-02-01,Al Iaquinta,Kevin Lee,160.0,341.0,495.0,1140.0,595.0,350.0
2014-02-01,Clint Hester,Andy Enz,300.0,348.0,165.0,1160.0,1210.0,490.0
2014-02-01,John Makdessi,Alan Patrick,229.0,295.0,295.0,630.0,1480.0,457.0
2014-02-01,John Lineker,Ali Bagautinov,350.0,275.0,340.0,320.0,1050.0,450.0
2014-02-15,Charles Oliveira,Andy Ogle,277.0,802.0,438.0,1500.0,-115.0,2830.0
2014-02-15,Lyoto Machida,Gegard Mousasi,135.0,450.0,250.0,450.0,1050.0,1200.0
2014-02-15,Jacare Souza,Francis Carmont,300.0,525.0,220.0,1250.0,155.0,2500.0
2014-02-15,Erick Silva,Takenori Sato,498.0,1550.0,-150.0,2650.0,319.0,1400.0
2014-02-15,Viscardi Andrade,Nico Musoke,380.0,315.0,300.0,500.0,450.0,400.0
2014-02-15,Cristiano Marcello,Joe Proctor,340.0,184.0,1035.0,270.0,1170.0,479.0
2014-02-15,Francisco Trinaldo,Jesse Ronson,425.0,350.0,474.0,450.0,200.0,757.0
2014-02-15,Iuri Alcantara,Wilson Reis,190.0,325.0,250.0,935.0,601.0,835.0
2014-02-15,Felipe Arantes,Maximo Blanco,225.0,261.0,445.0,350.0,873.0,944.0
2014-02-15,Ildemar Alcantara,Albert Tumenov,190.0,253.0,250.0,130.0,601.0,1695.0
2014-02-15,Douglas Silva de Andrade,Zubaira Tukhugov,380.0,,300.0,,450.0,
2014-02-15,Rodrigo Damm,Ivan Jorge,250.0,178.0,700.0,550.0,1240.0,402.0
2014-02-22,Ronda Rousey,Sara McMann,410.0,675.0,700.0,725.0,-175.0,1500.0
2014-02-22,Daniel Cormier,Patrick Cummins,209.0,847.0,-165.0,2100.0,1040.0,2785.0
2014-02-22,Rory MacDonald,Demian Maia,,400.0,,1500.0,,550.0
2014-02-22,Mike Pyle,TJ Waldburger,350.0,400.0,140.0,675.0,675.0,550.0
2014-02-22,Robert Whittaker,Stephen Thompson,350.0,215.0,325.0,280.0,725.0,1200.0
2014-02-22,Raphael Assuncao,Pedro Munhoz,100.0,343.0,425.0,1925.0,485.0,1350.0
2014-02-22,Cody Gibson,Aljamain Sterling,436.0,140.0,1145.0,900.0,1350.0,195.0
2014-02-22,Zach Makovsky,Joshua Sampo,-120.0,329.0,750.0,2255.0,435.0,700.0
2014-02-22,Rafaello Oliveira,Erik Koch,753.0,240.0,1115.0,110.0,1200.0,600.0
2014-02-22,Ernest Chavez,Yosdenis Cedeno,420.0,210.0,985.0,135.0,1845.0,900.0
2014-02-22,Alexis Davis,Jessica Eye,183.0,180.0,1050.0,1050.0,300.0,2800.0
2014-03-01,Dong Hyun Kim,John Hathaway,115.0,450.0,300.0,700.0,560.0,1500.0
2014-03-01,Sai Wang,Zhang Lipeng,369.0,,,,,
2014-03-01,Matt Mitrione,Shawn Jordan,499.0,516.0,,,,
2014-03-01,Kazuki Tokudome,Yui Chul Nam,251.0,165.0,,,,
2014-03-01,Nam Phan,Vaughan Lee,120.0,246.0,,,,
2014-03-01,Albert Cheng,An Ying Wang,301.0,369.0,,,,
2014-03-01,Jumabieke Tuerxun,Mark Eddiva,149.0,768.0,,,,
2014-03-01,Hatsu Hioki,Ivan Menjivar,-130.0,525.0,,,,
2014-03-08,Alexander Gustafsson,Jimi Manuwa,350.0,850.0,140.0,600.0,250.0,2000.0
2014-03-08,Michael Johnson,Melvin Guillard,200.0,500.0,,,,
2014-03-08,Gunnar Nelson,Omari Akhmedov,210.0,750.0,,,,
2014-03-08,Brad Pickett,Neil Seery,250.0,1175.0,,,,
2014-03-08,Luke Barnatt,Mats Nilsson,150.0,470.0,,,,
2014-03-08,Bradley Scott,Claudio Silva,185.0,550.0,,,,
2014-03-08,Igor Araujo,Danny Mitchell,170.0,355.0,,,,
2014-03-08,Cyrille Diabate,Ilir Latifi,390.0,205.0,,,,
2014-03-15,Ovince Saint Preux,Nikita Krylov,313.0,800.0,-127.0,550.0,650.0,1100.0
2014-03-15,Carlos Condit,Tyron Woodley,275.0,200.0,200.0,725.0,600.0,2500.0
2014-03-15,Diego Sanchez,Myles Jury,250.0,120.0,700.0,415.0,1500.0,900.0
2014-03-15,Jake Shields,Hector Lombard,250.0,375.0,2500.0,-105.0,550.0,2500.0
2014-03-15,Kelvin Gastelum,Rick Story,188.0,228.0,450.0,700.0,400.0,1815.0
2014-03-15,Johny Hendricks,Robbie Lawler,225.0,900.0,110.0,475.0,700.0,2000.0
2014-03-15,Dennis Bermudez,Jimy Hettes,120.0,340.0,245.0,2525.0,1200.0,400.0
2014-03-15,Sean Spencer,Alex Garcia,630.0,329.0,700.0,217.0,1268.0,200.0
2014-03-15,Renee Forte,Francisco Trevino,209.0,305.0,280.0,450.0,807.0,990.0
2014-03-15,Will Campuzano,Justin Scoggins,767.0,105.0,2195.0,178.0,1500.0,700.0
2014-03-15,Bubba McDaniel,Sean Strickland,400.0,319.0,627.0,215.0,465.0,630.0
2014-03-15,Daniel Pineda,Rob Whiteford,349.0,350.0,475.0,483.0,178.0,1800.0
2014-03-15,Raquel Pennington,Jessica Andrade,345.0,114.0,750.0,702.0,2760.0,360.0
2014-03-23,Mauricio Rua,Dan Henderson,250.0,450.0,145.0,400.0,950.0,1500.0
2014-03-23,Fabio Maldonado,Gian Villante,302.0,140.0,600.0,325.0,1970.0,1150.0
2014-03-23,Michel Prazeres,Mairbek Taisumov,444.0,126.0,1360.0,220.0,1130.0,1145.0
2014-03-23,Rony Jason,Steven Siler,170.0,320.0,600.0,540.0,335.0,1472.0
2014-03-23,Cezar Ferreira,CB Dollaway,285.0,300.0,230.0,950.0,300.0,875.0
2014-03-23,Jussier Formiga,Scott Jorgensen,327.0,110.0,1280.0,420.0,575.0,1475.0
2014-03-23,Thiago Perpetuo,Kenny Robertson,333.0,450.0,200.0,435.0,1290.0,431.0
2014-03-23,Francimar Barroso,Hans Stringer,315.0,375.0,320.0,385.0,479.0,596.0
2014-03-23,Godofredo Pepey,Noad Lahat,438.0,-110.0,1120.0,395.0,1400.0,655.0
2014-03-23,Ronny Markes,Thiago Santos,149.0,738.0,272.0,721.0,245.0,400.0
2014-04-11,Minotauro Nogueira,Roy Nelson,250.0,1650.0,905.0,-125.0,900.0,1035.0
2014-04-11,Clay Guida,Tatsuya Kawajiri,110.0,228.0,,,,
2014-04-11,John Howard,Ryan LaFlare,599.0,,,,,
2014-04-11,Jared Rosholt,Daniel Omielanczuk,120.0,850.0,,,,
2014-04-11,Thales Leites,Trevor Smith,130.0,747.0,,,,
2014-04-11,Alan Omer,Jim Alers,372.0,193.0,,,,
2014-04-11,Ramsey Nijem,Beneil Dariush,285.0,314.0,,,,
2014-04-16,Dustin Poirier,Akira Corassani,250.0,1372.0,,,,
2014-04-16,Michael Bisping,Tim Kennedy,-110.0,300.0,450.0,600.0,1250.0,1250.0
2014-04-16,Patrick Cote,Kyle Noke,504.0,160.0,,,,
2014-04-16,Sheldon Westcott,Elias Theodorou,561.0,-105.0,,,,
2014-04-16,Chad Laprise,Olivier Aubin-Mercier,320.0,205.0,,,,
2014-04-16,Sam Stout,KJ Noons,150.0,181.0,,,,
2014-04-16,Mitch Gagnon,Tim Gorman,633.0,535.0,,,,
2014-04-16,Ryan Jimmo,Sean O'Connell,180.0,720.0,,,,
2014-04-16,George Roop,Dustin Kimura,260.0,606.0,,,,
2014-04-16,Mark Bocek,Mike de la Torre,197.0,710.0,,,,
2014-04-16,Nordine Taleb,Vik Grujic,178.0,505.0,,,,
2014-04-16,Richard Walsh,Chris Indich,250.0,435.0,,,,
2014-04-16,Sarah Kaufman,Leslie Smith,-121.0,310.0,,,,
2014-04-19,Fabricio Werdum,Travis Browne,575.0,475.0,700.0,-125.0,400.0,2500.0
2014-04-19,Donald Cerrone,Edson Barboza,320.0,310.0,400.0,210.0,450.0,1350.0
2014-04-19,Brad Tavares,Yoel Romero,145.0,380.0,515.0,220.0,1200.0,1400.0
2014-04-19,Rafael Dos Anjos,Khabib Nurmagomedov,450.0,-115.0,600.0,480.0,906.0,885.0
2014-04-19,Thiago Alves,Seth Baczynski,199.0,606.0,-140.0,1250.0,942.0,1200.0
2014-04-19,Miesha Tate,Liz Carmouche,105.0,300.0,675.0,600.0,450.0,1100.0
2014-04-19,Estevan Payan,Alex White,260.0,275.0,285.0,450.0,422.0,1180.0
2014-04-19,Caio Magalhaes,Luke Zachrich,169.0,523.0,415.0,570.0,300.0,1375.0
2014-04-19,Jordan Mein,Hernani Perpetuo,218.0,499.0,160.0,1000.0,435.0,1620.0
2014-04-19,Dustin Ortiz,Ray Borg,132.0,345.0,335.0,1230.0,1235.0,585.0
2014-04-19,Mirsad Bektic,Chas Skelly,245.0,210.0,265.0,1075.0,859.0,850.0
2014-04-19,Derrick Lewis,Jack May,630.0,885.0,-180.0,475.0,835.0,1075.0
2014-04-19,Jorge Masvidal,Pat Healy,-125.0,340.0,350.0,1425.0,785.0,1155.0
2014-04-26,Jon Jones,Glover Teixeira,300.0,800.0,145.0,800.0,275.0,1350.0
2014-04-26,Phil Davis,Anthony Johnson,185.0,425.0,900.0,400.0,175.0,2500.0
2014-04-26,Luke Rockhold,Tim Boetsch,160.0,950.0,125.0,1300.0,450.0,2000.0
2014-04-26,Jim Miller,Yancy Medeiros,125.0,350.0,975.0,450.0,375.0,1275.0
2014-04-26,Joseph Benavidez,Tim Elliott,100.0,585.0,265.0,800.0,500.0,1455.0
2014-04-26,Takanori Gomi,Isaac Vallie-Flagg,142.0,225.0,425.0,725.0,1145.0,1455.0
2014-04-26,Jessamyn Duke,Bethe Correia,168.0,150.0,700.0,850.0,650.0,1375.0
2014-04-26,Danny Castillo,Charlie Brenneman,203.0,375.0,150.0,1450.0,722.0,1240.0
2014-04-26,Chris Beal,Patrick Williams,222.0,306.0,445.0,425.0,506.0,934.0
2014-04-26,Max Holloway,Andre Fili,201.0,220.0,830.0,325.0,1570.0,600.0
2014-05-10,Soa Palelei,Ruan Potts,555.0,1000.0,-170.0,620.0,600.0,563.0
2014-05-10,Matt Brown,Erick Silva,1500.0,400.0,200.0,350.0,2000.0,202.0
2014-05-10,Erik Koch,Daron Cruickshank,175.0,523.0,160.0,1375.0,500.0,2650.0
2014-05-10,Neil Magny,Tim Means,285.0,246.0,1900.0,140.0,2200.0,700.0
2014-05-10,Chris Cariaso,Louis Smolka,178.0,160.0,800.0,749.0,1440.0,450.0
2014-05-10,Costas Philippou,Lorenz Larkin,441.0,-130.0,640.0,336.0,2000.0,2000.0
2014-05-10,Kyoji Horiguchi,Darrell Montague,260.0,270.0,180.0,1100.0,484.0,855.0
2014-05-10,Yan Cabral,Zak Cummings,-105.0,1065.0,1185.0,950.0,165.0,1535.0
2014-05-10,Eddie Wineland,Johnny Eduardo,130.0,1160.0,140.0,1500.0,654.0,1755.0
2014-05-10,Manvel Gamburyan,Nik Lentz,615.0,-161.0,1500.0,425.0,1775.0,730.0
2014-05-10,Anthony Lapsley,Albert Tumenov,350.0,177.0,1431.0,160.0,750.0,1175.0
2014-05-10,Justin Salas,Ben Wall,115.0,340.0,545.0,1500.0,385.0,1200.0
2014-05-10,Ed Herman,Rafael Natal,432.0,135.0,340.0,905.0,1090.0,515.0
2014-05-24,Renan Barao,TJ Dillashaw,200.0,900.0,115.0,1400.0,400.0,1800.0
2014-05-24,Daniel Cormier,Dan Henderson,-120.0,1500.0,150.0,800.0,1000.0,2500.0
2014-05-24,Robbie Lawler,Jake Ellenberger,225.0,350.0,140.0,500.0,2000.0,1400.0
2014-05-24,Takeya Mizugaki,Francisco Rivera,110.0,375.0,550.0,350.0,725.0,1650.0
2014-05-24,Jamie Varner,James Krause,185.0,315.0,300.0,1200.0,575.0,550.0
2014-05-24,Michael Chiesa,Francisco Trinaldo,509.0,300.0,820.0,630.0,140.0,675.0
2014-05-24,Tony Ferguson,Katsunori Kikuno,176.0,555.0,210.0,575.0,507.0,1535.0
2014-05-24,Chris Holdsworth,Chico Camus,313.0,332.0,735.0,2000.0,100.0,2875.0
2014-05-24,Al Iaquinta,Mitch Clarke,129.0,1081.0,243.0,1730.0,500.0,550.0
2014-05-24,Anthony Njokuani,Vinc Pichel,170.0,517.0,170.0,665.0,1835.0,790.0
2014-05-24,Sam Sicilia,Aaron Phillips,323.0,425.0,185.0,350.0,750.0,1185.0
2014-05-24,David Michaud,Li Jingliang,230.0,,505.0,,455.0,
2014-05-31,Stipe Miocic,Fabio Maldonado,275.0,650.0,-150.0,900.0,650.0,2000.0
2014-05-31,Vitor Miranda,Antonio Carlos Junior,406.0,288.0,,,,
2014-05-31,Marcio Alexandre Junior,Warlley Alves,288.0,250.0,,,,
2014-05-31,Demian Maia,Alexander Yakovlev,150.0,561.0,,,,
2014-05-31,Rony Jason,Robert Peralta,255.0,525.0,,,,
2014-05-31,Rodrigo Damm,Rashid Magomedov,405.0,150.0,,,,
2014-05-31,Paulo Thiago,Gasan Umalatov,-115.0,350.0,,,,
2014-05-31,Kevin Souza,Mark Eddiva,350.0,400.0,,,,
2014-05-31,Ricardo Abreu,Wagner Silva,190.0,450.0,,,,
2014-05-31,Marcos Rogerio de Lima,Richardson Moreira,475.0,890.0,,,,
2014-05-31,Pedro Munhoz,Matt Hobar,178.0,385.0,,,,
2014-05-31,Viktor Pesta,Ruslan Magomedov,,150.0,,,,
2014-05-31,Elias Silverio,Ernest Chavez,-115.0,500.0,,,,
2014-06-07,Erik Perez,Bryan Caraway,172.0,190.0,525.0,2110.0,801.0,350.0
2014-06-07,Benson Henderson,Rustam Khabilov,120.0,375.0,515.0,675.0,425.0,900.0
2014-06-07,Diego Sanchez,Ross Pearson,265.0,115.0,700.0,550.0,500.0,1400.0
2014-06-07,John Dodson,John Moraga,140.0,625.0,120.0,1150.0,1250.0,1300.0
2014-06-07,Rafael Dos Anjos,Jason High,125.0,325.0,300.0,1550.0,450.0,1000.0
2014-06-07,Bobby Voelker,Lance Benoist,187.0,220.0,325.0,600.0,1790.0,550.0
2014-06-07,Yaotzin Meza,Sergio Pettis,951.0,130.0,1710.0,140.0,1025.0,856.0
2014-06-07,Scott Jorgensen,Danny Martinez,-130.0,356.0,813.0,625.0,450.0,1385.0
2014-06-07,Jon Tuck,Jake Lindsey,220.0,424.0,457.0,250.0,425.0,1540.0
2014-06-07,Patrick Cummins,Roger Narvaez,358.0,600.0,100.0,675.0,434.0,1030.0
2014-06-07,Yves Edwards,Piotr Hallmann,210.0,199.0,643.0,361.0,875.0,550.0
2014-06-14,Ryan Bader,Rafael Feijao,250.0,,215.0,,715.0,
2014-06-14,Andrei Arlovski,Brendan Schaub,451.0,317.0,330.0,200.0,1685.0,800.0
2014-06-14,Demetrious Johnson,Ali Bagautinov,-105.0,850.0,460.0,1150.0,311.0,1450.0
2014-06-14,Rory MacDonald,Tyron Woodley,,220.0,,375.0,,1500.0
2014-06-14,Ovince Saint Preux,Ryan Jimmo,200.0,225.0,325.0,425.0,725.0,1800.0
2014-06-14,Roland Delorme,Michinori Tanaka,413.0,125.0,926.0,603.0,300.0,800.0
2014-06-14,Valerie Letourneau,Elizabeth Phillips,168.0,179.0,515.0,750.0,1595.0,640.0
2014-06-14,Jason Saggo,Josh Shockley,440.0,200.0,1150.0,525.0,205.0,574.0
2014-06-14,Daniel Sarafian,Kiichi Kunimoto,176.0,940.0,300.0,1400.0,220.0,725.0
2014-06-14,Yves Jabouin,Mike Easton,280.0,114.0,1020.0,400.0,2000.0,1000.0
2014-06-14,Kajan Johnson,Tae Hyun Bang,-105.0,477.0,460.0,415.0,311.0,972.0
2014-06-28,Gian Villante,Sean O'Connell,206.0,700.0,,,,
2014-06-28,Dan Hooker,Ian Entwistle,225.0,658.0,,,,
2014-06-28,Neil Magny,Rodrigo de Lima,131.0,700.0,,,,
2014-06-28,Chris Indich,Vik Grujic,207.0,215.0,,,,
2014-06-28,Jake Matthews,Dashon Johnson,293.0,430.0,,,,
2014-06-28,Robert Whittaker,Mike Rhodes,143.0,383.0,,,,
2014-06-28,Hatsu Hioki,Charles Oliveira,230.0,158.0,,,,
2014-06-28,Soa Palelei,Jared Rosholt,1150.0,300.0,,,,
2014-06-28,James Te Huna,Nate Marquardt,416.0,650.0,112.0,500.0,1500.0,400.0
2014-06-28,Richie Vaculik,Roldan Sangcha-an,225.0,,,,,
2014-07-05,Uriah Hall,Thiago Santos,249.0,495.0,-110.0,1150.0,1305.0,1790.0
2014-07-05,Chris Weidman,Lyoto Machida,240.0,475.0,285.0,360.0,430.0,1915.0
2014-07-05,Ronda Rousey,Alexis Davis,645.0,1850.0,450.0,1600.0,-280.0,1385.0
2014-07-05,Marcus Brimage,Russell Doane,200.0,235.0,450.0,590.0,1400.0,475.0
2014-07-05,Kenny Robertson,Ildemar Alcantara,325.0,220.0,814.0,400.0,350.0,600.0
2014-07-05,Chris Camozzi,Bruno Santos,105.0,495.0,495.0,1150.0,590.0,1790.0
2014-07-05,George Roop,Rob Font,205.0,405.0,305.0,350.0,480.0,1465.0
2014-07-05,Luke Zachrich,Guilherme Vasconcelos,500.0,241.0,455.0,450.0,652.0,300.0
2014-07-05,Urijah Faber,Alex Caceres,167.0,1185.0,584.0,1950.0,-105.0,2540.0
2014-07-06,Frankie Edgar,BJ Penn,-125.0,750.0,325.0,1200.0,1230.0,1350.0
2014-07-06,Corey Anderson,Matt Van Buren,120.0,454.0,,,,
2014-07-06,Dhiego Lima,Eddie Gordon,200.0,220.0,,,,
2014-07-06,Derrick Lewis,Guto Inocente,450.0,324.0,,,,
2014-07-06,Justin Scoggins,Dustin Ortiz,115.0,395.0,,,,
2014-07-06,Jumabieke Tuerxun,Leandro Issa,145.0,260.0,,,,
2014-07-06,Adriano Martins,Juan Puig,170.0,580.0,,,,
2014-07-06,Patrick Walsh,Daniel Spohn,353.0,297.0,,,,
2014-07-06,Sarah Moras,Alexis Dufresne,241.0,328.0,,,,
2014-07-06,Jesse Ronson,Kevin Lee,280.0,140.0,,,,
2014-07-16,Justin Salas,Joe Proctor,170.0,290.0,370.0,718.0,1095.0,485.0
2014-07-16,Donald Cerrone,Jim Miller,265.0,685.0,289.0,700.0,280.0,500.0
2014-07-16,Edson Barboza,Evan Dunham,175.0,523.0,180.0,665.0,589.0,1200.0
2014-07-16,Rick Story,Leonardo Mafra,155.0,549.0,160.0,550.0,600.0,1378.0
2014-07-16,John Lineker,Alptekin Ozkilic,140.0,433.0,100.0,905.0,1422.0,1120.0
2014-07-16,Hugo Viana,Aljamain Sterling,295.0,140.0,500.0,405.0,1480.0,405.0
2014-07-16,Gleison Tibau,Pat Healy,130.0,200.0,525.0,700.0,550.0,1150.0
2014-07-16,Yosdenis Cedeno,Jerrod Sanders,243.0,170.0,605.0,630.0,1450.0,380.0
2014-07-16,Lucas Martins,Alex White,540.0,370.0,320.0,170.0,842.0,330.0
2014-07-16,Jessamyn Duke,Leslie Smith,215.0,155.0,1055.0,485.0,635.0,1170.0
2014-07-16,Claudia Gadelha,Tina Lahdemaki,114.0,436.0,425.0,2025.0,245.0,1500.0
2014-07-19,Paddy Holohan,Joshua Sampo,350.0,130.0,,,,
2014-07-19,Cody Donovan,Nikita Krylov,890.0,723.0,,,,
2014-07-19,Tor Troeng,Trevor Smith,401.0,355.0,,485.0,,1170.0
2014-07-19,Cathal Pendred,Mike King,140.0,257.0,,,,
2014-07-19,Neil Seery,Phil Harris,253.0,175.0,,,,
2014-07-19,Ilir Latifi,Chris Dempsey,200.0,425.0,,,,
2014-07-19,Norman Parke,Naoyuki Kotani,-120.0,677.0,,,,
2014-07-19,Brad Pickett,Ian McCall,220.0,125.0,,,,
2014-07-19,Gunnar Nelson,Zak Cummings,220.0,805.0,,,,
2014-07-19,Conor McGregor,Diego Brandao,400.0,825.0,-170.0,1000.0,1100.0,650.0
2014-07-26,Robbie Lawler,Matt Brown,500.0,875.0,-175.0,550.0,1850.0,1500.0
2014-07-26,Anthony Johnson,Rogerio Nogueira,191.0,615.0,-130.0,1400.0,2625.0,1500.0
2014-07-26,Clay Guida,Dennis Bermudez,185.0,130.0,1800.0,500.0,850.0,1000.0
2014-07-26,Kyle Kingsbury,Patrick Cummins,569.0,175.0,300.0,300.0,1500.0,540.0
2014-07-26,Josh Thomson,Bobby Green,130.0,492.0,655.0,825.0,320.0,1950.0
2014-07-26,Daron Cruickshank,Jorge Masvidal,380.0,150.0,601.0,400.0,2500.0,405.0
2014-07-26,Akbarh Arreola,Tiago Trator,380.0,,1880.0,,585.0,
2014-07-26,Andreas Stahl,Gilbert Burns,290.0,456.0,440.0,769.0,1270.0,165.0
2014-07-26,Juliana Lima,Joanna Jedrzejczyk,394.0,-101.0,1720.0,245.0,1300.0,2250.0
2014-07-26,Steven Siler,Noad Lahat,156.0,325.0,360.0,1005.0,688.0,670.0
2014-07-26,Hernani Perpetuo,Tim Means,300.0,220.0,900.0,160.0,850.0,1180.0
2014-08-16,Ryan Bader,Ovince Saint Preux,220.0,700.0,250.0,240.0,700.0,1100.0
2014-08-16,Gray Maynard,Ross Pearson,230.0,230.0,675.0,175.0,1200.0,1700.0
2014-08-16,Tim Boetsch,Brad Tavares,300.0,-124.0,950.0,365.0,1850.0,1480.0
2014-08-16,Seth Baczynski,Alan Jouban,155.0,279.0,565.0,425.0,540.0,1485.0
2014-08-16,Shawn Jordan,Jack May,525.0,1065.0,-130.0,250.0,800.0,1275.0
2014-08-16,Jussier Formiga,Zach Makovsky,541.0,-130.0,2225.0,300.0,550.0,1225.0
2014-08-16,Sara McMann,Lauren Murphy,-155.0,855.0,475.0,900.0,562.0,2040.0
2014-08-16,Tom Watson,Sam Alvey,181.0,209.0,460.0,560.0,1035.0,874.0
2014-08-16,Nolan Ticman,Frankie Saenz,256.0,175.0,450.0,445.0,670.0,810.0
2014-08-16,Thiago Tavares,Robert Peralta,-124.0,624.0,365.0,205.0,1480.0,2320.0
2014-08-23,Benson Henderson,Rafael Dos Anjos,-140.0,625.0,375.0,1250.0,725.0,675.0
2014-08-23,Mike Pyle,Jordan Mein,500.0,320.0,550.0,110.0,660.0,1000.0
2014-08-23,Francis Carmont,Thales Leites,140.0,230.0,450.0,1150.0,700.0,575.0
2014-08-23,Max Holloway,Clay Collard,142.0,1000.0,135.0,1470.0,656.0,1650.0
2014-08-23,James Vick,Valmir Lazaro,252.0,460.0,650.0,245.0,304.0,1700.0
2014-08-23,Neil Magny,Alex Garcia,240.0,350.0,465.0,225.0,1595.0,475.0
2014-08-23,Beneil Dariush,Anthony Rocco Martin,500.0,210.0,555.0,400.0,345.0,525.0
2014-08-23,Aaron Phillips,Matt Hobar,400.0,167.0,375.0,707.0,1305.0,380.0
2014-08-23,Ben Saunders,Chris Heatherly,295.0,515.0,145.0,1270.0,375.0,1375.0
2014-08-23,Wilson Reis,Joby Sanchez,110.0,445.0,,,,
2014-08-23,Elizabeth Phillips,Milana Dudieva,400.0,,375.0,,1305.0,
2014-08-23,Chas Skelly,Tom Niinimaki,210.0,166.0,786.0,499.0,750.0,580.0
2014-08-30,TJ Dillashaw,Joe Soto,400.0,1800.0,-185.0,1450.0,400.0,1910.0
2014-08-30,Tony Ferguson,Danny Castillo,250.0,325.0,135.0,1050.0,400.0,2700.0
2014-08-30,Bethe Correia,Shayna Baszler,120.0,190.0,435.0,1750.0,2000.0,425.0
2014-08-30,Yancy Medeiros,Damon Jackson,325.0,411.0,235.0,1520.0,1330.0,170.0
2014-08-30,Lorenz Larkin,Derek Brunson,280.0,128.0,260.0,620.0,2770.0,834.0
2014-08-30,Ruan Potts,Anthony Hamilton,1200.0,354.0,420.0,115.0,478.0,1150.0
2014-08-30,Chris Wade,Cain Carrizosa,175.0,282.0,1075.0,450.0,455.0,550.0
2014-08-30,Ramsey Nijem,Diego Ferreira,310.0,324.0,560.0,635.0,1630.0,170.0
2014-09-05,Jacare Souza,Gegard Mousasi,165.0,430.0,850.0,475.0,200.0,2000.0
2014-09-05,Alistair Overeem,Ben Rothwell,465.0,1200.0,-130.0,400.0,550.0,2300.0
2014-09-05,Joe Lauzon,Michael Chiesa,400.0,240.0,550.0,950.0,400.0,225.0
2014-09-05,Matt Mitrione,Derrick Lewis,550.0,650.0,225.0,-115.0,2000.0,1450.0
2014-09-05,Al Iaquinta,Rodrigo Damm,-104.0,1015.0,200.0,1575.0,600.0,800.0
2014-09-05,Rafael Natal,Chris Camozzi,163.0,260.0,570.0,515.0,470.0,1615.0
2014-09-05,Chris Beal,Tateki Matsuda,111.0,525.0,190.0,1250.0,1165.0,2120.0
2014-09-05,Sean Soriano,Chas Skelly,300.0,280.0,565.0,900.0,1860.0,170.0
2014-09-05,John Moraga,Justin Scoggins,360.0,135.0,800.0,235.0,1260.0,800.0
2014-09-13,Antonio Silva,Andrei Arlovski,336.0,625.0,-131.0,525.0,850.0,2200.0
2014-09-13,Gleison Tibau,Piotr Hallmann,130.0,325.0,,,,
2014-09-13,Leonardo Santos,Efrain Escudero,167.0,240.0,,,,
2014-09-13,Santiago Ponzinibbio,Wendell Oliveira,211.0,,,,,
2014-09-13,Iuri Alcantara,Russell Doane,219.0,385.0,,,,
2014-09-13,Godofredo Pepey,Dashon Johnson,253.0,721.0,,,,
2014-09-13,Igor Araujo,George Sullivan,170.0,220.0,,,,
2014-09-13,Francisco Trinaldo,Leandro Silva,140.0,336.0,,-131.0,,850.0
2014-09-13,Paulo Thiago,Sean Spencer,398.0,110.0,,,,
2014-09-13,Rani Yahya,Johnny Bedford,381.0,336.0,,,,
2014-09-13,Jessica Andrade,Larissa Pacheco,163.0,253.0,,,,
2014-09-20,Kiichi Kunimoto,Richard Walsh,207.0,275.0,,,,
2014-09-20,Mark Hunt,Roy Nelson,335.0,528.0,180.0,180.0,2200.0,615.0
2014-09-20,Myles Jury,Takanori Gomi,116.0,855.0,,,,
2014-09-20,Miesha Tate,Rin Nakai,110.0,350.0,,,,
2014-09-20,Kyoji Horiguchi,Jon Delos Reyes,144.0,845.0,,,,
2014-09-20,Yoshihiro Akiyama,Amir Sadollah,175.0,185.0,,,,
2014-09-20,Katsunori Kikuno,Sam Sicilia,229.0,505.0,,,,
2014-09-20,Kazuki Tokudome,Johnny Case,120.0,374.0,,,,
2014-09-20,Michinori Tanaka,Kyung Ho Kang,139.0,200.0,,,,
2014-09-20,Alex Caceres,Masanori Kanehara,206.0,385.0,,,,
2014-09-20,Hyun Gyu Lim,Takenori Sato,450.0,1395.0,,,,
2014-09-20,Maximo Blanco,Dan Hooker,175.0,530.0,,,,
2014-09-27,Demetrious Johnson,Chris Cariaso,120.0,1500.0,260.0,1500.0,220.0,2000.0
2014-09-27,Donald Cerrone,Eddie Alvarez,350.0,300.0,350.0,360.0,400.0,750.0
2014-09-27,Dustin Poirier,Conor McGregor,550.0,250.0,850.0,100.0,650.0,1000.0
2014-09-27,Cat Zingano,Amanda Nunes,140.0,450.0,300.0,450.0,475.0,1500.0
2014-09-27,Tim Kennedy,Yoel Romero,250.0,240.0,700.0,250.0,450.0,1800.0
2014-09-27,Jorge Masvidal,James Krause,-101.0,419.0,363.0,2050.0,570.0,1200.0
2014-09-27,Patrick Cote,Stephen Thompson,650.0,166.0,900.0,130.0,1350.0,1435.0
2014-09-27,John Howard,Brian Ebersole,100.0,315.0,435.0,1655.0,600.0,1030.0
2014-09-27,Jon Tuck,Kevin Lee,515.0,-110.0,700.0,535.0,670.0,585.0
2014-09-27,Manvel Gamburyan,Cody Gibson,330.0,118.0,900.0,404.0,680.0,1350.0
2014-09-27,Dominick Cruz,Takeya Mizugaki,-170.0,600.0,400.0,975.0,900.0,1700.0
2014-10-04,Gunnar Nelson,Rick Story,375.0,750.0,600.0,750.0,-135.0,2000.0
2014-10-04,Akira Corassani,Max Holloway,518.0,192.0,,,,
2014-10-04,Ilir Latifi,Jan Blachowicz,167.0,450.0,,,,
2014-10-04,Magnus Cedenblad,Scott Askham,300.0,310.0,,,,
2014-10-04,Niklas Backstrom,Mike Wilkinson,320.0,890.0,,,,
2014-10-04,Dennis Siver,Charles Rosa,179.0,750.0,,,,
2014-10-04,Cathal Pendred,Gasan Umalatov,160.0,266.0,,,,
2014-10-04,Tor Troeng,Krzysztof Jotko,201.0,185.0,,,,
2014-10-04,Mairbek Taisumov,Marcin Bandel,265.0,842.0,,,,
2014-10-04,Zubaira Tukhugov,Ernest Chavez,155.0,320.0,,,,
2014-10-04,Nico Musoke,Alexander Yakovlev,166.0,300.0,,,,
2014-10-25,Jose Aldo,Chad Mendes,250.0,335.0,125.0,575.0,1250.0,1350.0
2014-10-25,Glover Teixeira,Phil Davis,125.0,315.0,215.0,1800.0,1000.0,1250.0
2014-10-25,Fabio Maldonado,Hans Stringer,210.0,175.0,300.0,600.0,1500.0,1000.0
2014-10-25,Darren Elkins,Lucas Martins,110.0,450.0,675.0,345.0,530.0,1255.0
2014-10-25,Diego Ferreira,Beneil Dariush,210.0,415.0,305.0,555.0,375.0,1400.0
2014-10-25,William Patolino,Neil Magny,,-105.0,,500.0,,750.0
2014-10-25,Scott Jorgensen,Wilson Reis,287.0,113.0,771.0,1000.0,1300.0,461.0
2014-10-25,Felipe Arantes,Andre Fili,200.0,200.0,1300.0,307.0,1060.0,700.0
2014-10-25,Gilbert Burns,Christos Giagos,254.0,556.0,335.0,698.0,175.0,2000.0
2014-10-25,Fabricio Camoes,Anthony Rocco Martin,444.0,250.0,900.0,800.0,222.0,403.0
2014-10-25,Yan Cabral,Naoyuki Kotani,201.0,679.0,330.0,2400.0,157.0,2030.0
2014-11-07,Luke Rockhold,Michael Bisping,245.0,525.0,120.0,900.0,400.0,2500.0
2014-11-07,Ross Pearson,Al Iaquinta,165.0,230.0,225.0,575.0,1250.0,1350.0
2014-11-07,Robert Whittaker,Clint Hester,249.0,195.0,,,,
2014-11-07,Jake Matthews,Vagner Rocha,124.0,593.0,,,,
2014-11-07,Soa Palelei,Walt Harris,557.0,1030.0,,,,
2014-11-07,Dylan Andrews,Sam Alvey,125.0,352.0,,,,
2014-11-07,Jumabieke Tuerxun,Marcus Brimage,635.0,-105.0,,,,
2014-11-07,Luke Zachrich,Daniel Kelly,230.0,425.0,,,,
2014-11-07,Anthony Perosh,Guto Inocente,800.0,523.0,,,,
2014-11-07,Richie Vaculik,Louis Smolka,395.0,183.0,,,,
2014-11-07,Vik Grujic,Chris Clements,200.0,317.0,,,,
2014-11-08,Wagner Silva,Colby Covington,423.0,380.0,1385.0,140.0,580.0,242.0
2014-11-08,Thomas Almeida,Tim Gorman,350.0,800.0,-125.0,850.0,536.0,985.0
2014-11-08,Leandro Silva,Charlie Brenneman,423.0,175.0,1385.0,,580.0,620.0
2014-11-08,Caio Magalhaes,Trevor Smith,334.0,350.0,254.0,1050.0,240.0,1500.0
2014-11-08,Diego Rivas,Rodolfo Rubio,173.0,438.0,530.0,720.0,610.0,320.0
2014-11-08,Juliana Lima,Nina Ansaroff,180.0,,1085.0,,1045.0,
2014-11-08,Dhiego Lima,Jorge de Oliveira,180.0,620.0,1085.0,600.0,1045.0,1380.0
2014-11-08,Claudio Silva,Leon Edwards,423.0,379.0,1385.0,105.0,580.0,1015.0
2014-11-08,Warlley Alves,Alan Jouban,220.0,525.0,300.0,550.0,210.0,1725.0
2014-11-08,Mauricio Rua,Ovince Saint Preux,425.0,425.0,175.0,300.0,800.0,750.0
2014-11-15,Fabricio Werdum,Mark Hunt,425.0,1250.0,410.0,375.0,-110.0,3000.0
2014-11-15,Jake Ellenberger,Kelvin Gastelum,375.0,160.0,425.0,330.0,1100.0,600.0
2014-11-15,Augusto Montano,Chris Heatherly,674.0,500.0,105.0,1065.0,485.0,470.0
2014-11-15,Yair Rodriguez,Leonardo Morales,210.0,280.0,360.0,500.0,500.0,1050.0
2014-11-15,Ricardo Lamas,Dennis Bermudez,275.0,155.0,725.0,380.0,750.0,800.0
2014-11-15,Edgar Garcia,Hector Urbina,246.0,560.0,283.0,442.0,400.0,775.0
2014-11-15,Jessica Eye,Leslie Smith,-115.0,358.0,580.0,700.0,640.0,2150.0
2014-11-15,Gabriel Benitez,Humberto Brown,234.0,614.0,225.0,1135.0,250.0,1405.0
2014-11-15,Henry Briones,Guido Cannetti,295.0,416.0,315.0,335.0,620.0,585.0
2014-11-15,Marco Beltran,Marlon Vera,450.0,240.0,645.0,253.0,815.0,300.0
2014-11-15,Alejandro Perez,Jose Quinonez,400.0,115.0,625.0,445.0,713.0,1000.0
2014-11-22,Frankie Edgar,Cub Swanson,115.0,350.0,425.0,500.0,1000.0,1000.0
2014-11-22,Bobby Green,Edson Barboza,250.0,240.0,450.0,215.0,950.0,1700.0
2014-11-22,Brad Pickett,Chico Camus,150.0,260.0,371.0,1125.0,565.0,1500.0
2014-11-22,Jared Rosholt,Aleksei Oleinik,153.0,,240.0,,1065.0,
2014-11-22,Joseph Benavidez,Dustin Ortiz,123.0,485.0,353.0,1500.0,335.0,1860.0
2014-11-22,Matt Wiman,Isaac Vallie-Flagg,114.0,328.0,800.0,550.0,471.0,1575.0
2014-11-22,Luke Barnatt,Roger Narvaez,257.0,515.0,120.0,1150.0,545.0,1475.0
2014-11-22,James Vick,Nick Hein,197.0,500.0,250.0,575.0,325.0,1205.0
2014-11-22,Yves Edwards,Akbarh Arreola,203.0,585.0,160.0,705.0,629.0,610.0
2014-11-22,Paige VanZant,Kailin Curran,,176.0,,650.0,,1000.0
2014-11-22,Juan Puig,Dooho Choi,700.0,240.0,1220.0,-125.0,1015.0,1303.0
2014-11-22,Ruslan Magomedov,Josh Copeland,230.0,850.0,180.0,310.0,950.0,1205.0
2014-12-06,Johny Hendricks,Robbie Lawler,175.0,400.0,225.0,400.0,900.0,1900.0
2014-12-06,Anthony Pettis,Gilbert Melendez,150.0,325.0,300.0,850.0,450.0,1800.0
2014-12-06,Travis Browne,Brendan Schaub,585.0,615.0,-225.0,810.0,1750.0,905.0
2014-12-06,Todd Duffee,Anthony Hamilton,700.0,900.0,-170.0,425.0,800.0,1400.0
2014-12-06,Tony Ferguson,Abel Trujillo,240.0,600.0,250.0,350.0,325.0,1300.0
2014-12-06,Urijah Faber,Francisco Rivera,235.0,605.0,475.0,805.0,110.0,2000.0
2014-12-06,Corey Anderson,Justin Jones,222.0,,160.0,,477.0,
2014-12-06,Alex White,Clay Collard,317.0,345.0,323.0,350.0,725.0,535.0
2014-12-06,Eddie Gordon,Josh Samman,240.0,425.0,290.0,265.0,743.0,800.0
2014-12-06,Raquel Pennington,Ashlee Evans-Smith,351.0,121.0,1000.0,600.0,558.0,574.0
2014-12-06,Sergio Pettis,Matt Hobar,150.0,315.0,300.0,2075.0,450.0,1150.0
2014-12-12,Emily Peters Kagan,Angela Hill,325.0,235.0,,,,
2014-12-12,Aisling Daly,Alex Chambers,148.0,355.0,,,,
2014-12-12,Tecia Torres,Angela Magana,-145.0,575.0,,,,
2014-12-12,Joanne Calderwood,Seohee Ham,153.0,655.0,,,,
2014-12-12,Bec Rawlings,Heather Jo Clark,134.0,240.0,,,,
2014-12-12,Felice Herrig,Lisa Ellis,-146.0,430.0,,,,
2014-12-12,Jessica Penne,Randa Markos,215.0,178.0,,,,
2014-12-12,Joe Proctor,Yancy Medeiros,440.0,300.0,750.0,150.0,750.0,535.0
2014-12-12,Jeremy Stephens,Charles Oliveira,320.0,490.0,165.0,1230.0,1450.0,260.0
2014-12-12,Carla Esparza,Rose Namajunas,240.0,671.0,955.0,350.0,700.0,135.0
2014-12-13,Junior Dos Santos,Stipe Miocic,525.0,600.0,-200.0,675.0,1250.0,2000.0
2014-12-13,Rafael Dos Anjos,Nate Diaz,-125.0,325.0,525.0,750.0,800.0,800.0
2014-12-13,Alistair Overeem,Stefan Struve,675.0,1250.0,-140.0,300.0,1000.0,750.0
2014-12-13,John Moraga,Willie Gates,192.0,760.0,450.0,1200.0,165.0,1500.0
2014-12-13,Gabriel Gonzaga,Matt Mitrione,1000.0,600.0,350.0,120.0,275.0,1800.0
2014-12-13,Jamie Varner,Drew Dober,100.0,585.0,300.0,975.0,555.0,1880.0
2014-12-13,Joe Riggs,Ben Saunders,325.0,331.0,1285.0,195.0,1825.0,310.0
2014-12-13,Anthony Birchak,Ian Entwistle,550.0,1272.0,155.0,1775.0,329.0,260.0
2014-12-13,Henry Cejudo,Dustin Kimura,-160.0,925.0,675.0,1065.0,1600.0,350.0
2014-12-13,Claudia Gadelha,Joanna Jedrzejczyk,100.0,347.0,800.0,1350.0,315.0,2170.0
2014-12-13,Joe Ellenberger,Bryan Barberena,145.0,351.0,390.0,615.0,560.0,1355.0
2014-12-13,David Michaud,Garett Whiteley,170.0,385.0,320.0,894.0,425.0,805.0
2014-12-20,Lyoto Machida,CB Dollaway,270.0,1125.0,-190.0,1650.0,1310.0,2050.0
2014-12-20,Renan Barao,Mitch Gagnon,225.0,1000.0,185.0,1700.0,185.0,1800.0
2014-12-20,Antonio Carlos Junior,Patrick Cummins,465.0,235.0,400.0,215.0,450.0,850.0
2014-12-20,Elias Silverio,Rashid Magomedov,185.0,170.0,900.0,310.0,900.0,1050.0
2014-12-20,Daniel Sarafian,Antonio Dos Santos,270.0,,415.0,,330.0,
2014-12-20,Erick Silva,Mike Rhodes,651.0,575.0,181.0,550.0,150.0,1500.0
2014-12-20,Tom Niinimaki,Renato Moicano,170.0,,725.0,,900.0,
2014-12-20,Darren Elkins,Hacran Dias,280.0,120.0,1005.0,445.0,2100.0,585.0
2014-12-20,Leandro Issa,Ulka Sasaki,700.0,233.0,1300.0,365.0,1105.0,160.0
2014-12-20,Marcio Alexandre Junior,Tim Means,465.0,319.0,400.0,175.0,450.0,770.0
2014-12-20,Vitor Miranda,Jake Collier,330.0,220.0,345.0,200.0,1430.0,959.0
2014-12-20,Marcos Rogerio de Lima,Igor Pokrajac,589.0,565.0,-155.0,1360.0,488.0,1300.0
2015-01-03,Jon Jones,Daniel Cormier,215.0,300.0,285.0,525.0,500.0,950.0
2015-01-03,Donald Cerrone,Myles Jury,225.0,240.0,325.0,575.0,450.0,1250.0
2015-01-03,Brad Tavares,Nate Marquardt,275.0,325.0,415.0,350.0,1200.0,350.0
2015-01-03,Kyoji Horiguchi,Louis Gaudinot,130.0,950.0,125.0,1400.0,1000.0,1200.0
2015-01-03,Danny Castillo,Paul Felder,160.0,465.0,320.0,460.0,450.0,1550.0
2015-01-03,Shawn Jordan,Jared Cannonier,509.0,1125.0,-120.0,245.0,1180.0,1465.0
2015-01-03,Alexis Dufresne,Marion Reneau,160.0,252.0,400.0,1200.0,560.0,1165.0
2015-01-03,Marcus Brimage,Cody Garbrandt,285.0,345.0,240.0,300.0,1428.0,1770.0
2015-01-03,Evan Dunham,Rodrigo Damm,-115.0,621.0,225.0,1600.0,619.0,1965.0
2015-01-03,Omari Akhmedov,Mats Nilsson,443.0,378.0,130.0,1040.0,943.0,400.0
2015-01-18,Conor McGregor,Dennis Siver,800.0,1800.0,-550.0,1500.0,1250.0,1500.0
2015-01-18,Donald Cerrone,Benson Henderson,225.0,155.0,600.0,700.0,600.0,490.0
2015-01-18,Uriah Hall,Ron Stallings,247.0,1400.0,-165.0,1450.0,640.0,1640.0
2015-01-18,Cathal Pendred,Sean Spencer,267.0,135.0,715.0,390.0,945.0,1460.0
2015-01-18,Norman Parke,Gleison Tibau,185.0,150.0,700.0,825.0,1000.0,525.0
2015-01-18,Paddy Holohan,Shane Howell,375.0,465.0,483.0,855.0,-120.0,965.0
2015-01-18,Johnny Case,Frankie Perez,202.0,350.0,310.0,695.0,576.0,610.0
2015-01-18,Charles Rosa,Sean Soriano,271.0,290.0,778.0,455.0,265.0,856.0
2015-01-18,Matt Van Buren,Sean O'Connell,564.0,421.0,400.0,150.0,710.0,628.0
2015-01-18,Tateki Matsuda,Joby Sanchez,190.0,167.0,1150.0,535.0,1990.0,454.0
2015-01-18,Zhang Lipeng,Chris Wade,700.0,240.0,1400.0,509.0,1620.0,105.0
2015-01-18,John Howard,Lorenz Larkin,240.0,110.0,850.0,405.0,1440.0,1270.0
2015-01-24,Nico Musoke,Albert Tumenov,305.0,328.0,821.0,170.0,520.0,1375.0
2015-01-24,Alexander Gustafsson,Anthony Johnson,300.0,600.0,265.0,365.0,250.0,2000.0
2015-01-24,Dan Henderson,Gegard Mousasi,600.0,160.0,700.0,330.0,1800.0,225.0
2015-01-24,Phil Davis,Ryan Bader,-120.0,325.0,800.0,850.0,400.0,1500.0
2015-01-24,Akira Corassani,Sam Sicilia,250.0,426.0,425.0,215.0,560.0,1610.0
2015-01-24,Andy Ogle,Makwan Amirkhani,135.0,357.0,555.0,1378.0,784.0,350.0
2015-01-24,Nikita Krylov,Stanislav Nedkov,700.0,615.0,160.0,320.0,610.0,425.0
2015-01-24,Mairbek Taisumov,Anthony Christodoulou,182.0,1133.0,155.0,1900.0,313.0,2860.0
2015-01-24,Mirsad Bektic,Paul Redmond,175.0,1155.0,150.0,2000.0,346.0,1260.0
2015-01-24,Viktor Pesta,Konstantin Erokhin,845.0,1252.0,1045.0,-275.0,845.0,1462.0
2015-01-24,Neil Seery,Chris Beal,328.0,105.0,645.0,435.0,1481.0,1045.0
2015-01-24,Kenny Robertson,Sultan Aliev,450.0,232.0,849.0,220.0,375.0,792.0
2015-01-31,Tyron Woodley,Kelvin Gastelum,210.0,280.0,240.0,700.0,1200.0,650.0
2015-01-31,Joe Lauzon,Al Iaquinta,550.0,180.0,1200.0,200.0,300.0,1200.0
2015-01-31,Thales Leites,Tim Boetsch,165.0,650.0,400.0,625.0,215.0,2000.0
2015-01-31,Jordan Mein,Thiago Alves,230.0,240.0,275.0,500.0,750.0,800.0
2015-01-31,Ed Herman,Derek Brunson,1090.0,-110.0,1300.0,385.0,1430.0,335.0
2015-01-31,Ian McCall,John Lineker,125.0,400.0,475.0,625.0,450.0,2365.0
2015-01-31,Rafael Natal,Tom Watson,225.0,310.0,654.0,350.0,415.0,2530.0
2015-01-31,Richardson Moreira,Ildemar Alcantara,475.0,220.0,525.0,265.0,507.0,479.0
2015-01-31,Thiago Santos,Andy Enz,181.0,227.0,285.0,1725.0,943.0,800.0
2015-01-31,Miesha Tate,Sara McMann,225.0,100.0,1250.0,450.0,700.0,1200.0
2015-02-14,Benson Henderson,Brandon Thatch,266.0,580.0,1400.0,109.0,594.0,1000.0
2015-02-14,Max Holloway,Cole Miller,152.0,600.0,120.0,2250.0,2750.0,800.0
2015-02-14,Daniel Kelly,Patrick Walsh,600.0,265.0,543.0,400.0,300.0,414.0
2015-02-14,Michel Prazeres,Kevin Lee,260.0,127.0,765.0,859.0,640.0,625.0
2015-02-14,Neil Magny,Kiichi Kunimoto,155.0,1650.0,-110.0,2300.0,1500.0,1005.0
2015-02-14,Efrain Escudero,Rodrigo de Lima,324.0,200.0,450.0,905.0,605.0,340.0
2015-02-14,Chas Skelly,Jim Alers,142.0,320.0,1235.0,1055.0,265.0,1200.0
2015-02-14,Zach Makovsky,Tim Elliott,160.0,158.0,2000.0,700.0,667.0,610.0
2015-02-14,James Moontasri,Cody Pfister,240.0,430.0,300.0,665.0,362.0,756.0
2015-02-14,Ray Borg,Chris Kelades,198.0,1262.0,1040.0,1520.0,-130.0,2000.0
2015-02-22,Antonio Silva,Frank Mir,,1150.0,,530.0,,575.0
2015-02-22,Edson Barboza,Michael Johnson,200.0,432.0,225.0,317.0,1100.0,1500.0
2015-02-22,Cezar Ferreira,Sam Alvey,145.0,1050.0,315.0,465.0,376.0,1955.0
2015-02-22,Rustam Khabilov,Adriano Martins,102.0,800.0,240.0,1100.0,620.0,1200.0
2015-02-22,Iuri Alcantara,Frankie Saenz,208.0,957.0,160.0,2400.0,306.0,2665.0
2015-02-22,Santiago Ponzinibbio,Sean Strickland,422.0,190.0,460.0,425.0,1000.0,365.0
2015-02-22,Jessica Andrade,Marion Reneau,-101.0,350.0,540.0,1150.0,475.0,1175.0
2015-02-22,William Patolino,Matt Dwyer,,910.0,,750.0,,1090.0
2015-02-22,Tiago Trator,Mike de la Torre,180.0,609.0,350.0,630.0,386.0,535.0
2015-02-22,Douglas Silva de Andrade,Cody Gibson,-101.0,104.0,540.0,500.0,475.0,531.0
2015-02-22,Ivan Jorge,Josh Shockley,210.0,405.0,334.0,800.0,280.0,1190.0
2015-02-28,Ronda Rousey,Cat Zingano,1000.0,1450.0,325.0,800.0,-185.0,1200.0
2015-02-28,Raquel Pennington,Holly Holm,1100.0,-110.0,1600.0,150.0,1250.0,950.0
2015-02-28,Jake Ellenberger,Josh Koscheck,275.0,360.0,160.0,700.0,1000.0,800.0
2015-02-28,Alan Jouban,Richard Walsh,145.0,500.0,145.0,700.0,950.0,1400.0
2015-02-28,Tony Ferguson,Gleison Tibau,190.0,250.0,280.0,1200.0,500.0,1300.0
2015-02-28,Mark Munoz,Roan Carneiro,158.0,763.0,200.0,570.0,1245.0,615.0
2015-02-28,Dhiego Lima,Tim Means,260.0,201.0,640.0,275.0,628.0,1245.0
2015-02-28,Derrick Lewis,Ruan Potts,650.0,1090.0,-320.0,800.0,1980.0,1375.0
2015-02-28,James Krause,Valmir Lazaro,200.0,492.0,438.0,365.0,350.0,1307.0
2015-02-28,Masio Fullen,Alex Torres,415.0,295.0,330.0,390.0,443.0,664.0
2015-03-14,Anthony Pettis,Rafael Dos Anjos,275.0,575.0,160.0,1000.0,215.0,1400.0
2015-03-14,Carla Esparza,Joanna Jedrzejczyk,170.0,300.0,625.0,425.0,325.0,1250.0
2015-03-14,Johny Hendricks,Matt Brown,-115.0,550.0,250.0,750.0,1400.0,1550.0
2015-03-14,Roy Nelson,Alistair Overeem,1250.0,340.0,185.0,145.0,1550.0,860.0
2015-03-14,Chris Cariaso,Henry Cejudo,750.0,-155.0,1250.0,285.0,1350.0,1200.0
2015-03-14,Ross Pearson,Sam Stout,130.0,425.0,210.0,800.0,725.0,1800.0
2015-03-14,Elias Theodorou,Roger Narvaez,-110.0,515.0,285.0,1050.0,925.0,1795.0
2015-03-14,Daron Cruickshank,Beneil Dariush,253.0,316.0,250.0,841.0,2600.0,290.0
2015-03-14,Jared Rosholt,Josh Copeland,185.0,750.0,350.0,400.0,253.0,2360.0
2015-03-14,Sergio Pettis,Ryan Benoit,275.0,990.0,160.0,1275.0,215.0,1970.0
2015-03-14,Jake Lindsey,Joe Duffy,1008.0,,1350.0,,1865.0,
2015-03-14,Larissa Pacheco,Germaine de Randamie,225.0,271.0,750.0,375.0,344.0,1300.0
2015-03-21,Demian Maia,Ryan LaFlare,260.0,,1600.0,,230.0,
2015-03-21,Erick Silva,Josh Koscheck,480.0,625.0,140.0,1000.0,175.0,1250.0
2015-03-21,Leonardo Santos,Anthony Rocco Martin,300.0,262.0,1525.0,350.0,350.0,381.0
2015-03-21,Amanda Nunes,Shayna Baszler,350.0,554.0,-135.0,1200.0,506.0,800.0
2015-03-21,Gilbert Burns,Alex Oliveira,260.0,1440.0,363.0,950.0,100.0,1600.0
2015-03-21,Godofredo Pepey,Andre Fili,600.0,194.0,1000.0,160.0,585.0,700.0
2015-03-21,Francisco Trinaldo,Akbarh Arreola,170.0,425.0,290.0,847.0,530.0,590.0
2015-03-21,Kevin Souza,Katsunori Kikuno,320.0,435.0,120.0,960.0,766.0,855.0
2015-03-21,Leonardo Mafra,Cain Carrizosa,300.0,425.0,120.0,615.0,1100.0,505.0
2015-03-21,Jorge de Oliveira,Christos Giagos,1440.0,200.0,950.0,325.0,1600.0,430.0
2015-03-21,Bentley Syler,Fredy Serrano,260.0,150.0,575.0,440.0,700.0,869.0
2015-04-04,Chad Mendes,Ricardo Lamas,130.0,525.0,185.0,1100.0,1200.0,1150.0
2015-04-04,Jorge Masvidal,Al Iaquinta,170.0,225.0,700.0,300.0,700.0,1600.0
2015-04-04,Michael Chiesa,Mitch Clarke,170.0,600.0,510.0,1350.0,175.0,750.0
2015-04-04,Julianna Pena,Milana Dudieva,157.0,450.0,462.0,1680.0,220.0,1450.0
2015-04-04,Clay Guida,Robert Peralta,-110.0,606.0,1486.0,405.0,395.0,1450.0
2015-04-04,Dustin Poirier,Diego Ferreira,246.0,456.0,325.0,430.0,526.0,538.0
2015-04-04,Liz Carmouche,Lauren Murphy,162.0,175.0,1020.0,475.0,925.0,1345.0
2015-04-04,Gray Maynard,Alexander Yakovlev,220.0,242.0,600.0,180.0,1005.0,605.0
2015-04-04,Shamil Abdurakhimov,Tim Johnson,,675.0,,475.0,,705.0
2015-04-04,Ron Stallings,Justin Jones,350.0,349.0,665.0,270.0,700.0,321.0
2015-04-11,Gabriel Gonzaga,Mirko Cro Cop,1050.0,,135.0,,275.0,
2015-04-11,Jimi Manuwa,Jan Blachowicz,584.0,320.0,125.0,325.0,1447.0,551.0
2015-04-11,Pawel Pawlak,Sheldon Westcott,475.0,255.0,400.0,450.0,900.0,300.0
2015-04-11,Joanne Calderwood,Maryna Moroz,160.0,1050.0,100.0,1580.0,800.0,950.0
2015-04-11,Seth Baczynski,Leon Edwards,469.0,321.0,678.0,145.0,445.0,1575.0
2015-04-11,Bartosz Fabinski,Garreth McLellan,240.0,279.0,335.0,816.0,1000.0,450.0
2015-04-11,Damian Stasiak,Yaotzin Meza,219.0,255.0,560.0,575.0,440.0,635.0
2015-04-11,Daniel Omielanczuk,Anthony Hamilton,500.0,475.0,180.0,295.0,439.0,1005.0
2015-04-11,Izabela Badurek,Alexandra Albu,400.0,190.0,704.0,220.0,650.0,482.0
2015-04-11,Marcin Bandel,Stevie Ray,700.0,610.0,1670.0,120.0,210.0,792.0
2015-04-11,Taylor Lapilus,Rocky Lee,285.0,435.0,500.0,1100.0,254.0,350.0
2015-04-11,Sergio Moraes,Mickael Lebout,240.0,750.0,1075.0,800.0,-135.0,2355.0
2015-04-18,Lyoto Machida,Luke Rockhold,300.0,210.0,400.0,425.0,1500.0,375.0
2015-04-18,Jacare Souza,Chris Camozzi,350.0,1600.0,300.0,2500.0,-160.0,2600.0
2015-04-18,Cub Swanson,Max Holloway,160.0,235.0,500.0,600.0,575.0,1050.0
2015-04-18,Felice Herrig,Paige VanZant,225.0,,850.0,,550.0,
2015-04-18,Jim Miller,Beneil Dariush,350.0,180.0,575.0,600.0,600.0,330.0
2015-04-18,Corey Anderson,Gian Villante,109.0,506.0,250.0,1050.0,540.0,2000.0
2015-04-18,Takeya Mizugaki,Aljamain Sterling,463.0,-110.0,855.0,460.0,1555.0,520.0
2015-04-18,George Sullivan,Tim Means,245.0,177.0,650.0,320.0,1450.0,874.0
2015-04-18,Diego Brandao,Jimy Hettes,400.0,381.0,180.0,1215.0,588.0,375.0
2015-04-18,Eddie Gordon,Chris Dempsey,256.0,621.0,100.0,890.0,1067.0,1050.0
2015-04-18,Ovince Saint Preux,Patrick Cummins,425.0,130.0,325.0,625.0,550.0,1300.0
2015-04-25,Michael Bisping,CB Dollaway,145.0,215.0,400.0,700.0,900.0,1225.0
2015-04-25,John Makdessi,Shane Campbell,150.0,375.0,350.0,375.0,1300.0,650.0
2015-04-25,Demetrious Johnson,Kyoji Horiguchi,130.0,1250.0,600.0,825.0,140.0,2300.0
2015-04-25,Rampage Jackson,Fabio Maldonado,176.0,525.0,250.0,400.0,1595.0,1500.0
2015-04-25,Patrick Cote,Joe Riggs,235.0,400.0,170.0,600.0,800.0,950.0
2015-04-25,Yves Jabouin,Thomas Almeida,500.0,250.0,1350.0,-130.0,2000.0,950.0
2015-04-25,Randa Markos,Aisling Daly,-115.0,459.0,734.0,1650.0,420.0,585.0
2015-04-25,Jessica Rakoczy,Valerie Letourneau,260.0,191.0,485.0,486.0,619.0,750.0
2015-04-25,Nordine Taleb,Chris Clements,193.0,510.0,210.0,375.0,600.0,1880.0
2015-04-25,Alexis Davis,Sarah Kaufman,270.0,110.0,1780.0,390.0,850.0,1385.0
2015-04-25,Chad Laprise,Bryan Barberena,105.0,530.0,300.0,1050.0,401.0,1970.0
2015-04-25,Olivier Aubin-Mercier,David Michaud,152.0,420.0,686.0,1575.0,180.0,1150.0
2015-05-09,Stipe Miocic,Mark Hunt,340.0,900.0,110.0,250.0,825.0,2000.0
2015-05-09,Brad Tavares,Robert Whittaker,210.0,230.0,300.0,400.0,1250.0,1250.0
2015-05-09,Anthony Perosh,Sean O'Connell,609.0,460.0,575.0,245.0,160.0,1655.0
2015-05-09,Hatsu Hioki,Dan Hooker,125.0,425.0,1295.0,950.0,225.0,1475.0
2015-05-09,Jake Matthews,James Vick,178.0,270.0,435.0,875.0,417.0,1250.0
2015-05-09,Bec Rawlings,Lisa Ellis,184.0,270.0,470.0,1565.0,324.0,900.0
2015-05-09,Dylan Andrews,Bradley Scott,225.0,415.0,350.0,275.0,1125.0,781.0
2015-05-09,Alex Chambers,Kailin Curran,350.0,150.0,1200.0,460.0,700.0,410.0
2015-05-09,Vik Grujic,Brendan O'Reilly,222.0,305.0,415.0,505.0,610.0,571.0
2015-05-09,Alptekin Ozkilic,Ben Nguyen,119.0,358.0,405.0,575.0,705.0,1935.0
2015-05-09,Daniel Kelly,Sam Alvey,450.0,220.0,1200.0,-105.0,1125.0,1145.0
2015-05-09,Kyle Noke,Jonavin Webb,317.0,170.0,345.0,1175.0,720.0,625.0
2015-05-16,Phillipe Nover,Yui Chul Nam,300.0,150.0,850.0,300.0,680.0,1215.0
2015-05-16,Frankie Edgar,Urijah Faber,-153.0,1055.0,385.0,1565.0,693.0,950.0
2015-05-16,Gegard Mousasi,Costas Philippou,148.0,940.0,347.0,900.0,200.0,3000.0
2015-05-16,Mark Munoz,Luke Barnatt,275.0,378.0,385.0,230.0,1200.0,600.0
2015-05-16,Hyun Gyu Lim,Neil Magny,515.0,160.0,215.0,515.0,1167.0,873.0
2015-05-16,Tae Hyun Bang,Jon Tuck,355.0,150.0,545.0,480.0,1760.0,425.0
2015-05-16,Zhang Lipeng,Kajan Johnson,,255.0,,1060.0,,385.0
2015-05-16,Li Jingliang,Dhiego Lima,252.0,150.0,675.0,689.0,861.0,400.0
2015-05-16,Ning Guangyou,Royston Wee,168.0,230.0,350.0,1200.0,850.0,625.0
2015-05-16,Roldan Sangcha-an,Jon Delos Reyes,,300.0,,360.0,,380.0
2015-05-16,Nolan Ticman,Yao Zhikui,150.0,,325.0,,432.0,
2015-05-16,Mark Eddiva,Levan Makashvili,476.0,158.0,1125.0,170.0,1820.0,808.0
2015-05-23,Anthony Johnson,Daniel Cormier,475.0,275.0,160.0,350.0,2500.0,675.0
2015-05-23,Chris Weidman,Vitor Belfort,375.0,1100.0,135.0,575.0,200.0,1400.0
2015-05-23,Donald Cerrone,John Makdessi,150.0,900.0,350.0,775.0,180.0,2300.0
2015-05-23,Travis Browne,Andrei Arlovski,475.0,675.0,-175.0,650.0,1250.0,1450.0
2015-05-23,Joseph Benavidez,John Moraga,-125.0,825.0,500.0,1400.0,320.0,1250.0
2015-05-23,John Dodson,Zach Makovsky,-115.0,550.0,180.0,1500.0,1400.0,1500.0
2015-05-23,Uriah Hall,Rafael Natal,199.0,595.0,-105.0,1320.0,1855.0,1225.0
2015-05-23,Mike Pyle,Colby Covington,690.0,191.0,700.0,220.0,575.0,260.0
2015-05-23,Islam Makhachev,Leo Kuntz,160.0,553.0,535.0,900.0,175.0,1700.0
2015-05-23,Justin Scoggins,Joshua Sampo,135.0,605.0,169.0,2500.0,750.0,1125.0
2015-05-23,Dong Hyun Kim,Joshua Burkman,102.0,593.0,605.0,350.0,580.0,1420.0
2015-05-30,Carlos Condit,Thiago Alves,205.0,525.0,230.0,450.0,400.0,1800.0
2015-05-30,Nik Lentz,Charles Oliveira,325.0,224.0,1200.0,448.0,1000.0,170.0
2015-05-30,KJ Noons,Alex Oliveira,291.0,224.0,424.0,448.0,2200.0,170.0
2015-05-30,Francimar Barroso,Ryan Jimmo,530.0,154.0,575.0,170.0,1050.0,1720.0
2015-05-30,Francisco Trinaldo,Norman Parke,335.0,-105.0,1255.0,470.0,1295.0,570.0
2015-05-30,Jussier Formiga,Wilson Reis,140.0,180.0,660.0,905.0,706.0,825.0
2015-05-30,Elizeu Zaleski dos Santos,Nicolas Dalby,,100.0,,400.0,,429.0
2015-05-30,Wendell Oliveira,Darren Till,224.0,375.0,448.0,250.0,170.0,1155.0
2015-05-30,Luiz Dutra,Tom Breese,,196.0,,865.0,,265.0
2015-05-30,Lucas Martins,Mirsad Bektic,785.0,142.0,650.0,215.0,1775.0,504.0
2015-05-30,Juliana Lima,Ericka Almeida,122.0,380.0,650.0,1555.0,689.0,350.0
2015-06-06,Tim Boetsch,Dan Henderson,500.0,700.0,115.0,275.0,500.0,1500.0
2015-06-06,Ben Rothwell,Matt Mitrione,775.0,390.0,240.0,110.0,1100.0,2000.0
2015-06-06,Dustin Poirier,Yancy Medeiros,226.0,480.0,290.0,500.0,320.0,700.0
2015-06-06,Joe Soto,Anthony Birchak,220.0,260.0,400.0,500.0,362.0,1345.0
2015-06-06,Francisco Rivera,Alex Caceres,320.0,320.0,185.0,600.0,955.0,500.0
2015-06-06,Jose Quinonez,Leonardo Morales,270.0,180.0,1450.0,255.0,569.0,889.0
2015-06-06,Brian Ebersole,Omari Akhmedov,170.0,230.0,1250.0,375.0,770.0,601.0
2015-06-06,Chris Wade,Christos Giagos,220.0,325.0,680.0,400.0,225.0,1355.0
2015-06-06,Joe Proctor,Justin Edwards,134.0,485.0,379.0,700.0,675.0,555.0
2015-06-06,Ricardo Abreu,Jake Collier,500.0,385.0,242.0,350.0,260.0,830.0
2015-06-06,Shawn Jordan,Derrick Lewis,721.0,1200.0,165.0,110.0,755.0,2105.0
2015-06-06,Thiago Tavares,Brian Ortega,157.0,517.0,632.0,550.0,490.0,350.0
2015-06-13,Tecia Torres,Angela Hill,100.0,400.0,800.0,700.0,300.0,1500.0
2015-06-13,Cain Velasquez,Fabricio Werdum,300.0,1000.0,-150.0,1050.0,1425.0,750.0
2015-06-13,Gilbert Melendez,Eddie Alvarez,125.0,275.0,475.0,600.0,750.0,675.0
2015-06-13,Kelvin Gastelum,Nate Marquardt,150.0,850.0,200.0,925.0,350.0,1000.0
2015-06-13,Yair Rodriguez,Charles Rosa,300.0,220.0,950.0,425.0,1000.0,225.0
2015-06-13,Henry Cejudo,Chico Camus,-185.0,1550.0,482.0,1950.0,370.0,2615.0
2015-06-13,Francisco Trevino,Johnny Case,675.0,168.0,1325.0,175.0,1320.0,326.0
2015-06-13,Augusto Montano,Cathal Pendred,476.0,300.0,190.0,600.0,870.0,350.0
2015-06-13,Gabriel Benitez,Clay Collard,425.0,149.0,1300.0,255.0,650.0,791.0
2015-06-13,Efrain Escudero,Drew Dober,220.0,148.0,771.0,685.0,550.0,772.0
2015-06-13,Alejandro Perez,Patrick Williams,293.0,350.0,295.0,525.0,420.0,740.0
2015-06-20,Joanna Jedrzejczyk,Jessica Penne,215.0,1250.0,-175.0,1850.0,1200.0,950.0
2015-06-20,Taylor Lapilus,Ulka Sasaki,375.0,361.0,900.0,495.0,970.0,100.0
2015-06-20,Piotr Hallmann,Magomed Mustafaev,285.0,216.0,425.0,350.0,594.0,634.0
2015-06-20,Scott Askham,Antonio Dos Santos,170.0,,240.0,,810.0,
2015-06-20,Niklas Backstrom,Noad Lahat,400.0,285.0,175.0,500.0,350.0,600.0
2015-06-20,Alan Omer,Arnold Allen,175.0,295.0,375.0,655.0,582.0,939.0
2015-06-20,Mairbek Taisumov,Alan Patrick,212.0,250.0,250.0,710.0,1110.0,768.0
2015-06-20,Makwan Amirkhani,Masio Fullen,260.0,350.0,280.0,680.0,185.0,1085.0
2015-06-20,Nick Hein,Lukasz Sajewski,140.0,300.0,560.0,650.0,754.0,605.0
2015-06-20,Peter Sobotta,Steve Kennedy,174.0,400.0,796.0,900.0,150.0,1200.0
2015-06-20,Dennis Siver,Tatsuya Kawajiri,161.0,265.0,465.0,915.0,595.0,450.0
2015-06-27,Antonio Carlos Junior,Eddie Gordon,448.0,265.0,283.0,540.0,265.0,1908.0
2015-06-27,Lyoto Machida,Yoel Romero,300.0,550.0,170.0,225.0,675.0,2000.0
2015-06-27,Santiago Ponzinibbio,Lorenz Larkin,440.0,259.0,320.0,140.0,1290.0,1975.0
2015-06-27,Thiago Santos,Steve Bosse,337.0,679.0,150.0,245.0,950.0,1930.0
2015-06-27,Leandro Silva,Lewis Gonzalez,157.0,246.0,650.0,1300.0,354.0,1265.0
2015-06-27,Alex Oliveira,Joe Merritt,493.0,700.0,189.0,610.0,160.0,2640.0
2015-06-27,Steve Montgomery,Tony Sims,395.0,383.0,310.0,200.0,682.0,766.0
2015-06-27,Danny Martinez,Sirwan Kakai,182.0,214.0,460.0,540.0,1185.0,722.0
2015-06-27,Hacran Dias,Levan Makashvili,120.0,205.0,1160.0,800.0,450.0,1467.0
2015-07-11,Chad Mendes,Conor McGregor,375.0,600.0,495.0,-120.0,625.0,-1250.0
2015-07-11,Robbie Lawler,Rory MacDonald,285.0,,350.0,,1500.0,
2015-07-11,Dennis Bermudez,Jeremy Stephens,-105.0,600.0,725.0,250.0,550.0,1800.0
2015-07-11,Gunnar Nelson,Brandon Thatch,354.0,330.0,1520.0,160.0,250.0,2675.0
2015-07-11,Brad Pickett,Thomas Almeida,950.0,200.0,1600.0,-110.0,1400.0,675.0
2015-07-11,Mike Swick,Alex Garcia,659.0,411.0,775.0,-140.0,1500.0,500.0
2015-07-11,Cathal Pendred,John Howard,135.0,240.0,525.0,455.0,1160.0,1200.0
2015-07-11,Cody Garbrandt,Henry Briones,320.0,1002.0,-185.0,1500.0,800.0,2095.0
2015-07-11,Neil Seery,Louis Smolka,220.0,177.0,500.0,755.0,685.0,425.0
2015-07-11,Yosdenis Cedeno,Cody Pfister,199.0,260.0,205.0,1400.0,878.0,1265.0
2015-07-11,Matt Brown,Tim Means,225.0,350.0,240.0,440.0,700.0,725.0
2015-07-12,Michael Graves,Vicente Luque,302.0,185.0,600.0,325.0,500.0,626.0
2015-07-12,Jake Ellenberger,Stephen Thompson,422.0,353.0,470.0,100.0,1000.0,1300.0
2015-07-12,Kamaru Usman,Hayder Hassan,120.0,425.0,350.0,470.0,649.0,1455.0
2015-07-12,Angela Magana,Michelle Waterson,1025.0,111.0,1420.0,687.0,1505.0,160.0
2015-07-12,Jorge Masvidal,Cezar Ferreira,170.0,450.0,180.0,600.0,700.0,610.0
2015-07-12,Josh Samman,Caio Magalhaes,434.0,316.0,220.0,500.0,1775.0,280.0
2015-07-12,Darrell Montague,Willie Gates,256.0,325.0,465.0,315.0,515.0,885.0
2015-07-12,Russell Doane,Jerrod Sanders,208.0,465.0,275.0,1565.0,241.0,1500.0
2015-07-12,Dan Miller,Trevor Smith,354.0,241.0,750.0,425.0,305.0,550.0
2015-07-12,George Sullivan,Dominic Waters,142.0,361.0,240.0,905.0,1115.0,952.0
2015-07-12,Maximo Blanco,Mike de la Torre,305.0,294.0,400.0,391.0,1875.0,353.0
2015-07-15,Frank Mir,Todd Duffee,1450.0,1500.0,400.0,-160.0,375.0,1700.0
2015-07-15,Josh Thomson,Tony Ferguson,300.0,150.0,750.0,285.0,1000.0,525.0
2015-07-15,Holly Holm,Marion Reneau,171.0,470.0,250.0,710.0,1440.0,550.0
2015-07-15,Scott Jorgensen,Manvel Gamburyan,250.0,170.0,600.0,598.0,1570.0,350.0
2015-07-15,Kevin Lee,James Moontasri,-115.0,570.0,500.0,500.0,495.0,1220.0
2015-07-15,Alan Jouban,Matt Dwyer,600.0,1065.0,-210.0,675.0,1000.0,1545.0
2015-07-15,Jessica Andrade,Sarah Moras,109.0,505.0,315.0,1995.0,300.0,1050.0
2015-07-15,Rani Yahya,Masanori Kanehara,258.0,150.0,1060.0,575.0,300.0,1115.0
2015-07-15,Igor Araujo,Sean Strickland,540.0,155.0,1610.0,200.0,975.0,422.0
2015-07-15,Kevin Casey,Ildemar Alcantara,375.0,230.0,350.0,400.0,520.0,935.0
2015-07-15,Andrew Craig,Lyman Good,350.0,162.0,1050.0,400.0,1710.0,420.0
2015-07-15,Sam Sicilia,Yaotzin Meza,274.0,352.0,120.0,980.0,1480.0,600.0
2015-07-18,Joanne Calderwood,Cortney Casey,165.0,500.0,205.0,1080.0,675.0,600.0
2015-07-18,Michael Bisping,Thales Leites,250.0,378.0,280.0,530.0,1060.0,425.0
2015-07-18,Ross Pearson,Evan Dunham,194.0,365.0,175.0,1050.0,1065.0,1025.0
2015-07-18,Joe Duffy,Ivan Jorge,335.0,1200.0,-140.0,1875.0,255.0,1800.0
2015-07-18,Leon Edwards,Pawel Pawlak,180.0,485.0,120.0,1930.0,650.0,1225.0
2015-07-18,Rob Whiteford,Paul Redmond,175.0,344.0,480.0,575.0,531.0,545.0
2015-07-18,Paddy Holohan,Vaughan Lee,250.0,250.0,500.0,570.0,190.0,684.0
2015-07-18,Ilir Latifi,Hans Stringer,257.0,463.0,160.0,610.0,425.0,914.0
2015-07-18,Mickael Lebout,Teemu Packalen,315.0,346.0,505.0,350.0,585.0,384.0
2015-07-18,Daniel Omielanczuk,Chris de la Rocha,346.0,475.0,235.0,280.0,450.0,770.0
2015-07-18,Marcus Brimage,Jimmie Rivera,195.0,228.0,600.0,400.0,1065.0,551.0
2015-07-18,Stevie Ray,Leonardo Mafra,219.0,369.0,305.0,550.0,325.0,1445.0
2015-07-25,TJ Dillashaw,Renan Barao,210.0,650.0,180.0,475.0,700.0,650.0
2015-07-25,Miesha Tate,Jessica Eye,-105.0,350.0,1000.0,525.0,475.0,1500.0
2015-07-25,Edson Barboza,Paul Felder,325.0,375.0,190.0,265.0,1050.0,1350.0
2015-07-25,Joe Lauzon,Takanori Gomi,290.0,675.0,400.0,625.0,125.0,1450.0
2015-07-25,Gian Villante,Tom Lawlor,141.0,410.0,190.0,700.0,1650.0,676.0
2015-07-25,Jim Miller,Danny Castillo,247.0,175.0,925.0,595.0,320.0,1380.0
2015-07-25,Kenny Robertson,Ben Saunders,225.0,480.0,475.0,300.0,626.0,489.0
2015-07-25,Eddie Wineland,Bryan Caraway,221.0,340.0,340.0,1100.0,1265.0,295.0
2015-07-25,Daron Cruickshank,James Krause,150.0,334.0,305.0,1200.0,1408.0,540.0
2015-07-25,Ramsey Nijem,Andrew Holbrook,289.0,648.0,250.0,475.0,596.0,358.0
2015-07-25,Jessamyn Duke,Elizabeth Phillips,270.0,168.0,1550.0,430.0,451.0,709.0
2015-07-25,Zak Cummings,Dominique Steele,208.0,420.0,600.0,1350.0,155.0,1625.0
2015-08-01,Ronda Rousey,Bethe Correia,1400.0,2200.0,170.0,1600.0,-180.0,3000.0
2015-08-01,Mauricio Rua,Rogerio Nogueira,335.0,500.0,120.0,435.0,1250.0,1250.0
2015-08-01,Glaico Franca,Fernando Bruno,311.0,255.0,400.0,1500.0,254.0,737.0
2015-08-01,Reginaldo Vieira,Dileno Lopes,420.0,160.0,1410.0,420.0,1325.0,280.0
2015-08-01,Stefan Struve,Minotauro Nogueira,525.0,500.0,170.0,435.0,475.0,1250.0
2015-08-01,Antonio Silva,Soa Palelei,818.0,950.0,415.0,-155.0,465.0,2500.0
2015-08-01,Hugo Viana,Guido Cannetti,180.0,1262.0,151.0,720.0,445.0,1835.0
2015-08-01,Demian Maia,Neil Magny,170.0,210.0,1000.0,800.0,260.0,1800.0
2015-08-01,Rafael Feijao,Patrick Cummins,,169.0,,260.0,,1550.0
2015-08-01,Warlley Alves,Nordine Taleb,162.0,375.0,475.0,795.0,286.0,2200.0
2015-08-01,Iuri Alcantara,Leandro Issa,210.0,400.0,190.0,2000.0,640.0,470.0
2015-08-01,Vitor Miranda,Clint Hester,445.0,150.0,260.0,455.0,1350.0,1300.0
2015-08-01,Claudia Gadelha,Jessica Aguilar,-140.0,530.0,450.0,1700.0,475.0,1000.0
2015-08-08,Glover Teixeira,Ovince Saint Preux,517.0,405.0,295.0,180.0,495.0,1405.0
2015-08-08,Sara McMann,Amanda Nunes,114.0,925.0,360.0,325.0,724.0,1380.0
2015-08-08,Derek Brunson,Sam Alvey,110.0,1487.0,375.0,391.0,416.0,2500.0
2015-08-08,Jared Rosholt,Tim Johnson,166.0,205.0,290.0,255.0,521.0,1400.0
2015-08-08,Ray Borg,Geane Herrera,240.0,588.0,425.0,1440.0,125.0,885.0
2015-08-08,Michael Johnson,Beneil Dariush,205.0,425.0,255.0,1650.0,1400.0,285.0
2015-08-08,Chris Camozzi,Tom Watson,190.0,150.0,447.0,885.0,545.0,2740.0
2015-08-08,Dustin Ortiz,Willie Gates,131.0,577.0,370.0,950.0,250.0,2500.0
2015-08-08,Frankie Saenz,Sirwan Kakai,170.0,176.0,850.0,405.0,1390.0,900.0
2015-08-08,Chris Dempsey,Jonathan Wilson,260.0,522.0,650.0,160.0,535.0,935.0
2015-08-08,Marlon Vera,Roman Salazar,282.0,235.0,555.0,545.0,300.0,775.0
2015-08-08,Anthony Christodoulou,Scott Holtzman,1420.0,175.0,1800.0,-115.0,2115.0,690.0
2015-08-08,Uriah Hall,Oluwale Bamgbose,237.0,880.0,-105.0,475.0,600.0,1695.0
2015-08-23,Max Holloway,Charles Oliveira,335.0,850.0,115.0,1400.0,900.0,310.0
2015-08-23,Neil Magny,Erick Silva,375.0,477.0,515.0,560.0,800.0,165.0
2015-08-23,Patrick Cote,Joshua Burkman,190.0,230.0,700.0,380.0,1250.0,465.0
2015-08-23,Chad Laprise,Francisco Trinaldo,-137.0,500.0,385.0,1305.0,1025.0,930.0
2015-08-23,Olivier Aubin-Mercier,Tony Sims,211.0,550.0,1195.0,350.0,190.0,1290.0
2015-08-23,Sam Stout,Frankie Perez,157.0,310.0,1175.0,525.0,2075.0,304.0
2015-08-23,Yves Jabouin,Felipe Arantes,280.0,174.0,1150.0,250.0,1720.0,546.0
2015-08-23,Marcos Rogerio de Lima,Nikita Krylov,600.0,1005.0,115.0,280.0,525.0,545.0
2015-08-23,Chris Kelades,Chris Beal,230.0,145.0,1033.0,350.0,1025.0,1765.0
2015-08-23,Shane Campbell,Elias Silverio,706.0,160.0,349.0,474.0,1900.0,325.0
2015-08-23,Misha Cirkunov,Daniel Jolly,235.0,785.0,274.0,700.0,175.0,1550.0
2015-08-23,Maryna Moroz,Valerie Letourneau,373.0,252.0,535.0,1150.0,150.0,900.0
2015-09-05,Jan Blachowicz,Corey Anderson,250.0,180.0,320.0,625.0,500.0,1500.0
2015-09-05,Demetrious Johnson,John Dodson,-124.0,1000.0,550.0,575.0,329.0,2000.0
2015-09-05,Andrei Arlovski,Frank Mir,650.0,700.0,105.0,280.0,1500.0,500.0
2015-09-05,Anthony Johnson,Jimi Manuwa,-124.0,1000.0,550.0,800.0,329.0,1150.0
2015-09-05,Paige VanZant,Alex Chambers,,1400.0,,2000.0,,1450.0
2015-09-05,Jessica Andrade,Raquel Pennington,110.0,285.0,755.0,700.0,575.0,795.0
2015-09-05,Francisco Rivera,John Lineker,413.0,320.0,280.0,180.0,1600.0,942.0
2015-09-05,Clay Collard,Tiago Trator,277.0,210.0,450.0,1005.0,335.0,600.0
2015-09-05,Joe Riggs,Ron Stallings,350.0,227.0,605.0,165.0,1085.0,642.0
2015-09-05,Joaquim Silva,Nazareno Malegarie,288.0,420.0,375.0,550.0,1075.0,200.0
2015-09-05,Ross Pearson,Paul Felder,480.0,235.0,1250.0,-140.0,2500.0,1400.0
2015-09-26,Josh Barnett,Roy Nelson,300.0,1250.0,210.0,340.0,300.0,2400.0
2015-09-26,Gegard Mousasi,Uriah Hall,-110.0,750.0,300.0,850.0,400.0,2000.0
2015-09-26,Kyoji Horiguchi,Chico Camus,-130.0,435.0,301.0,2170.0,1000.0,2000.0
2015-09-26,Takeya Mizugaki,George Roop,110.0,371.0,377.0,779.0,700.0,1200.0
2015-09-26,Keita Nakamura,Li Jingliang,463.0,-125.0,1170.0,325.0,825.0,731.0
2015-09-26,Nick Hein,Yusuke Kasuya,-120.0,778.0,260.0,1550.0,569.0,500.0
2015-09-26,Naoyuki Kotani,Kajan Johnson,600.0,207.0,1250.0,265.0,600.0,210.0
2015-09-26,Shinsho Anzai,Roger Zapata,289.0,400.0,286.0,242.0,1100.0,850.0
2015-09-26,Katsunori Kikuno,Diego Brandao,540.0,386.0,474.0,125.0,1100.0,450.0
2015-10-03,Daniel Cormier,Alexander Gustafsson,170.0,475.0,400.0,525.0,275.0,1500.0
2015-10-03,Ryan Bader,Rashad Evans,180.0,165.0,625.0,425.0,1350.0,850.0
2015-10-03,Shawn Jordan,Ruslan Magomedov,700.0,265.0,225.0,175.0,1600.0,750.0
2015-10-03,Joseph Benavidez,Ali Bagautinov,-130.0,480.0,600.0,800.0,450.0,1250.0
2015-10-03,Yair Rodriguez,Dan Hooker,135.0,594.0,410.0,508.0,434.0,1150.0
2015-10-03,Jessica Eye,Julianna Pena,300.0,125.0,825.0,400.0,1800.0,450.0
2015-10-03,Adriano Martins,Islam Makhachev,220.0,249.0,575.0,325.0,1278.0,562.0
2015-10-03,Rose Namajunas,Angela Hill,230.0,328.0,815.0,981.0,165.0,1500.0
2015-10-03,Francisco Trevino,Sage Northcutt,642.0,160.0,925.0,280.0,2055.0,265.0
2015-10-03,Chris Cariaso,Sergio Pettis,275.0,125.0,710.0,420.0,1400.0,970.0
2015-10-03,Derrick Lewis,Viktor Pesta,1550.0,525.0,172.0,165.0,2400.0,450.0
2015-10-03,Alan Jouban,Albert Tumenov,554.0,199.0,474.0,155.0,1500.0,1300.0
2015-10-24,Paddy Holohan,Louis Smolka,233.0,185.0,1210.0,731.0,800.0,360.0
2015-10-24,Norman Parke,Reza Madadi,-135.0,426.0,685.0,1850.0,770.0,475.0
2015-10-24,Neil Seery,Jon Delos Reyes,250.0,308.0,460.0,465.0,483.0,490.0
2015-10-24,Stevie Ray,Mickael Lebout,-130.0,595.0,325.0,2005.0,453.0,1250.0
2015-10-24,Aisling Daly,Ericka Almeida,145.0,269.0,1340.0,1390.0,850.0,300.0
2015-10-24,Cathal Pendred,Tom Breese,320.0,161.0,1900.0,295.0,800.0,455.0
2015-10-24,Darren Elkins,Rob Whiteford,100.0,365.0,904.0,420.0,500.0,1005.0
2015-10-24,Bubba Bush,Garreth McLellan,240.0,495.0,240.0,900.0,315.0,1145.0
2015-10-24,Scott Askham,Krzysztof Jotko,225.0,205.0,280.0,635.0,718.0,1180.0
2015-11-07,Vitor Belfort,Dan Henderson,900.0,1420.0,-200.0,300.0,850.0,2255.0
2015-11-07,Glover Teixeira,Patrick Cummins,325.0,475.0,100.0,1435.0,275.0,1800.0
2015-11-07,Thomas Almeida,Anthony Birchak,225.0,800.0,105.0,645.0,600.0,1200.0
2015-11-07,Alex Oliveira,Piotr Hallmann,140.0,285.0,325.0,1200.0,450.0,750.0
2015-11-07,Fabio Maldonado,Corey Anderson,785.0,-180.0,800.0,325.0,2500.0,585.0
2015-11-07,Gilbert Burns,Rashid Magomedov,385.0,146.0,2675.0,350.0,445.0,672.0
2015-11-07,Yan Cabral,Johnny Case,520.0,130.0,2370.0,240.0,400.0,713.0
2015-11-07,Clay Guida,Thiago Tavares,-105.0,320.0,700.0,1000.0,1085.0,300.0
2015-11-07,Kevin Souza,Chas Skelly,451.0,214.0,350.0,820.0,1705.0,240.0
2015-11-07,Viscardi Andrade,Gasan Umalatov,350.0,145.0,445.0,660.0,490.0,1275.0
2015-11-07,Pedro Munhoz,Jimmie Rivera,175.0,260.0,500.0,570.0,366.0,1615.0
2015-11-07,Bruno Korea,Matheus Nicolau,350.0,109.0,825.0,805.0,571.0,525.0
2015-11-07,Gleison Tibau,Abel Trujillo,170.0,550.0,652.0,160.0,400.0,1800.0
2015-11-14,Ronda Rousey,Holly Holm,1390.0,2000.0,320.0,1100.0,-185.0,3000.0
2015-11-14,Joanna Jedrzejczyk,Valerie Letourneau,350.0,2100.0,-300.0,1800.0,1400.0,2400.0
2015-11-14,Mark Hunt,Antonio Silva,800.0,765.0,-190.0,420.0,3000.0,1030.0
2015-11-14,Uriah Hall,Robert Whittaker,275.0,275.0,190.0,400.0,1050.0,1500.0
2015-11-14,Stefan Struve,Jared Rosholt,600.0,190.0,200.0,675.0,325.0,1500.0
2015-11-14,Jake Matthews,Akbarh Arreola,153.0,1441.0,200.0,2455.0,240.0,1380.0
2015-11-14,Kyle Noke,Peter Sobotta,225.0,155.0,1060.0,610.0,2600.0,330.0
2015-11-14,Richie Vaculik,Danny Martinez,185.0,218.0,1275.0,365.0,550.0,1085.0
2015-11-14,Daniel Kelly,Steve Montgomery,1080.0,481.0,675.0,-140.0,426.0,700.0
2015-11-14,Richard Walsh,Steve Kennedy,138.0,434.0,179.0,1550.0,1100.0,1330.0
2015-11-14,James Moontasri,Anton Zafir,197.0,463.0,200.0,1750.0,385.0,1150.0
2015-11-14,Ben Nguyen,Ryan Benoit,247.0,338.0,310.0,345.0,885.0,951.0
2015-11-14,Anthony Perosh,Gian Villante,1450.0,450.0,800.0,-180.0,675.0,1500.0
2015-11-21,Neil Magny,Kelvin Gastelum,535.0,200.0,575.0,340.0,1000.0,220.0
2015-11-21,Ricardo Lamas,Diego Sanchez,-115.0,635.0,300.0,1000.0,500.0,1500.0
2015-11-21,Jussier Formiga,Henry Cejudo,900.0,-195.0,2300.0,330.0,682.0,1600.0
2015-11-21,Horacio Gutierrez,Enrique Barzola,209.0,298.0,230.0,790.0,932.0,700.0
2015-11-21,Efrain Escudero,Leandro Silva,230.0,170.0,770.0,465.0,880.0,635.0
2015-11-21,Erick Montano,Enrique Marin,472.0,170.0,575.0,520.0,550.0,371.0
2015-11-21,Hector Urbina,Bartosz Fabinski,290.0,155.0,1175.0,360.0,625.0,665.0
2015-11-21,Valmir Lazaro,Michel Prazeres,260.0,145.0,415.0,1450.0,935.0,504.0
2015-11-21,Cesar Arzamendia,Polo Reyes,355.0,418.0,175.0,450.0,526.0,1080.0
2015-11-21,Erik Perez,Taylor Lapilus,200.0,204.0,640.0,610.0,431.0,930.0
2015-11-21,Gabriel Benitez,Andre Fili,291.0,165.0,1530.0,450.0,850.0,345.0
2015-11-21,Vernon Ramos,Alvaro Herrera,350.0,375.0,451.0,350.0,180.0,705.0
2015-11-21,Alejandro Perez,Scott Jorgensen,200.0,160.0,640.0,825.0,431.0,600.0
2015-11-28,Dominique Steele,Dong Hyun Ma,236.0,362.0,542.0,320.0,420.0,1033.0
2015-11-28,Ning Guangyou,Marco Beltran,180.0,290.0,265.0,825.0,1100.0,725.0
2015-11-28,Yao Zhikui,Fredy Serrano,250.0,168.0,670.0,310.0,1145.0,1395.0
2015-11-28,Seohee Ham,Cortney Casey,180.0,199.0,1050.0,435.0,1470.0,490.0
2015-11-28,Tae Hyun Bang,Leo Kuntz,550.0,190.0,525.0,400.0,724.0,250.0
2015-11-28,Yui Chul Nam,Mike de la Torre,219.0,305.0,360.0,315.0,1625.0,900.0
2015-11-28,Dongi Yang,Jake Collier,400.0,166.0,275.0,455.0,1303.0,820.0
2015-11-28,Dooho Choi,Sam Sicilia,499.0,465.0,-110.0,545.0,788.0,975.0
2015-11-28,Yoshihiro Akiyama,Alberto Mina,187.0,560.0,350.0,410.0,721.0,468.0
2015-11-28,Dong Hyun Kim,Dominic Waters,113.0,1149.0,225.0,1250.0,360.0,1650.0
2015-11-28,Benson Henderson,Jorge Masvidal,-102.0,400.0,565.0,775.0,605.0,604.0
2015-12-10,Rose Namajunas,Paige VanZant,600.0,,950.0,,250.0,
2015-12-10,Jim Miller,Michael Chiesa,180.0,225.0,950.0,675.0,420.0,500.0
2015-12-10,Sage Northcutt,Cody Pfister,318.0,1400.0,-110.0,1300.0,202.0,2400.0
2015-12-10,Tim Means,John Howard,137.0,450.0,185.0,1250.0,768.0,1318.0
2015-12-10,Elias Theodorou,Thiago Santos,161.0,486.0,390.0,350.0,440.0,1265.0
2015-12-10,Aljamain Sterling,Johnny Eduardo,125.0,822.0,411.0,950.0,190.0,2295.0
2015-12-10,Kailin Curran,Emily Peters Kagan,-125.0,375.0,395.0,1625.0,561.0,1815.0
2015-12-10,Santiago Ponzinibbio,Andreas Stahl,182.0,270.0,245.0,1020.0,754.0,1395.0
2015-12-10,Danny Roberts,Nathan Coy,380.0,200.0,160.0,690.0,1075.0,535.0
2015-12-10,Zubaira Tukhugov,Phillipe Nover,120.0,465.0,180.0,1550.0,1425.0,975.0
2015-12-10,Omari Akhmedov,Sergio Moraes,200.0,425.0,220.0,1350.0,1940.0,275.0
2015-12-11,Frankie Edgar,Chad Mendes,135.0,300.0,550.0,325.0,1200.0,1200.0
2015-12-11,Artem Lobov,Ryan Hall,320.0,750.0,155.0,1108.0,1278.0,200.0
2015-12-11,Edson Barboza,Tony Ferguson,325.0,250.0,475.0,325.0,1350.0,300.0
2015-12-11,Joe Lauzon,Evan Dunham,400.0,125.0,525.0,575.0,450.0,750.0
2015-12-11,Tatsuya Kawajiri,Jason Knight,120.0,429.0,700.0,1155.0,245.0,500.0
2015-12-11,Gabriel Gonzaga,Konstantin Erokhin,800.0,1271.0,300.0,100.0,280.0,1500.0
2015-12-11,Ryan LaFlare,Mike Pierce,,325.0,,700.0,,1467.0
2015-12-11,Joby Sanchez,Geane Herrera,210.0,242.0,425.0,725.0,900.0,464.0
2015-12-11,Chris Gruetzemacher,Abner Lloveras,145.0,260.0,600.0,540.0,670.0,651.0
2015-12-11,Julian Erosa,Marcin Wrzosek,191.0,211.0,480.0,350.0,910.0,1090.0
2015-12-12,Max Holloway,Jeremy Stephens,-110.0,1000.0,275.0,675.0,525.0,2000.0
2015-12-12,Chris Weidman,Luke Rockhold,250.0,375.0,265.0,525.0,700.0,475.0
2015-12-12,Jacare Souza,Yoel Romero,210.0,475.0,610.0,210.0,275.0,2500.0
2015-12-12,Demian Maia,Gunnar Nelson,175.0,250.0,1000.0,500.0,425.0,700.0
2015-12-12,Urijah Faber,Frankie Saenz,125.0,575.0,450.0,2000.0,170.0,2500.0
2015-12-12,Jose Aldo,Conor McGregor,350.0,600.0,340.0,135.0,600.0,1600.0
2015-12-12,Warlley Alves,Colby Covington,300.0,175.0,650.0,525.0,350.0,750.0
2015-12-12,Court McGee,Marcio Alexandre Junior,140.0,,600.0,,449.0,
2015-12-12,John Makdessi,Yancy Medeiros,254.0,365.0,185.0,545.0,1310.0,645.0
2015-12-12,Tecia Torres,Jocelyn Jones-Lybarger,-170.0,625.0,600.0,670.0,800.0,951.0
2015-12-12,Leonardo Santos,Kevin Lee,685.0,113.0,2305.0,325.0,1435.0,316.0
2015-12-12,Joe Proctor,Magomed Mustafaev,465.0,165.0,1215.0,170.0,1520.0,685.0
2015-12-19,Rafael Dos Anjos,Donald Cerrone,120.0,550.0,475.0,425.0,600.0,700.0
2015-12-19,Junior Dos Santos,Alistair Overeem,600.0,550.0,-200.0,500.0,1800.0,1800.0
2015-12-19,Michael Johnson,Nate Diaz,-113.0,800.0,283.0,1200.0,1300.0,550.0
2015-12-19,Charles Oliveira,Myles Jury,550.0,220.0,1100.0,225.0,315.0,1130.0
2015-12-19,Randa Markos,Karolina Kowalkiewicz,120.0,250.0,1565.0,870.0,435.0,1005.0
2015-12-19,Josh Samman,Tamdan McCrory,280.0,700.0,280.0,395.0,351.0,500.0
2015-12-19,Nik Lentz,Danny Castillo,170.0,211.0,575.0,585.0,928.0,915.0
2015-12-19,Kamaru Usman,Leon Edwards,109.0,502.0,525.0,350.0,414.0,1550.0
2015-12-19,Hayder Hassan,Vicente Luque,465.0,178.0,229.0,600.0,1425.0,530.0
2015-12-19,Francis Ngannou,Luis Henrique,804.0,543.0,160.0,325.0,478.0,545.0
2015-12-19,Sarah Kaufman,Valentina Shevchenko,130.0,260.0,570.0,485.0,1220.0,1085.0
2015-12-19,CB Dollaway,Nate Marquardt,183.0,753.0,140.0,700.0,646.0,1000.0
2016-01-02,Abel Trujillo,Tony Sims,435.0,380.0,240.0,175.0,1725.0,768.0
2016-01-02,Robbie Lawler,Carlos Condit,250.0,300.0,275.0,325.0,2000.0,750.0
2016-01-02,Stipe Miocic,Andrei Arlovski,200.0,500.0,155.0,380.0,1800.0,1800.0
2016-01-02,Lorenz Larkin,Albert Tumenov,425.0,300.0,550.0,105.0,1800.0,1500.0
2016-01-02,Diego Brandao,Brian Ortega,350.0,375.0,600.0,300.0,1000.0,230.0
2016-01-02,Michael McDonald,Masanori Kanehara,230.0,620.0,-105.0,1390.0,650.0,2425.0
2016-01-02,Justine Kish,Nina Ansaroff,103.0,,605.0,,607.0,
2016-01-02,Scott Holtzman,Drew Dober,145.0,240.0,375.0,1250.0,675.0,1520.0
2016-01-02,Dustin Poirier,Joe Duffy,450.0,450.0,400.0,200.0,825.0,325.0
2016-01-02,Joe Soto,Michinori Tanaka,249.0,177.0,575.0,540.0,758.0,550.0
2016-01-02,Sheldon Westcott,Edgar Garcia,383.0,450.0,581.0,380.0,175.0,930.0
2016-01-02,Kyle Noke,Alex Morono,100.0,850.0,385.0,620.0,681.0,974.0
2016-01-17,TJ Dillashaw,Dominick Cruz,170.0,225.0,320.0,500.0,1350.0,1400.0
2016-01-17,Anthony Pettis,Eddie Alvarez,200.0,400.0,225.0,1000.0,325.0,1800.0
2016-01-17,Travis Browne,Matt Mitrione,900.0,900.0,120.0,170.0,500.0,2000.0
2016-01-17,Ross Pearson,Francisco Trinaldo,133.0,300.0,465.0,475.0,2150.0,605.0
2016-01-17,Patrick Cote,Ben Saunders,225.0,275.0,395.0,571.0,1955.0,345.0
2016-01-17,Tim Boetsch,Ed Herman,250.0,340.0,205.0,900.0,824.0,500.0
2016-01-17,Chris Wade,Mehdi Baghdad,-111.0,655.0,1025.0,600.0,275.0,1955.0
2016-01-17,Paul Felder,Daron Cruickshank,219.0,395.0,130.0,650.0,900.0,2155.0
2016-01-17,Ilir Latifi,Sean O'Connell,350.0,650.0,140.0,465.0,410.0,1285.0
2016-01-17,Charles Rosa,Kyle Bochniak,272.0,435.0,430.0,650.0,180.0,1290.0
2016-01-17,Rob Font,Joey Gomez,297.0,830.0,150.0,320.0,900.0,1208.0
2016-01-17,Francimar Barroso,Elvis Mutapcic,295.0,241.0,565.0,250.0,965.0,754.0
2016-01-17,Maximo Blanco,Luke Sanders,242.0,190.0,300.0,575.0,1055.0,1080.0
2016-01-30,Sage Northcutt,Bryan Barberena,240.0,720.0,190.0,475.0,325.0,859.0
2016-01-30,Anthony Johnson,Ryan Bader,900.0,625.0,-200.0,950.0,1500.0,675.0
2016-01-30,Josh Barnett,Ben Rothwell,260.0,575.0,700.0,225.0,250.0,1200.0
2016-01-30,Iuri Alcantara,Jimmie Rivera,499.0,-105.0,460.0,542.0,474.0,2200.0
2016-01-30,Tarec Saffiedine,Jake Ellenberger,-113.0,535.0,400.0,450.0,939.0,1440.0
2016-01-30,Rafael Natal,Kevin Casey,140.0,760.0,550.0,348.0,755.0,550.0
2016-01-30,Anthony Rocco Martin,Felipe Olivieri,350.0,362.0,798.0,530.0,175.0,590.0
2016-01-30,Dustin Ortiz,Wilson Reis,-130.0,415.0,450.0,1275.0,800.0,665.0
2016-01-30,George Sullivan,Alexander Yakovlev,230.0,145.0,425.0,785.0,1695.0,700.0
2016-01-30,Alex Caceres,Masio Fullen,215.0,403.0,450.0,500.0,140.0,1300.0
2016-01-30,Matt Dwyer,Randy Brown,660.0,408.0,240.0,225.0,811.0,520.0
2016-01-30,Olivier Aubin-Mercier,Diego Ferreira,-140.0,570.0,605.0,650.0,595.0,660.0
2016-02-06,Johny Hendricks,Stephen Thompson,154.0,632.0,220.0,350.0,1045.0,2100.0
2016-02-06,Ovince Saint Preux,Rafael Feijao,579.0,,-130.0,,426.0,
2016-02-06,Joseph Benavidez,Zach Makovsky,-148.0,535.0,810.0,1125.0,430.0,2045.0
2016-02-06,Misha Cirkunov,Alex Nicholson,718.0,1750.0,170.0,800.0,-111.0,1905.0
2016-02-06,Mike Pyle,Sean Spencer,449.0,215.0,584.0,240.0,300.0,1170.0
2016-02-06,Roy Nelson,Jared Rosholt,961.0,165.0,100.0,582.0,1620.0,1800.0
2016-02-06,Derrick Lewis,Damian Grabowski,685.0,450.0,160.0,330.0,1035.0,350.0
2016-02-06,Ray Borg,Justin Scoggins,181.0,320.0,991.0,950.0,210.0,2255.0
2016-02-06,Noad Lahat,Diego Rivas,257.0,440.0,608.0,1175.0,120.0,1920.0
2016-02-06,Mickey Gall,Mike Jackson,543.0,950.0,332.0,850.0,-125.0,1720.0
2016-02-06,Artem Lobov,Alex White,309.0,427.0,180.0,370.0,1300.0,576.0
2016-02-06,Joshua Burkman,KJ Noons,303.0,325.0,554.0,300.0,275.0,1375.0
2016-02-21,Donald Cerrone,Alex Oliveira,351.0,705.0,285.0,425.0,194.0,1200.0
2016-02-21,Derek Brunson,Roan Carneiro,190.0,1189.0,120.0,705.0,771.0,769.0
2016-02-21,Cody Garbrandt,Augusto Mendes,240.0,475.0,-110.0,1875.0,824.0,600.0
2016-02-21,Dennis Bermudez,Tatsuya Kawajiri,116.0,485.0,350.0,1725.0,325.0,900.0
2016-02-21,Chris Camozzi,Joe Riggs,160.0,334.0,305.0,1000.0,519.0,900.0
2016-02-21,James Krause,Shane Campbell,302.0,340.0,450.0,385.0,305.0,1280.0
2016-02-21,Anthony Smith,Leonardo Augusto Leleco,277.0,584.0,281.0,335.0,650.0,459.0
2016-02-21,Daniel Sarafian,Oluwale Bamgbose,630.0,831.0,425.0,205.0,170.0,1400.0
2016-02-21,Jonavin Webb,Nathan Coy,245.0,343.0,240.0,1010.0,244.0,1650.0
2016-02-21,Marion Reneau,Ashlee Evans-Smith,232.0,420.0,400.0,425.0,305.0,1075.0
2016-02-21,Lauren Murphy,Kelly Faszholz,-107.0,397.0,375.0,1615.0,664.0,1250.0
2016-02-21,Alex Garcia,Sean Strickland,185.0,246.0,620.0,481.0,560.0,735.0
2016-02-21,Anthony Hamilton,Shamil Abdurakhimov,549.0,424.0,205.0,220.0,1125.0,640.0
2016-02-27,Francisco Rivera,Brad Pickett,320.0,286.0,140.0,686.0,1510.0,610.0
2016-02-27,Anderson Silva,Michael Bisping,285.0,454.0,-105.0,465.0,605.0,2825.0
2016-02-27,Mike Wilkinson,Makwan Amirkhani,450.0,328.0,480.0,600.0,561.0,175.0
2016-02-27,Gegard Mousasi,Thales Leites,-140.0,561.0,350.0,1245.0,735.0,755.0
2016-02-27,Davey Grant,Marlon Vera,192.0,375.0,1135.0,951.0,225.0,325.0
2016-02-27,Tom Breese,Keita Nakamura,493.0,1500.0,-175.0,1900.0,415.0,1500.0
2016-02-27,Arnold Allen,Yaotzin Meza,140.0,525.0,315.0,1375.0,487.0,775.0
2016-02-27,Bradley Scott,Krzysztof Jotko,310.0,118.0,515.0,640.0,580.0,911.0
2016-02-27,Norman Parke,Rustam Khabilov,275.0,110.0,1475.0,450.0,1975.0,530.0
2016-02-27,Daniel Omielanczuk,Jarjis Danho,359.0,415.0,200.0,235.0,440.0,1635.0
2016-02-27,Teemu Packalen,Thibault Gouti,222.0,250.0,550.0,465.0,510.0,584.0
2016-02-27,David Teymur,Martin Svensson,235.0,241.0,220.0,1170.0,1625.0,500.0
2016-02-27,Scott Askham,Chris Dempsey,240.0,550.0,-115.0,880.0,875.0,1325.0
2016-03-05,Conor McGregor,Nate Diaz,700.0,900.0,-270.0,1050.0,1800.0,600.0
2016-03-05,Holly Holm,Miesha Tate,175.0,600.0,160.0,1000.0,1500.0,500.0
2016-03-05,Gian Villante,Ilir Latifi,550.0,450.0,350.0,-105.0,1500.0,1000.0
2016-03-05,Corey Anderson,Tom Lawlor,-120.0,700.0,400.0,480.0,1150.0,950.0
2016-03-05,Amanda Nunes,Valentina Shevchenko,335.0,275.0,235.0,375.0,550.0,850.0
2016-03-05,Erick Silva,Nordine Taleb,381.0,350.0,350.0,632.0,180.0,2500.0
2016-03-05,Vitor Miranda,Marcelo Guimaraes,230.0,419.0,-103.0,1200.0,1805.0,1425.0
2016-03-05,Darren Elkins,Chas Skelly,181.0,175.0,1275.0,890.0,1550.0,330.0
2016-03-05,Diego Sanchez,Jim Miller,244.0,130.0,1070.0,790.0,1150.0,465.0
2016-03-05,Jason Saggo,Justin Salas,290.0,266.0,696.0,1075.0,160.0,1520.0
2016-03-05,Julian Erosa,Teruto Ishihara,169.0,340.0,676.0,430.0,340.0,1900.0
2016-03-05,Brandon Thatch,Siyar Bahadurzada,400.0,1015.0,100.0,405.0,536.0,1930.0
2016-03-19,Mark Hunt,Frank Mir,1201.0,1270.0,-105.0,550.0,3000.0,180.0
2016-03-19,Hector Lombard,Neil Magny,386.0,145.0,260.0,575.0,1055.0,1485.0
2016-03-19,Jake Matthews,Johnny Case,179.0,245.0,835.0,615.0,540.0,500.0
2016-03-19,Daniel Kelly,Antonio Carlos Junior,634.0,515.0,1150.0,150.0,1500.0,180.0
2016-03-19,James Te Huna,Steve Bosse,529.0,1500.0,120.0,285.0,400.0,1510.0
2016-03-19,Dan Hooker,Mark Eddiva,250.0,280.0,345.0,550.0,442.0,1615.0
2016-03-19,Brendan O'Reilly,Alan Jouban,751.0,350.0,1520.0,-145.0,1350.0,555.0
2016-03-19,Leslie Smith,Rin Nakai,225.0,185.0,315.0,1425.0,1325.0,660.0
2016-03-19,Richard Walsh,Viscardi Andrade,165.0,350.0,535.0,440.0,1310.0,461.0
2016-03-19,Ross Pearson,Chad Laprise,190.0,179.0,515.0,485.0,1140.0,1080.0
2016-03-19,Alan Patrick,Damien Brown,155.0,,226.0,,675.0,
2016-03-19,Bec Rawlings,Seohee Ham,189.0,160.0,1040.0,930.0,500.0,845.0
2016-04-10,Ben Rothwell,Junior Dos Santos,1000.0,550.0,230.0,150.0,375.0,1150.0
2016-04-10,Derrick Lewis,Gabriel Gonzaga,800.0,775.0,-115.0,400.0,2000.0,350.0
2016-04-10,Francis Ngannou,Curtis Blaydes,690.0,260.0,200.0,250.0,1170.0,636.0
2016-04-10,Tim Johnson,Marcin Tybura,410.0,364.0,315.0,430.0,1108.0,285.0
2016-04-10,Igor Pokrajac,Jan Blachowicz,565.0,205.0,715.0,175.0,1335.0,467.0
2016-04-10,Maryna Moroz,Cristina Stanciu,260.0,335.0,571.0,450.0,210.0,600.0
2016-04-10,Mairbek Taisumov,Damir Hadzovic,125.0,450.0,185.0,825.0,1343.0,1515.0
2016-04-10,Ian Entwistle,Alejandro Perez,1175.0,350.0,1670.0,325.0,-115.0,900.0
2016-04-10,Filip Pejic,Damian Stasiak,300.0,155.0,280.0,1265.0,1265.0,575.0
2016-04-10,Rob Whiteford,Lucas Martins,200.0,410.0,490.0,230.0,1315.0,716.0
2016-04-10,Jared Cannonier,Cyril Asker,347.0,570.0,175.0,305.0,965.0,682.0
2016-04-10,Alessio Di Chirico,Bojan Velickovic,325.0,128.0,845.0,900.0,876.0,395.0
2016-04-10,Nicolas Dalby,Zak Cummings,163.0,200.0,500.0,565.0,1575.0,615.0
2016-04-16,Rose Namajunas,Tecia Torres,190.0,200.0,1000.0,1200.0,210.0,1500.0
2016-04-16,Khabib Nurmagomedov,Darrell Horcher,150.0,900.0,200.0,900.0,265.0,2000.0
2016-04-16,Glover Teixeira,Rashad Evans,225.0,250.0,175.0,800.0,725.0,1550.0
2016-04-16,Cub Swanson,Hacran Dias,225.0,170.0,285.0,1150.0,825.0,875.0
2016-04-16,Beneil Dariush,Michael Chiesa,130.0,280.0,900.0,1050.0,410.0,705.0
2016-04-16,Elizeu Zaleski dos Santos,Omari Akhmedov,,168.0,,607.0,,490.0
2016-04-16,Court McGee,Santiago Ponzinibbio,275.0,165.0,731.0,335.0,665.0,1260.0
2016-04-16,Randy Brown,Michael Graves,284.0,183.0,465.0,1215.0,708.0,375.0
2016-04-16,John Dodson,Manvel Gamburyan,134.0,675.0,150.0,2105.0,1050.0,1250.0
2016-04-16,Oluwale Bamgbose,Cezar Ferreira,1209.0,800.0,-145.0,450.0,1265.0,390.0
2016-04-16,Bethe Correia,Raquel Pennington,244.0,160.0,1325.0,727.0,2005.0,250.0
2016-04-23,Jon Jones,Ovince Saint Preux,569.0,1600.0,105.0,650.0,175.0,2675.0
2016-04-23,Demetrious Johnson,Henry Cejudo,109.0,400.0,445.0,1340.0,410.0,2400.0
2016-04-23,Anthony Pettis,Edson Barboza,255.0,265.0,365.0,500.0,350.0,2200.0
2016-04-23,Robert Whittaker,Rafael Natal,260.0,375.0,105.0,1275.0,2300.0,1300.0
2016-04-23,Yair Rodriguez,Andre Fili,205.0,260.0,1200.0,410.0,500.0,800.0
2016-04-23,Sergio Pettis,Chris Kelades,255.0,285.0,365.0,1025.0,350.0,1350.0
2016-04-23,Danny Roberts,Dominique Steele,314.0,450.0,165.0,1410.0,310.0,1465.0
2016-04-23,Carla Esparza,Juliana Lima,137.0,243.0,1000.0,975.0,365.0,1300.0
2016-04-23,Glaico Franca,James Vick,296.0,240.0,1200.0,464.0,710.0,275.0
2016-04-23,Walt Harris,Cody East,1190.0,550.0,178.0,115.0,2200.0,1015.0
2016-04-23,Marcos Rogerio de Lima,Clint Hester,243.0,446.0,975.0,240.0,1300.0,866.0
2016-04-23,Efrain Escudero,Kevin Lee,477.0,108.0,1220.0,400.0,1350.0,432.0
2016-05-08,Alistair Overeem,Andrei Arlovski,750.0,1150.0,-125.0,225.0,800.0,2500.0
2016-05-08,Antonio Silva,Stefan Struve,885.0,575.0,325.0,115.0,777.0,500.0
2016-05-08,Albert Tumenov,Gunnar Nelson,197.0,465.0,235.0,1475.0,1920.0,330.0
2016-05-08,Germaine de Randamie,Anna Elmose,180.0,545.0,105.0,1050.0,1000.0,1670.0
2016-05-08,Nikita Krylov,Francimar Barroso,500.0,370.0,165.0,550.0,331.0,700.0
2016-05-08,Karolina Kowalkiewicz,Heather Jo Clark,-128.0,442.0,450.0,855.0,827.0,1235.0
2016-05-08,Rustam Khabilov,Chris Wade,155.0,230.0,385.0,1675.0,535.0,875.0
2016-05-08,Magnus Cedenblad,Garreth McLellan,221.0,515.0,488.0,910.0,165.0,953.0
2016-05-08,Jon Tuck,Josh Emmett,296.0,240.0,450.0,515.0,488.0,565.0
2016-05-08,Yan Cabral,Reza Madadi,174.0,240.0,799.0,750.0,330.0,910.0
2016-05-08,Kyoji Horiguchi,Neil Seery,-160.0,650.0,345.0,1600.0,524.0,1370.0
2016-05-08,Leon Edwards,Dominic Waters,187.0,450.0,175.0,520.0,754.0,985.0
2016-05-08,Ulka Sasaki,Willie Gates,787.0,286.0,1080.0,235.0,180.0,945.0
2016-05-14,Fabricio Werdum,Stipe Miocic,325.0,508.0,305.0,260.0,250.0,3000.0
2016-05-14,Jacare Souza,Vitor Belfort,549.0,1450.0,375.0,320.0,-105.0,2700.0
2016-05-14,Cris Cyborg,Leslie Smith,,2000.0,,2000.0,,2950.0
2016-05-14,Mauricio Rua,Corey Anderson,436.0,121.0,300.0,400.0,822.0,800.0
2016-05-14,Warlley Alves,Bryan Barberena,216.0,825.0,505.0,1175.0,115.0,1665.0
2016-05-14,Demian Maia,Matt Brown,230.0,520.0,925.0,550.0,121.0,2050.0
2016-05-14,Thiago Santos,Nate Marquardt,506.0,850.0,-165.0,787.0,1253.0,815.0
2016-05-14,Francisco Trinaldo,Yancy Medeiros,179.0,405.0,340.0,815.0,390.0,925.0
2016-05-14,John Lineker,Rob Font,350.0,350.0,260.0,310.0,625.0,550.0
2016-05-14,Rogerio Nogueira,Patrick Cummins,560.0,115.0,530.0,250.0,634.0,1375.0
2016-05-14,Renato Moicano,Zubaira Tukhugov,185.0,332.0,910.0,243.0,655.0,1250.0
2016-05-29,Thomas Almeida,Cody Garbrandt,535.0,600.0,105.0,240.0,1000.0,1600.0
2016-05-29,Renan Barao,Jeremy Stephens,205.0,375.0,375.0,325.0,350.0,1600.0
2016-05-29,Tarec Saffiedine,Rick Story,135.0,200.0,625.0,425.0,1650.0,1000.0
2016-05-29,Chris Camozzi,Vitor Miranda,240.0,200.0,1100.0,200.0,1250.0,1050.0
2016-05-29,Jorge Masvidal,Lorenz Larkin,175.0,155.0,700.0,400.0,1050.0,1800.0
2016-05-29,Chris de la Rocha,Adam Milstead,,904.0,,-160.0,,1095.0
2016-05-29,Sara McMann,Jessica Eye,125.0,242.0,875.0,435.0,1070.0,900.0
2016-05-29,Abel Trujillo,Jordan Rinaldi,349.0,525.0,-120.0,1395.0,514.0,595.0
2016-05-29,Jake Collier,Alberto Uda,285.0,,435.0,,456.0,
2016-05-29,Erik Koch,Shane Campbell,385.0,281.0,430.0,216.0,544.0,1400.0
2016-05-29,Aljamain Sterling,Bryan Caraway,-110.0,600.0,485.0,1675.0,502.0,475.0
2016-05-29,Joshua Burkman,Paul Felder,550.0,110.0,850.0,300.0,700.0,675.0
2016-06-04,Luke Rockhold,Michael Bisping,800.0,1200.0,-145.0,1000.0,160.0,2200.0
2016-06-04,Dominick Cruz,Urijah Faber,-175.0,700.0,400.0,1100.0,1200.0,1000.0
2016-06-04,Max Holloway,Ricardo Lamas,105.0,380.0,285.0,1200.0,800.0,1250.0
2016-06-04,Dan Henderson,Hector Lombard,800.0,600.0,450.0,-240.0,1200.0,900.0
2016-06-04,Dustin Poirier,Bobby Green,140.0,300.0,350.0,500.0,675.0,1200.0
2016-06-04,Brian Ortega,Clay Guida,325.0,260.0,750.0,1500.0,115.0,1500.0
2016-06-04,Beneil Dariush,James Vick,165.0,265.0,650.0,500.0,425.0,900.0
2016-06-04,Jessica Penne,Jessica Andrade,255.0,140.0,800.0,680.0,340.0,1000.0
2016-06-04,Cole Miller,Alex Caceres,206.0,253.0,600.0,951.0,225.0,1600.0
2016-06-04,Sean Strickland,Tom Breese,189.0,205.0,500.0,600.0,840.0,670.0
2016-06-04,Jonathan Wilson,Henrique da Silva,506.0,850.0,114.0,305.0,1100.0,649.0
2016-06-04,Polo Reyes,Dong Hyun Ma,413.0,425.0,204.0,505.0,1800.0,284.0
2016-06-18,Rory MacDonald,Stephen Thompson,,250.0,,150.0,,1200.0
2016-06-18,Donald Cerrone,Patrick Cote,175.0,200.0,300.0,350.0,450.0,1000.0
2016-06-18,Steve Bosse,Sean O'Connell,750.0,600.0,-125.0,200.0,800.0,900.0
2016-06-18,Olivier Aubin-Mercier,Thibault Gouti,243.0,917.0,600.0,885.0,105.0,1295.0
2016-06-18,Valerie Letourneau,Joanne Calderwood,123.0,220.0,765.0,675.0,806.0,1175.0
2016-06-18,Jason Saggo,Leandro Silva,179.0,195.0,800.0,539.0,545.0,950.0
2016-06-18,Ali Bagautinov,Geane Herrera,-113.0,405.0,390.0,1200.0,1115.0,1050.0
2016-06-18,Tamdan McCrory,Krzysztof Jotko,275.0,249.0,664.0,1125.0,200.0,983.0
2016-06-18,Chris Beal,Joe Soto,165.0,240.0,435.0,925.0,1825.0,371.0
2016-06-18,Elias Theodorou,Sam Alvey,-114.0,536.0,510.0,345.0,1005.0,1655.0
2016-06-18,Randa Markos,Jocelyn Jones-Lybarger,122.0,185.0,1450.0,1050.0,404.0,1775.0
2016-06-18,Colby Covington,Jonathan Meunier,141.0,405.0,600.0,670.0,270.0,1335.0
2016-06-18,Misha Cirkunov,Ion Cutelaba,450.0,1108.0,280.0,250.0,205.0,655.0
2016-07-07,Rafael Dos Anjos,Eddie Alvarez,260.0,580.0,170.0,510.0,295.0,2275.0
2016-07-07,Roy Nelson,Derrick Lewis,800.0,590.0,120.0,155.0,913.0,1945.0
2016-07-07,Joe Duffy,Mitch Clarke,175.0,925.0,170.0,925.0,350.0,875.0
2016-07-07,John Makdessi,Mehdi Baghdad,169.0,200.0,370.0,400.0,1530.0,1430.0
2016-07-07,Alan Jouban,Belal Muhammad,260.0,185.0,265.0,510.0,1020.0,1260.0
2016-07-07,Russell Doane,Pedro Munhoz,320.0,155.0,775.0,645.0,1140.0,310.0
2016-07-07,Anthony Birchak,Dileno Lopes,143.0,442.0,300.0,785.0,600.0,682.0
2016-07-07,Vicente Luque,Alvaro Herrera,304.0,900.0,230.0,645.0,160.0,1130.0
2016-07-07,Marco Beltran,Reginaldo Vieira,200.0,236.0,700.0,700.0,1105.0,320.0
2016-07-07,Mike Pyle,Alberto Mina,251.0,560.0,350.0,190.0,525.0,837.0
2016-07-07,Felipe Arantes,Jerrod Sanders,261.0,200.0,315.0,1075.0,400.0,1085.0
2016-07-07,Gilbert Burns,Lukasz Sajewski,144.0,370.0,907.0,975.0,220.0,1295.0
2016-07-08,Jake Matthews,Kevin Lee,210.0,205.0,350.0,700.0,505.0,840.0
2016-07-08,Cezar Ferreira,Anthony Smith,445.0,791.0,610.0,155.0,350.0,670.0
2016-07-08,Cory Hendricks,Josh Stansbury,245.0,308.0,520.0,385.0,300.0,701.0
2016-07-08,John Moraga,Matheus Nicolau,180.0,235.0,505.0,720.0,527.0,765.0
2016-07-08,Gray Maynard,Fernando Bruno,170.0,360.0,445.0,430.0,586.0,935.0
2016-07-08,Joaquim Silva,Andrew Holbrook,220.0,324.0,405.0,813.0,635.0,320.0
2016-07-08,Dooho Choi,Thiago Tavares,723.0,630.0,-146.0,785.0,2000.0,350.0
2016-07-08,Ross Pearson,Will Brooks,425.0,-114.0,725.0,503.0,2000.0,460.0
2016-07-08,Tatiana Suarez,Amanda Cooper,123.0,541.0,500.0,1000.0,250.0,1000.0
2016-07-08,Andrew Sanchez,Khalil Rountree Jr.,252.0,,450.0,,180.0,
2016-07-08,Joanna Jedrzejczyk,Claudia Gadelha,180.0,190.0,375.0,1000.0,1800.0,575.0
2016-07-08,Li Jingliang,Anton Zafir,237.0,630.0,130.0,1095.0,550.0,745.0
2016-07-09,Miesha Tate,Amanda Nunes,250.0,700.0,600.0,350.0,175.0,900.0
2016-07-09,Daniel Cormier,Anderson Silva,200.0,1200.0,140.0,625.0,350.0,1400.0
2016-07-09,Cat Zingano,Julianna Pena,200.0,250.0,350.0,625.0,500.0,725.0
2016-07-09,Johny Hendricks,Kelvin Gastelum,190.0,175.0,425.0,550.0,1000.0,900.0
2016-07-09,Jose Aldo,Frankie Edgar,300.0,225.0,325.0,375.0,900.0,700.0
2016-07-09,Sage Northcutt,Enrique Marin,525.0,625.0,135.0,950.0,325.0,675.0
2016-07-09,TJ Dillashaw,Raphael Assuncao,-110.0,550.0,265.0,1000.0,800.0,1225.0
2016-07-09,Jim Miller,Takanori Gomi,350.0,440.0,660.0,580.0,125.0,2250.0
2016-07-09,Cain Velasquez,Travis Browne,325.0,950.0,-110.0,350.0,900.0,1500.0
2016-07-09,Diego Sanchez,Joe Lauzon,175.0,180.0,575.0,550.0,900.0,625.0
2016-07-09,Gegard Mousasi,Thiago Santos,187.0,461.0,300.0,450.0,350.0,1378.0
2016-07-13,Michael McDonald,John Lineker,500.0,350.0,350.0,135.0,500.0,875.0
2016-07-13,Tony Ferguson,Lando Vannata,325.0,1100.0,150.0,1300.0,140.0,1400.0
2016-07-13,Tim Boetsch,Josh Samman,380.0,286.0,500.0,180.0,1365.0,375.0
2016-07-13,Kyle Noke,Keita Nakamura,122.0,290.0,450.0,1095.0,916.0,350.0
2016-07-13,Aleksei Oleinik,Daniel Omielanczuk,561.0,450.0,488.0,375.0,120.0,1115.0
2016-07-13,Eric Spicely,Sam Alvey,420.0,352.0,1220.0,-105.0,925.0,1050.0
2016-07-13,Cortney Casey,Cristina Stanciu,216.0,180.0,975.0,445.0,1117.0,590.0
2016-07-13,Scott Holtzman,Cody Pfister,117.0,420.0,625.0,925.0,350.0,1145.0
2016-07-13,Rani Yahya,Matthew Lopez,404.0,215.0,1417.0,285.0,325.0,605.0
2016-07-13,Devin Clark,Alex Nicholson,209.0,674.0,260.0,320.0,478.0,1000.0
2016-07-13,Lauren Murphy,Katlyn Chookagian,135.0,250.0,320.0,1340.0,1200.0,1050.0
2016-07-13,Louis Smolka,Ben Nguyen,254.0,350.0,688.0,190.0,540.0,720.0
2016-07-23,Frankie Saenz,Eddie Wineland,115.0,268.0,455.0,535.0,950.0,1200.0
2016-07-23,Holly Holm,Valentina Shevchenko,113.0,450.0,423.0,450.0,1300.0,939.0
2016-07-23,Edson Barboza,Gilbert Melendez,-105.0,350.0,257.0,692.0,1700.0,1285.0
2016-07-23,Francis Ngannou,Bojan Mihajlovic,500.0,937.0,-260.0,965.0,645.0,2000.0
2016-07-23,Felice Herrig,Kailin Curran,252.0,155.0,930.0,550.0,550.0,716.0
2016-07-23,Darren Elkins,Godofredo Pepey,-110.0,922.0,466.0,700.0,800.0,363.0
2016-07-23,Michel Prazeres,JC Cottrell,135.0,295.0,565.0,1000.0,350.0,1295.0
2016-07-23,Kamaru Usman,Alexander Yakovlev,-130.0,536.0,490.0,500.0,1225.0,710.0
2016-07-23,Luis Henrique,Dmitrii Smoliakov,445.0,,350.0,,535.0,
2016-07-23,Alex Oliveira,James Moontasri,230.0,550.0,366.0,505.0,325.0,610.0
2016-07-23,Jim Alers,Jason Knight,129.0,315.0,885.0,774.0,952.0,385.0
2016-07-30,Cesar Arzamendia,Damien Brown,330.0,442.0,345.0,-115.0,720.0,540.0
2016-07-30,Wilson Reis,Hector Sandoval,140.0,616.0,865.0,609.0,175.0,2100.0
2016-07-30,Anthony Hamilton,Damian Grabowski,290.0,715.0,273.0,329.0,1200.0,325.0
2016-07-30,Ross Pearson,Jorge Masvidal,320.0,-103.0,809.0,410.0,2150.0,756.0
2016-07-30,Nikita Krylov,Ed Herman,507.0,580.0,185.0,862.0,405.0,475.0
2016-07-30,Ryan Benoit,Fredy Serrano,320.0,247.0,307.0,420.0,825.0,745.0
2016-07-30,Francisco Rivera,Erik Perez,345.0,233.0,320.0,535.0,2150.0,360.0
2016-07-30,Matt Brown,Jake Ellenberger,442.0,545.0,-115.0,615.0,540.0,916.0
2016-07-30,Rose Namajunas,Karolina Kowalkiewicz,130.0,280.0,950.0,725.0,300.0,1210.0
2016-07-30,Robbie Lawler,Tyron Woodley,399.0,375.0,145.0,280.0,2300.0,1800.0
2016-08-06,Yair Rodriguez,Alex Caceres,310.0,650.0,145.0,775.0,350.0,625.0
2016-08-06,Dennis Bermudez,Rony Jason,160.0,650.0,250.0,525.0,900.0,475.0
2016-08-06,Thales Leites,Chris Camozzi,210.0,195.0,550.0,900.0,285.0,1250.0
2016-08-06,Santiago Ponzinibbio,Zak Cummings,290.0,219.0,200.0,470.0,1500.0,800.0
2016-08-06,Maryna Moroz,Danielle Taylor,175.0,467.0,642.0,588.0,185.0,1500.0
2016-08-06,Trevor Smith,Joe Gigliotti,450.0,715.0,550.0,210.0,325.0,422.0
2016-08-06,Viktor Pesta,Marcin Tybura,290.0,425.0,312.0,380.0,775.0,415.0
2016-08-06,Chase Sherman,Justin Ledet,485.0,500.0,177.0,200.0,1000.0,435.0
2016-08-06,Cub Swanson,Tatsuya Kawajiri,125.0,460.0,180.0,1165.0,700.0,900.0
2016-08-06,Court McGee,Dominique Steele,150.0,257.0,405.0,520.0,1050.0,1330.0
2016-08-06,David Teymur,Jason Novelli,145.0,329.0,350.0,525.0,1600.0,450.0
2016-08-06,Teruto Ishihara,Horacio Gutierrez,325.0,369.0,120.0,635.0,1250.0,1350.0
2016-08-20,Alberto Uda,Marvin Vettori,648.0,377.0,410.0,294.0,493.0,325.0
2016-08-20,Colby Covington,Max Griffin,106.0,626.0,600.0,660.0,273.0,1405.0
2016-08-20,Neil Magny,Lorenz Larkin,150.0,275.0,600.0,350.0,625.0,1800.0
2016-08-20,Randa Markos,Cortney Casey,154.0,270.0,955.0,550.0,505.0,755.0
2016-08-20,Raquel Pennington,Elizabeth Phillips,105.0,347.0,700.0,1050.0,350.0,1950.0
2016-08-20,Cody Garbrandt,Takeya Mizugaki,220.0,650.0,-125.0,1000.0,950.0,1650.0
2016-08-20,Tim Means,Sabah Homasi,300.0,775.0,100.0,620.0,500.0,1300.0
2016-08-20,Hyun Gyu Lim,Mike Perry,375.0,600.0,-130.0,475.0,750.0,1250.0
2016-08-20,Rick Story,Donald Cerrone,205.0,244.0,501.0,500.0,1600.0,436.0
2016-08-20,Anthony Johnson,Glover Teixeira,500.0,450.0,-140.0,750.0,2000.0,425.0
2016-08-20,Nate Diaz,Conor McGregor,650.0,650.0,550.0,120.0,235.0,1800.0
2016-08-20,Artem Lobov,Chris Avila,385.0,242.0,190.0,645.0,1225.0,590.0
2016-08-27,Anthony Pettis,Charles Oliveira,275.0,450.0,180.0,1150.0,450.0,450.0
2016-08-27,Paige VanZant,Bec Rawlings,,325.0,,825.0,,1100.0
2016-08-27,Demian Maia,Carlos Condit,240.0,425.0,1500.0,175.0,300.0,1200.0
2016-08-27,Joe Lauzon,Jim Miller,300.0,275.0,375.0,525.0,325.0,675.0
2016-08-27,Chad Laprise,Thibault Gouti,118.0,520.0,322.0,679.0,600.0,1280.0
2016-08-27,Enrique Barzola,Kyle Bochniak,254.0,183.0,970.0,405.0,1000.0,495.0
2016-08-27,Sam Alvey,Kevin Casey,442.0,290.0,-110.0,1315.0,1000.0,1000.0
2016-08-27,Jeremy Kennedy,Alessandro Ricci,170.0,286.0,475.0,550.0,634.0,755.0
2016-08-27,Garreth McLellan,Alessio Di Chirico,530.0,240.0,785.0,205.0,880.0,450.0
2016-08-27,Shane Campbell,Felipe Silva,244.0,520.0,270.0,320.0,724.0,715.0
2016-09-03,Scott Askham,Jack Hermansson,260.0,195.0,345.0,425.0,941.0,1075.0
2016-09-03,Taylor Lapilus,Leandro Issa,245.0,445.0,180.0,1180.0,1100.0,280.0
2016-09-03,Ashlee Evans-Smith,Veronica Macedo,115.0,483.0,320.0,700.0,825.0,600.0
2016-09-03,Peter Sobotta,Nicolas Dalby,300.0,150.0,855.0,440.0,865.0,1145.0
2016-09-03,Jessin Ayari,Jimmy Wallhead,272.0,295.0,560.0,220.0,815.0,960.0
2016-09-03,Nick Hein,Tae Hyun Bang,-118.0,890.0,465.0,350.0,580.0,1900.0
2016-09-03,Ryan Bader,Ilir Latifi,160.0,625.0,225.0,275.0,1050.0,1500.0
2016-09-03,Alexander Gustafsson,Jan Blachowicz,215.0,925.0,100.0,1050.0,375.0,2500.0
2016-09-03,Andrei Arlovski,Josh Barnett,800.0,550.0,200.0,200.0,1600.0,275.0
2016-09-03,Rustam Khabilov,Leandro Silva,-146.0,605.0,405.0,1220.0,951.0,1375.0
2016-09-10,Stipe Miocic,Alistair Overeem,800.0,700.0,115.0,120.0,2500.0,1200.0
2016-09-10,CM Punk,Mickey Gall,800.0,675.0,900.0,200.0,900.0,110.0
2016-09-10,Urijah Faber,Jimmie Rivera,275.0,150.0,1250.0,300.0,450.0,1400.0
2016-09-10,Jessica Andrade,Joanne Calderwood,275.0,180.0,325.0,825.0,425.0,1250.0
2016-09-10,Fabricio Werdum,Travis Browne,225.0,775.0,400.0,250.0,250.0,2200.0
2016-09-10,Brad Tavares,Caio Magalhaes,145.0,850.0,250.0,350.0,1445.0,481.0
2016-09-10,Nik Lentz,Michael McBride,-101.0,710.0,334.0,1715.0,375.0,1100.0
2016-09-10,Yancy Medeiros,Sean Spencer,276.0,205.0,434.0,510.0,480.0,1175.0
2016-09-10,Drew Dober,Jason Gonzalez,155.0,370.0,535.0,595.0,560.0,555.0
2016-09-10,Jessica Eye,Bethe Correia,145.0,190.0,387.0,684.0,1550.0,1600.0
2016-09-17,Dustin Poirier,Michael Johnson,380.0,380.0,270.0,375.0,275.0,1500.0
2016-09-17,Uriah Hall,Derek Brunson,450.0,130.0,375.0,400.0,1350.0,650.0
2016-09-17,Evan Dunham,Rick Glenn,-114.0,750.0,706.0,650.0,375.0,1050.0
2016-09-17,Roan Carneiro,Kenny Robertson,242.0,250.0,725.0,425.0,545.0,524.0
2016-09-17,Chris Wade,Islam Makhachev,178.0,190.0,1025.0,877.0,810.0,440.0
2016-09-17,Gabriel Benitez,Sam Sicilia,320.0,344.0,550.0,255.0,490.0,600.0
2016-09-17,Augusto Montano,Belal Muhammad,800.0,-114.0,668.0,200.0,1650.0,1450.0
2016-09-17,Antonio Carlos Junior,Leonardo Augusto Leleco,295.0,850.0,378.0,354.0,190.0,1800.0
2016-09-17,Jose Quinonez,Joey Gomez,300.0,351.0,664.0,167.0,450.0,1400.0
2016-09-17,Erick Montano,Randy Brown,800.0,222.0,668.0,125.0,1650.0,350.0
2016-09-17,Chas Skelly,Maximo Blanco,350.0,310.0,1008.0,409.0,165.0,2200.0
2016-09-24,Cris Cyborg,Lina Lansberg,,2000.0,,1000.0,,1800.0
2016-09-24,Godofredo Pepey,Mike de la Torre,475.0,600.0,500.0,230.0,175.0,900.0
2016-09-24,Francisco Trinaldo,Paul Felder,135.0,300.0,625.0,425.0,1000.0,550.0
2016-09-24,Thiago Santos,Eric Spicely,550.0,950.0,-300.0,1800.0,1250.0,950.0
2016-09-24,Gilbert Burns,Michel Prazeres,164.0,290.0,800.0,1020.0,243.0,1550.0
2016-09-24,Renan Barao,Phillipe Nover,160.0,550.0,200.0,1000.0,300.0,1800.0
2016-09-24,Jussier Formiga,Dustin Ortiz,120.0,250.0,1400.0,900.0,350.0,1580.0
2016-09-24,Rani Yahya,Michinori Tanaka,240.0,175.0,1210.0,665.0,375.0,700.0
2016-09-24,Glaico Franca,Gregor Gillespie,296.0,291.0,775.0,485.0,245.0,845.0
2016-09-24,Vicente Luque,Hector Urbina,254.0,710.0,317.0,1425.0,155.0,1340.0
2016-09-24,Roy Nelson,Antonio Silva,800.0,700.0,-275.0,750.0,1400.0,1200.0
2016-09-24,Alan Patrick,Stevie Ray,255.0,275.0,910.0,250.0,600.0,537.0
2016-09-24,Erick Silva,Luan Chagas,700.0,365.0,750.0,250.0,1200.0,582.0
2016-10-01,Cody East,Curtis Blaydes,785.0,330.0,335.0,121.0,1600.0,900.0
2016-10-01,Jonathan Wilson,Ion Cutelaba,550.0,540.0,255.0,172.0,633.0,600.0
2016-10-01,Nate Marquardt,Tamdan McCrory,550.0,547.0,320.0,245.0,600.0,435.0
2016-10-01,Keita Nakamura,Elizeu Zaleski dos Santos,450.0,240.0,877.0,385.0,190.0,1575.0
2016-10-01,Shamil Abdurakhimov,Walt Harris,330.0,900.0,220.0,167.0,1042.0,1400.0
2016-10-01,Hacran Dias,Andre Fili,115.0,285.0,956.0,421.0,625.0,1300.0
2016-10-01,Louis Smolka,Brandon Moreno,375.0,475.0,265.0,1450.0,110.0,1800.0
2016-10-01,Joshua Burkman,Zak Ottow,185.0,400.0,265.0,675.0,475.0,700.0
2016-10-01,Will Brooks,Alex Oliveira,-120.0,475.0,650.0,700.0,450.0,1000.0
2016-10-01,John Lineker,John Dodson,500.0,280.0,220.0,280.0,1100.0,550.0
2016-10-01,Kelly Faszholz,Ketlen Vieira,198.0,230.0,450.0,540.0,525.0,645.0
2016-10-01,Henrique da Silva,Joachim Christensen,405.0,350.0,260.0,405.0,610.0,600.0
2016-10-08,Mirsad Bektic,Russell Doane,120.0,1000.0,170.0,1250.0,425.0,1200.0
2016-10-08,Michael Bisping,Dan Henderson,325.0,900.0,100.0,250.0,1200.0,2000.0
2016-10-08,Vitor Belfort,Gegard Mousasi,725.0,575.0,450.0,-115.0,1250.0,425.0
2016-10-08,Ovince Saint Preux,Jimi Manuwa,525.0,600.0,170.0,225.0,450.0,1500.0
2016-10-08,Stefan Struve,Daniel Omielanczuk,310.0,375.0,215.0,375.0,450.0,1250.0
2016-10-08,Leon Edwards,Albert Tumenov,290.0,274.0,700.0,167.0,1183.0,1200.0
2016-10-08,Davey Grant,Damian Stasiak,145.0,343.0,840.0,1200.0,370.0,558.0
2016-10-08,Leonardo Santos,Adriano Martins,435.0,241.0,719.0,240.0,600.0,516.0
2016-10-08,Brad Pickett,Iuri Alcantara,182.0,220.0,700.0,360.0,1080.0,606.0
2016-10-08,Lukasz Sajewski,Marc Diakiese,515.0,137.0,1400.0,245.0,590.0,900.0
2016-10-08,Danny Roberts,Mike Perry,550.0,615.0,375.0,201.0,328.0,800.0
2016-11-05,Rafael Dos Anjos,Tony Ferguson,200.0,650.0,325.0,400.0,750.0,325.0
2016-11-05,Diego Sanchez,Marcin Held,325.0,175.0,825.0,575.0,1250.0,225.0
2016-11-05,Ricardo Lamas,Charles Oliveira,220.0,400.0,525.0,700.0,550.0,235.0
2016-11-05,Martin Bravo,Claudio Puelles,180.0,234.0,525.0,485.0,931.0,755.0
2016-11-05,Alexa Grasso,Heather Jo Clark,-150.0,675.0,350.0,1150.0,650.0,1200.0
2016-11-05,Beneil Dariush,Rashid Magomedov,250.0,175.0,725.0,415.0,425.0,1250.0
2016-11-05,Marco Beltran,Joe Soto,211.0,400.0,405.0,945.0,825.0,240.0
2016-11-05,Erick Montano,Max Griffin,245.0,375.0,900.0,185.0,520.0,600.0
2016-11-05,Henry Briones,Douglas Silva de Andrade,190.0,265.0,770.0,350.0,633.0,495.0
2016-11-05,Sam Alvey,Alex Nicholson,390.0,550.0,105.0,257.0,703.0,1400.0
2016-11-05,Polo Reyes,Jason Novelli,316.0,550.0,150.0,547.0,1050.0,380.0
2016-11-05,Enrique Barzola,Chris Avila,-112.0,800.0,335.0,1385.0,465.0,935.0
2016-11-05,Erik Perez,Felipe Arantes,140.0,375.0,425.0,1140.0,631.0,575.0
2016-11-12,Eddie Alvarez,Conor McGregor,500.0,630.0,400.0,110.0,420.0,1500.0
2016-11-12,Joanna Jedrzejczyk,Karolina Kowalkiewicz,-105.0,475.0,230.0,900.0,1350.0,1800.0
2016-11-12,Chris Weidman,Yoel Romero,200.0,400.0,350.0,325.0,450.0,2000.0
2016-11-12,Miesha Tate,Raquel Pennington,160.0,250.0,725.0,900.0,335.0,750.0
2016-11-12,Khabib Nurmagomedov,Michael Johnson,125.0,550.0,380.0,504.0,400.0,2800.0
2016-11-12,Rafael Natal,Tim Boetsch,200.0,475.0,350.0,275.0,575.0,900.0
2016-11-12,Frankie Edgar,Jeremy Stephens,-130.0,625.0,410.0,500.0,685.0,1800.0
2016-11-12,Liz Carmouche,Katlyn Chookagian,300.0,125.0,700.0,525.0,700.0,575.0
2016-11-12,Vicente Luque,Belal Muhammad,250.0,150.0,525.0,575.0,525.0,980.0
2016-11-12,Jim Miller,Thiago Alves,360.0,203.0,725.0,270.0,400.0,1145.0
2016-11-19,Charlie Ward,Abdul Razak Alhassan,610.0,650.0,675.0,-145.0,1105.0,652.0
2016-11-19,Gegard Mousasi,Uriah Hall,300.0,1150.0,150.0,700.0,200.0,1800.0
2016-11-19,Ross Pearson,Stevie Ray,175.0,190.0,450.0,425.0,1150.0,1250.0
2016-11-19,Tim Johnson,Alexander Volkov,195.0,525.0,440.0,300.0,535.0,635.0
2016-11-19,Magnus Cedenblad,Jack Marshman,290.0,900.0,280.0,385.0,190.0,1092.0
2016-11-19,Kyoji Horiguchi,Ali Bagautinov,-115.0,270.0,465.0,920.0,1120.0,1370.0
2016-11-19,Artem Lobov,Teruto Ishihara,350.0,275.0,600.0,110.0,1250.0,1450.0
2016-11-19,Anna Elmose,Amanda Cooper,178.0,275.0,325.0,816.0,892.0,350.0
2016-11-19,Justin Ledet,Mark Godbeer,259.0,860.0,270.0,195.0,545.0,1100.0
2016-11-19,Zak Cummings,Alexander Yakovlev,140.0,240.0,575.0,715.0,585.0,872.0
2016-11-19,Marion Reneau,Milana Dudieva,180.0,280.0,401.0,1205.0,260.0,900.0
2016-11-19,Brett Johns,Kwan Ho Kwak,114.0,425.0,550.0,534.0,547.0,1010.0
2016-11-19,Kevin Lee,Magomed Mustafaev,210.0,477.0,588.0,230.0,550.0,846.0
2016-11-26,Khalil Rountree Jr.,Tyson Pedro,,475.0,,485.0,,285.0
2016-11-26,Robert Whittaker,Derek Brunson,635.0,310.0,180.0,185.0,1150.0,825.0
2016-11-26,Jake Matthews,Andrew Holbrook,170.0,825.0,235.0,1050.0,300.0,725.0
2016-11-26,Kyle Noke,Omari Akhmedov,330.0,300.0,525.0,280.0,542.0,500.0
2016-11-26,Yusuke Kasuya,Alexander Volkanovski,350.0,250.0,675.0,360.0,375.0,514.0
2016-11-26,Seohee Ham,Danielle Taylor,115.0,220.0,1350.0,390.0,1600.0,1235.0
2016-11-26,Dan Hooker,Jason Knight,175.0,237.0,415.0,1225.0,639.0,705.0
2016-11-26,Damien Brown,Jon Tuck,195.0,275.0,810.0,475.0,885.0,365.0
2016-11-26,Richard Walsh,Jonathan Meunier,245.0,310.0,380.0,445.0,550.0,590.0
2016-11-26,Ben Nguyen,Geane Herrera,263.0,320.0,425.0,465.0,515.0,505.0
2016-11-26,Marlon Vera,Ning Guangyou,176.0,195.0,1120.0,632.0,405.0,1400.0
2016-11-26,Yao Zhikui,Jenel Lausa,190.0,195.0,925.0,370.0,1020.0,500.0
2016-11-26,Daniel Kelly,Chris Camozzi,345.0,210.0,1000.0,245.0,745.0,592.0
2016-12-03,Sara McMann,Alexis Davis,100.0,325.0,600.0,750.0,850.0,525.0
2016-12-03,Demetrious Johnson,Tim Elliott,150.0,1400.0,259.0,1600.0,185.0,2000.0
2016-12-03,Jake Ellenberger,Jorge Masvidal,475.0,160.0,550.0,200.0,1100.0,500.0
2016-12-03,Ion Cutelaba,Jared Cannonier,425.0,525.0,140.0,425.0,475.0,850.0
2016-12-03,Brandon Moreno,Ryan Benoit,348.0,318.0,879.0,400.0,175.0,1000.0
2016-12-03,Joseph Benavidez,Henry Cejudo,150.0,220.0,425.0,950.0,425.0,1800.0
2016-12-03,Rob Font,Matt Schnell,210.0,650.0,175.0,1200.0,500.0,400.0
2016-12-03,Dong Hyun Ma,Brendan O'Reilly,324.0,314.0,275.0,601.0,547.0,505.0
2016-12-03,Kailin Curran,Jamie Moyle,155.0,270.0,520.0,636.0,1670.0,400.0
2016-12-03,Gray Maynard,Ryan Hall,240.0,422.0,335.0,644.0,1440.0,170.0
2016-12-03,Elvis Mutapcic,Anthony Smith,350.0,317.0,365.0,330.0,690.0,504.0
2016-12-03,Josh Stansbury,Devin Clark,460.0,365.0,300.0,245.0,430.0,946.0
2016-12-09,Derrick Lewis,Shamil Abdurakhimov,950.0,800.0,-150.0,300.0,1200.0,1000.0
2016-12-09,Francis Ngannou,Anthony Hamilton,575.0,800.0,-240.0,725.0,1200.0,1800.0
2016-12-09,Corey Anderson,Sean O'Connell,140.0,725.0,160.0,650.0,850.0,1200.0
2016-12-09,Gian Villante,Saparbeg Safarov,325.0,800.0,135.0,250.0,900.0,1000.0
2016-12-09,Justine Kish,Ashley Yoder,101.0,450.0,461.0,1060.0,1185.0,485.0
2016-12-09,Juliana Lima,JJ Aldrich,100.0,326.0,450.0,915.0,554.0,1375.0
2016-12-09,Joe Gigliotti,Gerald Meerschaert,648.0,211.0,710.0,600.0,400.0,250.0
2016-12-09,Andrew Sanchez,Trevor Smith,178.0,420.0,250.0,1000.0,627.0,485.0
2016-12-09,Tiago Trator,Shane Burgos,335.0,283.0,585.0,220.0,761.0,571.0
2016-12-09,Frankie Perez,Marc Diakiese,445.0,235.0,1090.0,125.0,800.0,1075.0
2016-12-09,Keith Berish,Ryan Janes,625.0,350.0,385.0,483.0,699.0,170.0
2016-12-09,Randy Brown,Brian Camozzi,160.0,491.0,525.0,425.0,487.0,507.0
2016-12-10,Max Holloway,Anthony Pettis,140.0,425.0,260.0,650.0,700.0,625.0
2016-12-10,Cub Swanson,Dooho Choi,325.0,300.0,775.0,100.0,850.0,1150.0
2016-12-10,Tim Kennedy,Kelvin Gastelum,170.0,200.0,525.0,750.0,450.0,800.0
2016-12-10,Jordan Mein,Emil Meek,385.0,600.0,150.0,240.0,900.0,1000.0
2016-12-10,Nikita Krylov,Misha Cirkunov,659.0,570.0,265.0,653.0,430.0,190.0
2016-12-10,Donald Cerrone,Matt Brown,220.0,550.0,300.0,475.0,225.0,1350.0
2016-12-10,Valerie Letourneau,Viviane Pereira,151.0,290.0,605.0,510.0,941.0,609.0
2016-12-10,Mitch Gagnon,Matthew Lopez,219.0,300.0,575.0,565.0,325.0,595.0
2016-12-10,John Makdessi,Lando Vannata,307.0,280.0,685.0,255.0,1355.0,405.0
2016-12-10,Jason Saggo,Rustam Khabilov,310.0,110.0,1040.0,520.0,739.0,800.0
2016-12-10,Zach Makovsky,Dustin Ortiz,100.0,190.0,940.0,985.0,967.0,820.0
2016-12-10,Olivier Aubin-Mercier,Drew Dober,165.0,260.0,941.0,735.0,325.0,1265.0
2016-12-17,Paige VanZant,Michelle Waterson,,170.0,,1125.0,,450.0
2016-12-17,Sage Northcutt,Mickey Gall,450.0,585.0,285.0,625.0,850.0,120.0
2016-12-17,Urijah Faber,Brad Pickett,130.0,525.0,500.0,1200.0,165.0,2200.0
2016-12-17,Alan Jouban,Mike Perry,450.0,550.0,300.0,125.0,650.0,700.0
2016-12-17,Henrique da Silva,Paul Craig,504.0,580.0,120.0,875.0,495.0,465.0
2016-12-17,Cole Miller,Mizuto Hirota,370.0,170.0,524.0,465.0,335.0,1683.0
2016-12-17,Josh Emmett,Scott Holtzman,170.0,230.0,385.0,855.0,674.0,1105.0
2016-12-17,James Moontasri,Alex Morono,318.0,323.0,250.0,602.0,1142.0,410.0
2016-12-17,Leslie Smith,Irene Aldana,380.0,164.0,1000.0,200.0,1755.0,701.0
2016-12-17,Eddie Wineland,Takeya Mizugaki,249.0,325.0,300.0,800.0,475.0,617.0
2016-12-17,Hector Sandoval,Fredy Serrano,205.0,251.0,542.0,400.0,483.0,1195.0
2016-12-17,Bojan Velickovic,Sultan Aliev,170.0,315.0,550.0,467.0,454.0,915.0
2016-12-17,Bryan Barberena,Colby Covington,530.0,-101.0,900.0,430.0,1405.0,450.0
2016-12-30,Dominick Cruz,Cody Garbrandt,130.0,1150.0,475.0,210.0,500.0,2000.0
2016-12-30,Johny Hendricks,Neil Magny,235.0,175.0,475.0,500.0,1150.0,625.0
2016-12-30,Amanda Nunes,Ronda Rousey,1350.0,1225.0,170.0,525.0,775.0,110.0
2016-12-30,TJ Dillashaw,John Lineker,100.0,450.0,550.0,450.0,650.0,900.0
2016-12-30,Mike Pyle,Alex Garcia,560.0,312.0,450.0,165.0,525.0,835.0
2016-12-30,Louis Smolka,Ray Borg,280.0,225.0,650.0,650.0,485.0,300.0
2016-12-30,Brandon Thatch,Niko Price,626.0,590.0,130.0,335.0,430.0,585.0
2016-12-30,Dong Hyun Kim,Tarec Saffiedine,225.0,190.0,280.0,675.0,775.0,1200.0
2016-12-30,Antonio Carlos Junior,Marvin Vettori,302.0,260.0,800.0,575.0,250.0,475.0
2017-01-15,Dmitrii Smoliakov,Cyril Asker,725.0,425.0,195.0,333.0,684.0,405.0
2017-01-15,Yair Rodriguez,BJ Penn,300.0,1200.0,-115.0,850.0,650.0,575.0
2017-01-15,Joe Lauzon,Marcin Held,200.0,235.0,425.0,850.0,700.0,400.0
2017-01-15,Court McGee,Ben Saunders,190.0,275.0,550.0,525.0,750.0,500.0
2017-01-15,Devin Powell,Drakkar Klose,500.0,168.0,884.0,195.0,825.0,842.0
2017-01-15,John Moraga,Sergio Pettis,275.0,130.0,650.0,700.0,580.0,725.0
2017-01-15,Aleksei Oleinik,Viktor Pesta,385.0,230.0,463.0,585.0,220.0,1195.0
2017-01-15,Anthony Rocco Martin,Alex White,227.0,340.0,775.0,550.0,180.0,855.0
2017-01-15,Jocelyn Jones-Lybarger,Nina Ansaroff,204.0,,1250.0,,1490.0,
2017-01-15,Walt Harris,Chase Sherman,565.0,385.0,130.0,305.0,1130.0,1725.0
2017-01-15,Bojan Mihajlovic,Joachim Christensen,450.0,298.0,505.0,255.0,1440.0,311.0
2017-01-15,Frankie Saenz,Augusto Mendes,130.0,401.0,450.0,948.0,1325.0,420.0
2017-01-28,Valentina Shevchenko,Julianna Pena,165.0,325.0,400.0,700.0,925.0,450.0
2017-01-28,Donald Cerrone,Jorge Masvidal,170.0,250.0,450.0,625.0,575.0,1100.0
2017-01-28,Andrei Arlovski,Francis Ngannou,1000.0,700.0,550.0,-200.0,1500.0,900.0
2017-01-28,Alex Caceres,Jason Knight,210.0,170.0,900.0,675.0,850.0,400.0
2017-01-28,Raphael Assuncao,Aljamain Sterling,130.0,200.0,575.0,900.0,650.0,950.0
2017-01-28,Nate Marquardt,Sam Alvey,325.0,425.0,500.0,140.0,635.0,800.0
2017-01-28,Henrique da Silva,Jordan Johnson,950.0,220.0,320.0,541.0,621.0,235.0
2017-01-28,Jason Gonzalez,JC Cottrell,382.0,253.0,467.0,430.0,475.0,400.0
2017-01-28,Alexandre Pantoja,Eric Shelton,280.0,160.0,605.0,615.0,485.0,675.0
2017-01-28,Bobby Nash,Li Jingliang,340.0,253.0,285.0,332.0,950.0,750.0
2017-01-28,Eric Spicely,Alessio Di Chirico,438.0,215.0,1065.0,400.0,200.0,1250.0
2017-01-28,Marcos Rogerio de Lima,Jeremy Kimball,830.0,650.0,180.0,350.0,325.0,419.0
2017-02-04,Daniel Jolly,Khalil Rountree Jr.,730.0,,610.0,,345.0,
2017-02-04,Tecia Torres,Bec Rawlings,-165.0,475.0,550.0,1520.0,556.0,1375.0
2017-02-04,Ricardo Ramos,Michinori Tanaka,450.0,165.0,560.0,1255.0,340.0,425.0
2017-02-04,Chas Skelly,Chris Gruetzemacher,280.0,430.0,397.0,1185.0,145.0,1800.0
2017-02-04,Anthony Hamilton,Marcel Fortuna,275.0,600.0,110.0,725.0,1150.0,400.0
2017-02-04,Ovince Saint Preux,Volkan Oezdemir,335.0,775.0,110.0,485.0,325.0,1350.0
2017-02-04,Abel Trujillo,James Vick,500.0,335.0,200.0,475.0,800.0,300.0
2017-02-04,Alexa Grasso,Felice Herrig,-120.0,550.0,350.0,1350.0,900.0,600.0
2017-02-04,Dennis Bermudez,Chan Sung Jung,155.0,550.0,350.0,675.0,700.0,400.0
2017-02-04,Jessica Andrade,Angela Hill,170.0,675.0,425.0,1200.0,150.0,1700.0
2017-02-11,Glover Teixeira,Jared Cannonier,325.0,550.0,275.0,245.0,270.0,1350.0
2017-02-11,Holly Holm,Germaine de Randamie,230.0,250.0,400.0,250.0,1000.0,1250.0
2017-02-11,Anderson Silva,Derek Brunson,475.0,300.0,260.0,260.0,875.0,650.0
2017-02-11,Jacare Souza,Tim Boetsch,380.0,900.0,380.0,825.0,-155.0,2200.0
2017-02-11,Dustin Poirier,Jim Miller,190.0,525.0,175.0,1250.0,375.0,1000.0
2017-02-11,Wilson Reis,Ulka Sasaki,157.0,1110.0,700.0,1450.0,130.0,1265.0
2017-02-11,Ryan LaFlare,Roan Carneiro,,500.0,,1090.0,,950.0
2017-02-11,Randy Brown,Belal Muhammad,247.0,200.0,390.0,745.0,560.0,900.0
2017-02-11,Nik Lentz,Islam Makhachev,390.0,-125.0,1200.0,540.0,1363.0,575.0
2017-02-11,Rick Glenn,Phillipe Nover,166.0,254.0,348.0,1255.0,850.0,750.0
2017-02-19,Derrick Lewis,Travis Browne,1100.0,550.0,115.0,200.0,1650.0,700.0
2017-02-19,Johny Hendricks,Hector Lombard,200.0,365.0,350.0,195.0,1150.0,800.0
2017-02-19,Sam Sicilia,Gavin Tucker,355.0,330.0,445.0,370.0,1160.0,325.0
2017-02-19,Paul Felder,Alessandro Ricci,-123.0,430.0,440.0,1400.0,630.0,1495.0
2017-02-19,Elias Theodorou,Cezar Ferreira,200.0,185.0,335.0,675.0,1100.0,485.0
2017-02-19,Carla Esparza,Randa Markos,-145.0,385.0,1050.0,1130.0,585.0,1120.0
2017-02-19,Aiemann Zahabi,Reginaldo Vieira,205.0,350.0,271.0,1800.0,360.0,750.0
2017-02-19,Jack Marshman,Thiago Santos,875.0,545.0,245.0,112.0,945.0,1325.0
2017-02-19,Gerald Meerschaert,Ryan Janes,222.0,401.0,325.0,1635.0,260.0,750.0
2017-02-19,Nordine Taleb,Santiago Ponzinibbio,440.0,190.0,800.0,130.0,1910.0,975.0
2017-02-19,Sara McMann,Gina Mazany,110.0,700.0,320.0,2000.0,200.0,1800.0
2017-03-04,Alistair Overeem,Mark Hunt,310.0,900.0,265.0,150.0,500.0,2000.0
2017-03-04,Tyron Woodley,Stephen Thompson,310.0,235.0,300.0,230.0,750.0,1800.0
2017-03-04,Lando Vannata,David Teymur,200.0,535.0,185.0,650.0,400.0,1500.0
2017-03-04,Rashad Evans,Daniel Kelly,170.0,315.0,200.0,700.0,1300.0,1250.0
2017-03-04,Amanda Cooper,Cynthia Calvillo,146.0,165.0,1350.0,600.0,1200.0,446.0
2017-03-04,Marcin Tybura,Luis Henrique,346.0,350.0,195.0,620.0,602.0,541.0
2017-03-04,Iuri Alcantara,Luke Sanders,300.0,165.0,500.0,524.0,505.0,1050.0
2017-03-04,Mark Godbeer,Daniel Spitz,626.0,475.0,120.0,600.0,1000.0,319.0
2017-03-04,Tyson Pedro,Paul Craig,490.0,940.0,570.0,950.0,195.0,177.0
2017-03-04,Albert Morales,Andre Soukhamthath,285.0,450.0,350.0,251.0,511.0,1200.0
2017-03-04,Mirsad Bektic,Darren Elkins,-105.0,792.0,276.0,1560.0,475.0,2150.0
2017-03-11,Mauricio Rua,Gian Villante,350.0,400.0,185.0,275.0,850.0,1300.0
2017-03-11,Edson Barboza,Beneil Dariush,140.0,250.0,350.0,800.0,1750.0,575.0
2017-03-11,Jussier Formiga,Ray Borg,150.0,170.0,850.0,650.0,700.0,725.0
2017-03-11,Alex Oliveira,Tim Means,400.0,310.0,800.0,150.0,800.0,405.0
2017-03-11,Francisco Trinaldo,Kevin Lee,320.0,142.0,450.0,560.0,900.0,450.0
2017-03-11,Rani Yahya,Joe Soto,110.0,304.0,1225.0,1405.0,349.0,1055.0
2017-03-11,Michel Prazeres,Joshua Burkman,-105.0,345.0,445.0,1165.0,711.0,1400.0
2017-03-11,Rony Jason,Jeremy Kennedy,383.0,175.0,840.0,506.0,275.0,825.0
2017-03-11,Garreth McLellan,Paulo Costa,600.0,662.0,950.0,-105.0,827.0,349.0
2017-03-11,Sergio Moraes,Davi Ramos,142.0,370.0,485.0,850.0,475.0,714.0
2017-03-18,Jimi Manuwa,Corey Anderson,825.0,375.0,110.0,300.0,1000.0,1150.0
2017-03-18,Gunnar Nelson,Alan Jouban,240.0,410.0,375.0,1100.0,190.0,2700.0
2017-03-18,Brad Pickett,Marlon Vera,190.0,720.0,150.0,1600.0,350.0,1025.0
2017-03-18,Arnold Allen,Makwan Amirkhani,250.0,250.0,500.0,825.0,500.0,375.0
2017-03-18,Joe Duffy,Reza Madadi,220.0,730.0,150.0,1600.0,350.0,1050.0
2017-03-18,Daniel Omielanczuk,Tim Johnson,400.0,155.0,515.0,310.0,824.0,717.0
2017-03-18,Leon Edwards,Vicente Luque,175.0,270.0,710.0,425.0,924.0,380.0
2017-03-18,Marc Diakiese,Teemu Packalen,197.0,400.0,230.0,1085.0,1165.0,459.0
2017-03-18,Bradley Scott,Scott Askham,230.0,197.0,840.0,340.0,804.0,660.0
2017-03-18,Lina Lansberg,Lucie Pudilova,-140.0,375.0,320.0,1400.0,1170.0,1700.0
2017-03-18,Darren Stewart,Francimar Barroso,354.0,280.0,140.0,728.0,750.0,900.0
2017-04-08,Daniel Cormier,Anthony Johnson,625.0,805.0,525.0,117.0,250.0,1800.0
2017-04-08,Chris Weidman,Gegard Mousasi,185.0,250.0,625.0,375.0,800.0,725.0
2017-04-08,Cynthia Calvillo,Pearl Gonzalez,145.0,370.0,600.0,1200.0,250.0,800.0
2017-04-08,Thiago Alves,Patrick Cote,225.0,180.0,600.0,450.0,975.0,650.0
2017-04-08,Will Brooks,Charles Oliveira,120.0,600.0,350.0,1150.0,725.0,350.0
2017-04-08,Myles Jury,Mike de la Torre,180.0,535.0,240.0,1300.0,250.0,1425.0
2017-04-08,Shane Burgos,Charles Rosa,150.0,385.0,275.0,1025.0,525.0,650.0
2017-04-08,Patrick Cummins,Jan Blachowicz,140.0,450.0,750.0,170.0,1350.0,1150.0
2017-04-08,Gregor Gillespie,Andrew Holbrook,-138.0,740.0,665.0,872.0,1000.0,485.0
2017-04-08,Josh Emmett,Desmond Green,133.0,255.0,485.0,945.0,600.0,1400.0
2017-04-08,Katlyn Chookagian,Irene Aldana,111.0,301.0,750.0,479.0,1255.0,950.0
2017-04-08,Jenel Lausa,Magomed Bibulatov,702.0,-121.0,1150.0,520.0,1700.0,346.0
2017-04-08,Kamaru Usman,Sean Strickland,-130.0,525.0,485.0,725.0,775.0,1075.0
2017-04-15,Alexander Volkov,Roy Nelson,140.0,450.0,400.0,225.0,900.0,900.0
2017-04-15,Demetrious Johnson,Wilson Reis,105.0,1200.0,155.0,2000.0,500.0,800.0
2017-04-15,Rose Namajunas,Michelle Waterson,200.0,230.0,650.0,800.0,400.0,450.0
2017-04-15,Jacare Souza,Robert Whittaker,305.0,500.0,575.0,325.0,110.0,2500.0
2017-04-15,Jeremy Stephens,Renato Moicano,200.0,300.0,170.0,1000.0,1350.0,625.0
2017-04-15,Patrick Williams,Tom Duquesnoy,1500.0,431.0,1225.0,-120.0,1370.0,280.0
2017-04-15,Ashlee Evans-Smith,Ketlen Vieira,125.0,310.0,360.0,595.0,960.0,610.0
2017-04-15,Louis Smolka,Tim Elliott,277.0,120.0,1170.0,535.0,900.0,450.0
2017-04-15,Aljamain Sterling,Augusto Mendes,-140.0,540.0,445.0,1450.0,789.0,1080.0
2017-04-15,Devin Clark,Jake Collier,325.0,376.0,255.0,350.0,563.0,722.0
2017-04-15,Anthony Smith,Andrew Sanchez,725.0,156.0,640.0,275.0,914.0,444.0
2017-04-15,Zak Cummings,Nathan Coy,225.0,590.0,185.0,1475.0,278.0,1605.0
2017-04-15,Bobby Green,Rashid Magomedov,395.0,-130.0,1100.0,275.0,1995.0,1060.0
2017-04-22,Cub Swanson,Artem Lobov,300.0,1100.0,-145.0,850.0,400.0,2500.0
2017-04-22,Al Iaquinta,Diego Sanchez,135.0,500.0,125.0,1500.0,1100.0,1000.0
2017-04-22,Joe Lauzon,Stevie Ray,340.0,175.0,850.0,235.0,450.0,625.0
2017-04-22,John Dodson,Eddie Wineland,285.0,600.0,-180.0,935.0,700.0,1600.0
2017-04-22,Jake Ellenberger,Mike Perry,450.0,550.0,325.0,100.0,550.0,800.0
2017-04-22,Ovince Saint Preux,Marcos Rogerio de Lima,775.0,1200.0,145.0,180.0,350.0,850.0
2017-04-22,Dustin Ortiz,Brandon Moreno,-115.0,260.0,800.0,1300.0,550.0,800.0
2017-04-22,Scott Holtzman,Michael McBride,150.0,490.0,215.0,1450.0,650.0,612.0
2017-04-22,Jessica Penne,Danielle Taylor,163.0,159.0,1400.0,634.0,545.0,1900.0
2017-04-22,Alexis Davis,Cindy Dandois,175.0,503.0,415.0,1360.0,300.0,575.0
2017-04-22,Bryan Barberena,Joe Proctor,159.0,452.0,207.0,1150.0,650.0,1300.0
2017-04-22,Hector Sandoval,Matt Schnell,250.0,210.0,631.0,850.0,900.0,285.0
2017-04-22,Thales Leites,Sam Alvey,175.0,190.0,525.0,485.0,350.0,1800.0
2017-05-13,Stipe Miocic,Junior Dos Santos,500.0,415.0,125.0,150.0,1800.0,1650.0
2017-05-13,Joanna Jedrzejczyk,Jessica Andrade,120.0,365.0,300.0,500.0,1500.0,775.0
2017-05-13,Demian Maia,Jorge Masvidal,350.0,275.0,1500.0,240.0,230.0,1800.0
2017-05-13,Frankie Edgar,Yair Rodriguez,125.0,275.0,700.0,380.0,1000.0,1200.0
2017-05-13,Krzysztof Jotko,David Branch,135.0,220.0,430.0,1200.0,1200.0,700.0
2017-05-13,Chas Skelly,Jason Knight,225.0,250.0,1045.0,600.0,350.0,675.0
2017-05-13,James Vick,Polo Reyes,331.0,692.0,320.0,525.0,160.0,2050.0
2017-05-13,Jessica Aguilar,Cortney Casey,175.0,157.0,1455.0,700.0,950.0,455.0
2017-05-13,Gabriel Benitez,Enrique Barzola,196.0,172.0,445.0,950.0,572.0,1845.0
2017-05-13,Joachim Christensen,Gadzhimurad Antigulov,785.0,347.0,716.0,605.0,1075.0,-110.0
2017-05-13,Chase Sherman,Rashad Coulter,515.0,791.0,190.0,135.0,825.0,1475.0
2017-05-28,Alexander Gustafsson,Glover Teixeira,225.0,750.0,-110.0,525.0,1400.0,1000.0
2017-05-28,Volkan Oezdemir,Misha Cirkunov,850.0,355.0,675.0,350.0,1650.0,-105.0
2017-05-28,Peter Sobotta,Ben Saunders,185.0,250.0,475.0,480.0,765.0,575.0
2017-05-28,Abdul Razak Alhassan,Omari Akhmedov,575.0,565.0,-160.0,550.0,2000.0,700.0
2017-05-28,Oliver Enkamp,Nordine Taleb,650.0,-105.0,1350.0,235.0,900.0,975.0
2017-05-28,Trevor Smith,Chris Camozzi,180.0,161.0,1408.0,396.0,865.0,1355.0
2017-05-28,Pedro Munhoz,Damian Stasiak,188.0,860.0,394.0,2700.0,125.0,2165.0
2017-05-28,Reza Madadi,Joaquim Silva,200.0,159.0,1745.0,345.0,950.0,1353.0
2017-05-28,Nico Musoke,Bojan Velickovic,140.0,228.0,875.0,570.0,1095.0,686.0
2017-05-28,Darren Till,Jessin Ayari,220.0,314.0,110.0,2350.0,900.0,2800.0
2017-05-28,Marcin Held,Damir Hadzovic,189.0,420.0,796.0,725.0,170.0,2100.0
2017-05-28,Jack Hermansson,Alex Nicholson,135.0,410.0,575.0,350.0,600.0,1200.0
2017-06-03,Jose Aldo,Max Holloway,175.0,260.0,350.0,450.0,1000.0,1250.0
2017-06-03,Claudia Gadelha,Karolina Kowalkiewicz,-160.0,350.0,725.0,1000.0,675.0,1650.0
2017-06-03,Vitor Belfort,Nate Marquardt,900.0,860.0,-120.0,255.0,1200.0,800.0
2017-06-03,Paulo Costa,Oluwale Bamgbose,900.0,1125.0,-160.0,360.0,900.0,1150.0
2017-06-03,Raphael Assuncao,Marlon Moraes,300.0,125.0,1200.0,325.0,800.0,1250.0
2017-06-03,Johnny Eduardo,Matthew Lopez,247.0,340.0,420.0,700.0,950.0,250.0
2017-06-03,Iuri Alcantara,Brian Kelleher,195.0,603.0,475.0,900.0,176.0,1160.0
2017-06-03,Viviane Pereira,Jamie Moyle,120.0,222.0,575.0,1385.0,660.0,1310.0
2017-06-03,Luan Chagas,Jimmy Wallhead,285.0,425.0,175.0,855.0,457.0,1065.0
2017-06-03,Erick Silva,Yancy Medeiros,200.0,475.0,485.0,225.0,400.0,550.0
2017-06-10,Derrick Lewis,Mark Hunt,700.0,800.0,105.0,150.0,1800.0,2500.0
2017-06-10,Derek Brunson,Daniel Kelly,250.0,350.0,130.0,1200.0,625.0,1500.0
2017-06-10,Dan Hooker,Ross Pearson,200.0,200.0,375.0,650.0,575.0,1350.0
2017-06-10,Ion Cutelaba,Henrique da Silva,300.0,375.0,125.0,1000.0,550.0,1050.0
2017-06-10,Tim Elliott,Ben Nguyen,110.0,325.0,1000.0,900.0,300.0,775.0
2017-06-10,Damien Brown,Vinc Pichel,235.0,250.0,410.0,450.0,600.0,600.0
2017-06-10,Luke Jumeau,Dominique Steele,310.0,160.0,525.0,350.0,825.0,850.0
2017-06-10,John Moraga,Ashkan Mokhtarian,185.0,350.0,575.0,475.0,300.0,950.0
2017-06-10,Kiichi Kunimoto,Zak Ottow,450.0,135.0,1500.0,250.0,1000.0,525.0
2017-06-10,JJ Aldrich,Chanmi Jeon,132.0,285.0,805.0,590.0,510.0,1142.0
2017-06-10,Alexander Volkanovski,Mizuto Hirota,-110.0,610.0,300.0,1500.0,450.0,1500.0
2017-06-17,Holly Holm,Bethe Correia,160.0,600.0,105.0,1350.0,1000.0,1500.0
2017-06-17,Andrei Arlovski,Marcin Tybura,500.0,500.0,450.0,-115.0,1250.0,850.0
2017-06-17,Dong Hyun Kim,Colby Covington,395.0,-112.0,1150.0,500.0,1880.0,460.0
2017-06-17,Tarec Saffiedine,Rafael Dos Anjos,315.0,-120.0,683.0,448.0,1750.0,1110.0
2017-06-17,Takanori Gomi,Jon Tuck,750.0,565.0,454.0,200.0,2100.0,180.0
2017-06-17,Cyril Asker,Walt Harris,620.0,525.0,680.0,-172.0,1275.0,1800.0
2017-06-17,Alex Caceres,Rolando Dy,120.0,505.0,600.0,751.0,270.0,1325.0
2017-06-17,Justin Scoggins,Ulka Sasaki,-103.0,1200.0,224.0,800.0,850.0,800.0
2017-06-17,Kwan Ho Kwak,Russell Doane,205.0,278.0,437.0,685.0,850.0,435.0
2017-06-17,Naoki Inoue,Carls John De Tomas,209.0,425.0,924.0,875.0,160.0,1250.0
2017-06-17,Ji Yeon Kim,Lucie Pudilova,395.0,155.0,1150.0,610.0,1880.0,862.0
2017-06-25,Michael Chiesa,Kevin Lee,725.0,325.0,575.0,330.0,235.0,435.0
2017-06-25,Tim Boetsch,Johny Hendricks,260.0,160.0,430.0,355.0,1500.0,1050.0
2017-06-25,Felice Herrig,Justine Kish,170.0,155.0,1350.0,420.0,750.0,1100.0
2017-06-25,Tim Means,Alex Garcia,575.0,825.0,-140.0,525.0,750.0,700.0
2017-06-25,BJ Penn,Dennis Siver,365.0,160.0,550.0,235.0,650.0,1650.0
2017-06-25,Vitor Miranda,Marvin Vettori,575.0,135.0,750.0,465.0,2225.0,190.0
2017-06-25,Devin Powell,Darrell Horcher,850.0,-123.0,1120.0,305.0,781.0,1000.0
2017-06-25,Jared Gordon,Michel Quinones,144.0,325.0,547.0,415.0,850.0,950.0
2017-06-25,Anthony Rocco Martin,Johnny Case,203.0,214.0,935.0,550.0,405.0,500.0
2017-06-25,Clay Guida,Erik Koch,375.0,160.0,1400.0,350.0,1600.0,275.0
2017-06-25,Josh Stansbury,Jeremy Kimball,250.0,391.0,1085.0,350.0,305.0,1010.0
2017-07-07,Jordan Johnson,Marcel Fortuna,585.0,470.0,165.0,639.0,805.0,465.0
2017-07-07,Gray Maynard,Teruto Ishihara,350.0,430.0,1800.0,-145.0,1750.0,1250.0
2017-07-07,Tecia Torres,Juliana Lima,-200.0,430.0,499.0,911.0,1255.0,350.0
2017-07-07,Ed Herman,CB Dollaway,525.0,241.0,385.0,295.0,585.0,539.0
2017-07-07,James Krause,Tom Gallicchio,150.0,900.0,260.0,1450.0,265.0,825.0
2017-07-07,Angela Hill,Ashley Yoder,-130.0,678.0,370.0,1550.0,1800.0,470.0
2017-07-07,Brad Tavares,Elias Theodorou,135.0,145.0,574.0,830.0,1600.0,1400.0
2017-07-07,Jared Cannonier,Nick Roehrick,625.0,437.0,-150.0,665.0,1075.0,1585.0
2017-07-07,Dhiego Lima,Jesse Taylor,430.0,100.0,911.0,639.0,350.0,880.0
2017-07-07,Michael Johnson,Justin Gaethje,585.0,545.0,165.0,244.0,805.0,950.0
2017-07-08,Fabricio Werdum,Alistair Overeem,375.0,275.0,380.0,185.0,550.0,1500.0
2017-07-08,Daniel Omielanczuk,Curtis Blaydes,1100.0,185.0,1200.0,-125.0,1800.0,775.0
2017-07-08,Yoel Romero,Robert Whittaker,575.0,550.0,165.0,150.0,1500.0,1200.0
2017-07-08,Rob Font,Douglas Silva de Andrade,165.0,410.0,175.0,800.0,800.0,1565.0
2017-07-08,Anthony Pettis,Jim Miller,180.0,300.0,300.0,1250.0,400.0,1200.0
2017-07-08,Chad Laprise,Brian Camozzi,150.0,700.0,125.0,1200.0,850.0,1600.0
2017-07-08,Cody Stamann,Terrion Ware,-105.0,335.0,405.0,1165.0,749.0,1255.0
2017-07-08,Jordan Mein,Belal Muhammad,375.0,150.0,275.0,280.0,1400.0,1250.0
2017-07-08,Travis Browne,Aleksei Oleinik,700.0,,-125.0,,1000.0,
2017-07-08,Trevin Giles,James Bochnovic,363.0,750.0,180.0,1025.0,315.0,400.0
2017-07-08,Thiago Santos,Gerald Meerschaert,605.0,916.0,160.0,1263.0,500.0,220.0
2017-07-16,Gunnar Nelson,Santiago Ponzinibbio,525.0,450.0,650.0,400.0,105.0,2200.0
2017-07-16,Joanne Calderwood,Cynthia Calvillo,335.0,225.0,475.0,1000.0,1250.0,155.0
2017-07-16,Stevie Ray,Paul Felder,120.0,250.0,500.0,750.0,775.0,1000.0
2017-07-16,Khalil Rountree Jr.,Paul Craig,,1225.0,,1000.0,,240.0
2017-07-16,Jack Marshman,Ryan Janes,250.0,940.0,-140.0,1475.0,1100.0,975.0
2017-07-16,Alexandre Pantoja,Neil Seery,116.0,450.0,510.0,1010.0,335.0,1500.0
2017-07-16,Charlie Ward,Galore Bofando,680.0,785.0,290.0,-123.0,1347.0,1300.0
2017-07-16,Danny Henry,Daniel Teymur,505.0,401.0,560.0,190.0,504.0,429.0
2017-07-16,Brett Johns,Albert Morales,-154.0,630.0,570.0,815.0,700.0,921.0
2017-07-16,Leslie Smith,Amanda Lemos,-115.0,385.0,485.0,515.0,1020.0,1600.0
2017-07-16,Danny Roberts,Bobby Nash,335.0,360.0,230.0,525.0,430.0,655.0
2017-07-16,James Mulheron,Justin Willis,375.0,350.0,400.0,135.0,1400.0,1000.0
2017-07-22,Rafael Natal,Eryk Anders,350.0,330.0,360.0,200.0,480.0,1250.0
2017-07-22,Chris Weidman,Kelvin Gastelum,400.0,325.0,425.0,200.0,600.0,556.0
2017-07-22,Dennis Bermudez,Darren Elkins,-120.0,375.0,525.0,575.0,950.0,900.0
2017-07-22,Patrick Cummins,Gian Villante,250.0,375.0,500.0,120.0,1250.0,1600.0
2017-07-22,Jimmie Rivera,Thomas Almeida,140.0,450.0,280.0,310.0,1250.0,1350.0
2017-07-22,Lyman Good,Elizeu Zaleski dos Santos,140.0,280.0,365.0,575.0,1250.0,925.0
2017-07-22,Ryan LaFlare,Alex Oliveira,,340.0,,600.0,,875.0
2017-07-22,Kyle Bochniak,Jeremy Kennedy,450.0,-150.0,525.0,975.0,1090.0,1155.0
2017-07-22,Brian Kelleher,Marlon Vera,169.0,576.0,596.0,625.0,270.0,500.0
2017-07-22,Tim Johnson,Junior Albini,170.0,525.0,280.0,520.0,459.0,1405.0
2017-07-22,Shane Burgos,Godofredo Pepey,328.0,1650.0,-162.0,1150.0,1050.0,750.0
2017-07-22,Frankie Perez,Chris Wade,481.0,-130.0,1115.0,842.0,1350.0,435.0
2017-07-22,Damian Grabowski,Chase Sherman,625.0,535.0,625.0,-130.0,600.0,1000.0
2017-07-29,Tyron Woodley,Demian Maia,300.0,675.0,-120.0,1500.0,2500.0,265.0
2017-07-29,Cris Cyborg,Tonya Evinger,,2300.0,,2000.0,,1200.0
2017-07-29,Robbie Lawler,Donald Cerrone,285.0,350.0,175.0,475.0,1600.0,575.0
2017-07-29,Jimi Manuwa,Volkan Oezdemir,520.0,775.0,-110.0,265.0,1250.0,950.0
2017-07-29,Ricardo Lamas,Jason Knight,200.0,220.0,1050.0,435.0,575.0,590.0
2017-07-29,Aljamain Sterling,Renan Barao,175.0,145.0,700.0,625.0,750.0,1000.0
2017-07-29,Andre Fili,Calvin Kattar,160.0,600.0,200.0,775.0,420.0,1100.0
2017-07-29,Kailin Curran,Alexandra Albu,247.0,180.0,845.0,600.0,740.0,285.0
2017-07-29,Eric Shelton,Jarred Brooks,268.0,110.0,605.0,1000.0,854.0,869.0
2017-07-29,Joshua Burkman,Drew Dober,485.0,137.0,1250.0,365.0,650.0,433.0
2017-07-29,Brian Ortega,Renato Moicano,275.0,115.0,900.0,900.0,475.0,1000.0
2017-08-05,Martin Bravo,Humberto Bandenay,145.0,450.0,325.0,900.0,200.0,1150.0
2017-08-05,Sergio Pettis,Brandon Moreno,225.0,325.0,675.0,525.0,1000.0,200.0
2017-08-05,Randa Markos,Alexa Grasso,225.0,105.0,1050.0,600.0,750.0,1000.0
2017-08-05,Alan Jouban,Niko Price,250.0,675.0,200.0,300.0,1100.0,600.0
2017-08-05,Sam Alvey,Rashad Evans,230.0,185.0,160.0,800.0,1100.0,1350.0
2017-08-05,Dustin Ortiz,Hector Sandoval,-112.0,310.0,1275.0,375.0,951.0,1470.0
2017-08-05,Bradley Scott,Jack Hermansson,400.0,126.0,985.0,365.0,620.0,570.0
2017-08-05,Joseph Morales,Roberto Sanchez,450.0,257.0,385.0,1400.0,410.0,295.0
2017-08-05,Jose Quinonez,Diego Rivas,170.0,520.0,660.0,725.0,245.0,615.0
2017-08-05,Alejandro Perez,Andre Soukhamthath,190.0,265.0,335.0,555.0,820.0,1045.0
2017-08-05,Alvaro Herrera,Jordan Rinaldi,490.0,252.0,460.0,471.0,1300.0,215.0
2017-08-05,Henry Briones,Rani Yahya,330.0,203.0,600.0,1335.0,1825.0,174.0
2017-09-02,Bojan Mihajlovic,Abdul-Kerim Edilov,1075.0,777.0,1050.0,155.0,1775.0,131.0
2017-09-02,Mike Santiago,Zabit Magomedsharipov,755.0,270.0,882.0,165.0,1035.0,321.0
2017-09-02,Francimar Barroso,Aleksandar Rakic,310.0,475.0,525.0,140.0,690.0,1150.0
2017-09-02,Rustam Khabilov,Desmond Green,-130.0,295.0,550.0,1120.0,882.0,2100.0
2017-09-02,Michel Prazeres,Mads Burnell,110.0,481.0,449.0,1150.0,380.0,1190.0
2017-09-02,Mairbek Taisumov,Felipe Silva,173.0,800.0,150.0,900.0,551.0,1390.0
2017-09-02,Leon Edwards,Bryan Barberena,-105.0,300.0,410.0,900.0,900.0,1400.0
2017-09-02,Marion Reneau,Talita Bernardo,209.0,,300.0,,285.0,
2017-09-02,Siyar Bahadurzada,Rob Wilkinson,475.0,450.0,165.0,625.0,775.0,335.0
2017-09-02,Alexander Volkov,Stefan Struve,450.0,550.0,150.0,350.0,1500.0,430.0
2017-09-02,Thibault Gouti,Andrew Holbrook,610.0,232.0,270.0,850.0,1360.0,230.0
2017-09-02,Darren Till,Bojan Velickovic,150.0,240.0,250.0,1000.0,1205.0,1335.0
2017-09-09,Ilir Latifi,Tyson Pedro,470.0,600.0,250.0,263.0,826.0,300.0
2017-09-09,Amanda Nunes,Valentina Shevchenko,588.0,280.0,360.0,300.0,392.0,515.0
2017-09-09,Neil Magny,Rafael Dos Anjos,230.0,112.0,725.0,400.0,778.0,700.0
2017-09-09,Henry Cejudo,Wilson Reis,-185.0,600.0,401.0,2550.0,1650.0,850.0
2017-09-09,Jeremy Stephens,Gilbert Melendez,165.0,150.0,489.0,600.0,2100.0,685.0
2017-09-09,Sarah Moras,Ashlee Evans-Smith,526.0,-135.0,1268.0,479.0,550.0,1305.0
2017-09-09,Gavin Tucker,Rick Glenn,-155.0,576.0,550.0,925.0,468.0,1353.0
2017-09-09,Mitch Clarke,Alex White,496.0,168.0,1250.0,260.0,385.0,878.0
2017-09-09,Luis Henrique,Arjan Bhullar,470.0,225.0,459.0,150.0,875.0,1000.0
2017-09-09,Kajan Johnson,Adriano Martins,650.0,218.0,1300.0,110.0,1880.0,300.0
2017-09-09,Sara McMann,Ketlen Vieira,119.0,270.0,625.0,878.0,485.0,1200.0
2017-09-16,Luke Rockhold,David Branch,275.0,750.0,210.0,750.0,240.0,1400.0
2017-09-16,Mike Perry,Alex Reyes,500.0,875.0,-185.0,775.0,1200.0,1200.0
2017-09-16,Hector Lombard,Anthony Smith,465.0,525.0,235.0,170.0,950.0,600.0
2017-09-16,Gregor Gillespie,Jason Gonzalez,210.0,900.0,125.0,750.0,500.0,1025.0
2017-09-16,Justin Ledet,Zu Anyanwu,215.0,900.0,200.0,615.0,260.0,1400.0
2017-09-16,Anthony Rocco Martin,Olivier Aubin-Mercier,180.0,180.0,675.0,1000.0,700.0,400.0
2017-09-16,Anthony Hamilton,Daniel Spitz,250.0,725.0,140.0,360.0,1350.0,725.0
2017-09-16,Krzysztof Jotko,Uriah Hall,-135.0,400.0,700.0,350.0,1200.0,1650.0
2017-09-16,Jason Saggo,Gilbert Burns,185.0,175.0,850.0,1105.0,1250.0,360.0
2017-09-16,Kamaru Usman,Sergio Moraes,-180.0,1300.0,215.0,1700.0,1800.0,1100.0
2017-09-22,Ovince Saint Preux,Yushin Okami,435.0,529.0,-165.0,1350.0,450.0,2020.0
2017-09-22,Claudia Gadelha,Jessica Andrade,-135.0,465.0,1125.0,676.0,325.0,1170.0
2017-09-22,Takanori Gomi,Dong Hyun Ma,1125.0,725.0,490.0,105.0,1390.0,226.0
2017-09-22,Gokhan Saki,Henrique da Silva,696.0,1200.0,-128.0,516.0,1800.0,335.0
2017-09-22,Jussier Formiga,Ulka Sasaki,100.0,595.0,845.0,1250.0,225.0,1175.0
2017-09-22,Keita Nakamura,Alex Morono,210.0,254.0,1105.0,450.0,425.0,586.0
2017-09-22,Syuri Kondo,Chanmi Jeon,118.0,250.0,1130.0,535.0,679.0,757.0
2017-09-22,Shinsho Anzai,Luke Jumeau,450.0,163.0,590.0,180.0,1315.0,950.0
2017-09-22,Daichi Abe,Hyun Gyu Lim,940.0,748.0,150.0,136.0,1500.0,1300.0
2017-09-22,Teruto Ishihara,Rolando Dy,330.0,285.0,166.0,575.0,950.0,1150.0
2017-10-07,Tony Ferguson,Kevin Lee,375.0,475.0,225.0,800.0,185.0,465.0
2017-10-07,Demetrious Johnson,Ray Borg,170.0,1800.0,215.0,1700.0,180.0,1400.0
2017-10-07,Fabricio Werdum,Walt Harris,405.0,800.0,,,,
2017-10-07,Mara Romero Borella,Kalindra Faria,250.0,125.0,775.0,450.0,775.0,575.0
2017-10-07,Tom Duquesnoy,Cody Stamann,190.0,200.0,200.0,1045.0,725.0,1800.0
2017-10-07,Matt Schnell,Marco Beltran,275.0,360.0,600.0,300.0,215.0,935.0
2017-10-07,John Moraga,Magomed Bibulatov,925.0,-175.0,1250.0,385.0,1000.0,600.0
2017-10-07,Thales Leites,Brad Tavares,325.0,-130.0,650.0,525.0,700.0,1500.0
2017-10-07,Pearl Gonzalez,Poliana Botelho,215.0,125.0,1025.0,400.0,650.0,1000.0
2017-10-21,Donald Cerrone,Darren Till,300.0,450.0,435.0,275.0,235.0,1850.0
2017-10-21,Karolina Kowalkiewicz,Jodie Esquibel,-160.0,600.0,475.0,1300.0,700.0,1500.0
2017-10-21,Jan Blachowicz,Devin Clark,325.0,125.0,375.0,450.0,1300.0,1400.0
2017-10-21,Marcin Held,Nasrat Haqparast,250.0,600.0,465.0,650.0,100.0,2000.0
2017-10-21,Oskar Piechota,Jonathan Wilson,420.0,475.0,220.0,325.0,265.0,1500.0
2017-10-21,Sam Alvey,Ramazan Emeev,335.0,135.0,400.0,575.0,1650.0,550.0
2017-10-21,Artem Lobov,Andre Fili,255.0,100.0,600.0,650.0,1350.0,635.0
2017-10-21,Salim Touahri,Warlley Alves,550.0,425.0,625.0,195.0,1275.0,160.0
2017-10-21,Lina Lansberg,Aspen Ladd,340.0,-115.0,900.0,425.0,1700.0,785.0
2017-10-21,Felipe Arantes,Josh Emmett,525.0,-150.0,925.0,400.0,800.0,950.0
2017-10-21,Damian Stasiak,Brian Kelleher,240.0,170.0,1150.0,1250.0,330.0,500.0
2017-10-28,Derek Brunson,Lyoto Machida,625.0,635.0,100.0,235.0,1400.0,1275.0
2017-10-28,Demian Maia,Colby Covington,305.0,130.0,1250.0,500.0,125.0,2000.0
2017-10-28,Pedro Munhoz,Rob Font,285.0,150.0,675.0,285.0,550.0,1075.0
2017-10-28,Francisco Trinaldo,Jim Miller,-105.0,365.0,450.0,700.0,1000.0,650.0
2017-10-28,Thiago Santos,Jack Hermansson,550.0,450.0,171.0,275.0,1700.0,400.0
2017-10-28,John Lineker,Marlon Vera,210.0,850.0,-125.0,1500.0,1200.0,900.0
2017-10-28,Antonio Carlos Junior,Jack Marshman,185.0,900.0,500.0,700.0,100.0,1750.0
2017-10-28,Hacran Dias,Jared Gordon,210.0,160.0,1200.0,285.0,1000.0,1350.0
2017-10-28,Elizeu Zaleski dos Santos,Max Griffin,550.0,385.0,171.0,600.0,1700.0,975.0
2017-10-28,Deiveson Figueiredo,Jarred Brooks,330.0,107.0,452.0,650.0,1050.0,850.0
2017-10-28,Marcelo Golm,Christian Colombo,544.0,505.0,-108.0,481.0,650.0,1100.0
2017-10-28,Vicente Luque,Niko Price,335.0,450.0,425.0,330.0,375.0,515.0
2017-11-04,Michael Bisping,Georges St-Pierre,250.0,175.0,200.0,500.0,2700.0,550.0
2017-11-04,Cody Garbrandt,TJ Dillashaw,190.0,250.0,170.0,700.0,1800.0,1050.0
2017-11-04,Joanna Jedrzejczyk,Rose Namajunas,-130.0,1200.0,115.0,2000.0,1600.0,800.0
2017-11-04,Stephen Thompson,Jorge Masvidal,130.0,260.0,350.0,675.0,2200.0,1050.0
2017-11-04,Johny Hendricks,Paulo Costa,400.0,500.0,750.0,-145.0,1350.0,1250.0
2017-11-04,Ovince Saint Preux,Corey Anderson,400.0,190.0,240.0,825.0,350.0,1400.0
2017-11-04,Walt Harris,Mark Godbeer,500.0,835.0,-175.0,475.0,1500.0,1550.0
2017-11-04,Randy Brown,Mickey Gall,375.0,500.0,250.0,800.0,800.0,175.0
2017-11-04,Aleksei Oleinik,Curtis Blaydes,1050.0,176.0,952.0,130.0,495.0,1650.0
2017-11-04,Aiemann Zahabi,Ricardo Ramos,300.0,200.0,860.0,716.0,1005.0,250.0
2017-11-04,James Vick,Joe Duffy,425.0,300.0,1000.0,240.0,325.0,500.0
2017-11-11,Dustin Poirier,Anthony Pettis,325.0,425.0,285.0,280.0,1010.0,375.0
2017-11-11,Matt Brown,Diego Sanchez,320.0,500.0,-125.0,1100.0,950.0,1200.0
2017-11-11,Junior Albini,Andrei Arlovski,600.0,750.0,-165.0,450.0,1350.0,1275.0
2017-11-11,Nate Marquardt,Cezar Ferreira,550.0,155.0,575.0,275.0,1025.0,475.0
2017-11-11,Raphael Assuncao,Matthew Lopez,-130.0,450.0,500.0,1100.0,600.0,1300.0
2017-11-11,Joe Lauzon,Clay Guida,275.0,140.0,525.0,625.0,475.0,1050.0
2017-11-11,Tatiana Suarez,Viviane Pereira,125.0,340.0,540.0,1300.0,300.0,1815.0
2017-11-11,Sage Northcutt,Michel Quinones,204.0,485.0,317.0,385.0,520.0,823.0
2017-11-11,Angela Hill,Nina Ansaroff,109.0,,439.0,,2000.0,
2017-11-11,Court McGee,Sean Strickland,435.0,-115.0,1125.0,463.0,1320.0,765.0
2017-11-11,Jake Collier,Marcel Fortuna,475.0,185.0,515.0,430.0,1465.0,277.0
2017-11-11,Darren Stewart,Karl Roberson,425.0,272.0,575.0,150.0,1055.0,1067.0
2017-11-11,John Dodson,Marlon Moraes,190.0,165.0,425.0,525.0,875.0,1100.0
2017-11-18,Elias Theodorou,Daniel Kelly,-155.0,300.0,400.0,850.0,800.0,1200.0
2017-11-18,Fabricio Werdum,Marcin Tybura,220.0,700.0,475.0,500.0,135.0,2500.0
2017-11-18,Bec Rawlings,Jessica-Rose Clark,160.0,200.0,575.0,600.0,750.0,1150.0
2017-11-18,Tim Means,Belal Muhammad,200.0,300.0,210.0,1150.0,675.0,1000.0
2017-11-18,Jake Matthews,Bojan Velickovic,175.0,200.0,400.0,800.0,650.0,1000.0
2017-11-18,Alexander Volkanovski,Shane Young,200.0,975.0,-135.0,1000.0,465.0,1550.0
2017-11-18,Anthony Hamilton,Adam Wieczorek,575.0,890.0,260.0,125.0,1265.0,445.0
2017-11-18,Nik Lentz,Will Brooks,600.0,-150.0,1350.0,385.0,1500.0,675.0
2017-11-18,Rashad Coulter,Tai Tuivasa,800.0,625.0,225.0,-120.0,1600.0,1500.0
2017-11-18,Damien Brown,Frank Camacho,425.0,400.0,400.0,200.0,475.0,800.0
2017-11-18,Alex Chambers,Nadia Kassem,505.0,229.0,790.0,190.0,390.0,1250.0
2017-11-18,Jenel Lausa,Eric Shelton,495.0,-104.0,850.0,436.0,1490.0,400.0
2017-11-18,Ryan Benoit,Ashkan Mokhtarian,160.0,475.0,215.0,900.0,825.0,800.0
2017-11-25,Muslim Salikhov,Alex Garcia,525.0,450.0,-115.0,500.0,1250.0,850.0
2017-11-25,Li Jingliang,Zak Ottow,170.0,235.0,285.0,1175.0,750.0,1225.0
2017-11-25,Wang Guan,Alex Caceres,310.0,160.0,375.0,600.0,1250.0,550.0
2017-11-25,Zabit Magomedsharipov,Sheymon Moraes,156.0,945.0,272.0,885.0,270.0,1630.0
2017-11-25,Michael Bisping,Kelvin Gastelum,430.0,500.0,530.0,-115.0,2050.0,500.0
2017-11-25,Kailin Curran,Yan Xiaonan,333.0,,635.0,,485.0,
2017-11-25,Cyril Asker,Hu Yaozong,488.0,1255.0,158.0,310.0,278.0,1695.0
2017-11-25,Wuliji Buren,Rolando Dy,275.0,203.0,585.0,410.0,830.0,530.0
2017-11-25,Song Kenan,Bobby Nash,,275.0,,145.0,,382.0
2017-11-25,Chase Sherman,Shamil Abdurakhimov,260.0,168.0,425.0,372.0,1365.0,1115.0
2017-11-25,Wu Yanan,Gina Mazany,,282.0,,375.0,,375.0
2017-12-01,Nicco Montano,Roxanne Modafferi,189.0,300.0,220.0,950.0,1135.0,700.0
2017-12-01,Sean O'Malley,Terrion Ware,131.0,427.0,295.0,650.0,935.0,1220.0
2017-12-01,Eric Spicely,Gerald Meerschaert,685.0,285.0,1085.0,509.0,305.0,185.0
2017-12-01,Barb Honchak,Lauren Murphy,103.0,270.0,375.0,1330.0,850.0,1825.0
2017-12-01,Andrew Sanchez,Ryan Janes,-127.0,679.0,350.0,1740.0,480.0,1425.0
2017-12-01,Karine Gevorgyan,Rachael Ostovich,891.0,145.0,810.0,240.0,1092.0,240.0
2017-12-01,Ariel Beck,Shana Dobson,340.0,129.0,600.0,345.0,1215.0,1260.0
2017-12-01,Gillian Robertson,Emily Whitmire,325.0,145.0,1125.0,425.0,625.0,617.0
2017-12-01,Christina Marks,Montana De La Rosa,570.0,245.0,850.0,320.0,1285.0,100.0
2017-12-01,Joe Soto,Brett Johns,340.0,128.0,562.0,481.0,500.0,1150.0
2017-12-02,Tecia Torres,Michelle Waterson,-170.0,400.0,950.0,925.0,700.0,750.0
2017-12-02,Max Holloway,Jose Aldo,350.0,385.0,-120.0,400.0,800.0,1785.0
2017-12-02,Alistair Overeem,Francis Ngannou,525.0,650.0,275.0,-185.0,1400.0,1800.0
2017-12-02,Henry Cejudo,Sergio Pettis,-135.0,300.0,400.0,950.0,1200.0,800.0
2017-12-02,Eddie Alvarez,Justin Gaethje,385.0,350.0,400.0,100.0,1150.0,1000.0
2017-12-02,Charles Oliveira,Paul Felder,465.0,475.0,811.0,150.0,160.0,1200.0
2017-12-02,David Teymur,Drakkar Klose,175.0,235.0,240.0,800.0,800.0,1400.0
2017-12-02,Felice Herrig,Cortney Casey,145.0,220.0,950.0,825.0,550.0,475.0
2017-12-02,Amanda Cooper,Angela Magana,148.0,575.0,480.0,2100.0,185.0,1100.0
2017-12-02,Sabah Homasi,Abdul Razak Alhassan,520.0,,540.0,,1445.0,
2017-12-02,Jeremy Kimball,Dominick Reyes,1310.0,415.0,600.0,-149.0,1850.0,650.0
2017-12-02,Justin Willis,Allen Crowder,208.0,700.0,195.0,380.0,750.0,1095.0
2017-12-02,Alex Oliveira,Yancy Medeiros,465.0,500.0,811.0,550.0,160.0,800.0
2017-12-09,Cub Swanson,Brian Ortega,190.0,375.0,400.0,450.0,2150.0,180.0
2017-12-09,Jason Knight,Gabriel Benitez,175.0,450.0,350.0,1000.0,180.0,1000.0
2017-12-09,Marlon Moraes,Aljamain Sterling,125.0,190.0,525.0,750.0,1400.0,700.0
2017-12-09,Scott Holtzman,Darrell Horcher,140.0,215.0,525.0,500.0,1200.0,1200.0
2017-12-09,Eryk Anders,Markus Perez,300.0,550.0,-140.0,1125.0,800.0,1250.0
2017-12-09,Albert Morales,Benito Lopez,200.0,200.0,600.0,500.0,650.0,750.0
2017-12-09,Luke Sanders,Andre Soukhamthath,125.0,350.0,300.0,750.0,650.0,1000.0
2017-12-09,Carls John De Tomas,Alex Perez,600.0,550.0,1200.0,1125.0,750.0,1250.0
2017-12-09,Frankie Saenz,Merab Dvalishvili,200.0,145.0,950.0,400.0,1200.0,650.0
2017-12-09,Alejandro Perez,Iuri Alcantara,550.0,264.0,1125.0,310.0,1250.0,320.0
2017-12-09,Chris Gruetzemacher,Davi Ramos,538.0,139.0,1070.0,616.0,1750.0,200.0
2017-12-09,Antonio Braga Neto,Trevin Giles,625.0,157.0,1447.0,206.0,435.0,1195.0
2017-12-09,Alexis Davis,Liz Carmouche,205.0,120.0,1150.0,900.0,725.0,600.0
2017-12-16,Robbie Lawler,Rafael Dos Anjos,325.0,300.0,150.0,280.0,2700.0,450.0
2017-12-16,Ricardo Lamas,Josh Emmett,125.0,375.0,300.0,550.0,600.0,1600.0
2017-12-16,Glover Teixeira,Misha Cirkunov,340.0,275.0,475.0,300.0,750.0,360.0
2017-12-16,Jared Cannonier,Jan Blachowicz,165.0,245.0,240.0,800.0,1500.0,1200.0
2017-12-16,Santiago Ponzinibbio,Mike Perry,350.0,800.0,130.0,180.0,1000.0,1800.0
2017-12-16,Chad Laprise,Galore Bofando,200.0,700.0,250.0,230.0,450.0,1200.0
2017-12-16,Nordine Taleb,Danny Roberts,150.0,300.0,450.0,410.0,1400.0,725.0
2017-12-16,John Makdessi,Abel Trujillo,2200.0,275.0,420.0,215.0,1600.0,700.0
2017-12-16,Alessio Di Chirico,Oluwale Bamgbose,275.0,700.0,300.0,180.0,410.0,1200.0
2017-12-16,Jordan Mein,Erick Silva,345.0,500.0,175.0,550.0,1000.0,366.0
2017-12-16,Julian Marquez,Darren Stewart,325.0,775.0,-140.0,480.0,1100.0,1600.0
2017-12-30,Cris Cyborg,Holly Holm,,400.0,,450.0,,2000.0
2017-12-30,Khabib Nurmagomedov,Edson Barboza,180.0,500.0,365.0,400.0,268.0,1600.0
2017-12-30,Dan Hooker,Marc Diakiese,300.0,160.0,700.0,225.0,800.0,1400.0
2017-12-30,Carlos Condit,Neil Magny,250.0,250.0,225.0,800.0,700.0,600.0
2017-12-30,Myles Jury,Rick Glenn,125.0,280.0,500.0,600.0,550.0,1100.0
2017-12-30,Louis Smolka,Matheus Nicolau,300.0,110.0,1000.0,400.0,700.0,750.0
2017-12-30,Tim Elliott,Mark De La Rosa,120.0,350.0,450.0,1000.0,500.0,700.0
2017-12-30,Cynthia Calvillo,Carla Esparza,150.0,300.0,650.0,1400.0,200.0,1200.0
2018-01-14,Kamaru Usman,Emil Meek,115.0,1100.0,150.0,750.0,350.0,1800.0
2018-01-14,Jeremy Stephens,Dooho Choi,300.0,425.0,310.0,125.0,2125.0,900.0
2018-01-14,Paige VanZant,Jessica-Rose Clark,,100.0,,900.0,,1000.0
2018-01-14,James Krause,Alex White,165.0,275.0,575.0,550.0,450.0,1000.0
2018-01-14,Darren Elkins,Michael Johnson,215.0,178.0,1000.0,190.0,900.0,2550.0
2018-01-14,Talita Bernardo,Irene Aldana,250.0,150.0,1000.0,300.0,900.0,700.0
2018-01-14,Mads Burnell,Mike Santiago,400.0,230.0,1100.0,250.0,400.0,575.0
2018-01-14,Kyung Ho Kang,Guido Cannetti,170.0,750.0,450.0,535.0,185.0,1100.0
2018-01-14,Kalindra Faria,Jessica Eye,160.0,170.0,650.0,550.0,1200.0,850.0
2018-01-14,Danielle Taylor,JJ Aldrich,140.0,155.0,750.0,575.0,1500.0,1100.0
2018-01-14,Matt Frevola,Polo Reyes,330.0,525.0,130.0,400.0,575.0,1700.0
2018-01-20,Stipe Miocic,Francis Ngannou,900.0,1500.0,220.0,-165.0,1950.0,1100.0
2018-01-20,Daniel Cormier,Volkan Oezdemir,400.0,825.0,250.0,325.0,145.0,2200.0
2018-01-20,Calvin Kattar,Shane Burgos,250.0,160.0,800.0,250.0,1400.0,875.0
2018-01-20,Gian Villante,Francimar Barroso,240.0,350.0,200.0,410.0,1200.0,1000.0
2018-01-20,Thomas Almeida,Rob Font,350.0,315.0,225.0,265.0,850.0,1100.0
2018-01-20,Kyle Bochniak,Brandon Davis,200.0,150.0,900.0,400.0,625.0,800.0
2018-01-20,Dustin Ortiz,Alexandre Pantoja,200.0,170.0,875.0,750.0,800.0,425.0
2018-01-20,Dan Ige,Julio Arce,215.0,185.0,1000.0,375.0,665.0,700.0
2018-01-20,Matt Bessette,Enrique Barzola,440.0,-155.0,1170.0,560.0,635.0,776.0
2018-01-20,Islam Makhachev,Gleison Tibau,-125.0,348.0,425.0,1400.0,1065.0,1500.0
2018-01-20,Sabah Homasi,Abdul Razak Alhassan,535.0,500.0,345.0,-125.0,1100.0,1200.0
2018-01-27,Jacare Souza,Derek Brunson,625.0,775.0,400.0,110.0,225.0,2800.0
2018-01-27,Dennis Bermudez,Andre Fili,120.0,335.0,550.0,410.0,700.0,1100.0
2018-01-27,Jordan Rinaldi,Gregor Gillespie,850.0,115.0,1200.0,235.0,1200.0,450.0
2018-01-27,Erik Koch,Bobby Green,285.0,175.0,575.0,315.0,750.0,1100.0
2018-01-27,Mirsad Bektic,Godofredo Pepey,180.0,1400.0,110.0,1000.0,575.0,750.0
2018-01-27,Drew Dober,Frank Camacho,285.0,325.0,250.0,450.0,500.0,1400.0
2018-01-27,Randa Markos,Juliana Lima,140.0,225.0,1000.0,725.0,425.0,1000.0
2018-01-27,Austin Arnett,Cory Sandhagen,292.0,163.0,670.0,300.0,1530.0,850.0
2018-01-27,Niko Price,George Sullivan,350.0,405.0,145.0,1000.0,382.0,1750.0
2018-01-27,Katlyn Chookagian,Mara Romero Borella,150.0,300.0,450.0,975.0,775.0,500.0
2018-01-27,Justine Kish,Ji Yeon Kim,-110.0,375.0,425.0,850.0,750.0,1400.0
2018-01-27,Vinc Pichel,Joaquim Silva,225.0,225.0,425.0,525.0,700.0,541.0
2018-02-03,Lyoto Machida,Eryk Anders,600.0,625.0,350.0,-160.0,800.0,1800.0
2018-02-03,Valentina Shevchenko,Priscila Cachoeira,155.0,900.0,150.0,1800.0,185.0,2500.0
2018-02-03,Michel Prazeres,Desmond Green,145.0,210.0,1200.0,525.0,450.0,1400.0
2018-02-03,Douglas Silva de Andrade,Marlon Vera,305.0,165.0,560.0,599.0,1195.0,375.0
2018-02-03,Tim Johnson,Marcelo Golm,320.0,450.0,425.0,140.0,1700.0,700.0
2018-02-03,Sergio Moraes,Tim Means,450.0,145.0,1000.0,250.0,300.0,1200.0
2018-02-03,Alan Patrick,Damir Hadzovic,-110.0,550.0,550.0,400.0,650.0,1400.0
2018-02-03,Maia Stevenson,Polyana Viana,485.0,227.0,1600.0,365.0,1520.0,158.0
2018-02-03,Iuri Alcantara,Joe Soto,240.0,240.0,550.0,435.0,600.0,500.0
2018-02-03,Deiveson Figueiredo,Joseph Morales,189.0,230.0,530.0,702.0,659.0,550.0
2018-02-03,Thiago Santos,Anthony Smith,743.0,800.0,-160.0,500.0,850.0,700.0
2018-02-10,Yoel Romero,Luke Rockhold,675.0,400.0,200.0,300.0,1800.0,325.0
2018-02-10,Mark Hunt,Curtis Blaydes,400.0,180.0,200.0,230.0,2200.0,1100.0
2018-02-10,Tai Tuivasa,Cyril Asker,825.0,800.0,-200.0,525.0,1400.0,675.0
2018-02-10,Jake Matthews,Li Jingliang,220.0,230.0,850.0,220.0,775.0,700.0
2018-02-10,Tyson Pedro,Saparbeg Safarov,350.0,900.0,240.0,500.0,185.0,900.0
2018-02-10,Damien Brown,Dong Hyun Ma,201.0,225.0,600.0,345.0,1155.0,724.0
2018-02-10,Alexander Volkanovski,Jeremy Kennedy,115.0,250.0,350.0,1050.0,837.0,1300.0
2018-02-10,Jussier Formiga,Ben Nguyen,179.0,249.0,1125.0,325.0,400.0,1185.0
2018-02-10,Ross Pearson,Mizuto Hirota,-101.0,240.0,799.0,490.0,1200.0,1655.0
2018-02-10,Teruto Ishihara,Jose Quinonez,350.0,127.0,366.0,670.0,1350.0,772.0
2018-02-10,Luke Jumeau,Daichi Abe,201.0,176.0,780.0,300.0,1800.0,1025.0
2018-02-10,Rob Wilkinson,Israel Adesanya,423.0,512.0,1625.0,-169.0,1100.0,1250.0
2018-02-18,Donald Cerrone,Yancy Medeiros,450.0,525.0,350.0,180.0,250.0,945.0
2018-02-18,Derrick Lewis,Marcin Tybura,335.0,275.0,150.0,285.0,1200.0,650.0
2018-02-18,James Vick,Francisco Trinaldo,165.0,300.0,260.0,675.0,300.0,1400.0
2018-02-18,Thiago Alves,Curtis Millender,150.0,254.0,415.0,490.0,830.0,1550.0
2018-02-18,Steven Peterson,Brandon Davis,400.0,108.0,658.0,650.0,475.0,1085.0
2018-02-18,Sage Northcutt,Thibault Gouti,256.0,550.0,135.0,825.0,380.0,750.0
2018-02-18,Geoff Neal,Brian Camozzi,245.0,560.0,140.0,865.0,1200.0,385.0
2018-02-18,Roberto Sanchez,Joby Sanchez,130.0,130.0,450.0,450.0,755.0,755.0
2018-02-18,Sarah Moras,Lucie Pudilova,225.0,-115.0,2000.0,1125.0,501.0,1455.0
2018-02-18,Joshua Burkman,Alex Morono,425.0,257.0,1235.0,170.0,1520.0,315.0
2018-02-18,Oskar Piechota,Tim Williams,275.0,563.0,265.0,1288.0,219.0,725.0
2018-02-18,Jared Gordon,Diego Ferreira,129.0,340.0,357.0,1100.0,1650.0,425.0
2018-02-24,Josh Emmett,Jeremy Stephens,400.0,325.0,290.0,140.0,755.0,1200.0
2018-02-24,Jessica Andrade,Tecia Torres,-110.0,350.0,450.0,1200.0,525.0,1600.0
2018-02-24,Ovince Saint Preux,Ilir Latifi,310.0,230.0,255.0,550.0,465.0,1200.0
2018-02-24,Mike Perry,Max Griffin,400.0,610.0,-180.0,700.0,1600.0,1400.0
2018-02-24,Renan Barao,Brian Kelleher,220.0,260.0,375.0,450.0,350.0,650.0
2018-02-24,Ben Saunders,Alan Jouban,575.0,300.0,775.0,-120.0,650.0,1800.0
2018-02-24,Maryna Moroz,Angela Hill,240.0,-115.0,900.0,725.0,650.0,1600.0
2018-02-24,Sam Alvey,Marcin Prachnio,450.0,243.0,395.0,175.0,1450.0,1550.0
2018-02-24,Rani Yahya,Russell Doane,230.0,688.0,1800.0,400.0,115.0,1700.0
2018-02-24,Eric Shelton,Alex Perez,200.0,281.0,525.0,881.0,500.0,420.0
2018-02-24,Albert Morales,Manny Bermudez,246.0,347.0,775.0,1050.0,935.0,150.0
2018-02-24,Sara McMann,Marion Reneau,-110.0,375.0,675.0,750.0,625.0,750.0
2018-03-03,Cris Cyborg,Yana Kunitskaya,,2000.0,,1500.0,,2000.0
2018-03-03,Frankie Edgar,Brian Ortega,-115.0,450.0,1000.0,900.0,1400.0,285.0
2018-03-03,Sean O'Malley,Andre Soukhamthath,210.0,475.0,375.0,215.0,650.0,650.0
2018-03-03,Stefan Struve,Andrei Arlovski,450.0,435.0,165.0,355.0,450.0,1200.0
2018-03-03,Cat Zingano,Ketlen Vieira,325.0,115.0,550.0,750.0,875.0,475.0
2018-03-03,Beneil Dariush,Alexander Hernandez,225.0,575.0,190.0,1200.0,180.0,1200.0
2018-03-03,John Dodson,Pedro Munhoz,120.0,260.0,435.0,1200.0,1400.0,450.0
2018-03-03,CB Dollaway,Hector Lombard,275.0,500.0,400.0,175.0,675.0,700.0
2018-03-03,Mike Pyle,Zak Ottow,550.0,275.0,550.0,225.0,900.0,240.0
2018-03-03,Bryan Caraway,Cody Stamann,210.0,135.0,1200.0,450.0,550.0,1100.0
2018-03-03,Jordan Johnson,Adam Milstead,130.0,775.0,325.0,400.0,537.0,1100.0
2018-03-03,Ashley Yoder,Mackenzie Dern,520.0,290.0,1200.0,825.0,2000.0,-175.0
2018-03-17,Tom Duquesnoy,Terrion Ware,100.0,400.0,275.0,1400.0,650.0,1600.0
2018-03-17,Fabricio Werdum,Alexander Volkov,320.0,425.0,625.0,290.0,169.0,2000.0
2018-03-17,Jimi Manuwa,Jan Blachowicz,250.0,300.0,140.0,600.0,1600.0,1200.0
2018-03-17,Leon Edwards,Peter Sobotta,-105.0,350.0,400.0,975.0,1400.0,725.0
2018-03-17,Danny Roberts,Oliver Enkamp,221.0,325.0,305.0,490.0,900.0,550.0
2018-03-17,Danny Henry,Hakeem Dawodu,350.0,150.0,1400.0,170.0,1165.0,1425.0
2018-03-17,Paul Craig,Magomed Ankalaev,1100.0,320.0,1800.0,-230.0,900.0,700.0
2018-03-17,Stevie Ray,Kajan Johnson,148.0,240.0,315.0,1350.0,900.0,1245.0
2018-03-17,John Phillips,Charles Byrd,561.0,348.0,140.0,650.0,1165.0,350.0
2018-03-17,Mark Godbeer,Dmitry Sosnovskiy,600.0,377.0,375.0,142.0,1435.0,400.0
2018-04-07,Zabit Magomedsharipov,Kyle Bochniak,210.0,825.0,276.0,1440.0,145.0,2450.0
2018-04-07,Devin Clark,Mike Rodriguez,270.0,539.0,460.0,185.0,580.0,750.0
2018-04-07,Bec Rawlings,Ashlee Evans-Smith,247.0,-103.0,1710.0,565.0,1065.0,955.0
2018-04-07,Evan Dunham,Olivier Aubin-Mercier,110.0,211.0,930.0,990.0,950.0,493.0
2018-04-07,Karolina Kowalkiewicz,Felice Herrig,-114.0,250.0,725.0,1885.0,1400.0,550.0
2018-04-07,Joe Lauzon,Chris Gruetzemacher,317.0,330.0,670.0,380.0,197.0,1775.0
2018-04-07,Renato Moicano,Calvin Kattar,180.0,175.0,957.0,430.0,740.0,1410.0
2018-04-07,Rose Namajunas,Joanna Jedrzejczyk,475.0,180.0,330.0,375.0,350.0,2350.0
2018-04-07,Khabib Nurmagomedov,Al Iaquinta,459.0,1750.0,119.0,550.0,157.0,2400.0
2018-04-14,Tim Boetsch,Antonio Carlos Junior,500.0,377.0,435.0,700.0,1750.0,115.0
2018-04-14,Israel Adesanya,Marvin Vettori,250.0,475.0,125.0,875.0,1850.0,540.0
2018-04-14,Muslim Salikhov,Ricky Rainey,349.0,315.0,115.0,650.0,850.0,1100.0
2018-04-14,Dustin Poirier,Justin Gaethje,525.0,825.0,160.0,155.0,585.0,1500.0
2018-04-14,Carlos Condit,Alex Oliveira,475.0,120.0,425.0,450.0,850.0,750.0
2018-04-14,Wilson Reis,John Moraga,155.0,180.0,1540.0,485.0,525.0,1440.0
2018-04-14,Michelle Waterson,Cortney Casey,242.0,-105.0,945.0,900.0,975.0,695.0
2018-04-14,Gilbert Burns,Dan Moret,142.0,782.0,475.0,1370.0,150.0,1505.0
2018-04-14,Matthew Lopez,Alejandro Perez,175.0,177.0,585.0,725.0,519.0,1010.0
2018-04-14,Arjan Bhullar,Adam Wieczorek,103.0,950.0,279.0,610.0,945.0,800.0
2018-04-14,Krzysztof Jotko,Brad Tavares,170.0,157.0,650.0,725.0,1000.0,1120.0
2018-04-14,Luke Sanders,Patrick Williams,445.0,1235.0,-130.0,670.0,540.0,980.0
2018-04-14,Shana Dobson,Lauren Mueller,246.0,111.0,605.0,775.0,1800.0,710.0
2018-04-14,Dhiego Lima,Yushin Okami,185.0,171.0,580.0,594.0,1385.0,665.0
2018-04-21,Edson Barboza,Kevin Lee,375.0,375.0,300.0,700.0,1800.0,165.0
2018-04-21,Frankie Edgar,Cub Swanson,-155.0,450.0,1000.0,465.0,1200.0,1600.0
2018-04-21,Justin Willis,Chase Sherman,230.0,625.0,-110.0,550.0,1200.0,1400.0
2018-04-21,Aljamain Sterling,Brett Johns,165.0,170.0,800.0,675.0,600.0,800.0
2018-04-21,David Branch,Thiago Santos,285.0,349.0,1000.0,110.0,550.0,1850.0
2018-04-21,Ryan LaFlare,Alex Garcia,,285.0,,500.0,,1000.0
2018-04-21,Merab Dvalishvili,Ricky Simon,215.0,165.0,875.0,465.0,1400.0,575.0
2018-04-21,Siyar Bahadurzada,Luan Chagas,450.0,400.0,245.0,300.0,775.0,380.0
2018-04-21,Corey Anderson,Patrick Cummins,175.0,170.0,390.0,650.0,1000.0,1200.0
2018-04-21,Anthony Rocco Martin,Keita Nakamura,-121.0,350.0,800.0,1380.0,745.0,605.0
2018-04-21,Jim Miller,Dan Hooker,425.0,-120.0,1200.0,350.0,1000.0,650.0
2018-05-12,Amanda Nunes,Raquel Pennington,240.0,1000.0,125.0,1400.0,275.0,1325.0
2018-05-12,Jacare Souza,Kelvin Gastelum,315.0,525.0,700.0,220.0,175.0,2000.0
2018-05-12,Mackenzie Dern,Amanda Cooper,230.0,450.0,1000.0,480.0,110.0,2000.0
2018-05-12,John Lineker,Brian Kelleher,115.0,300.0,200.0,1400.0,825.0,1200.0
2018-05-12,Vitor Belfort,Lyoto Machida,500.0,175.0,385.0,155.0,1600.0,1600.0
2018-05-12,Cezar Ferreira,Karl Roberson,275.0,425.0,550.0,200.0,475.0,800.0
2018-05-12,Davi Ramos,Nick Hein,180.0,160.0,900.0,1200.0,345.0,1400.0
2018-05-12,Elizeu Zaleski dos Santos,Sean Strickland,155.0,165.0,425.0,825.0,1200.0,1200.0
2018-05-12,Warlley Alves,Sultan Aliev,200.0,375.0,635.0,600.0,190.0,1400.0
2018-05-12,Thales Leites,Jack Hermansson,335.0,187.0,800.0,259.0,485.0,1500.0
2018-05-12,Alberto Mina,Ramazan Emeev,495.0,200.0,411.0,350.0,600.0,564.0
2018-05-12,Markus Perez,James Bochnovic,385.0,445.0,346.0,1215.0,155.0,1000.0
2018-05-12,Aleksei Oleinik,Junior Albini,,375.0,,140.0,,1400.0
2018-05-19,Demian Maia,Kamaru Usman,1200.0,190.0,1600.0,-155.0,450.0,2400.0
2018-05-19,Alexa Grasso,Tatiana Suarez,800.0,-155.0,1600.0,700.0,1800.0,200.0
2018-05-19,Jared Cannonier,Dominick Reyes,360.0,265.0,680.0,200.0,1400.0,450.0
2018-05-19,Diego Rivas,Guido Cannetti,200.0,400.0,350.0,400.0,400.0,900.0
2018-05-19,Veronica Macedo,Andrea Lee,415.0,165.0,1000.0,200.0,1200.0,400.0
2018-05-19,Vicente Luque,Chad Laprise,330.0,350.0,250.0,665.0,235.0,1200.0
2018-05-19,Zak Cummings,Michel Prazeres,125.0,275.0,350.0,825.0,500.0,650.0
2018-05-19,Poliana Botelho,Syuri Kondo,170.0,190.0,325.0,1000.0,825.0,1400.0
2018-05-19,Gabriel Benitez,Humberto Bandenay,265.0,410.0,425.0,660.0,225.0,570.0
2018-05-19,Enrique Barzola,Brandon Davis,-108.0,280.0,610.0,850.0,683.0,1700.0
2018-05-19,Henry Briones,Frankie Saenz,480.0,-155.0,1175.0,570.0,1288.0,906.0
2018-05-19,Claudio Puelles,Felipe Silva,430.0,450.0,1280.0,-135.0,1200.0,850.0
2018-05-19,Brandon Moreno,Alexandre Pantoja,190.0,175.0,1000.0,625.0,650.0,475.0
2018-05-27,Jason Knight,Makwan Amirkhani,180.0,250.0,600.0,825.0,400.0,700.0
2018-05-27,Stephen Thompson,Darren Till,235.0,360.0,250.0,210.0,2300.0,2000.0
2018-05-27,Neil Magny,Craig White,265.0,900.0,115.0,1600.0,325.0,1000.0
2018-05-27,Arnold Allen,Mads Burnell,100.0,350.0,500.0,1200.0,550.0,600.0
2018-05-27,Claudio Silva,Nordine Taleb,650.0,-120.0,1200.0,250.0,600.0,1600.0
2018-05-27,Bradley Scott,Carlo Pedersoli,300.0,,520.0,,755.0,
2018-05-27,Daniel Kelly,Tom Breese,385.0,161.0,1965.0,174.0,2600.0,500.0
2018-05-27,Lina Lansberg,Gina Mazany,185.0,148.0,700.0,480.0,2350.0,1060.0
2018-05-27,Elias Theodorou,Trevor Smith,-140.0,420.0,370.0,1385.0,1800.0,1550.0
2018-05-27,Gillian Robertson,Molly McCann,370.0,153.0,1460.0,365.0,390.0,1165.0
2018-05-27,Eric Spicely,Darren Stewart,450.0,550.0,1400.0,250.0,-120.0,1400.0
2018-06-01,Jimmie Rivera,Marlon Moraes,150.0,205.0,565.0,460.0,1245.0,865.0
2018-06-01,Gregor Gillespie,Vinc Pichel,163.0,865.0,250.0,550.0,275.0,1785.0
2018-06-01,Walt Harris,Daniel Spitz,603.0,610.0,-140.0,565.0,2625.0,615.0
2018-06-01,Jake Ellenberger,Ben Saunders,667.0,700.0,105.0,425.0,1085.0,441.0
2018-06-01,Julio Arce,Daniel Teymur,228.0,350.0,325.0,500.0,402.0,860.0
2018-06-01,Gian Villante,Sam Alvey,176.0,280.0,800.0,170.0,2160.0,1435.0
2018-06-01,Sijara Eubanks,Lauren Murphy,130.0,221.0,454.0,1140.0,734.0,1900.0
2018-06-01,Nik Lentz,David Teymur,385.0,350.0,2075.0,500.0,875.0,860.0
2018-06-01,Belal Muhammad,Chance Rencountre,-153.0,711.0,275.0,670.0,1450.0,1650.0
2018-06-01,Desmond Green,Gleison Tibau,-117.0,380.0,220.0,1845.0,1850.0,1075.0
2018-06-01,Johnny Eduardo,Nathaniel Wood,738.0,325.0,350.0,140.0,1175.0,540.0
2018-06-01,Jarred Brooks,Jose Torres,178.0,135.0,1158.0,420.0,1083.0,765.0
2018-06-09,Robert Whittaker,Yoel Romero,205.0,800.0,148.0,293.0,1875.0,2350.0
2018-06-09,Rafael Dos Anjos,Colby Covington,400.0,130.0,319.0,900.0,560.0,958.0
2018-06-09,Holly Holm,Megan Anderson,-105.0,260.0,690.0,472.0,1800.0,1430.0
2018-06-09,Andrei Arlovski,Tai Tuivasa,429.0,775.0,447.0,-155.0,1700.0,3000.0
2018-06-09,CM Punk,Mike Jackson,485.0,402.0,1175.0,137.0,412.0,700.0
2018-06-09,Alistair Overeem,Curtis Blaydes,460.0,287.0,435.0,175.0,795.0,2000.0
2018-06-09,Ricardo Lamas,Mirsad Bektic,400.0,150.0,820.0,250.0,850.0,1350.0
2018-06-09,Rashad Coulter,Chris de la Rocha,1000.0,575.0,125.0,325.0,2150.0,416.0
2018-06-09,Rashad Evans,Anthony Smith,330.0,275.0,870.0,132.0,1865.0,787.0
2018-06-09,Joseph Benavidez,Sergio Pettis,-120.0,320.0,912.0,626.0,550.0,1500.0
2018-06-09,Clay Guida,Charles Oliveira,280.0,724.0,464.0,1100.0,889.0,129.0
2018-06-09,Mike Santiago,Dan Ige,237.0,159.0,434.0,1035.0,725.0,684.0
2018-06-09,Claudia Gadelha,Carla Esparza,-125.0,320.0,765.0,1000.0,459.0,1486.0
2018-06-23,Rolando Dy,Shane Young,242.0,111.0,1000.0,600.0,1180.0,898.0
2018-06-23,Donald Cerrone,Leon Edwards,515.0,300.0,525.0,125.0,600.0,1350.0
2018-06-23,Ovince Saint Preux,Tyson Pedro,360.0,375.0,350.0,250.0,650.0,600.0
2018-06-23,Jessica-Rose Clark,Jessica Eye,110.0,150.0,950.0,1000.0,1200.0,1400.0
2018-06-23,Li Jingliang,Daichi Abe,150.0,600.0,275.0,525.0,400.0,1800.0
2018-06-23,Teruto Ishihara,Petr Yan,860.0,-125.0,825.0,275.0,1950.0,725.0
2018-06-23,Shinsho Anzai,Jake Matthews,562.0,105.0,1375.0,500.0,1500.0,265.0
2018-06-23,Song Kenan,Hector Aldana,,426.0,,609.0,,1750.0
2018-06-23,Viviane Pereira,Yan Xiaonan,-116.0,,1650.0,,852.0,
2018-06-23,Matt Schnell,Naoki Inoue,250.0,249.0,950.0,735.0,675.0,220.0
2018-06-23,Jenel Lausa,Ulka Sasaki,323.0,425.0,1000.0,850.0,1710.0,-120.0
2018-06-23,Ji Yeon Kim,Melinda Fabian,115.0,246.0,1020.0,1450.0,535.0,701.0
2018-06-23,Felipe Arantes,Song Yadong,320.0,,590.0,,435.0,
2018-07-06,Jay Cucciniello,Brad Katona,485.0,135.0,781.0,590.0,650.0,300.0
2018-07-06,Alex Caceres,Martin Bravo,205.0,250.0,1015.0,655.0,440.0,470.0
2018-07-06,Brad Tavares,Israel Adesanya,305.0,400.0,324.0,170.0,745.0,2500.0
2018-07-06,Michael Trizano,Joe Giannetti,250.0,383.0,890.0,750.0,735.0,120.0
2018-07-06,Roxanne Modafferi,Barb Honchak,180.0,100.0,1665.0,1155.0,1455.0,775.0
2018-07-06,Gerald Meerschaert,Oskar Piechota,595.0,400.0,1235.0,175.0,380.0,375.0
2018-07-06,Montana De La Rosa,Rachael Ostovich,185.0,395.0,935.0,985.0,320.0,400.0
2018-07-06,Luis Pena,Richie Smullen,350.0,650.0,180.0,1100.0,250.0,870.0
2018-07-06,John Gunther,Allan Zuniga,285.0,317.0,320.0,550.0,425.0,530.0
2018-07-06,Tyler Diamond,Bryce Mitchell,245.0,290.0,500.0,865.0,820.0,270.0
2018-07-06,Matt Bessette,Steven Peterson,180.0,330.0,580.0,450.0,540.0,495.0
2018-07-06,Alessio Di Chirico,Julian Marquez,260.0,405.0,520.0,245.0,685.0,550.0
2018-07-07,Stipe Miocic,Daniel Cormier,215.0,363.0,155.0,617.0,2500.0,775.0
2018-07-07,Francis Ngannou,Derrick Lewis,635.0,1050.0,-165.0,390.0,725.0,2250.0
2018-07-07,Paul Felder,Mike Perry,287.0,370.0,252.0,258.0,700.0,1983.0
2018-07-07,Michael Chiesa,Anthony Pettis,247.0,327.0,792.0,665.0,235.0,635.0
2018-07-07,Gokhan Saki,Khalil Rountree Jr.,727.0,,102.0,,3200.0,
2018-07-07,Raphael Assuncao,Rob Font,115.0,260.0,1010.0,460.0,775.0,1445.0
2018-07-07,Lando Vannata,Drakkar Klose,150.0,244.0,303.0,915.0,850.0,1530.0
2018-07-07,Curtis Millender,Max Griffin,175.0,300.0,280.0,500.0,1400.0,1250.0
2018-07-07,Dan Hooker,Gilbert Burns,410.0,400.0,175.0,560.0,1950.0,340.0
2018-07-07,Jamie Moyle,Emily Whitmire,118.0,236.0,1250.0,1525.0,431.0,1045.0
2018-07-07,Uriah Hall,Paulo Costa,750.0,460.0,410.0,-155.0,1700.0,1387.0
2018-07-14,Myles Jury,Chad Mendes,280.0,180.0,425.0,420.0,700.0,865.0
2018-07-14,Junior Dos Santos,Blagoy Ivanov,382.0,675.0,129.0,270.0,2200.0,810.0
2018-07-14,Sage Northcutt,Zak Ottow,200.0,315.0,415.0,641.0,1050.0,450.0
2018-07-14,Dennis Bermudez,Rick Glenn,-125.0,270.0,1025.0,700.0,1145.0,1200.0
2018-07-14,Randy Brown,Niko Price,215.0,375.0,415.0,446.0,539.0,465.0
2018-07-14,Cat Zingano,Marion Reneau,160.0,217.0,805.0,600.0,1030.0,520.0
2018-07-14,Mark De La Rosa,Elias Garcia,375.0,335.0,655.0,325.0,420.0,415.0
2018-07-14,Darren Elkins,Alexander Volkanovski,405.0,100.0,835.0,335.0,930.0,1015.0
2018-07-14,Justin Scoggins,Said Nurmagomedov,195.0,157.0,635.0,712.0,1035.0,675.0
2018-07-14,Kurt Holobaugh,Raoni Barcelos,362.0,330.0,240.0,650.0,430.0,630.0
2018-07-14,Liz Carmouche,Jennifer Maia,150.0,140.0,750.0,1285.0,1020.0,1455.0
2018-07-14,Jessica Aguilar,Jodie Esquibel,165.0,-110.0,1465.0,795.0,1315.0,1265.0
2018-07-14,Eddie Wineland,Alejandro Perez,317.0,160.0,400.0,450.0,1600.0,570.0
2018-07-22,Danny Roberts,David Zawada,262.0,600.0,195.0,375.0,524.0,1135.0
2018-07-22,Mauricio Rua,Anthony Smith,700.0,426.0,245.0,115.0,1150.0,1000.0
2018-07-22,Glover Teixeira,Corey Anderson,400.0,240.0,205.0,395.0,550.0,1700.0
2018-07-22,Vitor Miranda,Abu Azaitar,550.0,140.0,410.0,365.0,1070.0,925.0
2018-07-22,Marcin Tybura,Stefan Struve,200.0,700.0,225.0,425.0,650.0,725.0
2018-07-22,Nasrat Haqparast,Marc Diakiese,345.0,271.0,365.0,215.0,1650.0,940.0
2018-07-22,Damian Stasiak,Liu Pingyuan,400.0,,940.0,,205.0,
2018-07-22,Emil Meek,Bartosz Fabinski,240.0,180.0,275.0,1145.0,750.0,1275.0
2018-07-22,Khalid Taha,Nad Narimani,440.0,325.0,550.0,430.0,1120.0,160.0
2018-07-22,Justin Ledet,Aleksandar Rakic,184.0,310.0,585.0,255.0,794.0,1500.0
2018-07-22,Davey Grant,Manny Bermudez,580.0,371.0,650.0,925.0,955.0,-130.0
2018-07-22,Jeremy Kimball,Darko Stosic,575.0,522.0,400.0,-105.0,1600.0,515.0
2018-07-22,Nick Hein,Damir Hadzovic,106.0,345.0,1125.0,385.0,850.0,1205.0
2018-07-28,Eddie Alvarez,Dustin Poirier,585.0,515.0,335.0,115.0,1025.0,850.0
2018-07-28,Jose Aldo,Jeremy Stephens,140.0,250.0,825.0,230.0,1205.0,2050.0
2018-07-28,Joanna Jedrzejczyk,Tecia Torres,-165.0,402.0,475.0,1315.0,1735.0,925.0
2018-07-28,Alexander Hernandez,Olivier Aubin-Mercier,265.0,293.0,310.0,1280.0,945.0,290.0
2018-07-28,Jordan Mein,Alex Morono,185.0,250.0,450.0,725.0,750.0,545.0
2018-07-28,Hakeem Dawodu,Austin Arnett,275.0,650.0,-125.0,1445.0,1150.0,995.0
2018-07-28,Kajan Johnson,Islam Makhachev,775.0,-105.0,1225.0,265.0,1855.0,425.0
2018-07-28,Gadzhimurad Antigulov,Ion Cutelaba,470.0,505.0,1065.0,165.0,250.0,1500.0
2018-07-28,John Makdessi,Ross Pearson,-115.0,315.0,412.0,770.0,2100.0,1435.0
2018-07-28,Alexis Davis,Katlyn Chookagian,185.0,-105.0,1330.0,800.0,1150.0,1200.0
2018-07-28,Dustin Ortiz,Matheus Nicolau,235.0,102.0,1250.0,625.0,1440.0,605.0
2018-07-28,Randa Markos,Nina Ansaroff,205.0,,1425.0,,625.0,
2018-07-28,Devin Powell,Alvaro Herrera,450.0,257.0,855.0,350.0,240.0,820.0
2018-08-04,TJ Dillashaw,Cody Garbrandt,315.0,445.0,220.0,220.0,770.0,2450.0
2018-08-04,Demetrious Johnson,Henry Cejudo,215.0,715.0,300.0,800.0,180.0,1845.0
2018-08-04,Cub Swanson,Renato Moicano,410.0,-155.0,680.0,785.0,1875.0,575.0
2018-08-04,Polyana Viana,JJ Aldrich,249.0,205.0,750.0,750.0,250.0,1265.0
2018-08-04,Thiago Santos,Kevin Holland,640.0,735.0,-180.0,520.0,1500.0,1345.0
2018-08-04,Pedro Munhoz,Brett Johns,180.0,265.0,850.0,1000.0,200.0,1175.0
2018-08-04,Ricky Simon,Montel Jackson,280.0,285.0,680.0,325.0,460.0,610.0
2018-08-04,Ricardo Ramos,Kyung Ho Kang,190.0,445.0,365.0,1445.0,275.0,650.0
2018-08-04,Matt Sayles,Sheymon Moraes,275.0,336.0,250.0,335.0,925.0,1240.0
2018-08-04,Alex Perez,Jose Torres,140.0,333.0,1350.0,475.0,465.0,735.0
2018-08-04,Danielle Taylor,Weili Zhang,400.0,130.0,1030.0,280.0,1425.0,789.0
2018-08-04,Marlon Vera,Wuliji Buren,175.0,551.0,411.0,1855.0,175.0,1300.0
2018-08-25,Justin Gaethje,James Vick,640.0,450.0,173.0,250.0,2850.0,325.0
2018-08-25,Michael Johnson,Andre Fili,271.0,178.0,275.0,620.0,2450.0,489.0
2018-08-25,Cortney Casey,Angela Hill,172.0,-105.0,1650.0,1360.0,585.0,2500.0
2018-08-25,Jake Ellenberger,Bryan Barberena,517.0,440.0,1250.0,-126.0,1615.0,500.0
2018-08-25,John Moraga,Deiveson Figueiredo,216.0,145.0,1105.0,545.0,1160.0,611.0
2018-08-25,Eryk Anders,Tim Williams,345.0,1700.0,-210.0,1675.0,1050.0,1615.0
2018-08-25,Cory Sandhagen,Iuri Alcantara,225.0,440.0,160.0,840.0,1400.0,545.0
2018-08-25,Andrew Sanchez,Markus Perez,135.0,420.0,815.0,660.0,925.0,330.0
2018-08-25,Mickey Gall,George Sullivan,490.0,485.0,525.0,615.0,-130.0,2400.0
2018-08-25,Joanne Calderwood,Kalindra Faria,-135.0,315.0,985.0,1280.0,1750.0,620.0
2018-08-25,Drew Dober,Jon Tuck,-120.0,444.0,444.0,1200.0,1700.0,457.0
2018-08-25,Rani Yahya,Luke Sanders,457.0,225.0,2000.0,385.0,154.0,2100.0
2018-08-25,James Krause,Warlley Alves,415.0,180.0,1265.0,350.0,1550.0,320.0
2018-09-08,Abdul Razak Alhassan,Niko Price,670.0,635.0,135.0,330.0,1900.0,350.0
2018-09-08,Tyron Woodley,Darren Till,285.0,295.0,350.0,185.0,865.0,2800.0
2018-09-08,Jessica Andrade,Karolina Kowalkiewicz,-135.0,560.0,777.0,1340.0,360.0,2250.0
2018-09-08,Zabit Magomedsharipov,Brandon Davis,165.0,1600.0,350.0,1885.0,130.0,2400.0
2018-09-08,Jimmie Rivera,John Dodson,100.0,250.0,1075.0,485.0,1245.0,1445.0
2018-09-08,Carla Esparza,Tatiana Suarez,399.0,108.0,2335.0,550.0,2500.0,220.0
2018-09-08,Roberto Sanchez,Jarred Brooks,400.0,164.0,855.0,350.0,545.0,365.0
2018-09-08,Geoff Neal,Frank Camacho,278.0,420.0,178.0,485.0,650.0,1135.0
2018-09-08,Charles Byrd,Darren Stewart,495.0,850.0,422.0,240.0,160.0,1650.0
2018-09-08,Diego Sanchez,Craig White,400.0,572.0,855.0,118.0,545.0,550.0
2018-09-08,Jim Miller,Alex White,252.0,572.0,1245.0,118.0,685.0,550.0
2018-09-08,Irene Aldana,Lucie Pudilova,170.0,140.0,565.0,1075.0,1060.0,1450.0
2018-09-08,Aljamain Sterling,Cody Stamann,108.0,217.0,708.0,1130.0,745.0,1570.0
2018-09-15,Mark Hunt,Aleksei Oleinik,1094.0,950.0,111.0,875.0,2800.0,165.0
2018-09-15,Jan Blachowicz,Nikita Krylov,300.0,365.0,675.0,168.0,634.0,650.0
2018-09-15,Andrei Arlovski,Shamil Abdurakhimov,200.0,205.0,605.0,258.0,1900.0,1250.0
2018-09-15,Aleksei Kunchenko,Thiago Alves,210.0,1100.0,-105.0,637.0,875.0,1800.0
2018-09-15,Khalid Murtazaliev,CB Dollaway,525.0,275.0,109.0,798.0,1175.0,775.0
2018-09-15,Petr Yan,Jin Soo Son,260.0,1350.0,-175.0,1760.0,1200.0,1900.0
2018-09-15,Rustam Khabilov,Kajan Johnson,-145.0,1100.0,385.0,1450.0,419.0,1495.0
2018-09-15,Mairbek Taisumov,Desmond Green,213.0,589.0,-107.0,1325.0,925.0,1785.0
2018-09-15,Magomed Ankalaev,Marcin Prachnio,278.0,1100.0,-128.0,764.0,850.0,1700.0
2018-09-15,Adam Yandiev,Jordan Johnson,600.0,1100.0,575.0,1450.0,701.0,1495.0
2018-09-15,Ramazan Emeev,Stefan Sekulic,139.0,1200.0,294.0,900.0,275.0,1780.0
2018-09-15,Merab Dvalishvili,Terrion Ware,-172.0,726.0,485.0,1105.0,569.0,1900.0
2018-09-22,Thiago Santos,Eryk Anders,700.0,800.0,-110.0,180.0,900.0,2500.0
2018-09-22,Alex Oliveira,Carlo Pedersoli,225.0,,190.0,,180.0,
2018-09-22,Sam Alvey,Rogerio Nogueira,240.0,350.0,-150.0,1000.0,2500.0,1200.0
2018-09-22,Renan Barao,Andre Ewell,225.0,450.0,800.0,350.0,200.0,850.0
2018-09-22,Charles Oliveira,Christos Giagos,225.0,750.0,190.0,800.0,180.0,1200.0
2018-09-22,Francisco Trinaldo,Evan Dunham,180.0,200.0,200.0,800.0,600.0,1500.0
2018-09-22,Livinha Souza,Alex Chambers,251.0,1200.0,525.0,3200.0,-165.0,2900.0
2018-09-22,Augusto Sakai,Chase Sherman,325.0,400.0,110.0,450.0,900.0,1600.0
2018-09-22,Sergio Moraes,Ben Saunders,196.0,625.0,330.0,453.0,250.0,1325.0
2018-09-22,Mayra Bueno Silva,Gillian Robertson,,350.0,,850.0,,170.0
2018-09-22,Thales Leites,Hector Lombard,150.0,400.0,700.0,170.0,600.0,2000.0
2018-09-22,Elizeu Zaleski dos Santos,Luigi Vendramini,700.0,,-110.0,,900.0,
2018-09-22,Luis Henrique,Ryan Spann,350.0,600.0,450.0,150.0,400.0,450.0
2018-10-06,Khabib Nurmagomedov,Conor McGregor,350.0,1000.0,325.0,200.0,275.0,2000.0
2018-10-06,Derrick Lewis,Alexander Volkov,750.0,145.0,175.0,250.0,2500.0,1200.0
2018-10-06,Tony Ferguson,Anthony Pettis,160.0,450.0,400.0,600.0,175.0,750.0
2018-10-06,Ovince Saint Preux,Dominick Reyes,700.0,600.0,450.0,-120.0,500.0,600.0
2018-10-06,Michelle Waterson,Felice Herrig,125.0,125.0,1400.0,1200.0,800.0,600.0
2018-10-06,Gray Maynard,Nik Lentz,250.0,100.0,1400.0,400.0,1600.0,500.0
2018-10-06,Vicente Luque,Jalin Turner,475.0,875.0,150.0,1550.0,140.0,1750.0
2018-10-06,Aspen Ladd,Tonya Evinger,155.0,240.0,375.0,850.0,750.0,690.0
2018-10-06,Scott Holtzman,Alan Patrick,300.0,-150.0,900.0,800.0,1100.0,600.0
2018-10-06,Lina Lansberg,Yana Kunitskaya,225.0,120.0,900.0,450.0,1200.0,500.0
2018-10-06,Ryan LaFlare,Anthony Rocco Martin,,200.0,,600.0,,700.0
2018-10-06,Sergio Pettis,Jussier Formiga,450.0,300.0,600.0,1200.0,750.0,350.0
2018-10-27,Michael Johnson,Artem Lobov,-140.0,800.0,180.0,1000.0,1500.0,1800.0
2018-10-27,Misha Cirkunov,Patrick Cummins,500.0,425.0,160.0,850.0,175.0,1800.0
2018-10-27,Andre Soukhamthath,Jonathan Martinez,150.0,215.0,300.0,850.0,1000.0,600.0
2018-10-27,Gian Villante,Ed Herman,225.0,700.0,110.0,475.0,1450.0,650.0
2018-10-27,Alex Garcia,Court McGee,110.0,210.0,300.0,1200.0,1000.0,1600.0
2018-10-27,Volkan Oezdemir,Anthony Smith,1400.0,800.0,-160.0,180.0,1800.0,850.0
2018-10-27,Thibault Gouti,Nasrat Haqparast,1475.0,328.0,1100.0,-215.0,1900.0,950.0
2018-10-27,Calvin Kattar,Chris Fishgold,106.0,479.0,310.0,1445.0,1145.0,485.0
2018-10-27,Sarah Moras,Talita Bernardo,175.0,195.0,500.0,2300.0,450.0,690.0
2018-10-27,Te Edwards,Don Madge,565.0,600.0,-190.0,950.0,1200.0,1325.0
2018-10-27,Arjan Bhullar,Marcelo Golm,240.0,425.0,315.0,340.0,650.0,870.0
2018-10-27,Stevie Ray,Jessin Ayari,145.0,175.0,364.0,1260.0,1042.0,1800.0
2018-10-27,Nordine Taleb,Sean Strickland,165.0,137.0,485.0,1300.0,1645.0,1120.0
2018-11-03,Daniel Cormier,Derrick Lewis,1040.0,2000.0,125.0,375.0,150.0,3300.0
2018-11-03,Chris Weidman,Jacare Souza,175.0,450.0,175.0,500.0,2000.0,450.0
2018-11-03,David Branch,Jared Cannonier,125.0,550.0,350.0,550.0,275.0,2500.0
2018-11-03,Karl Roberson,Jack Marshman,350.0,500.0,190.0,550.0,225.0,1250.0
2018-11-03,Derek Brunson,Israel Adesanya,500.0,225.0,625.0,-110.0,1400.0,1000.0
2018-11-03,Jason Knight,Jordan Rinaldi,275.0,350.0,175.0,1200.0,300.0,1000.0
2018-11-03,Julio Arce,Sheymon Moraes,-140.0,350.0,900.0,950.0,350.0,1400.0
2018-11-03,Lyman Good,Ben Saunders,400.0,1000.0,-250.0,1400.0,800.0,1200.0
2018-11-03,Shane Burgos,Kurt Holobaugh,160.0,750.0,130.0,550.0,900.0,1000.0
2018-11-03,Adam Wieczorek,Marcos Rogerio de Lima,425.0,,750.0,,100.0,
2018-11-03,Sijara Eubanks,Roxanne Modafferi,-220.0,700.0,450.0,1600.0,550.0,1300.0
2018-11-10,Chan Sung Jung,Yair Rodriguez,500.0,460.0,370.0,240.0,375.0,1000.0
2018-11-10,Donald Cerrone,Mike Perry,325.0,400.0,550.0,-120.0,650.0,3300.0
2018-11-10,Maycee Barber,Hannah Cifers,125.0,550.0,325.0,900.0,250.0,1600.0
2018-11-10,Beneil Dariush,Thiago Moises,165.0,450.0,420.0,370.0,650.0,600.0
2018-11-10,Michael Trizano,Luis Pena,230.0,325.0,1000.0,550.0,700.0,150.0
2018-11-10,Raquel Pennington,Germaine de Randamie,225.0,105.0,1800.0,275.0,700.0,2200.0
2018-11-10,Chas Skelly,Bobby Moffett,249.0,175.0,850.0,649.0,431.0,625.0
2018-11-10,Davi Ramos,John Gunther,610.0,942.0,485.0,2400.0,-280.0,3425.0
2018-11-10,Devonte Smith,Julian Erosa,485.0,425.0,-145.0,649.0,1545.0,825.0
2018-11-10,Joseph Morales,Eric Shelton,316.0,120.0,527.0,850.0,525.0,1115.0
2018-11-10,Mark De La Rosa,Joby Sanchez,225.0,320.0,900.0,800.0,180.0,1355.0
2018-11-10,Ashley Yoder,Amanda Cooper,189.0,175.0,1600.0,927.0,260.0,1500.0
2018-11-17,Neil Magny,Santiago Ponzinibbio,450.0,450.0,800.0,-140.0,750.0,1000.0
2018-11-17,Ricardo Lamas,Darren Elkins,170.0,225.0,350.0,1000.0,550.0,1400.0
2018-11-17,Khalil Rountree Jr.,Johnny Walker,,600.0,,325.0,,650.0
2018-11-17,Cezar Ferreira,Ian Heinisch,325.0,550.0,700.0,250.0,150.0,2000.0
2018-11-17,Guido Cannetti,Marlon Vera,350.0,300.0,800.0,300.0,1600.0,175.0
2018-11-17,Cynthia Calvillo,Poliana Botelho,350.0,200.0,1400.0,225.0,250.0,1400.0
2018-11-17,Michel Prazeres,Bartosz Fabinski,172.0,165.0,884.0,1030.0,510.0,1400.0
2018-11-17,Alexandre Pantoja,Ulka Sasaki,155.0,474.0,514.0,1775.0,245.0,575.0
2018-11-17,Humberto Bandenay,Austin Arnett,309.0,750.0,200.0,525.0,320.0,590.0
2018-11-17,Laureano Staropoli,Hector Aldana,447.0,525.0,220.0,190.0,1050.0,905.0
2018-11-17,Devin Powell,Jesus Pinedo,705.0,200.0,850.0,225.0,365.0,635.0
2018-11-17,Nad Narimani,Anderson Dos Santos,116.0,920.0,552.0,1020.0,265.0,725.0
2018-11-24,Curtis Blaydes,Francis Ngannou,450.0,1600.0,-110.0,210.0,1000.0,1600.0
2018-11-24,Alistair Overeem,Sergei Pavlovich,375.0,500.0,300.0,110.0,1000.0,1600.0
2018-11-24,Song Yadong,Vince Morales,,650.0,,850.0,,2000.0
2018-11-24,Li Jingliang,David Zawada,125.0,400.0,335.0,600.0,750.0,625.0
2018-11-24,Song Kenan,Alex Morono,,233.0,,765.0,,520.0
2018-11-24,Liu Pingyuan,Martin Day,,320.0,,569.0,,1185.0
2018-11-24,Hu Yaozong,Rashad Coulter,600.0,680.0,155.0,145.0,1225.0,1300.0
2018-11-24,Weili Zhang,Jessica Aguilar,-180.0,509.0,370.0,2975.0,865.0,1750.0
2018-11-24,Yan Xiaonan,Syuri Kondo,,500.0,,1200.0,,1750.0
2018-11-24,Kevin Holland,John Phillips,335.0,1150.0,200.0,625.0,135.0,1833.0
2018-11-24,Su Mudaerji,Louis Smolka,,660.0,,540.0,,-110.0
2018-11-24,Wu Yanan,Lauren Mueller,,-172.0,,450.0,,850.0
2018-11-30,Pannie Kianzad,Macy Chiasson,-105.0,249.0,1655.0,425.0,1300.0,860.0
2018-11-30,Pedro Munhoz,Bryan Caraway,100.0,329.0,625.0,2020.0,325.0,1275.0
2018-11-30,Darren Stewart,Edmen Shahbazyan,570.0,650.0,180.0,179.0,1075.0,525.0
2018-11-30,Ji Yeon Kim,Antonina Shevchenko,305.0,-170.0,1875.0,600.0,1160.0,1050.0
2018-11-30,Rick Glenn,Kevin Aguilar,155.0,176.0,484.0,658.0,1208.0,1185.0
2018-11-30,Julija Stoliarenko,Leah Letson,465.0,180.0,1220.0,250.0,425.0,584.0
2018-11-30,Maurice Greene,Michel Batista,709.0,370.0,105.0,401.0,665.0,850.0
2018-11-30,Roosevelt Roberts,Darrell Horcher,214.0,630.0,249.0,675.0,290.0,1145.0
2018-11-30,Tim Means,Ricky Rainey,179.0,499.0,135.0,1025.0,1018.0,1250.0
2018-11-30,Raoni Barcelos,Chris Gutierrez,215.0,700.0,115.0,1245.0,470.0,1670.0
2018-11-30,Joseph Benavidez,Alex Perez,195.0,204.0,1100.0,325.0,1015.0,869.0
2018-11-30,Juan Espino,Justin Frazier,450.0,800.0,350.0,220.0,240.0,1260.0
2018-11-30,Rafael Dos Anjos,Kamaru Usman,600.0,-136.0,705.0,350.0,751.0,1050.0
2018-12-01,Mizuto Hirota,Christos Giagos,448.0,-142.0,1345.0,451.0,1555.0,710.0
2018-12-01,Alex Gorgees,Damir Ismagulov,655.0,244.0,1380.0,121.0,1545.0,450.0
2018-12-01,Junior Dos Santos,Tai Tuivasa,275.0,950.0,175.0,180.0,1000.0,1800.0
2018-12-01,Mauricio Rua,Tyson Pedro,800.0,450.0,650.0,130.0,1200.0,225.0
2018-12-01,Jake Matthews,Anthony Rocco Martin,240.0,165.0,650.0,750.0,450.0,1000.0
2018-12-01,Suman Mokhtarian,Sodiq Yusuff,700.0,275.0,1600.0,-190.0,800.0,1200.0
2018-12-01,Mark Hunt,Justin Willis,700.0,260.0,145.0,250.0,1600.0,1000.0
2018-12-01,Yushin Okami,Aleksei Kunchenko,365.0,185.0,1415.0,145.0,1450.0,1400.0
2018-12-01,Wilson Reis,Ben Nguyen,300.0,171.0,1325.0,320.0,360.0,1000.0
2018-12-01,Keita Nakamura,Salim Touahri,166.0,202.0,1075.0,971.0,300.0,1980.0
2018-12-01,Elias Garcia,Kai Kara-France,650.0,,1110.0,,770.0,
2018-12-01,Jimmy Crute,Paul Craig,375.0,675.0,100.0,1200.0,800.0,450.0
2018-12-08,Jimi Manuwa,Thiago Santos,800.0,600.0,180.0,-125.0,2500.0,2200.0
2018-12-08,Max Holloway,Brian Ortega,175.0,350.0,350.0,400.0,1600.0,200.0
2018-12-08,Valentina Shevchenko,Joanna Jedrzejczyk,100.0,350.0,400.0,1200.0,400.0,2200.0
2018-12-08,Alex Oliveira,Gunnar Nelson,450.0,550.0,240.0,600.0,1200.0,140.0
2018-12-08,Claudia Gadelha,Nina Ansaroff,-155.0,,1040.0,,425.0,
2018-12-08,Hakeem Dawodu,Kyle Bochniak,140.0,225.0,275.0,900.0,1400.0,1200.0
2018-12-08,Katlyn Chookagian,Jessica Eye,-135.0,243.0,1350.0,1270.0,720.0,1458.0
2018-12-08,Elias Theodorou,Eryk Anders,135.0,230.0,796.0,425.0,1100.0,1700.0
2018-12-08,Devin Clark,Aleksandar Rakic,574.0,237.0,1700.0,-130.0,2390.0,619.0
2018-12-08,Brad Katona,Matthew Lopez,181.0,230.0,506.0,1250.0,400.0,825.0
2018-12-08,Chad Laprise,Dhiego Lima,230.0,500.0,-105.0,1050.0,1167.0,1397.0
2018-12-08,Diego Ferreira,Kyle Nelson,275.0,550.0,250.0,600.0,160.0,140.0
2018-12-08,Olivier Aubin-Mercier,Gilbert Burns,118.0,390.0,1100.0,525.0,920.0,395.0
2018-12-15,Kevin Lee,Al Iaquinta,300.0,700.0,400.0,500.0,130.0,1200.0
2018-12-15,Edson Barboza,Dan Hooker,250.0,360.0,350.0,250.0,1400.0,600.0
2018-12-15,Rob Font,Sergio Pettis,200.0,200.0,240.0,1200.0,850.0,1400.0
2018-12-15,Jim Miller,Charles Oliveira,750.0,450.0,750.0,650.0,700.0,-125.0
2018-12-15,Zak Ottow,Dwight Grant,440.0,400.0,1175.0,-110.0,875.0,900.0
2018-12-15,Jared Gordon,Joaquim Silva,185.0,315.0,565.0,285.0,715.0,1185.0
2018-12-15,Gerald Meerschaert,Jack Hermansson,660.0,250.0,580.0,180.0,240.0,840.0
2018-12-15,Trevor Smith,Zak Cummings,400.0,160.0,1445.0,325.0,1390.0,310.0
2018-12-15,Dan Ige,Jordan Griffin,265.0,400.0,420.0,610.0,250.0,585.0
2018-12-15,Adam Milstead,Mike Rodriguez,275.0,500.0,260.0,245.0,1105.0,850.0
2018-12-15,Chris de la Rocha,Juan Adams,1265.0,715.0,580.0,-210.0,1450.0,800.0
2018-12-15,Bobby Green,Drakkar Klose,310.0,-140.0,1260.0,450.0,1625.0,1515.0
2018-12-29,Chad Mendes,Alexander Volkanovski,225.0,275.0,275.0,450.0,800.0,1000.0
2018-12-29,Jon Jones,Alexander Gustafsson,294.0,500.0,225.0,600.0,284.0,1600.0
2018-12-29,Cris Cyborg,Amanda Nunes,,450.0,,600.0,,800.0
2018-12-29,Ilir Latifi,Corey Anderson,350.0,160.0,180.0,800.0,700.0,1600.0
2018-12-29,Cat Zingano,Megan Anderson,150.0,160.0,450.0,800.0,600.0,1600.0
2018-12-29,Carlos Condit,Michael Chiesa,450.0,225.0,350.0,1000.0,600.0,250.0
2018-12-29,BJ Penn,Ryan Hall,700.0,-125.0,800.0,700.0,1000.0,300.0
2018-12-29,Nathaniel Wood,Andre Ewell,200.0,300.0,350.0,450.0,550.0,600.0
2018-12-29,Brian Kelleher,Montel Jackson,275.0,150.0,800.0,350.0,600.0,1000.0
2018-12-29,Uriah Hall,Bevon Lewis,-125.0,250.0,700.0,225.0,300.0,1600.0
2018-12-29,Curtis Millender,Siyar Bahadurzada,200.0,400.0,300.0,400.0,1000.0,550.0
2018-12-29,Douglas Silva de Andrade,Petr Yan,400.0,110.0,750.0,200.0,2000.0,800.0
2019-01-19,Henry Cejudo,TJ Dillashaw,275.0,185.0,450.0,180.0,1600.0,1040.0
2019-01-19,Greg Hardy,Allen Crowder,800.0,1100.0,-400.0,600.0,800.0,1600.0
2019-01-19,Gregor Gillespie,Yancy Medeiros,200.0,1000.0,200.0,800.0,210.0,800.0
2019-01-19,Joseph Benavidez,Dustin Ortiz,-125.0,275.0,600.0,950.0,550.0,1600.0
2019-01-19,Paige VanZant,Rachael Ostovich,,200.0,,1200.0,,700.0
2019-01-19,Glover Teixeira,Karl Roberson,504.0,525.0,425.0,220.0,267.0,900.0
2019-01-19,Joanne Calderwood,Ariane Lipski,260.0,150.0,750.0,400.0,1200.0,400.0
2019-01-19,Alonzo Menifield,Vinicius Moreira,600.0,1025.0,-150.0,1250.0,1400.0,345.0
2019-01-19,Cory Sandhagen,Mario Bautista,250.0,725.0,-111.0,1645.0,650.0,1050.0
2019-01-19,Dennis Bermudez,Te Edwards,250.0,400.0,550.0,180.0,550.0,1200.0
2019-01-19,Belal Muhammad,Geoff Neal,300.0,250.0,700.0,130.0,800.0,1400.0
2019-01-19,Kyle Stewart,Chance Rencountre,170.0,280.0,375.0,942.0,684.0,500.0
2019-01-19,Alexander Hernandez,Donald Cerrone,320.0,555.0,150.0,579.0,800.0,470.0
2019-02-02,Raphael Assuncao,Marlon Moraes,240.0,160.0,750.0,275.0,1200.0,1400.0
2019-02-02,Jose Aldo,Renato Moicano,250.0,175.0,500.0,400.0,1000.0,600.0
2019-02-02,Demian Maia,Lyman Good,275.0,450.0,1400.0,275.0,150.0,2800.0
2019-02-02,Charles Oliveira,David Teymur,525.0,294.0,1290.0,295.0,135.0,2300.0
2019-02-02,Johnny Walker,Justin Ledet,250.0,400.0,170.0,500.0,1000.0,800.0
2019-02-02,Livinha Souza,Sarah Frota,225.0,600.0,800.0,450.0,180.0,450.0
2019-02-02,Mara Romero Borella,Taila Santos,345.0,116.0,1400.0,455.0,424.0,1431.0
2019-02-02,Thiago Alves,Max Griffin,306.0,145.0,613.0,250.0,1700.0,1650.0
2019-02-02,Junior Albini,Jairzinho Rozenstruik,565.0,424.0,220.0,273.0,350.0,2400.0
2019-02-02,Geraldo de Freitas,Felipe Colares,255.0,273.0,521.0,450.0,385.0,743.0
2019-02-02,Ricardo Ramos,Said Nurmagomedov,175.0,178.0,592.0,1775.0,420.0,1050.0
2019-02-02,Magomed Bibulatov,Rogerio Bontorin,-150.0,525.0,400.0,1475.0,542.0,698.0
2019-02-02,Markus Perez,Anthony Hernandez,455.0,293.0,750.0,250.0,370.0,557.0
2019-02-09,Israel Adesanya,Anderson Silva,175.0,750.0,-175.0,550.0,1200.0,600.0
2019-02-09,Lando Vannata,Marcos Mariano,430.0,,127.0,,250.0,
2019-02-09,Rani Yahya,Ricky Simon,450.0,150.0,2200.0,600.0,165.0,1200.0
2019-02-09,Montana De La Rosa,Nadia Kassem,525.0,250.0,1150.0,1000.0,2665.0,1400.0
2019-02-09,Jimmy Crute,Sam Alvey,164.0,519.0,421.0,248.0,880.0,1500.0
2019-02-09,Devonte Smith,Dong Hyun Ma,420.0,450.0,-147.0,700.0,1375.0,920.0
2019-02-09,Kai Kara-France,Raulian Paiva,149.0,317.0,254.0,1400.0,975.0,1055.0
2019-02-09,Teruto Ishihara,Kyung Ho Kang,700.0,183.0,475.0,570.0,2320.0,175.0
2019-02-09,Callan Potter,Jalin Turner,435.0,882.0,1275.0,-140.0,480.0,1125.0
2019-02-09,Wuliji Buren,Jonathan Martinez,205.0,190.0,775.0,600.0,901.0,522.0
2019-02-09,Shane Young,Austin Arnett,128.0,335.0,375.0,2060.0,420.0,1700.0
2019-02-17,Alex Caceres,Kron Gracie,350.0,503.0,714.0,1300.0,2025.0,-175.0
2019-02-17,Francis Ngannou,Cain Velasquez,1460.0,475.0,160.0,160.0,1525.0,500.0
2019-02-17,James Vick,Paul Felder,169.0,400.0,550.0,199.0,650.0,1625.0
2019-02-17,Cortney Casey,Cynthia Calvillo,412.0,125.0,1490.0,1375.0,1415.0,173.0
2019-02-17,Vicente Luque,Bryan Barberena,162.0,705.0,265.0,753.0,275.0,1800.0
2019-02-17,Benito Lopez,Manny Bermudez,454.0,514.0,381.0,1100.0,1450.0,-110.0
2019-02-17,Jimmie Rivera,Aljamain Sterling,115.0,220.0,550.0,850.0,1350.0,650.0
2019-02-17,Alexandra Albu,Emily Whitmire,210.0,145.0,640.0,1430.0,425.0,660.0
2019-02-17,Ashlee Evans-Smith,Andrea Lee,223.0,169.0,1100.0,750.0,1403.0,245.0
2019-02-17,Scott Holtzman,Nik Lentz,105.0,225.0,500.0,1250.0,1419.0,740.0
2019-02-17,Renan Barao,Luke Sanders,432.0,175.0,485.0,335.0,475.0,700.0
2019-02-17,Andre Fili,Myles Jury,175.0,163.0,1080.0,585.0,1545.0,535.0
2019-02-23,Jan Blachowicz,Thiago Santos,710.0,735.0,710.0,119.0,205.0,1850.0
2019-02-23,Stefan Struve,Marcos Rogerio de Lima,750.0,300.0,450.0,265.0,175.0,1500.0
2019-02-23,Gian Villante,Michal Oleksiejczuk,350.0,141.0,485.0,285.0,1950.0,1375.0
2019-02-23,Liz Carmouche,Lucie Pudilova,128.0,175.0,825.0,870.0,625.0,1315.0
2019-02-23,John Dodson,Petr Yan,325.0,-125.0,1040.0,430.0,2500.0,1800.0
2019-02-23,Magomed Ankalaev,Klidson Abreu,350.0,,145.0,,595.0,
2019-02-23,Dwight Grant,Carlo Pedersoli,352.0,,320.0,,1575.0,
2019-02-23,Daniel Teymur,Chris Fishgold,509.0,395.0,410.0,650.0,1450.0,-105.0
2019-02-23,Veronica Macedo,Gillian Robertson,300.0,420.0,925.0,1150.0,650.0,110.0
2019-02-23,Damir Hadzovic,Polo Reyes,325.0,391.0,185.0,275.0,779.0,950.0
2019-02-23,Michel Prazeres,Ismail Naurdiev,226.0,705.0,535.0,790.0,105.0,2015.0
2019-02-23,Rustam Khabilov,Diego Ferreira,157.0,289.0,550.0,525.0,711.0,590.0
2019-02-23,Damir Ismagulov,Joel Alvarez,148.0,850.0,210.0,1455.0,650.0,460.0
2019-03-02,Jon Jones,Anthony Smith,700.0,1600.0,-130.0,800.0,220.0,1600.0
2019-03-02,Tyron Woodley,Kamaru Usman,300.0,225.0,200.0,500.0,750.0,1600.0
2019-03-02,Robbie Lawler,Ben Askren,650.0,-150.0,375.0,900.0,2000.0,650.0
2019-03-02,Tecia Torres,Weili Zhang,125.0,150.0,1400.0,550.0,1600.0,600.0
2019-03-02,Cody Garbrandt,Pedro Munhoz,280.0,450.0,160.0,500.0,2000.0,375.0
2019-03-02,Jeremy Stephens,Zabit Magomedsharipov,700.0,150.0,350.0,600.0,1400.0,200.0
2019-03-02,Misha Cirkunov,Johnny Walker,700.0,700.0,650.0,-130.0,250.0,1400.0
2019-03-02,Cody Stamann,Alejandro Perez,-155.0,325.0,1000.0,700.0,1200.0,900.0
2019-03-02,Diego Sanchez,Mickey Gall,200.0,325.0,800.0,250.0,1400.0,225.0
2019-03-02,Edmen Shahbazyan,Charles Byrd,320.0,415.0,250.0,800.0,525.0,380.0
2019-03-02,Gina Mazany,Macy Chiasson,510.0,225.0,1695.0,250.0,2800.0,175.0
2019-03-02,Polyana Viana,Hannah Cifers,220.0,450.0,815.0,640.0,155.0,1820.0
2019-03-09,Derrick Lewis,Junior Dos Santos,1000.0,300.0,180.0,125.0,2500.0,800.0
2019-03-09,Elizeu Zaleski dos Santos,Curtis Millender,300.0,180.0,125.0,350.0,800.0,1400.0
2019-03-09,Tim Means,Niko Price,250.0,650.0,150.0,600.0,700.0,450.0
2019-03-09,Blagoy Ivanov,Ben Rothwell,260.0,330.0,300.0,375.0,1000.0,500.0
2019-03-09,Beneil Dariush,Drew Dober,175.0,275.0,550.0,450.0,200.0,1800.0
2019-03-09,Tim Boetsch,Omari Akhmedov,600.0,225.0,200.0,220.0,1200.0,650.0
2019-03-09,Anthony Rocco Martin,Sergio Moraes,160.0,460.0,230.0,2000.0,1200.0,350.0
2019-03-09,Marion Reneau,Yana Kunitskaya,360.0,-115.0,1275.0,650.0,420.0,1400.0
2019-03-09,Grant Dawson,Julian Erosa,320.0,500.0,235.0,375.0,310.0,1100.0
2019-03-09,Maurice Greene,Jeff Hughes,600.0,120.0,675.0,255.0,535.0,1535.0
2019-03-09,Louis Smolka,Matt Schnell,315.0,200.0,525.0,625.0,355.0,735.0
2019-03-09,Alex Morono,Zak Ottow,140.0,235.0,385.0,1450.0,575.0,1100.0
2019-03-09,Alex White,Dan Moret,240.0,415.0,280.0,750.0,925.0,350.0
2019-03-16,Darren Till,Jorge Masvidal,150.0,450.0,175.0,500.0,1600.0,1000.0
2019-03-16,Leon Edwards,Gunnar Nelson,135.0,500.0,550.0,1200.0,1400.0,175.0
2019-03-16,Volkan Oezdemir,Dominick Reyes,550.0,375.0,400.0,150.0,1600.0,400.0
2019-03-16,Nathaniel Wood,Jose Quinonez,200.0,375.0,175.0,1600.0,400.0,1200.0
2019-03-16,Danny Roberts,Claudio Silva,300.0,500.0,350.0,800.0,1600.0,125.0
2019-03-16,Mike Grundy,Nad Narimani,245.0,130.0,1250.0,865.0,485.0,900.0
2019-03-16,Arnold Allen,Jordan Rinaldi,185.0,190.0,625.0,1950.0,425.0,625.0
2019-03-16,Marc Diakiese,Joe Duffy,385.0,215.0,350.0,400.0,1550.0,250.0
2019-03-16,Nicolae Negumereanu,Saparbeg Safarov,580.0,600.0,160.0,295.0,300.0,725.0
2019-03-16,Danny Henry,Dan Ige,245.0,150.0,800.0,590.0,700.0,350.0
2019-03-16,Molly McCann,Priscila Cachoeira,165.0,382.0,280.0,535.0,870.0,757.0
2019-03-16,Jack Marshman,John Phillips,300.0,600.0,400.0,200.0,400.0,1200.0
2019-03-23,Stephen Thompson,Anthony Pettis,145.0,800.0,110.0,800.0,2000.0,800.0
2019-03-23,Curtis Blaydes,Justin Willis,180.0,600.0,150.0,400.0,900.0,1800.0
2019-03-23,John Makdessi,Jesus Pinedo,110.0,450.0,190.0,800.0,2000.0,1000.0
2019-03-23,Jussier Formiga,Deiveson Figueiredo,275.0,300.0,1200.0,180.0,250.0,1200.0
2019-03-23,Luis Pena,Steven Peterson,170.0,400.0,650.0,800.0,190.0,1000.0
2019-03-23,Maycee Barber,JJ Aldrich,160.0,325.0,250.0,1600.0,375.0,1200.0
2019-03-23,Bryce Mitchell,Bobby Moffett,251.0,281.0,758.0,1030.0,575.0,225.0
2019-03-23,Marlon Vera,Frankie Saenz,234.0,175.0,402.0,1940.0,410.0,1565.0
2019-03-23,Alexis Davis,Jennifer Maia,155.0,159.0,1550.0,1282.0,435.0,1500.0
2019-03-23,Randa Markos,Angela Hill,228.0,-125.0,933.0,1250.0,800.0,2300.0
2019-03-23,Ryan MacDonald,Chris Gutierrez,,299.0,,170.0,,400.0
2019-03-23,Eric Shelton,Jordan Espinosa,134.0,255.0,970.0,615.0,796.0,525.0
2019-03-30,Edson Barboza,Justin Gaethje,600.0,900.0,120.0,125.0,1600.0,1400.0
2019-03-30,David Branch,Jack Hermansson,315.0,400.0,600.0,180.0,475.0,700.0
2019-03-30,Josh Emmett,Michael Johnson,250.0,225.0,550.0,250.0,650.0,2500.0
2019-03-30,Karolina Kowalkiewicz,Michelle Waterson,-110.0,225.0,1200.0,1600.0,1000.0,500.0
2019-03-30,Kennedy Nzechukwu,Paul Craig,425.0,650.0,110.0,1200.0,1600.0,250.0
2019-03-30,Sodiq Yusuff,Sheymon Moraes,225.0,350.0,250.0,400.0,1400.0,700.0
2019-03-30,Sabina Mazo,Maryna Moroz,100.0,175.0,507.0,1900.0,1450.0,941.0
2019-03-30,Ross Pearson,Desmond Green,566.0,-185.0,950.0,485.0,1915.0,1400.0
2019-03-30,Enrique Barzola,Kevin Aguilar,109.0,385.0,1040.0,2065.0,1250.0,1125.0
2019-03-30,Kevin Holland,Gerald Meerschaert,220.0,600.0,311.0,1365.0,450.0,320.0
2019-03-30,Ray Borg,Casey Kenney,125.0,323.0,975.0,1095.0,265.0,1450.0
2019-03-30,Alex Perez,Mark De La Rosa,137.0,475.0,380.0,1950.0,337.0,962.0
2019-03-30,Marina Rodriguez,Jessica Aguilar,-145.0,385.0,575.0,2065.0,739.0,1125.0
2019-04-13,Ovince Saint Preux,Nikita Krylov,600.0,450.0,450.0,250.0,200.0,550.0
2019-04-13,Max Holloway,Dustin Poirier,250.0,600.0,110.0,375.0,1000.0,800.0
2019-04-13,Kelvin Gastelum,Israel Adesanya,700.0,160.0,325.0,250.0,600.0,1400.0
2019-04-13,Eryk Anders,Khalil Rountree Jr.,225.0,,200.0,,500.0,
2019-04-13,Alan Jouban,Dwight Grant,200.0,400.0,325.0,125.0,1200.0,1600.0
2019-04-13,Jalin Turner,Matt Frevola,500.0,450.0,120.0,500.0,1200.0,325.0
2019-04-13,Lauren Mueller,Poliana Botelho,205.0,215.0,1500.0,245.0,927.0,1015.0
2019-04-13,Max Griffin,Zelim Imadaev,250.0,400.0,300.0,180.0,1200.0,1200.0
2019-04-13,Boston Salmon,Khalid Taha,160.0,250.0,400.0,600.0,1000.0,700.0
2019-04-13,Curtis Millender,Belal Muhammad,380.0,141.0,300.0,1135.0,2625.0,375.0
2019-04-13,Montel Jackson,Andre Soukhamthath,115.0,839.0,325.0,1025.0,290.0,2450.0
2019-04-13,Brandon Davis,Randy Costa,207.0,725.0,255.0,295.0,775.0,925.0
2019-04-13,Wilson Reis,Alexandre Pantoja,170.0,160.0,1600.0,450.0,1000.0,450.0
2019-04-20,Alistair Overeem,Aleksei Oleinik,900.0,1200.0,-175.0,500.0,1400.0,500.0
2019-04-20,Islam Makhachev,Arman Tsarukyan,150.0,450.0,473.0,710.0,250.0,1565.0
2019-04-20,Sergei Pavlovich,Marcelo Golm,284.0,465.0,102.0,575.0,1850.0,1185.0
2019-04-20,Roxanne Modafferi,Antonina Shevchenko,547.0,-135.0,750.0,470.0,625.0,1340.0
2019-04-20,Krzysztof Jotko,Alen Amedovski,222.0,750.0,400.0,245.0,345.0,1400.0
2019-04-20,Movsar Evloev,Seungwoo Choi,190.0,775.0,236.0,525.0,225.0,1360.0
2019-04-20,Sultan Aliev,Keita Nakamura,142.0,241.0,950.0,645.0,1350.0,364.0
2019-04-20,Alexander Yakovlev,Alex Da Silva,190.0,484.0,425.0,434.0,560.0,450.0
2019-04-20,Marcin Tybura,Shamil Abdurakhimov,195.0,170.0,345.0,880.0,614.0,1425.0
2019-04-20,Gadzhimurad Antigulov,Michal Oleksiejczuk,800.0,592.0,850.0,-122.0,300.0,1125.0
2019-04-20,Magomed Mustafaev,Rafael Fiziev,475.0,382.0,384.0,200.0,600.0,840.0
2019-04-27,Jacare Souza,Jack Hermansson,1000.0,700.0,250.0,300.0,125.0,1400.0
2019-04-27,Greg Hardy,Dmitrii Smoliakov,1000.0,1000.0,-250.0,600.0,2200.0,650.0
2019-04-27,Alex Oliveira,Mike Perry,400.0,500.0,350.0,250.0,180.0,1800.0
2019-04-27,Glover Teixeira,Ion Cutelaba,400.0,700.0,700.0,160.0,200.0,2000.0
2019-04-27,John Lineker,Cory Sandhagen,250.0,300.0,175.0,700.0,1400.0,400.0
2019-04-27,Roosevelt Roberts,Thomas Gifford,300.0,700.0,350.0,1200.0,-110.0,800.0
2019-04-27,Court McGee,Dhiego Lima,110.0,250.0,400.0,600.0,900.0,1200.0
2019-04-27,Andrei Arlovski,Augusto Sakai,175.0,225.0,700.0,200.0,1400.0,1200.0
2019-04-27,Carla Esparza,Virna Jandiroba,140.0,150.0,700.0,1800.0,900.0,500.0
2019-04-27,Gilbert Burns,Mike Davis,400.0,500.0,400.0,400.0,150.0,2000.0
2019-04-27,Jim Miller,Jason Gonzalez,300.0,500.0,700.0,225.0,200.0,700.0
2019-04-27,Angela Hill,Jodie Esquibel,-325.0,700.0,700.0,1400.0,1200.0,1200.0
2019-04-27,Ben Saunders,Takashi Sato,500.0,600.0,600.0,-160.0,500.0,1600.0
2019-05-04,Al Iaquinta,Donald Cerrone,350.0,400.0,200.0,350.0,1200.0,360.0
2019-05-04,Derek Brunson,Elias Theodorou,300.0,120.0,270.0,700.0,1400.0,1600.0
2019-05-04,Cub Swanson,Shane Burgos,250.0,250.0,500.0,350.0,1200.0,450.0
2019-05-04,Brad Katona,Merab Dvalishvili,225.0,110.0,800.0,600.0,700.0,800.0
2019-05-04,Walt Harris,Serghei Spivac,425.0,,105.0,,1400.0,
2019-05-04,Macy Chiasson,Sarah Moras,230.0,1500.0,166.0,1200.0,250.0,1100.0
2019-05-04,Aiemann Zahabi,Vince Morales,112.0,286.0,868.0,599.0,500.0,1350.0
2019-05-04,Kyle Nelson,Matt Sayles,328.0,192.0,552.0,205.0,2150.0,1150.0
2019-05-04,Arjan Bhullar,Juan Adams,175.0,385.0,600.0,150.0,1050.0,1800.0
2019-05-04,Mitch Gagnon,Cole Smith,215.0,221.0,1050.0,675.0,385.0,600.0
2019-05-04,Marc-Andre Barriault,Andrew Sanchez,325.0,140.0,425.0,450.0,1200.0,700.0
2019-05-04,Nordine Taleb,Kyle Prepolec,-110.0,494.0,283.0,880.0,1055.0,1850.0
2019-05-11,Jose Aldo,Alexander Volkanovski,190.0,350.0,300.0,275.0,900.0,1200.0
2019-05-11,Thiago Alves,Laureano Staropoli,150.0,300.0,600.0,300.0,1200.0,1000.0
2019-05-11,Rose Namajunas,Jessica Andrade,300.0,250.0,800.0,300.0,350.0,675.0
2019-05-11,Jared Cannonier,Anderson Silva,250.0,150.0,200.0,600.0,1400.0,1200.0
2019-05-11,Irene Aldana,Bethe Correia,-110.0,400.0,235.0,1200.0,1000.0,1600.0
2019-05-11,Raoni Barcelos,Carlos Huachin,328.0,,155.0,,165.0,
2019-05-11,Thiago Moises,Kurt Holobaugh,262.0,220.0,825.0,450.0,334.0,1200.0
2019-05-11,Warlley Alves,Sergio Moraes,150.0,285.0,600.0,1275.0,1200.0,387.0
2019-05-11,BJ Penn,Clay Guida,1000.0,200.0,2255.0,-115.0,1285.0,550.0
2019-05-11,Luana Carolina,Priscila Cachoeira,100.0,215.0,690.0,725.0,875.0,1400.0
2019-05-11,Talita Bernardo,Viviane Araujo,105.0,348.0,630.0,1275.0,350.0,1455.0
2019-05-11,Rogerio Nogueira,Ryan Spann,510.0,400.0,254.0,228.0,700.0,675.0
2019-05-18,Rafael Dos Anjos,Kevin Lee,250.0,200.0,300.0,550.0,600.0,700.0
2019-05-18,Antonio Carlos Junior,Ian Heinisch,350.0,400.0,1000.0,325.0,110.0,1800.0
2019-05-18,Megan Anderson,Felicia Spencer,225.0,500.0,160.0,800.0,700.0,450.0
2019-05-18,Vicente Luque,Derrick Krantz,463.0,1100.0,-210.0,2000.0,260.0,2550.0
2019-05-18,Charles Oliveira,Nik Lentz,450.0,475.0,600.0,800.0,-175.0,1200.0
2019-05-18,Davi Ramos,Austin Hubbard,325.0,500.0,500.0,1200.0,-200.0,1600.0
2019-05-18,Aspen Ladd,Sijara Eubanks,-110.0,310.0,306.0,1500.0,800.0,1300.0
2019-05-18,Desmond Green,Charles Jourdain,-195.0,1309.0,335.0,1350.0,975.0,1505.0
2019-05-18,Danny Roberts,Michel Pereira,245.0,460.0,150.0,467.0,1100.0,1263.0
2019-05-18,Michael Trizano,Grant Dawson,250.0,160.0,585.0,600.0,1100.0,451.0
2019-05-18,Patrick Cummins,Ed Herman,-120.0,760.0,475.0,430.0,755.0,895.0
2019-05-18,Zak Cummings,Trevin Giles,286.0,165.0,1293.0,302.0,615.0,950.0
2019-05-18,Julio Arce,Julian Erosa,166.0,950.0,310.0,1600.0,205.0,1755.0
2019-06-01,Alexander Gustafsson,Anthony Smith,175.0,1800.0,125.0,390.0,700.0,1200.0
2019-06-01,Jimi Manuwa,Aleksandar Rakic,800.0,325.0,225.0,-110.0,1800.0,1200.0
2019-06-01,Makwan Amirkhani,Chris Fishgold,225.0,325.0,500.0,900.0,475.0,300.0
2019-06-01,Damir Hadzovic,Christos Giagos,225.0,190.0,225.0,1000.0,700.0,1400.0
2019-06-01,Daniel Teymur,Sung Bin Jo,300.0,500.0,425.0,225.0,1000.0,325.0
2019-06-01,Joel Alvarez,Danilo Belluardo,488.0,169.0,925.0,525.0,217.0,1250.0
2019-06-01,Tonya Evinger,Lina Lansberg,-104.0,442.0,595.0,1300.0,310.0,1655.0
2019-06-01,Stevie Ray,Leonardo Santos,201.0,240.0,900.0,1050.0,1805.0,165.0
2019-06-01,Nick Hein,Frank Camacho,174.0,174.0,900.0,482.0,1275.0,825.0
2019-06-01,Bea Malecki,Duda Santana,229.0,218.0,342.0,550.0,815.0,1025.0
2019-06-01,Darko Stosic,Devin Clark,553.0,235.0,150.0,352.0,1300.0,1200.0
2019-06-01,Rostem Akman,Sergey Khandozhko,378.0,284.0,450.0,250.0,685.0,577.0
2019-06-08,Henry Cejudo,Marlon Moraes,250.0,450.0,450.0,180.0,800.0,650.0
2019-06-08,Valentina Shevchenko,Jessica Eye,105.0,1200.0,300.0,2000.0,215.0,2000.0
2019-06-08,Tony Ferguson,Donald Cerrone,300.0,375.0,275.0,350.0,500.0,850.0
2019-06-08,Jimmie Rivera,Petr Yan,400.0,125.0,1200.0,160.0,1800.0,1400.0
2019-06-08,Tai Tuivasa,Blagoy Ivanov,300.0,300.0,175.0,450.0,1400.0,600.0
2019-06-08,Tatiana Suarez,Nina Ansaroff,168.0,,330.0,,160.0,
2019-06-08,Karolina Kowalkiewicz,Alexa Grasso,135.0,158.0,999.0,1183.0,1500.0,750.0
2019-06-08,Ricardo Lamas,Calvin Kattar,317.0,155.0,590.0,331.0,571.0,1550.0
2019-06-08,Yan Xiaonan,Angela Hill,,190.0,,1265.0,,1300.0
2019-06-08,Bevon Lewis,Darren Stewart,185.0,625.0,251.0,220.0,925.0,1675.0
2019-06-08,Eddie Wineland,Grigorii Popov,160.0,370.0,421.0,410.0,675.0,1050.0
2019-06-08,Katlyn Chookagian,Joanne Calderwood,135.0,130.0,1200.0,1353.0,1195.0,625.0
2019-06-08,Aljamain Sterling,Pedro Munhoz,135.0,328.0,600.0,550.0,1278.0,489.0
2019-06-22,Renato Moicano,Chan Sung Jung,200.0,800.0,300.0,275.0,450.0,1200.0
2019-06-22,Bryan Barberena,Randy Brown,200.0,400.0,165.0,900.0,650.0,1000.0
2019-06-22,Andre Ewell,Anderson Dos Santos,275.0,300.0,325.0,800.0,1000.0,300.0
2019-06-22,Andrea Lee,Montana De La Rosa,-125.0,400.0,800.0,1600.0,900.0,400.0
2019-06-22,Kevin Holland,Alessio Di Chirico,200.0,250.0,350.0,1200.0,300.0,1400.0
2019-06-22,Dan Ige,Kevin Aguilar,285.0,138.0,1010.0,380.0,520.0,2300.0
2019-06-22,Ashley Yoder,Syuri Kondo,130.0,143.0,1600.0,1195.0,559.0,2200.0
2019-06-22,Matt Wiman,Luis Pena,540.0,177.0,1208.0,315.0,1183.0,260.0
2019-06-22,Allen Crowder,Jairzinho Rozenstruik,400.0,698.0,643.0,-138.0,800.0,2250.0
2019-06-22,Ariane Lipski,Molly McCann,110.0,317.0,475.0,1425.0,429.0,1705.0
2019-06-22,Deron Winn,Eric Spicely,334.0,485.0,-115.0,1500.0,1467.0,601.0
2019-06-29,Francis Ngannou,Junior Dos Santos,900.0,600.0,-180.0,300.0,2000.0,1400.0
2019-06-29,Jussier Formiga,Joseph Benavidez,175.0,150.0,1400.0,350.0,750.0,1200.0
2019-06-29,Demian Maia,Rocco Martin,250.0,225.0,1600.0,1000.0,125.0,2000.0
2019-06-29,Roosevelt Roberts,Vinc Pichel,150.0,325.0,600.0,800.0,250.0,1400.0
2019-06-29,Drew Dober,Marco Polo Reyes,250.0,500.0,150.0,700.0,450.0,1600.0
2019-06-29,Alonzo Menifield,Paul Craig,450.0,900.0,-175.0,800.0,1200.0,500.0
2019-06-29,Ricardo Ramos,Journey Newson,115.0,540.0,415.0,760.0,350.0,1550.0
2019-06-29,Eryk Anders,Vinicius Moreira,275.0,650.0,-120.0,1215.0,1400.0,500.0
2019-06-29,Jared Gordon,Dan Moret,150.0,450.0,225.0,1150.0,435.0,1270.0
2019-06-29,Dalcha Lungiambula,Dequan Townsend,320.0,1100.0,-110.0,495.0,800.0,1155.0
2019-06-29,Emily Whitmire,Amanda Ribas,155.0,310.0,1250.0,1050.0,340.0,550.0
2019-06-29,Maurice Greene,Junior Albini,275.0,425.0,325.0,240.0,500.0,925.0
2019-07-06,Jon Jones,Thiago Santos,450.0,2500.0,125.0,500.0,200.0,2500.0
2019-07-06,Amanda Nunes,Holly Holm,275.0,800.0,100.0,500.0,550.0,2500.0
2019-07-06,Jorge Masvidal,Ben Askren,450.0,125.0,300.0,1000.0,1400.0,550.0
2019-07-06,Jan Blachowicz,Luke Rockhold,450.0,349.0,450.0,236.0,1000.0,280.0
2019-07-06,Diego Sanchez,Michael Chiesa,400.0,200.0,1000.0,200.0,1400.0,275.0
2019-07-06,Gilbert Melendez,Arnold Allen,380.0,-123.0,1318.0,375.0,1250.0,850.0
2019-07-06,Marlon Vera,Nohelin Hernandez,365.0,500.0,165.0,1050.0,205.0,2000.0
2019-07-06,Caludia Gadelha,Randa Markos,-130.0,235.0,960.0,1900.0,475.0,1350.0
2019-07-06,Alejandro Perez,Song Yadong,235.0,,775.0,,1655.0,
2019-07-06,Edmen Shahbazyan,Jack Marshman,180.0,850.0,130.0,650.0,365.0,2100.0
2019-07-06,Ismail Naurdiev,Chance Rencountre,120.0,640.0,175.0,1675.0,725.0,1250.0
2019-07-06,Julia Avila,Pannie Kianzad,165.0,230.0,250.0,1525.0,850.0,1400.0
2019-07-13,Germaine De Randamie,Aspen Ladd,450.0,350.0,250.0,150.0,1600.0,450.0
2019-07-13,Urijah Faber,Ricky Simon,500.0,-150.0,1200.0,350.0,700.0,1200.0
2019-07-13,Josh Emmett,Mirsad Bektic,400.0,175.0,300.0,300.0,1200.0,1000.0
2019-07-13,Karl Roberson,Wellington Turman,300.0,700.0,120.0,700.0,900.0,400.0
2019-07-13,Marvin Vettori,Cezar Ferreira,190.0,250.0,350.0,800.0,750.0,600.0
2019-07-13,Benito Lopez,Vince Morales,185.0,220.0,625.0,400.0,859.0,915.0
2019-07-13,Julianna Pena,Nicco Montano,115.0,259.0,667.0,1472.0,440.0,925.0
2019-07-13,Darren Elkins,Ryan Hall,179.0,510.0,439.0,1500.0,1250.0,160.0
2019-07-13,Liu Pingyuan,Jonathan Martinez,135.0,274.0,540.0,845.0,760.0,977.0
2019-07-13,Livinha Souza,Brianna Van Buren,199.0,156.0,899.0,800.0,475.0,954.0
2019-07-13,Andre Fili,Sheymon Moraes,156.0,210.0,650.0,500.0,746.0,1100.0
2019-07-20,Aleksei Oleinik,Walt Harris,850.0,690.0,1315.0,-135.0,190.0,2000.0
2019-07-20,Greg Hardy,Juan Adams,650.0,460.0,130.0,185.0,2400.0,1400.0
2019-07-20,James Vick,Dan Hooker,220.0,400.0,545.0,205.0,750.0,645.0
2019-07-20,Alexander Hernandez,Francisco Trinaldo,175.0,340.0,250.0,550.0,700.0,1565.0
2019-07-20,Andrei Arlovski,Ben Rothwell,265.0,235.0,620.0,175.0,1460.0,650.0
2019-07-20,Rafael Dos Anjos,Leon Edwards,205.0,185.0,800.0,360.0,755.0,1330.0
2019-07-20,Raquel Pennington,Irene Aldana,190.0,130.0,1400.0,650.0,725.0,760.0
2019-07-20,Sam Alvey,Klidson Abreu,350.0,250.0,350.0,420.0,1300.0,310.0
2019-07-20,Roxanne Modafferi,Jennifer Maia,180.0,120.0,1025.0,660.0,850.0,1425.0
2019-07-20,Ray Borg,Gabriel Silva,130.0,330.0,1635.0,700.0,375.0,635.0
2019-07-20,Mario Bautista,Jin Soo Son,225.0,185.0,1415.0,290.0,1015.0,855.0
2019-07-20,Domingo Pilarte,Felipe Colares,175.0,500.0,300.0,1170.0,265.0,1165.0
2019-07-20,Alex Caceres,Steven Peterson,179.0,195.0,642.0,853.0,645.0,510.0
2019-07-27,Max Holloway,Frankie Edgar,190.0,432.0,140.0,1160.0,1190.0,1900.0
2019-07-27,Cris Cyborg,Felicia Spencer,,1300.0,,1263.0,,542.0
2019-07-27,Geoff Neal,Niko Price,500.0,1200.0,-155.0,430.0,1250.0,1075.0
2019-07-27,Olivier Aubin-Mercier,Arman Tsarukyan,240.0,125.0,1345.0,475.0,675.0,850.0
2019-07-27,Marc-Andre Barriault,Krzystof Jotko,330.0,150.0,500.0,505.0,1422.0,650.0
2019-07-27,Alexis Davis,Viviane Araujo,219.0,177.0,1390.0,278.0,1400.0,750.0
2019-07-27,Gavin Tucker,Seungwoo Choi,185.0,240.0,692.0,328.0,1225.0,1275.0
2019-07-27,Alexandre Pantoja,Deiveson Figueiredo,147.0,258.0,780.0,385.0,705.0,1625.0
2019-07-27,Gillian Robertson,Sarah Frota,255.0,506.0,1415.0,410.0,230.0,464.0
2019-07-27,Erik Koch,Kyle Stewart,260.0,316.0,534.0,405.0,382.0,850.0
2019-07-27,Hakeem Dawodu,Yoshinori Horie,165.0,875.0,120.0,555.0,1800.0,1675.0
2019-08-03,Trevin Giles,Gerald Meerschaert,250.0,525.0,215.0,985.0,875.0,315.0
2019-08-03,Colby Covington,Robbie Lawler,115.0,700.0,475.0,295.0,434.0,2150.0
2019-08-03,Jim Miller,Clay Guida,240.0,165.0,750.0,1590.0,205.0,1700.0
2019-08-03,Joaquim Silva,Nasrat Haqparast,410.0,125.0,1050.0,220.0,1445.0,1150.0
2019-08-03,Darko Stosic,Kennedy Nzechukwu,415.0,325.0,213.0,255.0,1100.0,1500.0
2019-08-03,Scott Holtzman,Dong Hyun Ma,142.0,588.0,180.0,1180.0,725.0,1450.0
2019-08-03,Miranda Granger,Hannah Goldy,300.0,127.0,835.0,945.0,350.0,1278.0
2019-08-03,Antonina Shevchenko,Lucie Pudilova,115.0,163.0,612.0,1450.0,1200.0,1680.0
2019-08-03,Jordan Espinosa,Matt Schnell,162.0,326.0,500.0,663.0,677.0,475.0
2019-08-03,Lauren Murphy,Mara Romero Borella,230.0,-128.0,1150.0,779.0,1720.0,815.0
2019-08-03,Claudio Silva,Cole Williams,410.0,585.0,1050.0,1400.0,1445.0,2000.0
2019-08-03,Mickey Gall,Salim Touahri,660.0,223.0,975.0,316.0,179.0,1750.0
2019-08-10,Vincente Luque,Mike Perry,250.0,700.0,302.0,315.0,300.0,2400.0
2019-08-10,Luiz Garagorri,Humberto Bandenay,540.0,350.0,475.0,385.0,220.0,615.0
2019-08-10,Volkan Oezdemir,Ilir Latifi,320.0,385.0,145.0,560.0,2000.0,545.0
2019-08-10,Rodolfo Vieira,Oskar Piechota,1100.0,465.0,750.0,355.0,-125.0,2475.0
2019-08-10,Enrique Barzola,Bobby Moffett,100.0,265.0,800.0,1030.0,1600.0,460.0
2019-08-10,Valentina Shevchenko,Liz Carmouche,112.0,1217.0,277.0,1900.0,300.0,1745.0
2019-08-10,Ciryl Gane,Raphael Pessoa Nunes,670.0,,-260.0,,2200.0,
2019-08-10,Tecia Torres,Marina Rodriguez,-110.0,235.0,1350.0,860.0,690.0,1200.0
2019-08-10,Rogerio Bontorin,Raulian Paiva,190.0,160.0,710.0,750.0,525.0,675.0
2019-08-10,Geraldo de Freitas,Chris Gutierrez,210.0,215.0,900.0,650.0,325.0,1175.0
2019-08-10,Kazula Vargas,Alex Da Silva,600.0,190.0,681.0,270.0,1125.0,335.0
2019-08-10,Veronica Macedo,Polyana Viana,140.0,317.0,626.0,1055.0,715.0,435.0
2019-08-10,Gilbert Burns,Aleksei Kunchenko,350.0,195.0,725.0,275.0,345.0,2000.0
2019-08-17,Daniel Cormier,Stipe Miocic,430.0,485.0,175.0,190.0,600.0,3000.0
2019-08-17,Anthony Pettis,Nate Diaz,160.0,250.0,560.0,565.0,970.0,750.0
2019-08-17,Yoel Romero,Paulo Costa,375.0,410.0,150.0,225.0,1450.0,2600.0
2019-08-17,Gabriel Benitez,Sodiq Yusuff,540.0,211.0,750.0,138.0,664.0,2550.0
2019-08-17,Derek Brunson,Ian Heinisch,290.0,320.0,350.0,178.0,1600.0,1175.0
2019-08-17,Raphael Assuncao,Cory Sandhagen,320.0,-135.0,1400.0,508.0,975.0,900.0
2019-08-17,Christos Giagos,Drakkar Klose,257.0,100.0,775.0,594.0,1015.0,1050.0
2019-08-17,Manny Bermudez,Casey Kenney,579.0,235.0,1275.0,625.0,115.0,1240.0
2019-08-17,Hannah Cifers,Jodie Esquibel,-160.0,280.0,529.0,2500.0,1300.0,2090.0
2019-08-17,Kyung Ho Kang,Brandon Davis,165.0,279.0,942.0,900.0,240.0,1050.0
2019-08-17,Sabina Mazo,Shana Dobson,125.0,165.0,700.0,725.0,1200.0,1500.0
2019-08-17,Devonte Smith,Khama Worthy,585.0,1150.0,-365.0,1100.0,1425.0,1800.0
2019-08-31,Song Kenan,Derrick,313.0,,280.0,,1050.0,
2019-08-31,Jessica Andrade,Zhang Weili,256.0,,276.0,,425.0,
2019-08-31,Kai Kara-France,Mark De La Rosa,100.0,325.0,520.0,1300.0,900.0,685.0
2019-08-31,Wu Yanan,Mizuki Inoue,177.0,110.0,1150.0,1515.0,1403.0,470.0
2019-08-31,Li Jingliang,Elizeu Dos Santos,425.0,265.0,500.0,177.0,1428.0,400.0
2019-08-31,Su Mudaerji,Andre Soukhamthath,215.0,245.0,600.0,325.0,1350.0,475.0
2019-08-31,Da Un Jung,Khadis Ibragimov,520.0,250.0,380.0,275.0,1675.0,320.0
2019-08-31,Damir Ismagulov,Thiago Moises,105.0,310.0,600.0,1160.0,1008.0,900.0
2019-08-31,Karol Rosa,Lara Procopio,325.0,180.0,1300.0,1387.0,685.0,500.0
2019-08-31,Heili Alateng,Danaa Batgerel,360.0,260.0,270.0,320.0,1000.0,925.0
2019-08-31,Junyong Park,Anthony Hernandez,350.0,325.0,325.0,510.0,975.0,250.0
2019-09-07,Khabib Nurmagomedov,Dustin Poirier,165.0,1000.0,350.0,500.0,210.0,1600.0
2019-09-07,Edson Barboza,Paul Felder,180.0,300.0,300.0,330.0,1600.0,1400.0
2019-09-07,Islam Makhachev,Davi Ramos,-165.0,800.0,800.0,1200.0,900.0,600.0
2019-09-07,Curtis Blaydes,Shamil Abdurakhimov,180.0,1000.0,100.0,700.0,1200.0,1400.0
2019-09-07,Mairbek Taisumov,Diego Ferreira,200.0,600.0,120.0,650.0,1000.0,750.0
2019-09-07,Joanne Calderwood,Andrea Lee,220.0,-130.0,1215.0,800.0,950.0,850.0
2019-09-07,Ottman Azaitar,Teemu Packalen,345.0,500.0,100.0,800.0,1250.0,475.0
2019-09-07,Belal Muhammad,Takashi Sato,-175.0,800.0,600.0,600.0,765.0,1275.0
2019-09-07,Nordine Taleb,Muslim Salikhov,170.0,325.0,500.0,310.0,925.0,1370.0
2019-09-07,Omari Akhmedov,Zak Cummings,195.0,250.0,650.0,550.0,715.0,515.0
2019-09-07,Don Madge,Fares Ziam,335.0,350.0,250.0,600.0,325.0,715.0
2019-09-07,Liana Jojua,Sarah Moras,125.0,300.0,690.0,950.0,540.0,550.0
2019-09-14,Donald Cerrone,Justin Gaethje,700.0,1000.0,360.0,-135.0,700.0,1600.0
2019-09-14,Glover Teixeira,Nikita Krylov,1000.0,550.0,600.0,200.0,180.0,550.0
2019-09-14,Michel Pereira,Tristan Connelly,500.0,700.0,-210.0,1400.0,1000.0,1200.0
2019-09-14,Uriah Hall,Antonio Carlos Junior,700.0,320.0,380.0,800.0,2000.0,160.0
2019-09-14,Misha Cirkunov,Jimmy Crute,500.0,600.0,700.0,175.0,240.0,800.0
2019-09-14,Cole Smith,Miles Johns,240.0,170.0,650.0,484.0,705.0,730.0
2019-09-14,Brad Katona,Hunter Azure,155.0,180.0,1075.0,725.0,475.0,1795.0
2019-09-14,Chas Skelly,Jordan Griffin,410.0,300.0,1450.0,390.0,325.0,310.0
2019-09-14,Louis Smolka,Ryan MacDonald,215.0,,675.0,,165.0,
2019-09-14,Kyle Prepolec,Austin Hubbard,190.0,145.0,675.0,620.0,1150.0,705.0
2019-09-14,Marcin Tybura,Augusto Sakai,200.0,245.0,642.0,225.0,800.0,1500.0
2019-09-21,Carla Esparza,Alexa Grasso,170.0,120.0,1200.0,700.0,1200.0,1200.0
2019-09-21,Irene Aldana,Vanessa Melo,-110.0,800.0,320.0,1400.0,500.0,1600.0
2019-09-21,Martin Bravo,Steven Peterson,160.0,210.0,600.0,650.0,700.0,750.0
2019-09-21,Jose Quinonez,Carlos Huachin,145.0,300.0,600.0,385.0,575.0,850.0
2019-09-21,Marco Polo Reyes,Kyle Nelson,415.0,520.0,245.0,250.0,1075.0,450.0
2019-09-21,Sergio Pettis,Tyson Nam,-225.0,783.0,1150.0,485.0,1550.0,1300.0
2019-09-21,Vinicius Moreira,Paul Craig,420.0,365.0,575.0,540.0,260.0,285.0
2019-09-21,Sijara Eubanks,Bethe Correia,125.0,315.0,400.0,1485.0,470.0,2000.0
2019-09-21,Caludio Puelles,Marcos Mariano,429.0,565.0,420.0,550.0,-130.0,1480.0
2019-09-21,Ariane Carnelossi,Angela Hill,170.0,115.0,900.0,700.0,1720.0,1200.0
2019-09-28,Michal Oleksiejczuk,Ovince Saint Preux,340.0,1000.0,100.0,650.0,1200.0,500.0
2019-09-28,Mark Madsen,Danilo Belluardo,160.0,900.0,250.0,1600.0,260.0,2200.0
2019-09-28,Gunnar Nelson,Gilbert Burns,200.0,170.0,800.0,550.0,700.0,800.0
2019-09-28,Ion Cutelaba,Khalil Rountree Jr.,600.0,,180.0,,1200.0,
2019-09-28,Nicolas Dalby,Alex Oliveira,260.0,260.0,500.0,425.0,1000.0,380.0
2019-09-28,Jack Hermansson,Jared Cannonier,425.0,1000.0,280.0,340.0,190.0,2000.0
2019-09-28,Alessio Di Chirico,Makhmud Muradov,280.0,165.0,560.0,280.0,1015.0,1475.0
2019-09-28,Siyar Bahadurzada,Ismail Naurdiev,415.0,125.0,510.0,355.0,1355.0,1005.0
2019-09-28,Brandon Davis,Giga Chikadze,170.0,330.0,599.0,375.0,405.0,1065.0
2019-09-28,Macy Chiasson,Lina Lansberg,210.0,525.0,160.0,1315.0,335.0,1465.0
2019-09-28,Marc Diakiese,Lando Vannata,115.0,390.0,375.0,460.0,1825.0,680.0
2019-09-28,Alen Amedovski,John Phillips,246.0,800.0,325.0,170.0,565.0,1425.0
2019-09-28,Jack Shore,Nohelin Hernandez,210.0,435.0,450.0,470.0,245.0,1615.0
2019-10-05,Robert Whittaker,Israel Adesanya,315.0,300.0,230.0,240.0,1400.0,1500.0
2019-10-05,Al Iaquinta,Dan Hooker,245.0,170.0,850.0,425.0,1200.0,900.0
2019-10-05,Tai Tuivasa,Serghei Spivac,635.0,,-175.0,,1400.0,
2019-10-05,Luke Jumeau,Dhiego Lima,280.0,145.0,500.0,650.0,1200.0,600.0
2019-10-05,Justin Tafa,Yorgan De Castro,685.0,560.0,130.0,170.0,1800.0,1700.0
2019-10-05,Nadia Kassem,Ji Yeon Kim,215.0,-110.0,915.0,960.0,1265.0,750.0
2019-10-05,Callan Potter,Maki Pitolo,710.0,570.0,1375.0,-165.0,595.0,650.0
2019-10-05,Brad Riddell,Jamie Mullarkey,290.0,445.0,185.0,576.0,1065.0,505.0
2019-10-05,Megan Anderson,Zarah Fairn,230.0,,-105.0,,550.0,
2019-10-05,Khalid Taha,Bruno Silva,210.0,350.0,160.0,900.0,1075.0,934.0
2019-10-05,Jake Matthews,Rostem Akman,170.0,525.0,400.0,850.0,280.0,1800.0
2019-10-12,Cub Swanson,Kron Gracie,300.0,550.0,550.0,1200.0,1500.0,-115.0
2019-10-12,Niko Price,James Vick,1000.0,450.0,100.0,400.0,1200.0,600.0
2019-10-12,Mackenzie Dern,Amanda Ribas,360.0,320.0,1100.0,550.0,180.0,900.0
2019-10-12,Matt Frevola,Luis Pena,240.0,160.0,800.0,575.0,1200.0,400.0
2019-10-12,Eryk Anders,Gerald Meerschaert,280.0,550.0,220.0,1000.0,2100.0,205.0
2019-10-12,Ryan Spann,Devin Clark,690.0,300.0,145.0,470.0,500.0,1400.0
2019-10-12,Joanna Jedrzejczyk,Michelle Waterson,-135.0,400.0,340.0,1400.0,2500.0,1200.0
2019-10-12,Max Griffin,Alex Morono,135.0,260.0,485.0,600.0,2600.0,550.0
2019-10-12,Deiveson Figueiredo,Tim Elliott,240.0,205.0,245.0,1565.0,700.0,1050.0
2019-10-12,Marlon Vera,Andre Ewell,525.0,165.0,600.0,890.0,155.0,2200.0
2019-10-12,Miguel Baeza,Hector Aldana,230.0,420.0,180.0,510.0,750.0,1150.0
2019-10-12,Marvin Vettori,Andrew Sanchez,-135.0,460.0,305.0,1715.0,975.0,1500.0
2019-10-12,JJ Aldrich,Lauren Mueller,-120.0,210.0,925.0,1010.0,1150.0,1350.0
2019-10-12,Mike Davis,Thomas Gifford,245.0,520.0,120.0,1150.0,850.0,800.0
2019-10-18,Yair Rodriguez,Jeremy Stephens,145.0,280.0,560.0,225.0,1125.0,2750.0
2019-10-18,Dominick Reyes,Chris Weidman,650.0,475.0,-145.0,600.0,1650.0,420.0
2019-10-18,Joe Lauzon,Jonathan Pearce,625.0,382.0,650.0,-120.0,340.0,2320.0
2019-10-18,Maycee Barber,Gillian Robertson,410.0,440.0,175.0,1500.0,625.0,250.0
2019-10-18,Deron Winn,Darren Stewart,153.0,275.0,650.0,345.0,885.0,1055.0
2019-10-18,Molly McCann,Diana Belbita,-130.0,674.0,275.0,1550.0,375.0,1250.0
2019-10-18,Kyle Bochniak,Sean Woodson,165.0,175.0,750.0,485.0,950.0,1305.0
2019-10-18,Randy Costa,Boston Salmon,395.0,310.0,335.0,225.0,1050.0,750.0
2019-10-18,Court McGee,Sean Brady,230.0,100.0,1020.0,400.0,1150.0,850.0
2019-10-18,Brendan Allen,Kevin Holland,215.0,165.0,1150.0,500.0,950.0,555.0
2019-10-18,Daniel Spitz,Tanner Boser,345.0,145.0,430.0,400.0,825.0,2500.0
2019-10-18,Charles Rosa,Manny Bermudez,230.0,370.0,737.0,1100.0,800.0,150.0
2019-10-26,Demian Maia,Ben Askren,650.0,130.0,800.0,500.0,340.0,700.0
2019-10-26,Ciryl Gane,Don'tale Mayes,500.0,800.0,-120.0,450.0,550.0,2000.0
2019-10-26,Frank Camacho,Beneil Dariush,550.0,230.0,290.0,600.0,1600.0,260.0
2019-10-26,Muslim Salikhov,Laureano Staropoli,405.0,240.0,140.0,800.0,1200.0,1000.0
2019-10-26,Michael Johnson,Stevie Ray,140.0,340.0,200.0,1200.0,1800.0,1600.0
2019-10-26,Alex White,Rafael Fiziev,300.0,350.0,605.0,125.0,1365.0,1800.0
2019-10-26,Randa Markos,Ashley Yoder,125.0,175.0,1800.0,1400.0,825.0,602.0
2019-10-26,Raphael Pessoa Nunes,Jeff Hughes,,215.0,,175.0,,800.0
2019-10-26,Maurice Greene,Sergei Pavlovich,500.0,400.0,490.0,-110.0,885.0,1700.0
2019-10-26,Loma Lookboonmee,Alexandra Albu,130.0,230.0,775.0,1050.0,800.0,585.0
2019-10-26,Enrique Barzola,Movsar Evloev,230.0,-115.0,1250.0,1050.0,1533.0,720.0
2019-11-02,Jorge Masvidal,Nate Diaz,215.0,260.0,240.0,850.0,1200.0,500.0
2019-11-02,Kelvin Gastelum,Darren Till,250.0,450.0,190.0,450.0,550.0,3300.0
2019-11-02,Stephen Thompson,Vicente Luque,135.0,340.0,600.0,340.0,2500.0,600.0
2019-11-02,Kevin Lee,Gregor Gillespie,430.0,150.0,800.0,550.0,575.0,575.0
2019-11-02,Corey Anderson,Johnny Walker,225.0,800.0,700.0,-110.0,1200.0,2000.0
2019-11-02,Derrick Lewis,Blagoy Ivanov,450.0,190.0,145.0,550.0,2500.0,900.0
2019-11-02,Brad Tavares,Edmen Shahbazyan,195.0,230.0,750.0,280.0,1475.0,1000.0
2019-11-02,Andrei Arlovski,Jairzinho Rozenstruik,245.0,535.0,685.0,105.0,940.0,3000.0
2019-11-02,Katlyn Chookagian,Jennifer Maia,-120.0,165.0,1550.0,1200.0,1240.0,1150.0
2019-11-02,Lyman Good,Chance Rencountre,160.0,210.0,460.0,1075.0,1700.0,470.0
2019-11-02,Julio Arce,Hakeem Dawodu,230.0,140.0,830.0,485.0,450.0,2475.0
2019-11-02,Shane Burgos,Makwan Amirkhani,160.0,280.0,300.0,1300.0,585.0,1075.0
2019-11-09,Ramazan Emeev,Rocco Martin,150.0,230.0,700.0,800.0,900.0,550.0
2019-11-09,Zabit Magomedsharipov,Calvin Kattar,-120.0,575.0,800.0,425.0,400.0,1600.0
2019-11-09,Alekander Volkov,Greg Hardy,290.0,850.0,140.0,380.0,450.0,3500.0
2019-11-09,Zelim Imadaev,Danny Roberts,450.0,360.0,-105.0,600.0,1000.0,1400.0
2019-11-09,Khadis Ibragimov,Ed Herman,475.0,600.0,235.0,400.0,250.0,425.0
2019-11-09,Magomed Ankalaev,Dalcha Lungiambula,190.0,900.0,175.0,490.0,465.0,2500.0
2019-11-09,Roman Kopylov,Karl Roberson,310.0,295.0,300.0,404.0,500.0,875.0
2019-11-09,Rustam Khabilov,Sergey Khandozhko,-110.0,335.0,500.0,820.0,650.0,1450.0
2019-11-09,Abubakar Nurmagomedov,David Zawada,-135.0,515.0,780.0,1000.0,625.0,665.0
2019-11-09,Alexander Yakovlev,Roosevelt Roberts,170.0,360.0,1565.0,600.0,900.0,1400.0
2019-11-09,Jessica-Rose Clark,Pannie Kianzad,135.0,130.0,1300.0,1230.0,1120.0,1400.0
2019-11-09,Grigorii Popov,Davey Grant,185.0,275.0,350.0,1200.0,587.0,535.0
2019-11-09,Shamil Gamzatov,Klidson Abreu,130.0,345.0,500.0,1050.0,750.0,400.0
2019-11-16,Jan Blachowicz,Jacare Souza,320.0,600.0,160.0,475.0,725.0,445.0
2019-11-16,Charles Oliveira,Jared Gordon,500.0,500.0,450.0,900.0,-140.0,2200.0
2019-11-16,Antonio Arroyo,Andre Muniz,400.0,360.0,310.0,900.0,650.0,200.0
2019-11-16,Markus Perez,Wellington Turman,210.0,160.0,700.0,1000.0,450.0,1000.0
2019-11-16,Sergio Moraes,James Krause,315.0,180.0,1900.0,215.0,475.0,1900.0
2019-11-16,Warlley Alves,Randy Brown,240.0,244.0,513.0,410.0,465.0,2050.0
2019-11-16,Francisco Trinaldo,Bobby Green,130.0,210.0,525.0,550.0,1465.0,1800.0
2019-11-16,Douglas Silva de Andrade,Renan Barao,200.0,315.0,155.0,1350.0,1600.0,1300.0
2019-11-16,Ariane Lipski,Isabela De Pauda,-103.0,,400.0,,650.0,
2019-11-16,Vanessa Melo,Tracy Cortez,270.0,-125.0,1265.0,1250.0,1300.0,600.0
2019-11-16,Ricardo Ramos,Eduardo Garagorri,140.0,470.0,550.0,715.0,230.0,2300.0
2019-12-07,Stefan Struve,Ben Rothwell,350.0,260.0,600.0,260.0,450.0,650.0
2019-12-07,Bryce Mitchell,Matt Sayles,250.0,180.0,1175.0,375.0,440.0,850.0
2019-12-07,Aspen Ladd,Yana Kunitskaya,200.0,215.0,360.0,800.0,500.0,1300.0
2019-12-07,Alistair Overeem,Jairzinho Rozenstruik,800.0,1400.0,230.0,120.0,500.0,2800.0
2019-12-07,Rob Font,Ricky Simon,190.0,165.0,360.0,900.0,900.0,1000.0
2019-12-07,Mallory Martin,Virna Jandiroba,330.0,-105.0,1325.0,950.0,1575.0,275.0
2019-12-07,Billy Quarantillo,Jacob Kilburn,190.0,565.0,175.0,590.0,525.0,1350.0
2019-12-07,Makhmud Muradov,Trevor Smith,130.0,575.0,160.0,1150.0,1150.0,1330.0
2019-12-07,Thiago Alves,Tim Means,415.0,165.0,725.0,150.0,1400.0,1422.0
2019-12-07,Joe Solecki,Matt Wiman,130.0,450.0,700.0,1280.0,175.0,1250.0
2019-12-14,Punahele Soriano,Oskar Piechota,360.0,423.0,317.0,400.0,550.0,410.0
2019-12-14,Kamaru Usman,Colby Covington,105.0,270.0,450.0,700.0,1000.0,1100.0
2019-12-14,Max Holloway,Alexander Volkanovski,135.0,260.0,350.0,450.0,1000.0,1400.0
2019-12-14,Amanda Nunes,Germaine de Randamie,360.0,600.0,-120.0,450.0,312.0,2000.0
2019-12-14,Peter Yan,Urijah Faber,175.0,650.0,105.0,900.0,1500.0,1000.0
2019-12-14,Geoff Neal,Mike Perry,155.0,600.0,250.0,355.0,475.0,2600.0
2019-12-14,Marlon Moraes,Jose Aldo,250.0,400.0,160.0,500.0,700.0,1000.0
2019-12-14,Ian Heinisch,Omari Akhmedov,168.0,168.0,350.0,765.0,850.0,1100.0
2019-12-14,Matt Brown,Ben Saunders,509.0,1250.0,-160.0,575.0,1200.0,715.0
2019-12-14,Chase Hooper,Daniel Teymur,510.0,260.0,850.0,350.0,172.0,950.0
2019-12-14,Brandon Moreno,Kai Kara France,325.0,120.0,1250.0,475.0,410.0,1800.0
2019-12-14,Jessica Eye,Viviane Araujo,230.0,-105.0,1250.0,425.0,1483.0,800.0
2019-12-14,Ketlen Vieira,Irene Aldana,-110.0,230.0,1250.0,950.0,515.0,1670.0
2019-12-21,Da Un Jung,Mike Rodriguez,250.0,310.0,160.0,265.0,800.0,935.0
2019-12-21,Frankie Edgar,Chan Sung Jung,260.0,250.0,700.0,160.0,1200.0,800.0
2019-12-21,Volkan Oezdemir,Aleksandar Rakic,425.0,285.0,280.0,200.0,1600.0,1200.0
2019-12-21,Dooho Choi,Charles Jourdain,160.0,550.0,165.0,650.0,1100.0,900.0
2019-12-21,Kyung Ho Kang,Liu Pingyuan,165.0,320.0,950.0,960.0,235.0,1660.0
2019-12-21, Jun Yong Park,Marc-Andre Barriault,155.0,185.0,750.0,480.0,1905.0,700.0
2019-12-21,Seungwoo Choi,Suman Mokhtarian,160.0,475.0,165.0,1195.0,1100.0,700.0
2019-12-21,Heili Alateng,Ryan Benoit,160.0,280.0,780.0,275.0,1300.0,1350.0
2019-12-21,Dong Hyun Ma,Omar Antonio Morales Ferrer,360.0,,775.0,,1050.0,
2019-12-21,Alexandre Pantoja,Matt Schnell,145.0,335.0,310.0,1369.0,500.0,950.0
2019-12-21,Raoni Barcelos,Said Nurmagomedov,385.0,130.0,245.0,1215.0,1300.0,1050.0
2019-12-21,Miranda Granger,Amanda Lemos,140.0,325.0,775.0,534.0,375.0,2000.0
2019-12-21,Ciryl Gane,Tanner Boser,195.0,950.0,125.0,935.0,500.0,3000.0
2020-01-18,Conor McGregor,Donald Cerrone,700.0,600.0,-225.0,800.0,1500.0,600.0
2020-01-18,Holly Holm,Raquel Pennington,115.0,170.0,500.0,1000.0,1800.0,1100.0
2020-01-18,Aleksei Oleinik,Maurice Greene,1000.0,800.0,650.0,105.0,175.0,2000.0
2020-01-18,Anthony Pettis,Diego Ferreira,450.0,120.0,450.0,400.0,800.0,600.0
2020-01-18,Roxanne Modafferi,Maycee Barber,855.0,260.0,2500.0,-210.0,2105.0,950.0
2020-01-18,Andre Fili,Sodiq Yusuff,350.0,290.0,434.0,185.0,750.0,3600.0
2020-01-18,Aleksa Camur,Justin Ledet,442.0,225.0,160.0,499.0,2550.0,700.0
2020-01-18,Tim Elliott,Askar Askarov,175.0,335.0,1675.0,875.0,1075.0,195.0
2020-01-18,Brian Kelleher,Ode Obsourne,465.0,,660.0,,330.0,
2020-01-18,Sabina Mazo,JJ Aldrich,150.0,135.0,565.0,725.0,2500.0,1400.0
2020-01-18,Drew Dober,Nasrat Haqparast,625.0,100.0,499.0,250.0,2250.0,965.0
2020-01-25,Curtis Blaydes,Junior Dos Santos,400.0,1200.0,-110.0,325.0,1000.0,1400.0
2020-01-25,Rafael Dos Anjos,Michael Chiesa,155.0,380.0,450.0,1000.0,340.0,640.0
2020-01-25,Hannah Cifers,Angela Hill,210.0,-140.0,1400.0,650.0,1400.0,1200.0
2020-01-25,Jordan Espinosa,Alex Perez,400.0,140.0,1200.0,650.0,800.0,340.0
2020-01-25,Jamahal Hill,Darko Stosic,-140.0,380.0,650.0,300.0,1200.0,800.0
2020-01-25,Sara McMann,Lina Lansberg,165.0,265.0,1050.0,500.0,315.0,1008.0
2020-01-25,Arnold Allen,Nik Lentz,-110.0,290.0,500.0,1250.0,750.0,1095.0
2020-01-25,Bevon Lewis,Dequan Townsend,145.0,1100.0,160.0,510.0,750.0,1675.0
2020-01-25,Herbert Burns,Nate Landwehr,550.0,240.0,1250.0,225.0,155.0,2500.0
2020-01-25,Brett Johns,Tony Gravely,210.0,170.0,750.0,480.0,350.0,1300.0
2020-01-25,Montel Jackson,Felipe Colares,165.0,900.0,110.0,2150.0,650.0,1408.0
2020-01-25,Justine Kish,Luci Pudilova,205.0,110.0,1150.0,600.0,1340.0,675.0
2020-02-08,Jon Jones,Dominick Reyes,190.0,750.0,150.0,430.0,260.0,1200.0
2020-02-08,Valentina Shevchenko,Katlyn Chookagian,-155.0,1000.0,235.0,1200.0,460.0,1500.0
2020-02-08,Juan Adams,Justin Tafa,400.0,700.0,100.0,305.0,1200.0,1550.0
2020-02-08,Derrick Lewis,Ilir Latifi,475.0,425.0,-145.0,550.0,2000.0,700.0
2020-02-08,Trevin Giles,James Krause,180.0,225.0,440.0,675.0,1065.0,225.0
2020-02-08,Mirsad Bektic,Dan Ige,130.0,380.0,500.0,360.0,750.0,500.0
2020-02-08,Lauren Murphy,Andrea Lee,400.0,-182.0,1150.0,865.0,2000.0,775.0
2020-02-08,Miles Johns,Mario Bautista,130.0,215.0,700.0,675.0,825.0,700.0
2020-02-08,Domingo Pilarte,Journey Newson,205.0,205.0,870.0,550.0,325.0,850.0
2020-02-08,Andre Ewell,Jonathan Martinez,140.0,240.0,660.0,700.0,1425.0,405.0
2020-02-08,Austin Lingo,Youssef Zalel,255.0,,240.0,,500.0,
2020-02-08,Alex Morono,Kalinn Williams,175.0,430.0,375.0,1000.0,230.0,2875.0
2020-02-15,Rogerio Bontorin,Ray Borg,185.0,120.0,667.0,1250.0,1422.0,534.0
2020-02-15,Corey Anderson,Jan Blachowicz,160.0,550.0,250.0,360.0,1000.0,750.0
2020-02-15,Diego Sanchez,Michel Pereira,245.0,650.0,700.0,100.0,1000.0,1600.0
2020-02-15,Montana De La Rosa,Mara Romero Borella,420.0,180.0,1565.0,1200.0,900.0,1200.0
2020-02-15,Brok Weaver,Kazula Vargas,-110.0,550.0,600.0,450.0,450.0,1400.0
2020-02-15,Lando Vannata,Yancy Medeiros,280.0,260.0,320.0,400.0,650.0,1000.0
2020-02-15,Casey Kenney,Merab Dvalishvili,240.0,-145.0,950.0,1050.0,680.0,1900.0
2020-02-15,John Dodson,Nathaniel Wood,175.0,115.0,550.0,880.0,2750.0,730.0
2020-02-15,Jim Miller,Scott Holtzman,375.0,225.0,1145.0,230.0,325.0,1800.0
2020-02-15,Devin Clark,Dequan Townsend,-135.0,1200.0,425.0,590.0,545.0,1065.0
2020-02-15,Macy Chiasson,Shanna Young,330.0,950.0,115.0,1750.0,200.0,1995.0
2020-02-15,Tim Means,Daniel Rodriguez,230.0,675.0,200.0,505.0,365.0,1250.0
2020-02-15,Mark De La Rosa,Raulian Paiva,420.0,-135.0,1565.0,675.0,900.0,830.0
2020-02-22,Brad Riddell,Magomed Mustafaev,340.0,400.0,320.0,250.0,1200.0,500.0
2020-02-22,Paul Felder,Dan Hooker,320.0,280.0,360.0,205.0,1200.0,700.0
2020-02-22,Jim Crute,Michal Oleksiejczuk,340.0,450.0,500.0,160.0,450.0,1800.0
2020-02-22,Karolina Kowalkiewicz,Yan Xiaonan,320.0,-145.0,1200.0,550.0,1500.0,1500.0
2020-02-22,Ben Sosoli,Marcos Rogerio De Lima,700.0,230.0,200.0,360.0,1800.0,500.0
2020-02-22,Kevin Aguilar,Zubaira Tukhugov,170.0,175.0,650.0,700.0,900.0,750.0
2020-02-22,Jake Matthews,Emil Meek,-132.0,435.0,935.0,440.0,550.0,1815.0
2020-02-22,Callan Potter,Song Kenan,300.0,415.0,950.0,110.0,1200.0,950.0
2020-02-22,Kai Kara France,Tyson Nam,-150.0,540.0,475.0,480.0,800.0,2000.0
2020-02-22,Loma Lookboonmee,Angela Hill,200.0,115.0,1265.0,545.0,2800.0,475.0
2020-02-22,Priscila Cachoeira,Shana Dobson,317.0,-105.0,850.0,500.0,1008.0,1310.0
2020-02-22,Jalin Turner,Joshua Culibao,335.0,425.0,105.0,445.0,1200.0,1500.0
2020-02-29,Joseph Benavidez,Deiveson Figueiredo,145.0,380.0,500.0,325.0,650.0,1200.0
2020-02-29,Felicia Spencer,Zarah Fairn,340.0,975.0,600.0,1500.0,-170.0,2550.0
2020-02-29,Ion Cutelaba,Magomed Ankalaev,1200.0,205.0,245.0,250.0,1400.0,600.0
2020-02-29,Megan Anderson,Norma Dumont,280.0,475.0,160.0,1675.0,700.0,470.0
2020-02-29,Grant Dawson,Darrick Minner,475.0,700.0,300.0,1200.0,-110.0,700.0
2020-02-29,Gabriel Silva,Kyler Phillips,190.0,210.0,500.0,625.0,575.0,665.0
2020-02-29,Brendan Allen,Tom Breese,325.0,240.0,1500.0,325.0,325.0,475.0
2020-02-29,Luis Pena,Steve Garcia,155.0,,470.0,,300.0,
2020-02-29,Marcin Tybura,Serghei Spivac,345.0,,325.0,,600.0,
2020-02-29,Jordan Griffin,TJ Brown,270.0,250.0,370.0,600.0,470.0,590.0
2020-02-29,Aalon Cruz,Spike Carlyle,130.0,410.0,370.0,1000.0,950.0,502.0
2020-02-29,Sean Brady,Ismail Naurdiev,163.0,155.0,794.0,410.0,1300.0,2250.0
2020-03-07,Israel Adesanya,Yoel Romero,200.0,750.0,160.0,285.0,2800.0,1450.0
2020-03-07,Weili Zhang,Joanna Jedrzejczyk,,250.0,,640.0,,1800.0
2020-03-07,Beneil Dariush,Drakkar Klose,190.0,270.0,1200.0,450.0,240.0,1800.0
2020-03-07,Neil Magny,Li Jingliang,240.0,270.0,1200.0,160.0,1200.0,1600.0
2020-03-07,Alex Oliveira,Max Griffin,270.0,240.0,320.0,450.0,450.0,950.0
2020-03-07,Sean O'Malley,Jose Quinonez,190.0,435.0,250.0,1425.0,300.0,1440.0
2020-03-07,Mark Madsen,Austin Hubbard,115.0,330.0,364.0,1190.0,500.0,950.0
2020-03-07,Rodolfo Vieira,Saparbeg Safarov,475.0,1250.0,780.0,850.0,-230.0,2500.0
2020-03-07,Gerald Meerschaert,Deron Winn,450.0,160.0,1035.0,345.0,225.0,1575.0
2020-03-07,Jamall Emmers,Giga Chikadze,240.0,285.0,450.0,400.0,275.0,1700.0
2020-03-07,Danaa Batgerel,Guido Cannetti,285.0,215.0,405.0,455.0,425.0,1360.0
2020-03-14,Kevin Lee,Charles Oliveira,475.0,550.0,180.0,550.0,500.0,210.0
2020-03-14,Demian Maia,Gilbert Burns,250.0,145.0,1100.0,475.0,500.0,650.0
2020-03-14,Renato Moicano,Damir Hadzovic,100.0,500.0,425.0,700.0,325.0,2200.0
2020-03-14,Johnny Walker,Nikita Krylov,700.0,800.0,125.0,310.0,800.0,360.0
2020-03-14,Francisco Trinaldo,John Makdessi,170.0,195.0,340.0,700.0,700.0,2500.0
2020-03-14,Amanda Ribas,Randa Markos,-155.0,400.0,800.0,1400.0,425.0,1600.0
2020-03-14,Elizeu Dos Santos,Aleksei Kunchenko,165.0,270.0,450.0,320.0,900.0,1800.0
2020-03-14,Mayra Bueno Silva,Maryna Moroz,165.0,175.0,1000.0,1000.0,400.0,1800.0
2020-03-14,Bruno Silva,David Dvorak,165.0,400.0,1000.0,300.0,400.0,450.0
2020-03-14,Veronica Macedo,Bea Malecki,220.0,320.0,450.0,550.0,380.0,650.0
2020-03-14,Jussier Formiga,Brandon Moreno,105.0,230.0,1600.0,650.0,500.0,1200.0
2020-05-09,Anthony Pettis,Donald Cerrone,440.0,475.0,170.0,415.0,642.0,675.0
2020-05-09,Vicente Luque,Niko Price,491.0,1300.0,125.0,325.0,365.0,1465.0
2020-05-09,Bryce Mitchell,Charles Rosa,155.0,257.0,950.0,800.0,320.0,650.0
2020-05-09,Ryan Spann,Sam Alvey,225.0,945.0,155.0,525.0,385.0,2000.0
2020-05-09,Aleksei Oleinik,Fabricio Werdum,1065.0,335.0,539.0,145.0,667.0,375.0
2020-05-09,Francis Ngannou,Jairzinho Rozenstruik,750.0,475.0,-145.0,455.0,617.0,4000.0
2020-05-09,Tony Ferguson,Justin Gaethje,750.0,1250.0,201.0,200.0,245.0,4200.0
2020-05-09,Henry Cejudo,Dominick Cruz,178.0,220.0,210.0,1450.0,1600.0,1700.0
2020-05-09,Jeremy Stephens,Calvin Kattar,465.0,135.0,415.0,290.0,3000.0,1225.0
2020-05-09,Greg Hardy,Yorgan De Castro,245.0,655.0,125.0,280.0,1850.0,2550.0
2020-05-09,Carla Esparza,Michelle Waterson,-107.0,190.0,1180.0,1265.0,1050.0,675.0
2020-05-13,Anthony Smith,Glover Teixeira,475.0,724.0,124.0,490.0,700.0,455.0
2020-05-13,Ben Rothwell,Ovince Saint Preux,335.0,340.0,350.0,365.0,602.0,380.0
2020-05-13,Alexander Hernandez,Drew Dober,220.0,258.0,640.0,260.0,650.0,1278.0
2020-05-13,Ricky Simon,Ray Borg,129.0,245.0,495.0,1385.0,1100.0,650.0
2020-05-13,Andrei Arlovski,Philipe Lins,355.0,422.0,475.0,-120.0,2050.0,1300.0
2020-05-13,Sijara Eubanks,Sarah Moras,-121.0,500.0,420.0,1745.0,581.0,1150.0
2020-05-13,Gabriel Benitez,Omar Morales,395.0,250.0,620.0,210.0,505.0,1200.0
2020-05-13,Hunter Azure,Brian Kelleher,-105.0,420.0,575.0,1050.0,845.0,535.0
2020-05-13,Chase Sherman,Ike Villanueva,330.0,550.0,150.0,235.0,1700.0,3500.0
2020-05-13,Michael Johnson,Thiago Moises,190.0,225.0,425.0,2100.0,1800.0,335.0
2020-05-16,Alistair Overeem,Walt Harris,545.0,850.0,290.0,-116.0,617.0,3500.0
2020-05-16,Claudia Gadelha,Angela Hill,-125.0,300.0,1350.0,767.0,400.0,4500.0
2020-05-16,Dan Ige,Edson Barboza,320.0,177.0,475.0,285.0,550.0,3550.0
2020-05-16,Krzysztof Jotko,Eryk Anders,125.0,330.0,800.0,285.0,1025.0,3550.0
2020-05-16,Song Yadong,Marlon Vera,130.0,560.0,350.0,570.0,1050.0,505.0
2020-05-16,Kevin Holland,Anthony Hernandez,200.0,230.0,686.0,1405.0,540.0,385.0
2020-05-16,Giga Chikadze,Irwin Rivera,165.0,800.0,105.0,860.0,825.0,885.0
2020-05-16,Nate Landwehr,Darren Elkins,320.0,150.0,310.0,950.0,1090.0,614.0
2020-05-16,Cortney Casey,Mara Romero Borella,-105.0,180.0,705.0,2000.0,1050.0,930.0
2020-05-16,Rodrigo Nascimento,Don'Tale Mayes,490.0,480.0,700.0,165.0,210.0,4000.0
2020-05-16,Miguel Baeza,Matt Brown,430.0,450.0,170.0,245.0,850.0,1350.0
2020-05-30,Tyron Woodley,Gilbert Burns,349.0,550.0,145.0,492.0,2100.0,375.0
2020-05-30,Blagoy Ivanov,Augusto Sakai,245.0,175.0,515.0,382.0,610.0,4785.0
2020-05-30,Billy Quarantillo,Spike Carlyle,345.0,510.0,370.0,225.0,405.0,900.0
2020-05-30,Roosevelt Roberts,Brok Weaver,151.0,524.0,650.0,1180.0,220.0,1250.0
2020-05-30,Mackenzie Dern,Hannah Cifers,385.0,500.0,642.0,965.0,-160.0,4000.0
2020-05-30,Daniel Rodriguez,Gabe Green,550.0,570.0,-122.0,890.0,659.0,860.0
2020-05-30,Jamahal Hill,Klidson Abreu,140.0,430.0,400.0,765.0,4665.0,275.0
2020-05-30,Tim Elliott,Brandon Royval,165.0,510.0,625.0,750.0,450.0,325.0
2020-05-30,Louis Smolka,Casey Kenney,560.0,-140.0,875.0,780.0,625.0,600.0
2020-05-30,Chris Gutierrez,Vince Morales,130.0,185.0,1050.0,520.0,1440.0,1100.0
2020-05-30,Katlyn Chookagian,Antonina Shevchenko,195.0,115.0,1250.0,695.0,948.0,1350.0
2020-06-06,Aljamain Sterling,Cory Sandhagen,155.0,195.0,900.0,470.0,525.0,955.0
2020-06-06,Neil Magny,Anthony Rocco Martin,135.0,270.0,655.0,695.0,950.0,500.0
2020-06-06,Amanda Nunes,Felicia Spencer,240.0,1165.0,-245.0,1250.0,625.0,800.0
2020-06-06,Raphael Assuncao,Cody Garbrandt,320.0,265.0,400.0,155.0,1030.0,2500.0
2020-06-06,Eddie Wineland,Sean O'Malley,925.0,250.0,655.0,-160.0,3500.0,534.0
2020-06-06,Jussier Formiga,Alex Perez,175.0,225.0,2500.0,305.0,580.0,1350.0
2020-06-06,Ian Heinisch,Gerald Meerschaert,150.0,310.0,584.0,700.0,1083.0,350.0
2020-06-06,Cody Stamann,Brian Kelleher,-135.0,575.0,650.0,905.0,1015.0,455.0
2020-06-06,Charles Byrd,Maki Pitolo,395.0,485.0,350.0,315.0,225.0,1285.0
2020-06-06,Evan Dunham,Herbert Burns,325.0,415.0,1230.0,250.0,1600.0,185.0
2020-06-06,Alonzo Menifield,Devin Clark,900.0,400.0,-145.0,500.0,1600.0,2050.0
2020-06-06,Alex Caceres,Chase Hooper,420.0,450.0,475.0,560.0,1375.0,-140.0
2020-06-13,Jessica Eye,Cynthia Calvillo,181.0,251.0,926.0,950.0,2500.0,244.0
2020-06-13,Karl Roberson,Marvin Vettori,350.0,140.0,850.0,525.0,950.0,405.0
2020-06-13,Charles Rosa,Kevin Aguilar,300.0,180.0,950.0,300.0,567.0,1300.0
2020-06-13,Andre Fili,Charles Jourdain,120.0,645.0,450.0,300.0,475.0,1500.0
2020-06-13,Jordan Espinosa,Mark De La Rosa,125.0,300.0,495.0,950.0,750.0,567.0
2020-06-13,Mariya Agapova,Hannah Cifers,135.0,540.0,325.0,683.0,421.0,2200.0
2020-06-13,Merab Dvalishvili,Gustavo Lopez,-110.0,1600.0,255.0,1145.0,432.0,1370.0
2020-06-13,Julia Avila,Gina Mazany,235.0,655.0,105.0,1500.0,375.0,2200.0
2020-06-13,Tyson Nam,Zarrukh Adashev,185.0,260.0,508.0,353.0,600.0,2200.0
2020-06-13,Anthony Ivy,Christian Aguilera,437.0,500.0,150.0,335.0,448.0,1045.0
2020-06-20,Curtis Blaydes,Alexander Volkov,539.0,800.0,-230.0,483.0,1150.0,2000.0
2020-06-20,Josh Emmett,Shane Burgos,600.0,240.0,205.0,245.0,2300.0,725.0
2020-06-20,Raquel Pennington,Marion Reneau,-165.0,325.0,700.0,1120.0,1020.0,785.0
2020-06-20,Belal Muhammad,Lyman Good,167.0,345.0,780.0,247.0,630.0,2500.0
2020-06-20,Jim Miller,Roosevelt Roberts,525.0,170.0,2000.0,280.0,435.0,525.0
2020-06-20,Clay Guida,Bobby Green,345.0,165.0,1405.0,275.0,1200.0,550.0
2020-06-20,Tecia Torres,Brianna Van Buren,255.0,-165.0,1450.0,850.0,1365.0,970.0
2020-06-20,Marc-Andre Barriault,Oskar Piechota,375.0,355.0,185.0,410.0,1500.0,500.0
2020-06-20,Cortney Casey,Gillian Robertson,275.0,220.0,560.0,950.0,470.0,350.0
2020-06-20,Frank Camacho,Justin Jaynes,310.0,740.0,-105.0,450.0,1250.0,1750.0
2020-06-20,Roxanne Modafferi,Lauren Murphy,175.0,145.0,960.0,865.0,610.0,2400.0
2020-06-20,Austin Hubbard,Max Rohskopf,400.0,215.0,425.0,805.0,1400.0,175.0
2020-06-27,Dustin Poirier,Dan Hooker,250.0,500.0,100.0,325.0,550.0,700.0
2020-06-27,Mike Perry,Mickey Gall,375.0,650.0,-170.0,750.0,1700.0,325.0
2020-06-27,Brendan Allen,Kyle Daukaus,215.0,600.0,375.0,700.0,160.0,400.0
2020-06-27,Gian Villante,Maurice Greene,400.0,325.0,500.0,-115.0,900.0,575.0
2020-06-27,Luis Pena,Khama Worthy,195.0,550.0,400.0,350.0,210.0,1900.0
2020-06-27,Philipe Lins,Tanner Boser,220.0,155.0,300.0,550.0,1500.0,2500.0
2020-06-27,Sean Woodson,Julian Erosa,190.0,850.0,-115.0,1000.0,1125.0,1250.0
2020-06-27,Takashi Sato,Jason Witt,350.0,425.0,-110.0,850.0,700.0,1000.0
2020-06-27,Kay Hansen,Jinh Yu Frey,115.0,180.0,900.0,1900.0,375.0,1125.0
2020-06-27,Jordan Griffin,Youssef Zalal,250.0,185.0,800.0,500.0,350.0,700.0
2020-07-11,Kamaru Usman,Jorge Masvidal,110.0,1075.0,200.0,295.0,575.0,2150.0
2020-07-11,Alexander Volkanovski,Max Holloway,100.0,250.0,300.0,400.0,900.0,1000.0
2020-07-11,Petr Yan,Jose Aldo,240.0,400.0,110.0,375.0,1200.0,1000.0
2020-07-11,Jessica Andrade,Rose Namajunas,300.0,155.0,450.0,300.0,1000.0,350.0
2020-07-11,Amanda Ribas,Paige VanZant,115.0,,350.0,,165.0,
2020-07-11,Volkan Oezdemir,Jiri Prochazka,325.0,400.0,135.0,250.0,1500.0,1200.0
2020-07-11,Raulian Paiva,Zhalgas Zhamagulov,145.0,,525.0,,500.0,
2020-07-11,Makwan Amirkhani,Danny Henry,240.0,425.0,800.0,700.0,185.0,625.0
2020-07-11,Leonardo Santos,Roman Bogatov,215.0,200.0,550.0,800.0,450.0,900.0
2020-07-11,Marcin Tybura,Maxim Grishin,200.0,300.0,400.0,200.0,700.0,1200.0
2020-07-11,Martin Day,Davey Grant,180.0,220.0,350.0,1000.0,600.0,600.0
2020-07-11,Karol Rosa,Vanessa Melo,-145.0,325.0,500.0,1250.0,550.0,1125.0
2020-07-11,Elizeu Zaleski dos Santos,Muslim Salikhov,215.0,300.0,550.0,185.0,450.0,1400.0
2020-07-15,Calvin Kattar,Dan Ige,220.0,400.0,-130.0,600.0,900.0,650.0
2020-07-15,Tim Elliott,Ryan Benoit,160.0,275.0,1000.0,350.0,300.0,700.0
2020-07-15,Jimmie Rivera,Cody Stamann,115.0,150.0,750.0,650.0,1000.0,750.0
2020-07-15,Molly McCann,Taila Santos,115.0,220.0,600.0,625.0,1250.0,850.0
2020-07-15,Abdul Razak Alhassan,Mounir Lazzez,575.0,600.0,-210.0,350.0,1100.0,1500.0
2020-07-15,John Phillips,Khamzat Chimaev,750.0,550.0,475.0,375.0,1200.0,-145.0
2020-07-15,Ricardo Ramos,Lerone Murphy,160.0,300.0,850.0,425.0,300.0,2000.0
2020-07-15,Modestas Bukauskas,Andreas Michailidis,375.0,550.0,120.0,300.0,900.0,1000.0
2020-07-15,Jared Gordon,Chris Fishgold,200.0,600.0,400.0,350.0,625.0,300.0
2020-07-15,Diana Belbita,Liana Jojua,110.0,300.0,350.0,1500.0,700.0,475.0
2020-07-15,Jack Shore,Aaron Phillips,265.0,750.0,325.0,475.0,-150.0,1200.0
2020-07-18,Deiveson Figueiredo,Joseph Benavidez,400.0,300.0,-115.0,600.0,600.0,900.0
2020-07-18,Jack Hermansson,Kelvin Gastelum,190.0,250.0,750.0,300.0,425.0,850.0
2020-07-18,Marc Diakiese,Rafael Fiziev,145.0,300.0,375.0,475.0,1250.0,1250.0
2020-07-18,Ariane Lipski,Luana Carolina,140.0,150.0,500.0,1125.0,750.0,1250.0
2020-07-18,Alexandre Pantoja,Askar Askarov,125.0,250.0,400.0,1000.0,600.0,950.0
2020-07-18,Davi Ramos,Arman Tsarukyan,450.0,-145.0,800.0,700.0,400.0,1000.0
2020-07-18,Grant Dawson,Nad Narimani,155.0,375.0,800.0,800.0,200.0,1125.0
2020-07-18,Joe Duffy,Joel Alvarez,125.0,700.0,350.0,800.0,400.0,500.0
2020-07-18,Brett Johns,Montel Jackson,325.0,-115.0,1125.0,450.0,550.0,700.0
2020-07-18,Malcolm Gordon,Amir Albazi,400.0,230.0,700.0,350.0,500.0,350.0
2020-07-18,Carlos Felipe,Serghei Spivac,475.0,,240.0,,1700.0,
2020-07-18,Roman Dolidze,Khadis Ibragimov,350.0,400.0,160.0,450.0,800.0,800.0
2020-07-25,Alex Oliveira,Peter Sobotta,250.0,350.0,250.0,700.0,550.0,375.0
2020-07-25,Robert Whittaker,Darren Till,250.0,300.0,200.0,240.0,900.0,900.0
2020-07-25,Fabricio Werdum,Alexander Gustafsson,600.0,170.0,900.0,120.0,550.0,1400.0
2020-07-25,Carla Esparza,Marina Rodriguez,200.0,-115.0,1700.0,325.0,1000.0,800.0
2020-07-25,Paul Craig,Gadzhimurad Antigulov,525.0,650.0,350.0,325.0,240.0,350.0
2020-07-25,Khamzat Chimaev,Rhys McKee,450.0,1500.0,135.0,1200.0,100.0,1700.0
2020-07-25,Mauricio Rua,Rogerio Nogueira,275.0,500.0,110.0,375.0,900.0,550.0
2020-07-25,Nicolas Dalby,Jesse Ronson,105.0,400.0,350.0,650.0,650.0,1700.0
2020-07-25,Tom Aspinall,Jake Collier,350.0,375.0,-110.0,900.0,800.0,1125.0
2020-07-25,Movsar Evloev,Mike Grundy,105.0,275.0,525.0,800.0,900.0,750.0
2020-07-25,Tanner Boser,Raphael Pessoa,-110.0,450.0,240.0,600.0,2000.0,1250.0
2020-07-25,Bethe Correia,Pannie Kianzad,180.0,100.0,1250.0,850.0,2000.0,800.0
2020-07-25,Nathaniel Wood,John Castaneda,180.0,525.0,400.0,1125.0,160.0,1700.0
2020-07-25,Ramazan Emeev,Niklas Stolze,260.0,650.0,650.0,750.0,500.0,1500.0
2020-07-25,Francisco Trinaldo,Jai Herbert,250.0,220.0,400.0,375.0,550.0,1700.0
2020-08-01,Derek Brunson,Edmen Shahbazyan,550.0,475.0,450.0,-165.0,1500.0,1000.0
2020-08-01,Joanne Calderwood,Jennifer Maia,-115.0,200.0,700.0,1125.0,800.0,800.0
2020-08-01,Vicente Luque,Randy Brown,325.0,400.0,170.0,400.0,500.0,1125.0
2020-08-01,Frankie Saenz,Jonathan Martinez,260.0,140.0,1125.0,220.0,1500.0,1000.0
2020-08-01,Johnny Munoz,Nate Maness,,220.0,,320.0,,1700.0
2020-08-01,Jamall Emmers,Vince Cachero,160.0,750.0,170.0,1145.0,525.0,1365.0
2020-08-01,Lando Vannata,Bobby Green,145.0,190.0,450.0,550.0,900.0,1000.0
2020-08-08,Beneil Dariush,Scott Holtzman,240.0,350.0,450.0,400.0,220.0,2000.0
2020-08-08,Derrick Lewis,Aleksei Oleinik,700.0,800.0,-155.0,700.0,2000.0,180.0
2020-08-08,Maki Pitolo,Darren Stewart,375.0,250.0,325.0,170.0,1000.0,1500.0
2020-08-08,Yana Kunitskaya,Julija Stoliarenko,-105.0,550.0,500.0,1000.0,800.0,300.0
2020-08-08,Tim Means,Laureano Staropoli,300.0,250.0,425.0,275.0,700.0,1400.0
2020-08-08,Omari Akhmedov,Chris Weidman,425.0,200.0,250.0,500.0,2000.0,400.0
2020-08-08,Nasrat Haqparast,Alex Munoz,190.0,300.0,175.0,800.0,1700.0,1500.0
2020-08-08,Andrew Sanchez,Wellington Turman,160.0,160.0,900.0,500.0,1250.0,600.0
2020-08-08,Gavin Tucker,Justin Jaynes,185.0,350.0,700.0,275.0,450.0,1500.0
2020-08-08,Irwin Rivera,Ali Qaisi,150.0,300.0,250.0,1250.0,1200.0,600.0
2020-08-08,Youssef Zalal,Peter Barrett,140.0,500.0,325.0,1250.0,250.0,1700.0
2020-08-08,Kevin Holland,Joaquin Buckley,300.0,1000.0,195.0,550.0,235.0,1500.0
2020-08-15,Sean O'Malley,Marlon Vera,155.0,600.0,120.0,800.0,800.0,500.0
2020-08-15,Junior Dos Santos,Jairzinho Rozenstruik,350.0,600.0,300.0,100.0,800.0,3000.0
2020-08-15,John Dodson,Merab Dvalishvili,450.0,-185.0,375.0,1000.0,1500.0,1000.0
2020-08-15,Jim Miller,Vinc Pichel,350.0,180.0,800.0,350.0,250.0,1500.0
2020-08-15,Stipe Miocic,Daniel Cormier,400.0,325.0,155.0,250.0,2000.0,600.0
2020-08-15,Felice Herrig,Virna Jandiroba,350.0,105.0,1500.0,1000.0,2000.0,200.0
2020-08-15,Herbert Burns,Daniel Pineda,575.0,700.0,500.0,425.0,-125.0,900.0
2020-08-15,TJ Brown,Danny Chavez,300.0,375.0,500.0,325.0,275.0,1500.0
2020-08-15,Chris Daukaus,Parker Porter,550.0,500.0,190.0,180.0,1125.0,700.0
2020-08-15,Ashley Yoder,Livinha Souza,180.0,105.0,1600.0,625.0,1250.0,375.0
2020-08-22,Pedro Munhoz,Frankie Edgar,375.0,300.0,105.0,600.0,425.0,1250.0
2020-08-22,Marcin Prachnio,Mike Rodriguez,425.0,550.0,375.0,-130.0,1000.0,1500.0
2020-08-22,Mariya Agapova,Shana Dobson,400.0,1250.0,130.0,1900.0,145.0,2500.0
2020-08-22,Daniel Rodriguez,Dwight Grant,550.0,423.0,-130.0,417.0,1500.0,2000.0
2020-08-22,Amanda Lemos,Mizuki Inoue,275.0,120.0,525.0,1000.0,500.0,525.0
2020-08-22,Ike Villanueva,Jordan Wright,700.0,450.0,155.0,175.0,2500.0,700.0
2020-08-22,Carlton Minus,Matthew Semelsberger,160.0,300.0,600.0,300.0,1000.0,800.0
2020-08-22,Timur Valiev,Trevin Jones,-135.0,650.0,450.0,1000.0,400.0,1125.0
2020-08-22,Austin Hubbard,Joe Solecki,180.0,160.0,650.0,650.0,1125.0,350.0
2020-08-29,Anthony Smith,Aleksandar Rakic,500.0,215.0,550.0,105.0,500.0,1200.0
2020-08-29,Ji Yeon Kim,Alexa Grasso,350.0,-170.0,800.0,600.0,1000.0,800.0
2020-08-29,Robbie Lawler,Neil Magny,400.0,-150.0,350.0,600.0,1400.0,600.0
2020-08-29,Ricardo Lamas,Bill Algeo,250.0,500.0,180.0,800.0,300.0,1250.0
2020-08-29,Polyana Viana,Emily Whitmire,300.0,170.0,1000.0,800.0,325.0,525.0
2020-08-29,Mallory Martin,Hannah Cifers,-110.0,350.0,550.0,1125.0,375.0,1500.0
2020-08-29,Alessio Di Chirico,Zak Cummings,160.0,180.0,450.0,800.0,1000.0,450.0
2020-08-29,Alex Caceres,Austin Springer,110.0,325.0,550.0,600.0,500.0,525.0
2020-08-29,Sean Brady,Christian Aguilera,140.0,550.0,240.0,500.0,475.0,2000.0
2020-08-29,Maki Pitolo,Impa Kasanganay,400.0,165.0,300.0,500.0,1500.0,700.0
2020-09-05,Alistair Overeem,Augusto Sakai,300.0,400.0,140.0,210.0,800.0,1125.0
2020-09-05,Ovince Saint Preux,Alonzo Menifield,500.0,350.0,700.0,160.0,240.0,1400.0
2020-09-05,Michel Pereira,Zelim Imadaev,350.0,275.0,170.0,350.0,1250.0,750.0
2020-09-05,Andre Muniz,Bartosz Fabinski,500.0,105.0,800.0,500.0,250.0,2000.0
2020-09-05,Viviane Araujo,Montana De La Rosa,120.0,250.0,550.0,1500.0,600.0,650.0
2020-09-05,Cole Smith,Hunter Azure,350.0,105.0,1125.0,375.0,650.0,750.0
2020-09-05,Brian Kelleher,Ray Rodriguez,170.0,1166.0,490.0,795.0,205.0,605.0
2020-09-12,Billy Quarantillo,Kyle Nelson,275.0,600.0,300.0,450.0,220.0,1250.0
2020-09-12,Michelle Waterson,Angela Hill,210.0,110.0,1000.0,600.0,400.0,800.0
2020-09-12,Ottman Azaitar,Khama Worthy,500.0,400.0,190.0,180.0,1700.0,900.0
2020-09-12,Ed Herman,Mike Rodriguez,400.0,400.0,700.0,-135.0,1000.0,2000.0
2020-09-12,Julia Avila,Sijara Eubanks,-130.0,400.0,305.0,1000.0,750.0,1250.0
2020-09-12,Roxanne Modafferi,Andrea Lee,350.0,-165.0,1500.0,750.0,1125.0,850.0
2020-09-12,Alexandr Romanov,Roque Martinez,580.0,925.0,-150.0,540.0,400.0,2500.0
2020-09-12,Bobby Green,Alan Patrick,-120.0,350.0,350.0,1000.0,1000.0,1125.0
2020-09-12,Brok Weaver,Jalin Turner,710.0,300.0,615.0,105.0,1600.0,550.0
2020-09-12,Bryan Barberena,Anthony Ivy,325.0,600.0,115.0,450.0,450.0,1000.0
2020-09-12,Sabina Mazo,Justine Kish,-130.0,350.0,700.0,800.0,900.0,900.0
2020-09-12,Roosevelt Roberts,Kevin Croom,220.0,650.0,800.0,1375.0,400.0,950.0
2020-09-19,Colby Covington,Tyron Woodley,-135.0,1040.0,475.0,450.0,950.0,1000.0
2020-09-19,Khamzat Chimaev,Gerald Meerschaert,375.0,1000.0,105.0,900.0,190.0,500.0
2020-09-19,Johnny Walker,Ryan Spann,500.0,475.0,125.0,325.0,1000.0,450.0
2020-09-19,Mackenzie Dern,Randa Markos,260.0,200.0,900.0,800.0,130.0,1125.0
2020-09-19,Kevin Holland,Darren Stewart,125.0,450.0,375.0,650.0,500.0,1000.0
2020-09-19,Jordan Espinosa,David Dvorak,160.0,190.0,950.0,700.0,950.0,550.0
2020-09-19,Mirsad Bektic,Damon Jackson,211.0,800.0,180.0,921.0,400.0,875.0
2020-09-19,Jessica-Rose Clark,Sarah Alpar,-120.0,275.0,700.0,1250.0,650.0,1000.0
2020-09-19,Darrick Minner,TJ Laramie,700.0,300.0,950.0,115.0,450.0,325.0
2020-09-19,Journey Newson,Randy Costa,500.0,425.0,180.0,275.0,500.0,1125.0
2020-09-19,Andre Ewell,Irwin Rivera,-125.0,350.0,500.0,650.0,850.0,1000.0
2020-09-19,Tyson Nam,Jerome Rivera,275.0,350.0,160.0,650.0,1700.0,1000.0
2020-09-19,Mayra Bueno Silva,Mara Romero Borella,190.0,525.0,450.0,700.0,200.0,650.0
2020-09-26,Ketlen Vieira,Sijara Eubanks,-110.0,285.0,1200.0,850.0,730.0,1000.0
2020-09-26,Israel Adesanya,Paulo Costa,250.0,645.0,145.0,250.0,2300.0,1465.0
2020-09-26,Dominick Reyes,Jan Blachowicz,240.0,740.0,100.0,460.0,1475.0,750.0
2020-09-26,Kai Kara-France,Brandon Royval,-110.0,750.0,500.0,1085.0,1325.0,350.0
2020-09-26,Hakeem Dawodu,Zubaira Tukhugov,195.0,248.0,440.0,402.0,2000.0,750.0
2020-09-26,Shane Young,Ludovit Klein,245.0,425.0,585.0,185.0,652.0,1300.0
2020-09-26,Diego Sanchez,Jake Matthews,800.0,160.0,2100.0,170.0,1415.0,425.0
2020-09-26,Juan Espino,Jeff Hughes,310.0,425.0,650.0,737.0,115.0,2200.0
2020-09-26,Brad Riddell,Alex Da Silva,155.0,625.0,160.0,700.0,1275.0,575.0
2020-09-26,Khadis Ibragimov,Danilo Marques,305.0,600.0,150.0,515.0,850.0,445.0
2020-09-26,William Knight,Aleksa Camur,1050.0,260.0,215.0,180.0,1100.0,2200.0
2020-10-03,Holly Holm,Irene Aldana,150.0,225.0,550.0,500.0,1400.0,1000.0
2020-10-03,Yorgan De Castro,Carlos Felipe,350.0,750.0,100.0,400.0,2000.0,1600.0
2020-10-03,Kyler Phillips,Cameron Else,350.0,750.0,110.0,1000.0,400.0,1400.0
2020-10-03,Germaine de Randamie,Julianna Pena,200.0,225.0,325.0,900.0,1800.0,500.0
2020-10-03,Jordan Williams,Nassourdine Imavov,400.0,450.0,200.0,375.0,1400.0,700.0
2020-10-03,Loma Lookboonmee,Jinh Yu Frey,100.0,180.0,700.0,1200.0,1400.0,1000.0
2020-10-03,Casey Kenney,Heili Alateng,110.0,500.0,825.0,850.0,400.0,1400.0
2020-10-03,Luigi Vendramini,Jessin Ayari,275.0,225.0,600.0,450.0,350.0,750.0
2020-10-03,Carlos Condit,Court McGee,260.0,150.0,600.0,900.0,700.0,1000.0
2020-10-03,Dequan Townsend,Dusko Todorovic,750.0,160.0,600.0,175.0,1400.0,1000.0
2020-10-10,Tom Aspinall,Alan Baudot,600.0,1100.0,-190.0,700.0,450.0,2000.0
2020-10-10,Marlon Moraes,Cory Sandhagen,550.0,325.0,325.0,300.0,700.0,600.0
2020-10-10,Edson Barboza,Makwan Amirkhani,240.0,550.0,130.0,1400.0,1600.0,400.0
2020-10-10,Ben Rothwell,Marcin Tybura,230.0,275.0,225.0,650.0,750.0,1600.0
2020-10-10,Markus Perez,Dricus Du Plessis,450.0,225.0,550.0,275.0,475.0,625.0
2020-10-10,Youssef Zalal,Ilia Topuria,160.0,750.0,450.0,800.0,950.0,200.0
2020-10-10,Chris Daukaus,Rodrigo Nascimento,1100.0,475.0,315.0,750.0,1600.0,-110.0
2020-10-10,Impa Kasanganay,Joaquin Buckley,110.0,500.0,400.0,450.0,1200.0,1400.0
2020-10-10,Ali AlQaisi,Tony Kelley,,150.0,,400.0,,450.0
2020-10-10,Giga Chikadze,Omar Morales,240.0,160.0,550.0,525.0,1200.0,800.0
2020-10-10,Tracy Cortez,Stephanie Egger,115.0,325.0,700.0,1000.0,750.0,575.0
2020-10-10,Bruno Silva,Tagir Ulanbekov,525.0,115.0,1000.0,900.0,1400.0,215.0
2020-10-10,Tom Breese,KB Bhullar,150.0,550.0,300.0,600.0,500.0,1000.0
2020-10-17,Brian Ortega,Chan Sung Jung,515.0,383.0,950.0,115.0,285.0,925.0
2020-10-17,Katlyn Chookagian,Jessica Andrade,160.0,190.0,1800.0,400.0,1000.0,1200.0
2020-10-17,Jimmy Crute,Modestas Bukauskas,450.0,750.0,350.0,435.0,150.0,1625.0
2020-10-17,Claudio Silva,James Krause,480.0,150.0,1025.0,400.0,260.0,1100.0
2020-10-17,Thomas Almeida,Jonathan Martinez,350.0,260.0,250.0,325.0,1400.0,1400.0
2020-10-17,Mateusz Gamrot,Guram Kutateladze,110.0,575.0,600.0,500.0,475.0,1600.0
2020-10-17,Junyong Park,John Phillips,200.0,1200.0,260.0,250.0,235.0,2800.0
2020-10-17,Jamie Mullarkey,Fares Ziam,200.0,250.0,600.0,500.0,450.0,1200.0
2020-10-17,Gadzhimurad Antigulov,Maxim Grishin,900.0,375.0,1200.0,110.0,600.0,450.0
2020-10-17,Said Nurmagomedov,Mark Striegl,-115.0,650.0,400.0,1500.0,700.0,750.0
2020-10-17,Gillian Robertson,Poliana Botelho,350.0,350.0,1200.0,450.0,150.0,2800.0
2020-10-24,Khabib Nurmagomedov,Justin Gaethje,300.0,800.0,425.0,350.0,165.0,2500.0
2020-10-24,Robert Whittaker,Jared Cannonier,210.0,500.0,400.0,150.0,1800.0,2500.0
2020-10-24,Alexander Volkov,Walt Harris,215.0,700.0,250.0,225.0,800.0,1800.0
2020-10-24,Jacob Malkoun,Phillip Hawes,500.0,400.0,500.0,110.0,1000.0,700.0
2020-10-24,Lauren Murphy,Liliya Shakirova,-110.0,225.0,650.0,1200.0,800.0,1400.0
2020-10-24,Stefan Struve,Tai Tuivasa,325.0,600.0,750.0,150.0,250.0,4000.0
2020-10-24,Nathaniel Wood,Casey Kenney,290.0,135.0,725.0,750.0,650.0,650.0
2020-10-24,Joel Alvarez,Alexander Yakovlev,400.0,275.0,550.0,600.0,185.0,800.0
2020-10-24,Magomed Ankalaev,Ion Cutelaba,300.0,1200.0,110.0,375.0,800.0,2200.0
2020-10-24,Alex Oliveira,Shavkat Rakhmonov,300.0,300.0,500.0,400.0,500.0,575.0
2020-10-24,Liana Jojua,Miranda Maverick,550.0,225.0,1600.0,400.0,650.0,185.0
2020-10-31,Uriah Hall,Anderson Silva,250.0,450.0,135.0,550.0,1800.0,1600.0
2020-10-31,Bryce Mitchell,Andre Fili,250.0,250.0,1200.0,600.0,200.0,1200.0
2020-10-31,Maurice Greene,Greg Hardy,750.0,325.0,700.0,-130.0,600.0,2500.0
2020-10-31,Bobby Green,Thiago Moises,-160.0,700.0,500.0,1200.0,1000.0,550.0
2020-10-31,Kevin Holland,Charlie Ontiveros,500.0,1400.0,-200.0,1200.0,500.0,1400.0
2020-10-31,Adrian Yanez,Victor Rodriguez,360.0,600.0,-150.0,900.0,1200.0,1200.0
2020-10-31,Sean Strickland,Jack Marshman,165.0,650.0,300.0,600.0,300.0,1600.0
2020-10-31,Cole Williams,Jason Witt,350.0,150.0,400.0,525.0,1200.0,650.0
2020-10-31,Dustin Jacoby,Justin Ledet,175.0,700.0,125.0,800.0,1600.0,900.0
2020-10-31,Miles Johns,Kevin Natividad,125.0,400.0,500.0,350.0,1000.0,1000.0
2020-10-31,Chris Gruetzemacher,Alexander Hernandez,700.0,115.0,800.0,250.0,1400.0,450.0
2020-11-07,Thiago Santos,Glover Teixeira,500.0,900.0,-135.0,600.0,2200.0,475.0
2020-11-07,Andrei Arlovski,Tanner Boser,450.0,145.0,900.0,140.0,1600.0,2500.0
2020-11-07,Raoni Barcelos,Khalid Taha,225.0,700.0,450.0,675.0,150.0,1400.0
2020-11-07,Claudia Gadelha,Yan Xiaonan,300.0,-110.0,1200.0,650.0,500.0,1600.0
2020-11-07,Giga Chikadze,Jamey Simmons,285.0,1000.0,-200.0,1800.0,750.0,2200.0
2020-11-07,Alexandr Romanov,Marcos Rogerio de Lima,1100.0,,150.0,,100.0,
2020-11-07,Darren Elkins,Eduardo Garagorri,140.0,550.0,600.0,650.0,300.0,850.0
2020-11-07,Max Griffin,Ramiz Brahimaj,170.0,375.0,425.0,900.0,1200.0,325.0
2020-11-07,Gustavo Lopez,Anthony Birchak,275.0,450.0,275.0,650.0,600.0,350.0
2020-11-07,Trevin Giles,Bevon Lewis,225.0,180.0,475.0,475.0,1000.0,1400.0
2020-11-14,Paul Felder,Rafael Dos Anjos,375.0,150.0,525.0,475.0,1400.0,425.0
2020-11-14,Abdul Razak Alhassan,Khaos Williams,800.0,650.0,-225.0,325.0,2000.0,2000.0
2020-11-14,Kay Hansen,Cory McKenna,120.0,250.0,1000.0,1400.0,300.0,1200.0
2020-11-14,Brendan Allen,Sean Strickland,280.0,210.0,800.0,450.0,300.0,1000.0
2020-11-14,Alex Morono,Rhys McKee,200.0,525.0,350.0,300.0,450.0,1200.0
2020-11-14,Randa Markos,Kanako Murata,250.0,105.0,1600.0,1200.0,500.0,450.0
2020-11-14,Geraldo de Freitas,Tony Gravely,250.0,150.0,1000.0,425.0,450.0,1000.0
2020-11-14,Don'Tale Mayes,Roque Martinez,210.0,500.0,130.0,500.0,2000.0,900.0
2020-11-14,Ashley Yoder,Miranda Granger,275.0,115.0,900.0,1000.0,550.0,575.0
2020-11-21,Deiveson Figueiredo,Alex Perez,700.0,500.0,-135.0,550.0,300.0,1400.0
2020-11-21,Valentina Shevchenko,Jennifer Maia,200.0,1800.0,-120.0,2200.0,425.0,1600.0
2020-11-21,Mike Perry,Tim Means,300.0,275.0,275.0,425.0,750.0,575.0
2020-11-21,Katlyn Chookagian,Cynthia Calvillo,275.0,-135.0,1400.0,900.0,1400.0,425.0
2020-11-21,Mauricio Rua,Paul Craig,300.0,300.0,500.0,365.0,1000.0,250.0
2020-11-21,Antonina Shevchenko,Ariane Lipski,200.0,240.0,-120.0,775.0,425.0,550.0
2020-11-21,Joaquin Buckley,Jordan Wright,750.0,800.0,-200.0,375.0,2200.0,1200.0
2020-11-21,Daniel Rodriguez,Nicolas Dalby,210.0,525.0,125.0,950.0,800.0,1100.0
2020-11-21,Alan Jouban,Jared Gooden,275.0,425.0,175.0,275.0,1000.0,1600.0
2020-11-21,Kyle Daukaus,Dustin Stoltzfus,150.0,525.0,500.0,900.0,225.0,800.0
2020-11-21,Louis Cosce,Sasha Palatnikov,525.0,900.0,-200.0,1000.0,800.0,1200.0
2020-11-21,Brandon Moreno,Brandon Royval,130.0,575.0,450.0,900.0,675.0,300.0
2020-11-28,Anthony Smith,Devin Clark,450.0,240.0,275.0,450.0,300.0,1400.0
2020-11-28,Miguel Baeza,Takashi Sato,325.0,525.0,175.0,300.0,475.0,1800.0
2020-11-28,Josh Parisian,Parker Porter,650.0,725.0,-150.0,400.0,1400.0,625.0
2020-11-28,Spike Carlyle,Bill Algeo,425.0,260.0,115.0,750.0,700.0,1000.0
2020-11-28,Jonathan Pearce,Kai Kamaka,475.0,,500.0,,1600.0,
2020-11-28,Martin Day,Anderson Dos Santos,105.0,400.0,450.0,500.0,1600.0,575.0
2020-11-28,Gina Mazany,Rachael Ostovich,140.0,375.0,425.0,1200.0,525.0,425.0
2020-11-28,Su Mudaerji,Malcolm Gordon,440.0,600.0,-110.0,1600.0,500.0,525.0
2020-11-28,Luke Sanders,Nate Maness,180.0,300.0,315.0,575.0,1000.0,625.0
2020-11-28,Ashlee Evans-Smith,Norma Dumont,125.0,275.0,650.0,850.0,800.0,500.0
2020-12-05,Ovince Saint Preux,Jamahal Hill,575.0,225.0,625.0,170.0,300.0,2500.0
2020-12-05,Jack Hermansson,Marvin Vettori,450.0,300.0,600.0,285.0,250.0,500.0
2020-12-05,Gabriel Benitez,Justin Jaynes,225.0,550.0,210.0,375.0,450.0,1600.0
2020-12-05,Louis Smolka,Jose Quinonez,300.0,180.0,500.0,650.0,275.0,1200.0
2020-12-05,Matt Wiman,Jordan Leavitt,600.0,150.0,900.0,900.0,1200.0,125.0
2020-12-05,Ilia Topuria,Damon Jackson,300.0,700.0,275.0,1100.0,200.0,425.0
2020-12-05,Roman Dolidze,John Allan,475.0,375.0,165.0,650.0,285.0,800.0
2020-12-05,Gian Villante,Jake Collier,300.0,525.0,125.0,350.0,1400.0,1000.0
2020-12-12,Junior Dos Santos,Ciryl Gane,700.0,225.0,675.0,-130.0,1600.0,1000.0
2020-12-12,Chase Hooper,Peter Barrett,360.0,550.0,475.0,500.0,100.0,1600.0
2020-12-12,Tecia Torres,Sam Hughes,-185.0,800.0,450.0,1400.0,525.0,1200.0
2020-12-12,Gavin Tucker,Billy Quarantillo,225.0,155.0,675.0,400.0,1000.0,575.0
2020-12-12,Renato Moicano,Rafael Fiziev,350.0,225.0,1000.0,225.0,300.0,1400.0
2020-12-12,Cub Swanson,Daniel Pineda,250.0,350.0,600.0,350.0,1200.0,225.0
2020-12-12,Kevin Holland,Jacare Souza,250.0,425.0,275.0,750.0,2500.0,200.0
2020-12-12,Mackenzie Dern,Virna Jandiroba,300.0,170.0,675.0,1600.0,170.0,900.0
2020-12-12,Tony Ferguson,Charles Oliveira,325.0,550.0,215.0,750.0,500.0,325.0
2020-12-19,Michel Pereira,Khaos Williams,350.0,600.0,275.0,150.0,550.0,1600.0
2020-12-19,Marcin Tybura,Greg Hardy,225.0,550.0,650.0,145.0,475.0,1800.0
2020-12-19,Stephen Thompson,Geoff Neal,275.0,325.0,250.0,200.0,2000.0,1400.0
2020-12-19,Jose Aldo,Marlon Vera,150.0,300.0,500.0,400.0,800.0,800.0
2020-12-19,Anthony Pettis,Alex Morono,150.0,325.0,275.0,850.0,600.0,1000.0
2020-12-19,Marlon Moraes,Rob Font,235.0,250.0,275.0,350.0,600.0,1200.0
2020-12-19,Deron Winn,Antonio Arroyo,225.0,300.0,675.0,300.0,1100.0,275.0
2020-12-19,Christos Giagos,Carlton Minus,165.0,450.0,300.0,900.0,300.0,1000.0
2020-12-19,Jimmy Flick,Cody Durden,475.0,400.0,1000.0,300.0,125.0,1000.0
2020-12-19,Sijara Eubanks,Pannie Kianzad,150.0,155.0,650.0,1200.0,500.0,1400.0
2020-12-19,Gillian Robertson,Taila Santos,250.0,200.0,1000.0,425.0,325.0,750.0
2020-12-19,Tafon Nchukwi,Jamie Pickett,500.0,550.0,-175.0,600.0,1600.0,1200.0
2021-01-16,Max Holloway,Calvin Kattar,125.0,300.0,450.0,300.0,1400.0,2000.0
2021-01-16,Carlos Condit,Matt Brown,300.0,325.0,215.0,475.0,550.0,900.0
2021-01-16,Joaquin Buckley,Alessio Di Chirico,235.0,400.0,-110.0,750.0,1800.0,1200.0
2021-01-16,Santiago Ponzinibbio,Li Jingliang,175.0,,130.0,,1400.0,
2021-01-16,Carlos Felipe,Justin Tafa,175.0,600.0,175.0,275.0,1600.0,2200.0
2021-01-16,David Zawada,Ramazan Emeev,650.0,-125.0,750.0,550.0,550.0,550.0
2021-01-16,Sarah Moras,Vanessa Melo,-110.0,250.0,650.0,1200.0,600.0,1200.0
2021-01-16,Jacob Kilburn,Austin Lingo,450.0,250.0,650.0,225.0,750.0,325.0
2021-01-16,Wu Yanan,Joselyne Edwards,130.0,240.0,900.0,400.0,750.0,700.0
2021-01-16,Punahele Soriano,Dusko Todorovic,450.0,250.0,275.0,200.0,1600.0,750.0
2021-01-20,Lerone Murphy,Douglas Silva de Andrade,200.0,425.0,110.0,850.0,1000.0,1400.0
2021-01-20,Michael Chiesa,Neil Magny,425.0,150.0,900.0,425.0,250.0,1000.0
2021-01-20,Warlley Alves,Mounir Lazzez,525.0,250.0,850.0,125.0,400.0,1200.0
2021-01-20,Ike Villanueva,Vinicius Moreira,600.0,550.0,115.0,800.0,2500.0,175.0
2021-01-20,Roxanne Modafferi,Viviane Araujo,400.0,-135.0,2000.0,300.0,900.0,850.0
2021-01-20,Matt Schnell,Tyson Nam,225.0,400.0,750.0,125.0,500.0,2000.0
2021-01-20,Ricky Simon,Gaetano Pirrello,115.0,675.0,400.0,650.0,250.0,2500.0
2021-01-20,Su Mudaerji,Zarrukh Adashev,300.0,700.0,-185.0,900.0,1400.0,1400.0
2021-01-20,Dalcha Lungiambula,Markus Perez,500.0,275.0,115.0,700.0,800.0,400.0
2021-01-20,Francisco Figueiredo,Jerome Rivera,,225.0,,900.0,,700.0
2021-01-20,Mike Davis,Mason Jones,185.0,275.0,190.0,600.0,1400.0,800.0
2021-01-20,Umar Nurmagomedov,Sergey Morozov,-130.0,700.0,600.0,1200.0,300.0,1200.0
2021-01-20,Victoria Leonardo,Manon Fiorot,275.0,170.0,800.0,235.0,700.0,1600.0
2021-01-20,Omari Akhmedov,Tom Breese,215.0,200.0,700.0,250.0,1200.0,800.0
2021-01-23,Dustin Poirier,Conor McGregor,650.0,750.0,675.0,-220.0,750.0,1600.0
2021-01-23,Dan Hooker,Michael Chandler,325.0,300.0,150.0,500.0,850.0,675.0
2021-01-23,Jessica Eye,Joanne Calderwood,125.0,140.0,900.0,600.0,1200.0,1000.0
2021-01-23,Andrew Sanchez,Makhmud Muradov,260.0,200.0,800.0,175.0,1000.0,1800.0
2021-01-23,Julianna Pena,Sara McMann,250.0,150.0,900.0,1000.0,475.0,375.0
2021-01-23,Brad Tavares,Antonio Carlos Junior,175.0,250.0,550.0,800.0,1400.0,275.0
2021-01-23,Khalil Rountree Jr.,Marcin Prachnio,,650.0,,400.0,,2200.0
2021-01-23,Nik Lentz,Movsar Evloev,700.0,-175.0,1400.0,500.0,950.0,550.0
2021-01-23,Amir Albazi,Zhalgas Zhumagulov,190.0,160.0,800.0,675.0,425.0,1000.0
2021-01-23,Marina Rodriguez,Amanda Ribas,375.0,125.0,1000.0,1000.0,1800.0,165.0
2021-02-06,Alistair Overeem,Alexander Volkov,600.0,325.0,350.0,100.0,1200.0,1200.0
2021-02-06,Alexandre Pantoja,Manel Kape,400.0,300.0,600.0,225.0,225.0,1600.0
2021-02-06,Diego Ferreira,Beneil Dariush,275.0,250.0,425.0,350.0,500.0,750.0
2021-02-06,Cory Sandhagen,Frankie Edgar,100.0,375.0,225.0,1800.0,1000.0,1600.0
2021-02-06,Mike Rodriguez,Danilo Marques,600.0,525.0,-160.0,750.0,2000.0,550.0
2021-02-06,Molly McCann,Lara Procopio,115.0,175.0,750.0,1400.0,1000.0,500.0
2021-02-06,SeungWoo Choi,Youssef Zalal,350.0,125.0,600.0,425.0,1400.0,450.0
2021-02-06,Michael Johnson,Clay Guida,135.0,250.0,235.0,1400.0,1400.0,1000.0
2021-02-13,Kamaru Usman,Gilbert Burns,110.0,800.0,275.0,575.0,1600.0,525.0
2021-02-13,Maycee Barber,Alexa Grasso,300.0,110.0,375.0,650.0,800.0,1200.0
2021-02-13,Kelvin Gastelum,Ian Heinisch,105.0,250.0,375.0,700.0,900.0,1200.0
2021-02-13,Maki Pitolo,Julian Marquez,350.0,300.0,300.0,225.0,1600.0,450.0
2021-02-13,Ricky Simon,Brian Kelleher,-125.0,500.0,750.0,700.0,600.0,500.0
2021-02-13,Belal Muhammad,Dhiego Lima,-160.0,750.0,450.0,850.0,550.0,1200.0
2021-02-13,Polyana Viana,Mallory Martin,325.0,120.0,1000.0,850.0,325.0,650.0
2021-02-13,Andre Ewell,Chris Gutierrez,200.0,170.0,550.0,400.0,900.0,800.0
2021-02-13,Gabe Green,Philip Rowe,250.0,375.0,400.0,325.0,425.0,800.0
2021-02-13,Rodolfo Vieira,Anthony Hernandez,625.0,1000.0,800.0,475.0,-240.0,2000.0
2021-02-20,Aleksei Oleinik,Chris Daukaus,850.0,700.0,1000.0,-135.0,225.0,1800.0
2021-02-20,Curtis Blaydes,Derrick Lewis,400.0,1200.0,-175.0,400.0,550.0,2500.0
2021-02-20,Ketlen Vieira,Yana Kunitskaya,-115.0,300.0,650.0,1200.0,400.0,1600.0
2021-02-20,Charles Rosa,Darrick Minner,325.0,400.0,700.0,1000.0,135.0,350.0
2021-02-20,Phil Hawes,Nassourdine Imavov,600.0,375.0,125.0,425.0,1200.0,475.0
2021-02-20,Andrei Arlovski,Tom Aspinall,350.0,350.0,900.0,-150.0,1200.0,2000.0
2021-02-20,Jared Gordon,Danny Chavez,180.0,300.0,1000.0,200.0,700.0,1200.0
2021-02-20,Eddie Wineland,John Castaneda,225.0,175.0,500.0,500.0,700.0,700.0
2021-02-20,Nate Landwehr,Julian Erosa,275.0,300.0,225.0,475.0,1200.0,400.0
2021-02-20,Shana Dobson,Casey O'Neill,225.0,145.0,550.0,600.0,1000.0,525.0
2021-02-20,Aiemann Zahabi,Drako Rodriguez,275.0,150.0,750.0,500.0,700.0,450.0
2021-02-20,Serghei Spivac,Jared Vanderaa,,700.0,,285.0,,2000.0
2021-02-27,Jairzinho Rozenstruik,Ciryl Gane,1100.0,275.0,275.0,190.0,2500.0,300.0
2021-02-27,Nikita Krylov,Magomed Ankalaev,650.0,260.0,900.0,100.0,600.0,800.0
2021-02-27,Pedro Munhoz,Jimmie Rivera,250.0,-105.0,500.0,900.0,750.0,1400.0
2021-02-27,Alex Caceres,Kevin Croom,110.0,400.0,750.0,850.0,500.0,325.0
2021-02-27,Alexander Hernandez,Thiago Moises,110.0,450.0,300.0,800.0,1400.0,500.0
2021-02-27,Alexis Davis,Sabina Mazo,225.0,-105.0,2200.0,550.0,1000.0,800.0
2021-02-27,Vince Cachero,Ronnie Lawrence,250.0,115.0,750.0,600.0,900.0,700.0
2021-02-27,Dustin Jacoby,Maxim Grishin,190.0,375.0,185.0,500.0,1600.0,825.0
2021-03-06,Jan Blachowicz,Israel Adesanya,800.0,235.0,325.0,135.0,800.0,1600.0
2021-03-06,Amanda Nunes,Megan Anderson,500.0,1600.0,100.0,700.0,165.0,3300.0
2021-03-06,Petr Yan,Aljamain Sterling,325.0,350.0,200.0,600.0,1200.0,250.0
2021-03-06,Islam Makhachev,Drew Dober,110.0,800.0,600.0,500.0,250.0,1600.0
2021-03-06,Thiago Santos,Aleksandar Rakic,650.0,230.0,205.0,215.0,1200.0,1000.0
2021-03-06,Song Yadong,Kyler Phillips,175.0,250.0,200.0,650.0,1400.0,900.0
2021-03-06,Dominick Cruz,Casey Kenney,135.0,170.0,1000.0,450.0,1400.0,650.0
2021-03-06,Rogerio Bontorin,Kai Kara-France,300.0,,600.0,,450.0,
2021-03-06,Mario Bautista,Trevin Jones,135.0,350.0,275.0,700.0,700.0,900.0
2021-03-06,Tim Elliott,Jordan Espinosa,235.0,170.0,1200.0,525.0,300.0,675.0
2021-03-06,Kennedy Nzechukwu,Carlos Ulberg,525.0,250.0,425.0,100.0,1400.0,1600.0
2021-03-06,Sean Brady,Jake Matthews,125.0,300.0,575.0,800.0,425.0,1000.0
2021-03-06,Livinha Souza,Amanda Lemos,325.0,-115.0,1200.0,400.0,900.0,700.0
2021-03-06,Uros Medic,Aalon Cruz,550.0,135.0,115.0,1000.0,900.0,1400.0
2021-03-06,Joseph Benavidez,Askar Askarov,200.0,180.0,500.0,600.0,600.0,800.0
2021-03-13,Misha Cirkunov,Ryan Spann,600.0,600.0,500.0,190.0,175.0,700.0
2021-03-13,Dan Ige,Gavin Tucker,145.0,190.0,500.0,900.0,800.0,700.0
2021-03-13,Jonathan Martinez,Davey Grant,115.0,425.0,235.0,700.0,900.0,1200.0
2021-03-13,Manel Kape,Matheus Nicolau,250.0,250.0,250.0,600.0,1400.0,500.0
2021-03-13,Angela Hill,Ashley Yoder,-180.0,425.0,450.0,1800.0,1400.0,750.0
2021-03-13,Rani Yahya,Ray Rodriguez,300.0,500.0,1000.0,600.0,-125.0,1200.0
2021-03-13,Nasrat Haqparast,Rafa Garcia,135.0,650.0,105.0,1000.0,1800.0,1200.0
2021-03-13,Cortney Casey,JJ Aldrich,200.0,-115.0,900.0,1000.0,800.0,1200.0
2021-03-13,Gloria de Paula,Jinh Yu Frey,-105.0,200.0,600.0,1400.0,675.0,1200.0
2021-03-13,Matthew Semelsberger,Jason Witt,240.0,275.0,200.0,450.0,1800.0,550.0
2021-03-13,Charles Jourdain,Marcelo Rojo,225.0,550.0,185.0,500.0,375.0,1200.0
2021-03-20,Derek Brunson,Kevin Holland,375.0,475.0,450.0,115.0,1100.0,650.0
2021-03-20,Song Kenan,Max Griffin,400.0,105.0,400.0,450.0,1200.0,750.0
2021-03-20,Cheyanne Buys,Montserrat Conejo,180.0,,575.0,,400.0,
2021-03-20,Adrian Yanez,Gustavo Lopez,320.0,450.0,115.0,625.0,1200.0,600.0
2021-03-20,Leonardo Santos,Grant Dawson,450.0,135.0,575.0,450.0,500.0,600.0
2021-03-20,Marion Reneau,Macy Chiasson,400.0,-105.0,850.0,500.0,500.0,900.0
2021-03-20,Trevin Giles,Roman Dolidze,275.0,375.0,400.0,315.0,900.0,325.0
2021-03-20,Montel Jackson,Jesse Strader,275.0,800.0,-115.0,900.0,475.0,1200.0
2021-03-20,Bruno Silva,JP Buys,275.0,180.0,550.0,575.0,700.0,400.0
2021-03-20,Tai Tuivasa,Harry Hunsucker,600.0,1200.0,-275.0,650.0,2000.0,900.0
2021-03-27,Stipe Miocic,Francis Ngannou,375.0,1200.0,250.0,-130.0,1400.0,2500.0
2021-03-27,Tyron Woodley,Vicente Luque,385.0,150.0,500.0,250.0,1600.0,600.0
2021-03-27,Sean O'Malley,Thomas Almeida,325.0,550.0,-150.0,650.0,750.0,1600.0
2021-03-27,Gillian Robertson,Miranda Maverick,375.0,130.0,900.0,500.0,350.0,750.0
2021-03-27,Jamie Mullarkey,Khama Worthy,280.0,325.0,360.0,215.0,900.0,750.0
2021-03-27,Jared Gooden,Abubakar Nurmagomedov,450.0,120.0,550.0,400.0,1200.0,450.0
2021-03-27,Modestas Bukauskas,Michal Oleksiejczuk,400.0,325.0,400.0,130.0,1000.0,1200.0
2021-03-27,Shane Young,Omar Morales,275.0,140.0,650.0,285.0,1400.0,1000.0
2021-03-27,Marc-Andre Barriault,Abu Azaitar,190.0,210.0,375.0,500.0,700.0,1000.0
2021-03-27,Alonzo Menifield,Fabio Cherant,375.0,550.0,-145.0,700.0,1600.0,775.0
2021-04-10,Mike Perry,Daniel Rodriguez,350.0,190.0,325.0,300.0,1000.0,900.0
2021-04-10,Marvin Vettori,Kevin Holland,190.0,1100.0,375.0,425.0,200.0,1200.0
2021-04-10,Arnold Allen,Sodiq Yusuff,225.0,175.0,650.0,250.0,750.0,1400.0
2021-04-10,Sam Alvey,Julian Marquez,375.0,275.0,600.0,160.0,900.0,700.0
2021-04-10,Jim Miller,Joe Solecki,550.0,140.0,900.0,550.0,400.0,350.0
2021-04-10,Nina Nunes,Mackenzie Dern,130.0,325.0,650.0,1000.0,1000.0,275.0
2021-04-10,John Makdessi,Ignacio Bahamondes,300.0,180.0,450.0,235.0,1400.0,1000.0
2021-04-10,Yorgan De Castro,Jarjis Danho,500.0,600.0,-160.0,400.0,1800.0,1400.0
2021-04-10,Impa Kasanganay,Sasha Palatnikov,100.0,500.0,250.0,600.0,900.0,1400.0
2021-04-10,Hunter Azure,Jack Shore,240.0,200.0,600.0,700.0,1000.0,275.0
2021-04-10,Luis Saldana,Jordan Griffin,150.0,275.0,425.0,700.0,1200.0,400.0
2021-04-10,Da-Un Jung,William Knight,350.0,450.0,175.0,225.0,900.0,1400.0
2021-04-10,Scott Holtzman,Mateusz Gamrot,325.0,105.0,750.0,450.0,1000.0,650.0
2021-04-17,Robert Whittaker,Kelvin Gastelum,125.0,550.0,225.0,400.0,1200.0,1400.0
2021-04-17,Andrei Arlovski,Chase Sherman,170.0,300.0,475.0,240.0,1000.0,1600.0
2021-04-17,Abdul Razak Alhassan,Jacob Malkoun,500.0,500.0,-175.0,550.0,2200.0,1200.0
2021-04-17,Tracy Cortez,Justine Kish,-160.0,350.0,750.0,1200.0,550.0,1400.0
2021-04-17,Luis Pena,Alexander Munoz,150.0,250.0,800.0,650.0,450.0,700.0
2021-04-17,Jessica Penne,Loopy Godinez,325.0,-120.0,1400.0,475.0,900.0,700.0
2021-04-17,Bartosz Fabinski,Gerald Meerschaert,140.0,500.0,500.0,900.0,1200.0,175.0
2021-04-17,Austin Hubbard,Dakota Bush,115.0,475.0,550.0,650.0,750.0,400.0
2021-04-17,Tony Gravely,Anthony Birchak,200.0,600.0,160.0,800.0,475.0,900.0
2021-04-17,Alexandr Romanov,Juan Espino,450.0,400.0,240.0,625.0,375.0,325.0
2021-04-24,Kamaru Usman,Jorge Masvidal,-120.0,1000.0,275.0,400.0,1100.0,2000.0
2021-04-24,Zhang Weili,Rose Namajunas,,365.0,,650.0,,700.0
2021-04-24,Valentina Shevchenko,Jessica Andrade,155.0,900.0,170.0,700.0,525.0,1000.0
2021-04-24,Uriah Hall,Chris Weidman,400.0,190.0,190.0,550.0,2000.0,525.0
2021-04-24,Anthony Smith,Jimmy Crute,400.0,250.0,650.0,165.0,700.0,700.0
2021-04-24,Alex Oliveira,Randy Brown,300.0,225.0,500.0,300.0,650.0,550.0
2021-04-24,Karl Roberson,Brendan Allen,500.0,350.0,300.0,750.0,700.0,175.0
2021-04-24,Pat Sabatini,Tristan Connelly,115.0,375.0,600.0,1100.0,325.0,800.0
2021-04-24,Danaa Batgerel,Kevin Natividad,175.0,275.0,225.0,700.0,1000.0,1000.0
2021-04-24,Kazula Vargas,Rong Zhu,450.0,,550.0,,900.0,
2021-04-24,Aori Qileng,Jeff Molina,,175.0,,850.0,,500.0
2021-04-24,Na Liang,Ariane Carnelossi,475.0,375.0,700.0,150.0,450.0,475.0
2021-04-24,Dwight Grant,Stefan Sekulic,300.0,350.0,110.0,800.0,1800.0,650.0
2021-05-01,Dominick Reyes,Jiri Prochazka,550.0,650.0,175.0,115.0,1200.0,1600.0
2021-05-01,Giga Chikadze,Cub Swanson,135.0,280.0,300.0,550.0,1800.0,750.0
2021-05-01,Sean Strickland,Krzysztof Jotko,140.0,375.0,225.0,600.0,1100.0,1200.0
2021-05-01,Merab Dvalishvili,Cody Stamann,-145.0,325.0,850.0,750.0,700.0,1200.0
2021-05-01,Kai Kamaka,TJ Brown,,300.0,,650.0,,400.0
2021-05-01,Poliana Botelho,Luana Carolina,-105.0,325.0,550.0,1000.0,450.0,1200.0
2021-05-01,Loma Lookboonmee,Sam Hughes,-140.0,450.0,340.0,1400.0,1100.0,950.0
2021-05-01,Andreas Michailidis,KB Bhullar,375.0,475.0,-110.0,650.0,1100.0,800.0
2021-05-01,Luke Sanders,Felipe Colares,210.0,360.0,350.0,750.0,575.0,375.0
2021-05-01,Randa Markos,Luana Pinheiro,200.0,165.0,1200.0,550.0,700.0,400.0
2021-05-08,Marina Rodriguez,Michelle Waterson,135.0,260.0,300.0,1400.0,800.0,800.0
2021-05-08,Donald Cerrone,Alex Morono,145.0,300.0,425.0,600.0,500.0,1000.0
2021-05-08,Maurice Greene,Marcos Rogerio de Lima,575.0,600.0,475.0,125.0,400.0,600.0
2021-05-08,Neil Magny,Geoff Neal,260.0,225.0,675.0,175.0,900.0,1400.0
2021-05-08,Phil Hawes,Kyle Daukaus,500.0,325.0,200.0,500.0,1800.0,250.0
2021-05-08,Ludovit Klein,Michael Trizano,250.0,350.0,115.0,900.0,1000.0,1000.0
2021-05-08,Junyong Park,Tafon Nchukwi,225.0,250.0,700.0,205.0,750.0,1000.0
2021-05-08,Christian Aguilera,Carlston Harris,425.0,275.0,300.0,500.0,1200.0,240.0
2021-05-08,Diego Ferreira,Gregor Gillespie,350.0,115.0,600.0,575.0,450.0,800.0
2021-05-15,Charles Oliveira,Michael Chandler,650.0,700.0,400.0,150.0,210.0,1200.0
2021-05-15,Tony Ferguson,Beneil Dariush,400.0,175.0,425.0,375.0,700.0,550.0
2021-05-15,Matt Schnell,Rogerio Bontorin,190.0,425.0,400.0,575.0,550.0,400.0
2021-05-15,Katlyn Chookagian,Viviane Araujo,100.0,180.0,1000.0,625.0,1400.0,1000.0
2021-05-15,Shane Burgos,Edson Barboza,200.0,250.0,275.0,400.0,750.0,1600.0
2021-05-15,Jacare Souza,Andre Muniz,260.0,300.0,400.0,375.0,500.0,650.0
2021-05-15,Jordan Wright,Jamie Pickett,375.0,400.0,240.0,200.0,600.0,1600.0
2021-05-15,Andrea Lee,Antonina Shevchenko,165.0,125.0,1100.0,800.0,800.0,800.0
2021-05-15,Gina Mazany,Priscila Cachoeira,-105.0,400.0,575.0,400.0,725.0,1200.0
2021-05-15,Kevin Aguilar,Tucker Lutz,200.0,170.0,450.0,350.0,1200.0,1600.0
2021-05-15,Christos Giagos,Sean Soriano,125.0,350.0,500.0,650.0,500.0,750.0
2021-05-15,Lando Vannata,Mike Grundy,250.0,200.0,375.0,600.0,750.0,500.0
2021-05-22,Rob Font,Cody Garbrandt,450.0,425.0,160.0,205.0,1000.0,1400.0
2021-05-22,Yan Xiaonan,Carla Esparza,140.0,140.0,525.0,1200.0,1200.0,800.0
2021-05-22,Justin Tafa,Jared Vanderaa,375.0,525.0,110.0,350.0,1400.0,900.0
2021-05-22,Felicia Spencer,Norma Dumont,185.0,240.0,700.0,800.0,285.0,900.0
2021-05-22,Jack Hermansson,Edmen Shahbazyan,400.0,525.0,450.0,250.0,185.0,1100.0
2021-05-22,Ricardo Ramos,Bill Algeo,225.0,175.0,700.0,500.0,450.0,850.0
2021-05-22,Court McGee,Claudio Silva,185.0,250.0,475.0,1000.0,850.0,300.0
2021-05-22,Bruno Silva,Victor Rodriguez,250.0,600.0,1000.0,725.0,300.0,1400.0
2021-05-22,Josh Culibao,Shayilan Nuerdanbieke,125.0,,285.0,,800.0,
2021-05-22,David Dvorak,Juancamilo Ronderos,185.0,700.0,135.0,2000.0,575.0,550.0
2021-05-22,Rafael Alves,Damir Ismagulov,900.0,-125.0,1200.0,250.0,900.0,750.0
2021-05-22,Ben Rothwell,Chris Barnett,300.0,650.0,100.0,600.0,500.0,1800.0
2021-06-05,Jairzinho Rozenstruik,Augusto Sakai,525.0,325.0,135.0,285.0,1800.0,1000.0
2021-06-05,Walt Harris,Marcin Tybura,650.0,235.0,185.0,250.0,1400.0,900.0
2021-06-05,Roman Dolidze,Laureano Staropoli,200.0,260.0,435.0,500.0,450.0,850.0
2021-06-05,Santiago Ponzinibbio,Miguel Baeza,285.0,450.0,300.0,175.0,1400.0,700.0
2021-06-05,Dusko Todorovic,Gregory Rodrigues,450.0,575.0,155.0,225.0,1200.0,650.0
2021-06-05,Montana De La Rosa,Ariane Lipski,110.0,325.0,900.0,900.0,300.0,1100.0
2021-06-05,Francisco Trinaldo,Muslim Salikhov,385.0,145.0,850.0,235.0,1100.0,575.0
2021-06-05,Makwan Amirkhani,Kamuela Kirk,300.0,400.0,650.0,450.0,155.0,1100.0
2021-06-05,Manon Fiorot,Tabatha Ricci,240.0,700.0,-140.0,1600.0,1400.0,800.0
2021-06-05,Sean Woodson,Youssef Zalal,125.0,250.0,450.0,1200.0,850.0,600.0
2021-06-05,Claudio Puelles,Jordan Leavitt,400.0,295.0,625.0,650.0,575.0,170.0
2021-06-05,Tanner Boser,Ilir Latifi,200.0,275.0,210.0,500.0,1800.0,1000.0
2021-06-12,Israel Adesanya,Marvin Vettori,160.0,375.0,150.0,850.0,1800.0,900.0
2021-06-12,Deiveson Figueiredo,Brandon Moreno,300.0,300.0,170.0,600.0,550.0,1100.0
2021-06-12,Leon Edwards,Nate Diaz,165.0,750.0,100.0,1000.0,1400.0,1000.0
2021-06-12,Paul Craig,Jamahal Hill,650.0,375.0,1100.0,-135.0,425.0,1800.0
2021-06-12,Demian Maia,Belal Muhammad,600.0,105.0,1000.0,350.0,350.0,1200.0
2021-06-12,Drew Dober,Brad Riddell,185.0,250.0,300.0,500.0,1200.0,800.0
2021-06-12,Matt Frevola,Terrance McKinney,235.0,675.0,300.0,325.0,325.0,1000.0
2021-06-12,Lauren Murphy,Joanne Calderwood,190.0,110.0,900.0,850.0,750.0,900.0
2021-06-12,Movsar Evloev,Hakeem Dawodu,-115.0,325.0,650.0,650.0,550.0,1800.0
2021-06-12,Pannie Kianzad,Alexis Davis,-135.0,300.0,1000.0,775.0,1100.0,675.0
2021-06-12,Chase Hooper,Steven Peterson,450.0,200.0,800.0,325.0,225.0,1400.0
2021-06-12,Fares Ziam,Luigi Vendramini,210.0,450.0,400.0,350.0,600.0,500.0
2021-06-12,Carlos Felipe,Jake Collier,160.0,250.0,275.0,550.0,1200.0,1200.0
2021-06-12,Eryk Anders,Darren Stewart,215.0,255.0,220.0,450.0,1400.0,1200.0
2021-06-19,Aleksei Oleinik,Serghei Spivac,,500.0,,-145.0,,1800.0
2021-06-19,Marlon Vera,Davey Grant,188.0,450.0,400.0,450.0,300.0,1200.0
2021-06-19,Julian Erosa,SeungWoo Choi,300.0,180.0,600.0,250.0,550.0,1000.0
2021-06-19,Wellington Turman,Bruno Silva,350.0,350.0,650.0,185.0,375.0,1000.0
2021-06-19,Matt Brown,Dhiego Lima,350.0,150.0,375.0,275.0,1400.0,700.0
2021-06-19,Chan Sung Jung,Dan Ige,260.0,225.0,300.0,275.0,775.0,1000.0
2021-06-19,Kanako Murata,Virna Jandiroba,165.0,240.0,1000.0,1300.0,1000.0,225.0
2021-06-19,Khaos Williams,Matthew Semelsberger,400.0,300.0,120.0,425.0,1800.0,900.0
2021-06-19,Josh Parisian,Roque Martinez,275.0,325.0,235.0,275.0,1400.0,1400.0
2021-06-19,Joaquim Silva,Ricky Glenn,350.0,200.0,185.0,650.0,1000.0,900.0
2021-06-19,Casey O'Neill,Lara Procopio,275.0,105.0,550.0,850.0,700.0,800.0
2021-06-19,Aleksa Camur,Nicolae Negumereanu,125.0,450.0,250.0,700.0,900.0,800.0
2021-06-26,Ciryl Gane,Alexander Volkov,188.0,300.0,275.0,1600.0,700.0,375.0
2021-06-26,Tanner Boser,Ovince Saint Preux,175.0,250.0,700.0,500.0,1800.0,350.0
2021-06-26,Raoni Barcelos,Timur Valiev,125.0,375.0,800.0,1250.0,600.0,325.0
2021-06-26,Tim Means,Nicolas Dalby,165.0,400.0,600.0,1000.0,800.0,225.0
2021-06-26,Renato Moicano,Jai Herbert,240.0,550.0,325.0,1500.0,175.0,550.0
2021-06-26,Kennedy Nzechukwu,Danilo Marques,350.0,175.0,850.0,260.0,2000.0,350.0
2021-06-26,Warlley Alves,Jeremiah Wells,333.0,155.0,525.0,1000.0,450.0,450.0
2021-06-26,Marcin Prachnio,Ike Villanueva,225.0,180.0,225.0,2000.0,1200.0,600.0
2021-06-26,Julia Avila,Julija Stoliarenko,100.0,225.0,1400.0,650.0,675.0,600.0
2021-06-26,Charles Rosa,Justin Jaynes,275.0,625.0,250.0,1600.0,220.0,375.0
2021-06-26,Yancy Medeiros,Damir Hadzovic,260.0,550.0,260.0,1100.0,750.0,225.0
2021-06-26,Shavkat Rakhmonov,Michel Prazeres,225.0,135.0,1200.0,700.0,675.0,450.0
2021-07-10,Sean O'Malley,Kris Moutinho,400.0,1400.0,-300.0,1200.0,800.0,1600.0
2021-07-10,Dustin Poirier,Conor McGregor,550.0,700.0,165.0,150.0,575.0,2200.0
2021-07-10,Gilbert Burns,Stephen Thompson,400.0,150.0,525.0,250.0,475.0,2500.0
2021-07-10,Tai Tuivasa,Greg Hardy,350.0,350.0,160.0,265.0,1600.0,1800.0
2021-07-10,Carlos Condit,Max Griffin,280.0,135.0,700.0,275.0,1100.0,1000.0
2021-07-10,Irene Aldana,Yana Kunitskaya,160.0,150.0,425.0,800.0,1200.0,1200.0
2021-07-10,Ryan Hall,Ilia Topuria,500.0,225.0,1100.0,165.0,375.0,925.0
2021-07-10,Omari Akhmedov,Brad Tavares,250.0,130.0,650.0,400.0,750.0,1200.0
2021-07-10,Jennifer Maia,Jessica Eye,105.0,225.0,900.0,1000.0,625.0,1200.0
2021-07-10,Niko Price,Michel Pereira,450.0,275.0,295.0,200.0,1400.0,650.0
2021-07-10,Zhalgas Zhumagulov,Jerome Rivera,-125.0,500.0,350.0,1000.0,700.0,800.0
2021-07-10,Trevin Giles,Dricus Du Plessis,210.0,450.0,450.0,300.0,1000.0,425.0
2021-07-17,Islam Makhachev,Thiago Moises,-105.0,1000.0,330.0,1600.0,275.0,1800.0
2021-07-17,Marion Reneau,Miesha Tate,240.0,110.0,1100.0,1200.0,700.0,500.0
2021-07-17,Rodolfo Vieira,Dustin Stoltzfus,400.0,400.0,800.0,500.0,-110.0,1400.0
2021-07-17,Jeremy Stephens,Mateusz Gamrot,500.0,150.0,450.0,180.0,1600.0,1100.0
2021-07-17,Amanda Lemos,Montserrat Conejo,120.0,800.0,175.0,2000.0,500.0,1600.0
2021-07-17,Khalid Taha,Sergey Morozov,200.0,180.0,400.0,900.0,500.0,1200.0
2021-07-17,Francisco Figueiredo,Malcolm Gordon,275.0,550.0,120.0,1200.0,450.0,800.0
2021-07-17,Alan Baudot,Rodrigo Nascimento,1000.0,500.0,500.0,400.0,1800.0,-125.0
2021-07-17,Daniel Rodriguez,Preston Parsons,350.0,650.0,-135.0,1200.0,900.0,800.0
2021-07-17,Gabriel Benitez,Billy Quarantillo,150.0,350.0,350.0,500.0,600.0,850.0
2021-07-24,Adrian Yanez,Randy Costa,380.0,500.0,-110.0,450.0,1100.0,1600.0
2021-07-24,Cory Sandhagen,TJ Dillashaw,500.0,500.0,110.0,400.0,600.0,1100.0
2021-07-24,Kyler Phillips,Raulian Paiva,-125.0,500.0,400.0,900.0,1000.0,1000.0
2021-07-24,Darren Elkins,Darrick Minner,275.0,250.0,800.0,600.0,600.0,240.0
2021-07-24,Miranda Maverick,Maycee Barber,120.0,275.0,750.0,450.0,650.0,1400.0
2021-07-24,Punahele Soriano,Brendan Allen,500.0,500.0,140.0,1000.0,1400.0,200.0
2021-07-24,Mickey Gall,Jordan Williams,400.0,215.0,1100.0,175.0,350.0,1400.0
2021-07-24,Julio Arce,Andre Ewell,120.0,275.0,500.0,900.0,450.0,1600.0
2021-07-24,Sijara Eubanks,Elise Reed,110.0,600.0,300.0,1000.0,350.0,1600.0
2021-07-24,Diana Belbita,Hannah Goldy,165.0,165.0,750.0,700.0,650.0,1000.0
2021-07-24,Nassourdine Imavov,Ian Heinisch,275.0,120.0,550.0,550.0,1100.0,800.0
2021-07-31,Uriah Hall,Sean Strickland,650.0,225.0,275.0,165.0,2500.0,800.0
2021-07-31,Cheyanne Buys,Gloria de Paula,100.0,200.0,900.0,900.0,800.0,1400.0
2021-07-31,Niklas Stolze,Jared Gooden,180.0,300.0,300.0,600.0,600.0,1200.0
2021-07-31,Collin Anglin,Melsik Baghdasaryan,240.0,250.0,650.0,225.0,1000.0,850.0
2021-07-31,Chris Gruetzemacher,Rafa Garcia,450.0,165.0,900.0,400.0,1700.0,200.0
2021-07-31,Jinh Yu Frey,Ashley Yoder,180.0,100.0,1400.0,1400.0,1000.0,750.0
2021-07-31,Ryan Benoit,Zarrukh Adashev,180.0,250.0,350.0,400.0,900.0,1000.0
2021-07-31,Phil Rowe,Orion Cosce,380.0,300.0,450.0,175.0,650.0,800.0
2021-07-31,Bryan Barberena,Jason Witt,300.0,500.0,120.0,850.0,550.0,750.0
2021-08-07,Song Yadong,Casey Kenney,215.0,165.0,350.0,700.0,1100.0,800.0
2021-08-07,Jose Aldo,Pedro Munhoz,150.0,225.0,450.0,450.0,1600.0,900.0
2021-08-07,Michael Chiesa,Vicente Luque,225.0,300.0,900.0,300.0,350.0,650.0
2021-08-07,Tecia Torres,Angela Hill,-105.0,180.0,1100.0,750.0,1000.0,2000.0
2021-08-07,Bobby Green,Rafael Fiziev,400.0,120.0,1000.0,175.0,2000.0,1400.0
2021-08-07,Derrick Lewis,Ciryl Gane,1400.0,215.0,330.0,120.0,2200.0,600.0
2021-08-07,Alonzo Menifield,Ed Herman,500.0,500.0,-135.0,700.0,1200.0,800.0
2021-08-07,Karolina Kowalkiewicz,Jessica Penne,-115.0,200.0,1100.0,1500.0,2000.0,550.0
2021-08-07,Manel Kape,Ode Osbourne,240.0,350.0,140.0,650.0,1000.0,1200.0
2021-08-07,Miles Johns,Anderson Dos Santos,120.0,350.0,300.0,1000.0,1100.0,800.0
2021-08-07,Victoria Leonardo,Melissa Gatto,215.0,425.0,550.0,1000.0,600.0,180.0
2021-08-07,Johnny Munoz,Jamey Simmons,250.0,550.0,400.0,900.0,110.0,1300.0
2021-08-07,Vince Morales,Drako Rodriguez,225.0,275.0,350.0,500.0,1000.0,400.0
2021-08-21,Jared Cannonier,Kelvin Gastelum,300.0,240.0,175.0,600.0,1000.0,1100.0
2021-08-21,Clay Guida,Mark Madsen,275.0,120.0,700.0,700.0,900.0,600.0
2021-08-21,Parker Porter,Chase Sherman,450.0,300.0,500.0,120.0,900.0,1600.0
2021-08-21,Trevin Jones,Saidyokub Kakhramonov,550.0,275.0,150.0,600.0,400.0,700.0
2021-08-21,Vinc Pichel,Austin Hubbard,140.0,180.0,700.0,550.0,1200.0,1000.0
2021-08-21,Austin Lingo,Luis Saldana,250.0,240.0,350.0,350.0,900.0,600.0
2021-08-21,Brian Kelleher,Domingo Pilarte,500.0,350.0,150.0,800.0,400.0,550.0
2021-08-21,Bea Malecki,Josiane Nunes,165.0,330.0,350.0,400.0,550.0,1200.0
2021-08-21,William Knight,Fabio Cherant,350.0,450.0,120.0,500.0,1400.0,600.0
2021-08-21,Roosevelt Roberts,Ignacio Bahamondes,180.0,330.0,800.0,350.0,330.0,1600.0
2021-08-21,Sasha Palatnikov,Ramiz Brahimaj,330.0,330.0,300.0,1100.0,1400.0,175.0
2021-08-21,Alexandre Pantoja,Brandon Royval,165.0,350.0,400.0,700.0,450.0,600.0
2021-08-28,Edson Barboza,Giga Chikadze,250.0,400.0,250.0,200.0,1400.0,2500.0
2021-08-28,Bryan Battle,Gilbert Urbina,175.0,350.0,350.0,800.0,400.0,700.0
2021-08-28,Ricky Turcios,Brady Hiestand,165.0,240.0,350.0,800.0,700.0,800.0
2021-08-28,Kevin Lee,Daniel Rodriguez,215.0,330.0,700.0,330.0,300.0,1600.0
2021-08-28,Andre Petroski,Micheal Gillmore,500.0,1100.0,225.0,800.0,100.0,1800.0
2021-08-28,Sam Alvey,Wellington Turman,350.0,250.0,240.0,400.0,2000.0,450.0
2021-08-28,Alessio Di Chirico,Abdul Razak Alhassan,175.0,700.0,175.0,350.0,650.0,3500.0
2021-08-28,Dustin Jacoby,Darren Stewart,140.0,350.0,250.0,650.0,1600.0,1000.0
2021-08-28,JJ Aldrich,Vanessa Demopoulos,-175.0,525.0,380.0,1800.0,1000.0,1600.0
2021-08-28,Jamall Emmers,Pat Sabatini,120.0,275.0,550.0,1100.0,1100.0,450.0
2021-08-28,Mana Martinez,Guido Cannetti,450.0,550.0,-135.0,900.0,900.0,700.0
2021-08-28,Makhmud Muradov,Gerald Meerschaert,225.0,1200.0,-150.0,2000.0,1100.0,1000.0
2021-09-04,Derek Brunson,Darren Till,450.0,350.0,300.0,130.0,2000.0,1600.0
2021-09-04,Tom Aspinall,Serghei Spivac,400.0,550.0,120.0,550.0,500.0,800.0
2021-09-04,Alex Morono,David Zawada,180.0,250.0,500.0,500.0,600.0,650.0
2021-09-04,Modestas Bukauskas,Khalil Rountree Jr.,275.0,650.0,165.0,225.0,1100.0,2800.0
2021-09-04,Molly McCann,Ji Yeon Kim,130.0,140.0,1000.0,1100.0,1100.0,1100.0
2021-09-04,Jack Shore,Liudvik Sholinian,150.0,800.0,350.0,1400.0,175.0,2200.0
2021-09-04,Julian Erosa,Charles Jourdain,450.0,500.0,550.0,-110.0,600.0,1200.0
2021-09-04,Dalcha Lungiambula,Marc-Andre Barriault,350.0,250.0,350.0,175.0,2200.0,800.0
2021-09-04,Paddy Pimblett,Luigi Vendramini,300.0,380.0,350.0,400.0,275.0,800.0
2021-09-18,Anthony Smith,Ryan Spann,450.0,750.0,225.0,330.0,330.0,500.0
2021-09-18,Ion Cutelaba,Devin Clark,600.0,250.0,-110.0,650.0,1800.0,1400.0
2021-09-18,Ariane Lipski,Mandy Bohm,215.0,180.0,400.0,800.0,500.0,1100.0
2021-09-18,Arman Tsarukyan,Christos Giagos,-135.0,900.0,330.0,2200.0,350.0,2800.0
2021-09-18,Nate Maness,Tony Gravely,330.0,140.0,1000.0,330.0,800.0,700.0
2021-09-18,Joaquin Buckley,Antonio Arroyo,380.0,600.0,110.0,450.0,1800.0,500.0
2021-09-18,Pannie Kianzad,Raquel Pennington,175.0,110.0,800.0,1200.0,1600.0,850.0
2021-09-18,Rong Zhu,Brandon Jenkins,,500.0,,450.0,,1600.0
2021-09-18,Montel Jackson,JP Buys,215.0,800.0,100.0,1800.0,400.0,1600.0
2021-09-18,Erin Blanchfield,Sarah Alpar,100.0,500.0,330.0,1600.0,450.0,1400.0
2021-09-18,Impa Kasanganay,Carlston Harris,175.0,400.0,450.0,600.0,1100.0,250.0
2021-09-18,Emily Whitmire,Hannah Goldy,120.0,180.0,1400.0,700.0,800.0,1100.0
2021-09-18,Mike Rodriguez,Tafon Nchukwi,275.0,400.0,300.0,165.0,1600.0,1600.0
2021-09-25,Alexander Volkanovski,Brian Ortega,140.0,500.0,250.0,700.0,1600.0,400.0
2021-09-25,Valentina Shevchenko,Lauren Murphy,200.0,1800.0,-110.0,2500.0,350.0,2800.0
2021-09-25,Nick Diaz,Robbie Lawler,275.0,225.0,650.0,185.0,800.0,2500.0
2021-09-25,Curtis Blaydes,Jairzinho Rozenstruik,180.0,1000.0,125.0,380.0,1000.0,3500.0
2021-09-25,Jessica Andrade,Cynthia Calvillo,140.0,330.0,225.0,1400.0,1000.0,900.0
2021-09-25,Marlon Moraes,Merab Dvalishvili,500.0,100.0,600.0,400.0,1200.0,550.0
2021-09-25,Dan Hooker,Nasrat Haqparast,225.0,350.0,225.0,350.0,900.0,2200.0
2021-09-25,Shamil Abdurakhimov,Chris Daukaus,400.0,350.0,450.0,100.0,1800.0,1400.0
2021-09-25,Roxanne Modafferi,Taila Santos,550.0,-165.0,2200.0,350.0,1100.0,1100.0
2021-09-25,Uros Medic,Jalin Turner,400.0,400.0,165.0,300.0,1200.0,700.0
2021-09-25,Cody Brundage,Nick Maximov,350.0,300.0,400.0,500.0,500.0,250.0
2021-09-25,Matthew Semelsberger,Martin Sano,300.0,,-135.0,,500.0,
2021-09-25,Jonathan Pearce,Omar Morales,330.0,165.0,400.0,330.0,1100.0,1100.0
2021-10-02,Thiago Santos,Johnny Walker,800.0,900.0,-110.0,175.0,2000.0,1600.0
2021-10-02,Alex Oliveira,Niko Price,450.0,350.0,550.0,120.0,700.0,1100.0
2021-10-02,Misha Cirkunov,Krzysztof Jotko,550.0,275.0,600.0,185.0,275.0,1400.0
2021-10-02,Alexander Hernandez,Mike Breeden,175.0,900.0,110.0,1100.0,500.0,3500.0
2021-10-02,Joe Solecki,Jared Gordon,165.0,200.0,900.0,600.0,400.0,1200.0
2021-10-02,Devonte Smith,Jamie Mullarkey,330.0,450.0,140.0,330.0,2000.0,900.0
2021-10-02,Bethe Correia,Karol Rosa,700.0,-200.0,1600.0,400.0,2500.0,600.0
2021-10-02,Douglas Silva de Andrade,Gaetano Pirrello,165.0,450.0,150.0,600.0,1400.0,2000.0
2021-10-02,Stephanie Egger,Shanna Young,140.0,225.0,800.0,900.0,450.0,900.0
2021-10-02,Alejandro Perez,Johnny Eduardo,250.0,600.0,130.0,550.0,650.0,900.0
2021-10-02,Antonina Shevchenko,Casey O'Neill,300.0,200.0,1000.0,300.0,1600.0,330.0
2021-10-09,Mackenzie Dern,Marina Rodriguez,450.0,375.0,1200.0,320.0,100.0,2500.0
2021-10-09,Randy Brown,Jared Gooden,220.0,550.0,200.0,400.0,400.0,1400.0
2021-10-09,Tim Elliott,Matheus Nicolau,275.0,120.0,1200.0,800.0,600.0,400.0
2021-10-09,Sabina Mazo,Mariya Agapova,130.0,275.0,350.0,700.0,900.0,750.0
2021-10-09,Chris Gutierrez,Felipe Colares,-110.0,400.0,333.0,1400.0,900.0,550.0
2021-10-09,Charles Rosa,Damon Jackson,300.0,150.0,900.0,700.0,600.0,320.0
2021-10-09,Loopy Godinez,Silvana Gomez Juarez,-120.0,400.0,,,,
2021-10-09,Steve Garcia,Charlie Ontiveros,275.0,550.0,-110.0,600.0,900.0,1000.0
2021-10-09,Alexandr Romanov,Jared Vanderaa,400.0,900.0,163.0,650.0,140.0,2000.0
2021-10-16,Manon Fiorot,Mayra Bueno Silva,140.0,400.0,165.0,1400.0,1600.0,900.0
2021-10-16,Andrei Arlovski,Carlos Felipe,140.0,240.0,600.0,275.0,2000.0,2000.0
2021-10-16,Jim Miller,Erick Gonzalez,180.0,400.0,800.0,650.0,165.0,2500.0
2021-10-16,Nate Landwehr,Ludovit Klein,550.0,275.0,700.0,-120.0,2800.0,900.0
2021-10-16,Aspen Ladd,Norma Dumont,350.0,300.0,225.0,450.0,600.0,700.0
2021-10-16,Danny Roberts,Ramazan Emeev,600.0,-110.0,600.0,450.0,2000.0,350.0
2021-10-16,Loopy Godinez,Luana Carolina,150.0,300.0,400.0,1000.0,400.0,1200.0
2021-10-16,Batgerel Danaa,Brandon Davis,165.0,275.0,275.0,700.0,1400.0,800.0
2021-10-16,Istela Nunes,Ariane Carnelossi,225.0,180.0,550.0,350.0,1200.0,1000.0
2021-10-16,Andrew Sanchez,Bruno Silva,275.0,450.0,600.0,120.0,1000.0,1200.0
2021-10-23,Paulo Costa,Marvin Vettori,600.0,215.0,300.0,400.0,2500.0,300.0
2021-10-23,Jessica-Rose Clark,Joselyne Edwards,100.0,200.0,550.0,1400.0,1100.0,1200.0
2021-10-23,Alex Caceres,SeungWoo Choi,450.0,-110.0,900.0,275.0,1200.0,1400.0
2021-10-23,Francisco Trinaldo,Dwight Grant,180.0,240.0,350.0,380.0,800.0,2500.0
2021-10-23,Nicolae Negumereanu,Ike Villanueva,330.0,800.0,180.0,330.0,300.0,2800.0
2021-10-23,JunYong Park,Gregory Rodrigues,225.0,200.0,600.0,350.0,1100.0,600.0
2021-10-23,Tabatha Ricci,Maria Oliveira,175.0,,450.0,,215.0,
2021-10-23,Jamie Pickett,Laureano Staropoli,350.0,100.0,550.0,350.0,2000.0,1100.0
2021-10-23,Khama Worthy,Jai Herbert,700.0,450.0,275.0,100.0,1100.0,1000.0
2021-10-23,Jeff Molina,Daniel Lacerda,150.0,500.0,400.0,500.0,700.0,450.0
2021-10-23,Livinha Souza,Randa Markos,150.0,130.0,800.0,2000.0,600.0,1100.0
2021-10-23,Jonathan Martinez,Zviad Lazishvili,250.0,350.0,350.0,650.0,900.0,275.0
2021-10-23,Mason Jones,David Onama,275.0,900.0,-110.0,600.0,550.0,1800.0
2021-10-30,Li Jingliang,Khamzat Chimaev,900.0,275.0,800.0,140.0,3500.0,225.0
2021-10-30,Jan Blachowicz,Glover Teixeira,225.0,700.0,110.0,700.0,1200.0,750.0
2021-10-30,Petr Yan,Cory Sandhagen,165.0,380.0,200.0,600.0,1000.0,1200.0
2021-10-30,Islam Makhachev,Dan Hooker,-120.0,800.0,600.0,1000.0,240.0,2500.0
2021-10-30,Alexander Volkov,Marcin Tybura,180.0,475.0,130.0,750.0,1000.0,1800.0
2021-10-30,Magomed Ankalaev,Volkan Oezdemir,215.0,800.0,110.0,450.0,1400.0,2000.0
2021-10-30,Hu Yaozong,Andre Petroski,400.0,,500.0,,1600.0,
2021-10-30,Ricardo Ramos,Zubaira Tukhugov,300.0,140.0,1200.0,300.0,500.0,1600.0
2021-10-30,Albert Duraev,Roman Kopylov,275.0,600.0,350.0,750.0,130.0,2200.0
2021-10-30,Elizeu Zaleski dos Santos,Benoit Saint Denis,275.0,550.0,110.0,1200.0,900.0,460.0
2021-10-30,Shamil Gamzatov,Michal Oleksiejczuk,180.0,240.0,500.0,350.0,500.0,2000.0
2021-10-30,Makwan Amirkhani,Lerone Murphy,500.0,150.0,1400.0,165.0,600.0,1500.0
2021-10-30,Tagir Ulanbekov,Allan Nascimento,-110.0,500.0,500.0,1600.0,300.0,1000.0
2021-10-30,Amanda Ribas,Virna Jandiroba,100.0,300.0,600.0,1000.0,800.0,600.0
2021-11-06,Alex Pereira,Andreas Michailidis,450.0,500.0,-135.0,650.0,1200.0,1200.0
2021-11-06,Kamaru Usman,Colby Covington,150.0,500.0,150.0,700.0,1100.0,2000.0
2021-11-06,Frankie Edgar,Marlon Vera,200.0,200.0,800.0,300.0,1600.0,550.0
2021-11-06,Shane Burgos,Billy Quarantillo,150.0,400.0,240.0,500.0,900.0,1100.0
2021-11-06,Justin Gaethje,Michael Chandler,500.0,500.0,-120.0,450.0,1400.0,1000.0
2021-11-06,Al Iaquinta,Bobby Green,300.0,-150.0,550.0,800.0,2000.0,1800.0
2021-11-06,Rose Namajunas,Zhang Weili,350.0,250.0,350.0,250.0,600.0,1000.0
2021-11-06,Edmen Shahbazyan,Nassourdine Imavov,330.0,300.0,275.0,250.0,1000.0,700.0
2021-11-06,Melsik Baghdasaryan,Bruno Souza,150.0,600.0,120.0,1200.0,1100.0,1600.0
2021-11-06,CJ Vergara,Ode Osbourne,500.0,330.0,320.0,330.0,2600.0,225.0
2021-11-06,Phil Hawes,Chris Curtis,200.0,700.0,110.0,450.0,1200.0,2500.0
2021-11-06,Gian Villante,Chris Barnett,215.0,300.0,250.0,275.0,1400.0,2500.0
2021-11-06,Ian Garry,Jordan Williams,300.0,650.0,-120.0,800.0,550.0,2500.0
2021-11-06,Dustin Jacoby,John Allan,175.0,600.0,110.0,900.0,1200.0,1400.0
2021-11-13,Max Holloway,Yair Rodriguez,-120.0,1200.0,140.0,1000.0,1600.0,3500.0
2021-11-13,Ben Rothwell,Marcos Rogerio de Lima,330.0,,240.0,,400.0,
2021-11-13,Felicia Spencer,Leah Letson,100.0,400.0,700.0,1100.0,250.0,2800.0
2021-11-13,Miguel Baeza,Khaos Williams,180.0,550.0,350.0,225.0,650.0,2500.0
2021-11-13,Song Yadong,Julio Arce,110.0,275.0,600.0,550.0,2000.0,600.0
2021-11-13,Sean Woodson,Collin Anglin,-115.0,500.0,250.0,1000.0,1200.0,1400.0
2021-11-13,Cortney Casey,Liana Jojua,-110.0,450.0,450.0,2000.0,500.0,700.0
2021-11-13,Marc Diakiese,Rafael Alves,110.0,500.0,300.0,800.0,1400.0,550.0
2021-11-13,Kennedy Nzechukwu,Da Woon Jung,,150.0,,450.0,,1100.0
2021-11-13,Thiago Moises,Joel Alvarez,-105.0,550.0,500.0,900.0,450.0,700.0
2021-11-13,Cynthia Calvillo,Andrea Lee,110.0,200.0,1400.0,900.0,650.0,1000.0
2021-11-20,Rani Yahya,Kyung Ho Kang,275.0,200.0,1600.0,370.0,275.0,2000.0
2021-11-20,Ketlen Vieira,Miesha Tate,225.0,180.0,650.0,700.0,450.0,700.0
2021-11-20,Michael Chiesa,Sean Brady,275.0,225.0,1400.0,450.0,500.0,300.0
2021-11-20,Joanne Wood,Taila Santos,450.0,-150.0,1800.0,450.0,1800.0,500.0
2021-11-20,Davey Grant,Adrian Yanez,450.0,250.0,900.0,110.0,1200.0,1100.0
2021-11-20,Rafa Garcia,Natan Levy,180.0,240.0,650.0,700.0,650.0,400.0
2021-11-20,Loma Lookboonmee,Loopy Godinez,215.0,115.0,650.0,1100.0,2500.0,500.0
2021-11-20,Cody Durden,Aoriqileng,140.0,275.0,500.0,550.0,550.0,1200.0
2021-11-20,Shayilan Nuerdanbieke,Sean Soriano,550.0,,750.0,,900.0,
2021-11-20,Luana Pinheiro,Sam Hughes,150.0,450.0,350.0,2200.0,180.0,1400.0
2021-11-20,Pat Sabatini,Tucker Lutz,250.0,180.0,1100.0,350.0,350.0,1600.0
2021-12-04,Rob Font,Jose Aldo,200.0,250.0,250.0,450.0,1400.0,1600.0
2021-12-04,Brad Riddell,Rafael Fiziev,200.0,150.0,450.0,350.0,2000.0,2000.0
2021-12-04,Jimmy Crute,Jamahal Hill,400.0,700.0,275.0,240.0,225.0,2200.0
2021-12-04,Clay Guida,Leonardo Santos,275.0,165.0,900.0,450.0,1600.0,350.0
2021-12-04,Brendan Allen,Chris Curtis,150.0,1000.0,500.0,450.0,215.0,2800.0
2021-12-04,Alex Morono,Mickey Gall,110.0,400.0,300.0,1200.0,900.0,700.0
2021-12-04,Manel Kape,Zhalgas Zhumagulov,100.0,350.0,225.0,1400.0,1600.0,1800.0
2021-12-04,Bryan Barberena,Darian Weeks,275.0,400.0,215.0,275.0,900.0,1200.0
2021-12-04,Cheyanne Vlismas,Mallory Martin,,240.0,,1200.0,,1200.0
2021-12-04,Alonzo Menifield,William Knight,240.0,550.0,180.0,250.0,1000.0,1800.0
2021-12-04,Claudio Puelles,Chris Gruetzemacher,180.0,240.0,750.0,400.0,350.0,1600.0
2021-12-04,Louis Smolka,Vince Morales,200.0,250.0,500.0,500.0,350.0,1600.0
2021-12-04,Maki Pitolo,Dusko Todorovic,450.0,,300.0,,1400.0,
2021-12-11,Raulian Paiva,Sean O'Malley,500.0,180.0,1100.0,120.0,1200.0,1200.0
2021-12-11,Charles Oliveira,Dustin Poirier,600.0,600.0,700.0,120.0,240.0,1200.0
2021-12-11,Amanda Nunes,Julianna Pena,450.0,1100.0,-165.0,2800.0,350.0,2200.0
2021-12-11,Geoff Neal,Santiago Ponzinibbio,400.0,275.0,175.0,240.0,1600.0,2000.0
2021-12-11,Kai Kara-France,Cody Garbrandt,,300.0,,180.0,,1400.0
2021-12-11,Pedro Munhoz,Dominick Cruz,240.0,125.0,380.0,750.0,800.0,2000.0
2021-12-11,Josh Emmett,Dan Ige,165.0,240.0,275.0,600.0,1600.0,1200.0
2021-12-11,Augusto Sakai,Tai Tuivasa,250.0,500.0,350.0,140.0,1200.0,2000.0
2021-12-11,Jordan Wright,Bruno Silva,1000.0,700.0,550.0,-190.0,900.0,900.0
2021-12-11,Andre Muniz,Eryk Anders,380.0,380.0,700.0,330.0,150.0,2500.0
2021-12-11,Miranda Maverick,Erin Blanchfield,120.0,180.0,900.0,900.0,700.0,1400.0
2021-12-11,Ryan Hall,Darrick Minner,380.0,425.0,700.0,550.0,120.0,750.0
2021-12-11,Randy Costa,Tony Kelley,550.0,380.0,-115.0,900.0,1400.0,600.0
2021-12-11,Gillian Robertson,Priscila Cachoeira,250.0,600.0,500.0,650.0,110.0,2200.0
2021-12-18,Derrick Lewis,Chris Daukaus,800.0,550.0,175.0,120.0,2500.0,1200.0
2021-12-18,Stephen Thompson,Belal Muhammad,-115.0,330.0,350.0,1200.0,2800.0,1000.0
2021-12-18,Amanda Lemos,Angela Hill,-110.0,350.0,350.0,1000.0,800.0,2800.0
2021-12-18,Raphael Assuncao,Ricky Simon,450.0,-110.0,1400.0,300.0,900.0,900.0
2021-12-18,Diego Ferreira,Mateusz Gamrot,330.0,165.0,900.0,250.0,800.0,700.0
2021-12-18,Cub Swanson,Darren Elkins,140.0,350.0,300.0,800.0,1100.0,600.0
2021-12-18,Justin Tafa,Harry Hunsucker,900.0,1000.0,-200.0,500.0,2000.0,900.0
2021-12-18,Sijara Eubanks,Melissa Gatto,130.0,300.0,600.0,1000.0,500.0,550.0
2021-12-18,Charles Jourdain,Andre Ewell,200.0,300.0,200.0,600.0,700.0,2000.0
2021-12-18,Raquel Pennington,Macy Chiasson,130.0,200.0,1000.0,700.0,450.0,2000.0
2021-12-18,Don'Tale Mayes,Josh Parisian,200.0,400.0,175.0,450.0,1600.0,1000.0
2021-12-18,Jordan Leavitt,Matt Sayles,500.0,300.0,700.0,400.0,150.0,800.0
2021-12-18,Dustin Stoltzfus,Gerald Meerschaert,400.0,275.0,1100.0,500.0,750.0,150.0
2022-01-15,Brandon Royval,Rogerio Bontorin,450.0,350.0,400.0,800.0,150.0,500.0
2022-01-15,Calvin Kattar,Giga Chikadze,,200.0,,130.0,,2200.0
2022-01-15,Jake Collier,Chase Sherman,140.0,350.0,450.0,300.0,1100.0,2000.0
2022-01-15,Katlyn Chookagian,Jennifer Maia,-150.0,275.0,1100.0,1200.0,1200.0,1000.0
2022-01-15,Court McGee,Ramiz Brahimaj,165.0,225.0,800.0,900.0,1200.0,330.0
2022-01-15,Bill Algeo,Joanderson Brito,300.0,175.0,500.0,450.0,800.0,500.0
2022-01-15,Jamie Pickett,Joseph Holmes,300.0,300.0,400.0,400.0,1400.0,250.0
2022-01-15,TJ Brown,Charles Rosa,110.0,350.0,400.0,1200.0,700.0,650.0
2022-01-15,Brian Kelleher,Kevin Croom,215.0,700.0,400.0,700.0,150.0,1100.0
2022-01-15,Dakota Bush,Viacheslav Borshchev,400.0,300.0,800.0,120.0,550.0,2000.0
2022-01-22,Francis Ngannou,Ciryl Gane,1000.0,250.0,150.0,225.0,2000.0,750.0
2022-01-22,Brandon Moreno,Deiveson Figueiredo,275.0,350.0,450.0,400.0,300.0,800.0
2022-01-22,Michel Pereira,Andre Fialho,225.0,700.0,200.0,400.0,400.0,2000.0
2022-01-22,Cody Stamann,Said Nurmagomedov,240.0,110.0,800.0,450.0,1600.0,700.0
2022-01-22,Michael Morales,Trevin Giles,180.0,210.0,300.0,500.0,900.0,1100.0
2022-01-22,Jack Della Maddalena,Pete Rodriguez,400.0,900.0,-125.0,400.0,550.0,1800.0
2022-01-22,Tony Gravely,Saimon Oliveira,150.0,450.0,250.0,1100.0,900.0,400.0
2022-01-22,Matt Frevola,Genaro Valdez,175.0,700.0,400.0,333.0,333.0,900.0
2022-01-22,Silvana Gomez Juarez,Vanessa Demopoulos,240.0,150.0,400.0,700.0,1400.0,450.0
2022-01-22,Kay Hansen,Jasmine Jasudavicius,100.0,280.0,900.0,900.0,350.0,1600.0
2022-01-22,Raoni Barcelos,Victor Henry,175.0,650.0,175.0,700.0,350.0,1400.0
2022-02-05,Jack Hermansson,Sean Strickland,500.0,150.0,900.0,215.0,500.0,900.0
2022-02-05,Punahele Soriano,Nick Maximov,350.0,330.0,110.0,1400.0,1400.0,550.0
2022-02-05,Sam Alvey,Brendan Allen,700.0,175.0,700.0,225.0,3500.0,275.0
2022-02-05,Julian Erosa,Steven Peterson,165.0,450.0,225.0,1000.0,450.0,1400.0
2022-02-05,Tresean Gore,Bryan Battle,300.0,330.0,200.0,650.0,900.0,400.0
2022-02-05,Shavkat Rakhmonov,Carlston Harris,275.0,650.0,175.0,800.0,350.0,550.0
2022-02-12,Israel Adesanya,Robert Whittaker,150.0,450.0,165.0,700.0,2000.0,1800.0
2022-02-12,Derrick Lewis,Tai Tuivasa,800.0,800.0,-135.0,225.0,2500.0,2500.0
2022-02-12,Jared Cannonier,Derek Brunson,380.0,240.0,125.0,700.0,2000.0,1400.0
2022-02-12,Alexander Hernandez,Renato Moicano,450.0,240.0,275.0,600.0,1600.0,240.0
2022-02-12,Bobby Green,Nasrat Haqparast,120.0,275.0,500.0,350.0,1200.0,1800.0
2022-02-12,Roxanne Modafferi,Casey O'Neill,450.0,-110.0,2000.0,300.0,1600.0,550.0
2022-02-12,Andrei Arlovski,Jared Vanderaa,120.0,350.0,400.0,350.0,2000.0,1200.0
2022-02-12,Carlos Ulberg,Fabio Cherant,450.0,900.0,-125.0,600.0,1800.0,500.0
2022-02-12,Mana Martinez,Ronnie Lawrence,500.0,110.0,650.0,300.0,1800.0,600.0
2022-02-12,AJ Dobson,Jacob Malkoun,600.0,275.0,180.0,350.0,550.0,700.0
2022-02-12,Douglas Silva de Andrade,Sergey Morozov,450.0,100.0,500.0,500.0,1100.0,700.0
2022-02-12,Jeremiah Wells,Blood Diamond,700.0,,180.0,,165.0,
2022-02-12,William Knight,Maxim Grishin,500.0,165.0,275.0,300.0,2000.0,800.0
2022-02-12,Kyler Phillips,Marcelo Rojo,275.0,700.0,-110.0,900.0,400.0,2000.0
2022-02-19,Johnny Walker,Jamahal Hill,700.0,550.0,330.0,-135.0,1600.0,1800.0
2022-02-19,Kyle Daukaus,Jamie Pickett,120.0,,600.0,,250.0,
2022-02-19,Parker Porter,Alan Baudot,240.0,800.0,140.0,350.0,550.0,1800.0
2022-02-19,Jim Miller,Nikolas Motta,550.0,240.0,900.0,165.0,350.0,1800.0
2022-02-19,Joaquin Buckley,Abdul Razak Alhassan,450.0,600.0,110.0,240.0,2000.0,2500.0
2022-02-19,Chas Skelly,Mark Striegl,275.0,350.0,600.0,1200.0,165.0,600.0
2022-02-19,Jessica-Rose Clark,Stephanie Egger,110.0,240.0,500.0,1400.0,900.0,900.0
2022-02-19,Gabriel Benitez,David Onama,250.0,500.0,700.0,130.0,1200.0,500.0
2022-02-19,Mario Bautista,Jay Perrin,110.0,550.0,225.0,1400.0,700.0,900.0
2022-02-19,Diana Belbita,Gloria de Paula,,200.0,,550.0,,800.0
2022-02-19,Chad Anheliger,Jesse Strader,275.0,600.0,150.0,400.0,400.0,1400.0
2022-02-19,Jonathan Pearce,Christian Rodriguez,240.0,650.0,120.0,900.0,450.0,1400.0
2022-02-26,Victor Altamirano,Carlos Hernandez,300.0,140.0,1200.0,500.0,500.0,450.0
2022-02-26,Ramiz Brahimaj,Micheal Gillmore,330.0,500.0,700.0,800.0,-125.0,2800.0
2022-02-26,Alejandro Perez,Jonathan Martinez,450.0,120.0,900.0,215.0,1000.0,1200.0
2022-02-26,Islam Makhachev,Bobby Green,275.0,1400.0,350.0,1100.0,-140.0,3500.0
2022-02-26,Josiane Nunes,Ramona Pascual,450.0,,-115.0,,1000.0,
2022-02-26,Rongzhu,Ignacio Bahamondes,,165.0,,200.0,,1200.0
2022-02-26,Armen Petrosyan,Gregory Rodrigues,750.0,600.0,200.0,175.0,1800.0,350.0
2022-02-26,Arman Tsarukyan,Joel Alvarez,165.0,650.0,180.0,900.0,800.0,500.0
2022-02-26,Ji Yeon Kim,Priscila Cachoeira,120.0,300.0,650.0,400.0,700.0,1800.0
2022-02-26,Misha Cirkunov,Wellington Turman,400.0,,500.0,,215.0,
2022-02-26,Terrance McKinney,Fares Ziam,450.0,300.0,225.0,250.0,700.0,800.0
2022-03-05,Kevin Holland,Alex Oliveira,240.0,550.0,120.0,1200.0,400.0,1400.0
2022-03-05,Edson Barboza,Bryce Mitchell,400.0,225.0,300.0,900.0,2200.0,215.0
2022-03-05,Serghei Spivac,Greg Hardy,275.0,650.0,300.0,275.0,330.0,2500.0
2022-03-05,Colby Covington,Jorge Masvidal,-125.0,1000.0,350.0,400.0,800.0,2500.0
2022-03-05,Rafael Dos Anjos,Renato Moicano,200.0,450.0,300.0,900.0,450.0,400.0
2022-03-05,Jalin Turner,Jamie Mullarkey,300.0,500.0,250.0,275.0,450.0,900.0
2022-03-05,Devonte Smith,Ludovit Klein,330.0,500.0,150.0,275.0,1800.0,900.0
2022-03-05,Nicolae Negumereanu,Kennedy Nzechukwu,300.0,400.0,350.0,150.0,900.0,2000.0
2022-03-05,Maryna Moroz,Mariya Agapova,240.0,165.0,1600.0,450.0,800.0,350.0
2022-03-05,Brian Kelleher,Umar Nurmagomedov,1400.0,100.0,1600.0,450.0,1800.0,165.0
2022-03-05,Tim Elliott,Tagir Ulanbekov,450.0,110.0,1400.0,700.0,600.0,330.0
2022-03-05,Dustin Jacoby,Michal Oleksiejczuk,215.0,500.0,165.0,350.0,1600.0,1200.0
2022-03-05,Marina Rodriguez,Yan Xiaonan,-115.0,330.0,300.0,1200.0,1400.0,2000.0
2022-03-12,Marlon Moraes,Song Yadong,500.0,,650.0,,1000.0,
2022-03-12,Sodiq Yusuff,Alex Caceres,130.0,425.0,180.0,900.0,2000.0,1000.0
2022-03-12,Khalil Rountree Jr.,Karl Roberson,,300.0,,200.0,,750.0
2022-03-12,Drew Dober,Terrance McKinney,300.0,850.0,150.0,330.0,800.0,500.0
2022-03-12,Alex Pereira,Bruno Silva,800.0,900.0,-135.0,225.0,1600.0,1600.0
2022-03-12,Matthew Semelsberger,AJ Fletcher,300.0,600.0,120.0,500.0,800.0,550.0
2022-03-12,Thiago Santos,Magomed Ankalaev,1000.0,150.0,650.0,110.0,2800.0,800.0
2022-03-12,Trevin Jones,Javid Basharat,350.0,275.0,450.0,330.0,650.0,350.0
2022-03-12,Damon Jackson,Kamuela Kirk,200.0,,1100.0,,400.0,
2022-03-12,Sabina Mazo,Miranda Maverick,400.0,-135.0,1100.0,500.0,1800.0,450.0
2022-03-12,Dalcha Lungiambula,Cody Brundage,380.0,240.0,165.0,650.0,900.0,700.0
2022-03-12,Kris Moutinho,Guido Cannetti,250.0,275.0,250.0,650.0,500.0,750.0
2022-03-12,Tafon Nchukwi,Azamat Murzakanov,380.0,330.0,350.0,140.0,2500.0,700.0
2022-03-12,JJ Aldrich,Gillian Robertson,180.0,330.0,650.0,850.0,1200.0,200.0
2022-03-19,Alexander Volkov,Tom Aspinall,300.0,400.0,300.0,180.0,1200.0,800.0
2022-03-19,Arnold Allen,Dan Hooker,180.0,200.0,450.0,400.0,900.0,1200.0
2022-03-19,Paddy Pimblett,Kazula Vargas,300.0,950.0,150.0,850.0,165.0,3400.0
2022-03-19,Gunnar Nelson,Takashi Sato,250.0,900.0,700.0,700.0,-135.0,3500.0
2022-03-19,Molly McCann,Luana Carolina,100.0,200.0,900.0,800.0,1100.0,1100.0
2022-03-19,Mike Grundy,Makwan Amirkhani,120.0,350.0,650.0,1400.0,400.0,550.0
2022-03-19,Shamil Abdurakhimov,Sergei Pavlovich,600.0,850.0,800.0,-225.0,1400.0,1600.0
2022-03-19,Nikita Krylov,Paul Craig,330.0,550.0,165.0,900.0,400.0,350.0
2022-03-19,Jack Shore,Timur Valiev,180.0,,900.0,,550.0,
2022-03-19,Cory McKenna,Elise Reed,-120.0,350.0,450.0,1100.0,700.0,1600.0
2022-03-19,Muhammad Mokaev,Cody Durden,200.0,650.0,240.0,1200.0,215.0,1400.0
2022-03-19,Jai Herbert,Ilia Topuria,1000.0,550.0,750.0,165.0,4000.0,110.0
2022-03-26,Curtis Blaydes,Chris Daukaus,240.0,1600.0,-120.0,500.0,800.0,1600.0
2022-03-26,Neil Magny,Max Griffin,-120.0,475.0,450.0,650.0,700.0,1500.0
2022-03-26,Matt Brown,Bryan Barberena,450.0,300.0,165.0,250.0,1100.0,800.0
2022-03-26,Askar Askarov,Kai Kara-France,-135.0,650.0,700.0,700.0,330.0,2200.0
2022-03-26,Marc Diakiese,Viacheslav Borshchev,350.0,330.0,300.0,150.0,1300.0,1800.0
2022-03-26,Joanne Wood,Alexa Grasso,,-140.0,,550.0,,700.0
2022-03-26,Chris Gutierrez,Batgerel Danaa,200.0,350.0,500.0,165.0,1200.0,1400.0
2022-03-26,Luis Saldana,Bruno Souza,225.0,130.0,475.0,650.0,1200.0,900.0
2022-03-26,Matheus Nicolau,David Dvorak,215.0,150.0,800.0,650.0,600.0,650.0
2022-03-26,Sara McMann,Karol Rosa,350.0,120.0,1400.0,400.0,700.0,450.0
2022-03-26,Aliaskhab Khizriev,Denis Tiuliulin,550.0,2600.0,180.0,700.0,-135.0,3300.0
2022-03-26,Jennifer Maia,Manon Fiorot,550.0,-135.0,2000.0,215.0,1600.0,1800.0
2022-04-09,Alexander Volkanovski,Chan Sung Jung,-120.0,1600.0,165.0,900.0,1000.0,1800.0
2022-04-09,Aljamain Sterling,Petr Yan,700.0,140.0,1600.0,140.0,1000.0,1000.0
2022-04-09,Mackenzie Dern,Tecia Torres,350.0,120.0,1200.0,1100.0,200.0,2500.0
2022-04-09,Ian Garry,Darian Weeks,200.0,750.0,120.0,600.0,700.0,2000.0
2022-04-09,Gilbert Burns,Khamzat Chimaev,800.0,380.0,1100.0,110.0,1400.0,275.0
2022-04-09,Aspen Ladd,Raquel Pennington,240.0,-105.0,800.0,900.0,1600.0,700.0
2022-04-09,Aleksei Oleinik,Jared Vanderaa,750.0,,1000.0,,175.0,
2022-04-09,Piera Rodriguez,Kay Hansen,140.0,225.0,450.0,1100.0,1400.0,500.0
2022-04-09,Julio Arce,Daniel Santos,140.0,400.0,450.0,450.0,500.0,1000.0
2022-04-09,Anthony Hernandez,Josh Fremd,500.0,900.0,275.0,250.0,175.0,1200.0
2022-04-09,Vinc Pichel,Mark Madsen,165.0,215.0,400.0,700.0,1200.0,600.0
2022-04-16,Devin Clark,William Knight,140.0,400.0,350.0,330.0,1000.0,1600.0
2022-04-16,Vicente Luque,Belal Muhammad,350.0,250.0,240.0,900.0,350.0,1000.0
2022-04-16,Caio Borralho,Gadzhi Omargadzhiev,300.0,275.0,400.0,300.0,600.0,550.0
2022-04-16,Miguel Baeza,Andre Fialho,250.0,450.0,225.0,300.0,600.0,2000.0
2022-04-16,Pat Sabatini,TJ Laramie,150.0,650.0,550.0,1000.0,140.0,3500.0
2022-04-16,Mounir Lazzez,Ange Loosa,130.0,330.0,275.0,500.0,1600.0,1800.0
2022-04-16,Lina Lansberg,Pannie Kianzad,500.0,-200.0,1800.0,400.0,2500.0,1000.0
2022-04-16,Rafa Garcia,Jesse Ronson,200.0,215.0,600.0,350.0,800.0,700.0
2022-04-16,Chris Barnett,Martin Buday,800.0,400.0,300.0,100.0,2800.0,550.0
2022-04-16,Jordan Leavitt,Trey Ogden,400.0,,700.0,,300.0,
2022-04-16,Istela Nunes,Sam Hughes,-110.0,300.0,400.0,1600.0,1100.0,900.0
2022-04-16,Alatengheili,Kevin Croom,,300.0,,900.0,,700.0
2022-04-16,Drakkar Klose,Brandon Jenkins,140.0,1000.0,110.0,1100.0,900.0,2200.0
2022-04-23,Amanda Lemos,Jessica Andrade,650.0,275.0,350.0,150.0,1400.0,550.0
2022-04-23,Clay Guida,Claudio Puelles,165.0,200.0,600.0,700.0,1200.0,450.0
2022-04-23,Maycee Barber,Montana De La Rosa,130.0,240.0,350.0,1800.0,1000.0,800.0
2022-04-23,Lando Vannata,Charles Jourdain,200.0,200.0,500.0,350.0,1000.0,1400.0
2022-04-23,Jordan Wright,Marc-Andre Barriault,600.0,275.0,350.0,140.0,750.0,900.0
2022-04-23,Dwight Grant,Sergey Khandozhko,250.0,175.0,300.0,450.0,2000.0,900.0
2022-04-23,Aoriqileng,Cameron Else,250.0,600.0,150.0,450.0,600.0,650.0
2022-04-23,Preston Parsons,Evan Elder,350.0,450.0,700.0,225.0,200.0,1000.0
2022-04-23,Marcin Prachnio,Philipe Lins,400.0,380.0,175.0,275.0,1100.0,800.0
2022-04-23,Dean Barry,Mike Jackson,240.0,1500.0,-165.0,1400.0,450.0,3500.0
2022-04-23,Tyson Pedro,Ike Villanueva,600.0,1400.0,-115.0,700.0,180.0,3500.0
2022-04-30,Rob Font,Marlon Vera,150.0,275.0,400.0,400.0,1500.0,550.0
2022-04-30,Andrei Arlovski,Jake Collier,,275.0,,350.0,,1000.0
2022-04-30,Andre Fili,Joanderson Brito,165.0,300.0,180.0,1100.0,900.0,1400.0
2022-04-30,Jared Gordon,Grant Dawson,240.0,,800.0,,2000.0,
2022-04-30,Darren Elkins,Tristan Connelly,130.0,300.0,475.0,800.0,550.0,800.0
2022-04-30,Alexandr Romanov,Chase Sherman,750.0,2500.0,110.0,1800.0,-105.0,4000.0
2022-04-30,Daniel Lacerda,Francisco Figueiredo,330.0,275.0,250.0,425.0,450.0,700.0
2022-04-30,Gabe Green,Yohan Lainesse,300.0,600.0,275.0,200.0,450.0,1200.0
2022-04-30,Natan Levy,Mike Breeden,120.0,350.0,650.0,500.0,350.0,2000.0
2022-04-30,Gina Mazany,Shanna Young,165.0,275.0,350.0,900.0,450.0,1000.0
2022-04-30,Krzysztof Jotko,Gerald Meerschaert,130.0,550.0,275.0,1200.0,1600.0,300.0
2022-05-07,Charles Oliveira,Justin Gaethje,550.0,800.0,700.0,165.0,140.0,2500.0
2022-05-07,Rose Namajunas,Carla Esparza,150.0,260.0,300.0,1200.0,550.0,1200.0
2022-05-07,Michael Chandler,Tony Ferguson,215.0,550.0,100.0,900.0,800.0,1300.0
2022-05-07,Mauricio Rua,Ovince Saint Preux,475.0,330.0,500.0,200.0,1600.0,275.0
2022-05-07,Randy Brown,Khaos Williams,275.0,350.0,350.0,190.0,550.0,2000.0
2022-05-07,Francisco Trinaldo,Danny Roberts,200.0,225.0,450.0,350.0,800.0,1400.0
2022-05-07,Macy Chiasson,Norma Dumont,330.0,110.0,700.0,450.0,1800.0,500.0
2022-05-07,Brandon Royval,Matt Schnell,330.0,400.0,350.0,1000.0,140.0,800.0
2022-05-07,Blagoy Ivanov,Marcos Rogerio de Lima,250.0,500.0,250.0,250.0,475.0,1000.0
2022-05-07,Andre Fialho,Cameron VanCamp,275.0,,-135.0,,800.0,
2022-05-07,Tracy Cortez,Melissa Gatto,130.0,275.0,900.0,650.0,700.0,500.0
2022-05-07,Kleydson Rodrigues,CJ Vergara,130.0,600.0,215.0,700.0,450.0,2200.0
2022-05-07,Ariane Carnelossi,Loopy Godinez,330.0,-105.0,600.0,900.0,1100.0,650.0
2022-05-07,Journey Newson,Fernie Garcia,250.0,200.0,500.0,350.0,800.0,550.0
2022-05-14,Jan Blachowicz,Aleksandar Rakic,450.0,200.0,425.0,180.0,1000.0,1000.0
2022-05-14,Ryan Spann,Ion Cutelaba,600.0,,400.0,,900.0,
2022-05-14,Davey Grant,Louis Smolka,350.0,650.0,-110.0,900.0,700.0,650.0
2022-05-14,Katlyn Chookagian,Amanda Ribas,110.0,240.0,450.0,1200.0,1200.0,800.0
2022-05-14,Frank Camacho,Manuel Torres,380.0,550.0,275.0,165.0,900.0,400.0
2022-05-14,Jake Hadley,Allan Nascimento,110.0,450.0,650.0,1100.0,500.0,400.0
2022-05-14,Viviane Araujo,Andrea Lee,175.0,130.0,750.0,700.0,1100.0,1200.0
2022-05-14,Michael Johnson,Alan Patrick,200.0,275.0,225.0,650.0,1700.0,750.0
2022-05-14,Virna Jandiroba,Angela Hill,140.0,225.0,1000.0,1000.0,250.0,3500.0
2022-05-14,Tatsuro Taira,Carlos Candelario,175.0,400.0,400.0,1000.0,200.0,1600.0
2022-05-14,Nick Maximov,Andre Petroski,120.0,500.0,330.0,1400.0,330.0,1200.0
2022-05-21,Holly Holm,Ketlen Vieira,-115.0,380.0,330.0,1200.0,2200.0,800.0
2022-05-21,Santiago Ponzinibbio,Michel Pereira,240.0,165.0,450.0,350.0,1600.0,1000.0
2022-05-21,Chidi Njokuani,Dusko Todorovic,300.0,500.0,-110.0,600.0,1200.0,900.0
2022-05-21,Polyana Viana,Tabatha Ricci,250.0,180.0,800.0,700.0,400.0,500.0
2022-05-21,Eryk Anders,JunYong Park,330.0,110.0,500.0,350.0,2200.0,900.0
2022-05-21,Jailton Almeida,Parker Porter,450.0,1100.0,225.0,900.0,-110.0,2000.0
2022-05-21,Omar Morales,Uros Medic,330.0,500.0,215.0,240.0,550.0,1400.0
2022-05-21,Jonathan Martinez,Vince Morales,-115.0,330.0,350.0,215.0,1100.0,550.0
2022-05-21,Chase Hooper,Felipe Colares,350.0,140.0,1100.0,450.0,500.0,500.0
2022-05-21,Elise Reed,Sam Hughes,110.0,200.0,600.0,1200.0,1200.0,1000.0
2022-05-21,Joseph Holmes,Alen Amedovski,380.0,500.0,275.0,350.0,200.0,1600.0
2022-06-04,Ode Osbourne,Zarrukh Adashev,225.0,350.0,200.0,450.0,600.0,2000.0
2022-06-04,Alexander Volkov,Jairzinho Rozenstruik,140.0,700.0,300.0,215.0,1400.0,3500.0
2022-06-04,Dan Ige,Movsar Evloev,500.0,-200.0,1000.0,600.0,2200.0,900.0
2022-06-04,Michael Trizano,Lucas Almeida,-105.0,450.0,650.0,800.0,600.0,700.0
2022-06-04,Karine Silva,Poliana Botelho,215.0,225.0,550.0,400.0,400.0,1200.0
2022-06-04,Alonzo Menifield,Askar Mozharov,800.0,1400.0,-125.0,250.0,450.0,2500.0
2022-06-04,Erin Blanchfield,JJ Aldrich,-175.0,650.0,600.0,900.0,450.0,2500.0
2022-06-04,Joe Solecki,Alex Da Silva,180.0,215.0,800.0,550.0,275.0,400.0
2022-06-04,Damon Jackson,Dan Argueta,225.0,,550.0,,-125.0,
2022-06-04,Niklas Stolze,Benoit Saint Denis,350.0,,500.0,,700.0,
2022-06-04,Johnny Munoz,Tony Gravely,,250.0,,240.0,,1100.0
2022-06-04,Jeff Molina,Zhalgas Zhumagulov,120.0,300.0,400.0,500.0,700.0,1400.0
2022-06-04,Rinat Fakhretdinov,Andreas Michailidis,275.0,550.0,120.0,550.0,550.0,1400.0
2022-06-04,Felice Herrig,Karolina Kowalkiewicz,150.0,140.0,1600.0,800.0,500.0,1400.0
2022-06-11,Glover Teixeira,Jiri Prochazka,900.0,650.0,800.0,-135.0,330.0,1600.0
2022-06-11,Valentina Shevchenko,Taila Santos,110.0,900.0,180.0,1600.0,450.0,1800.0
2022-06-11,Zhang Weili,Joanna Jedrzejczyk,120.0,200.0,400.0,900.0,1200.0,2800.0
2022-06-11,Andre Fialho,Jake Matthews,600.0,215.0,120.0,1000.0,2000.0,600.0
2022-06-11,Jack Della Maddalena,Ramazan Emeev,150.0,240.0,275.0,1200.0,1400.0,900.0
2022-06-11,SeungWoo Choi,Josh Culibao,165.0,350.0,175.0,700.0,1800.0,1600.0
2022-06-11,Maheshate,Steve Garcia,450.0,300.0,330.0,175.0,2500.0,450.0
2022-06-11,Brendan Allen,Jacob Malkoun,250.0,550.0,330.0,750.0,165.0,1100.0
2022-06-18,Calvin Kattar,Josh Emmett,,450.0,,425.0,,2000.0
2022-06-18,Tim Means,Kevin Holland,450.0,175.0,600.0,180.0,2000.0,500.0
2022-06-18,Joaquin Buckley,Albert Duraev,650.0,250.0,330.0,380.0,2800.0,200.0
2022-06-18,Damir Ismagulov,Guram Kutateladze,100.0,350.0,425.0,350.0,2000.0,1600.0
2022-06-18,Julian Marquez,Gregory Rodrigues,550.0,330.0,330.0,225.0,800.0,400.0
2022-06-18,Adrian Yanez,Tony Kelley,175.0,475.0,130.0,900.0,900.0,1100.0
2022-06-18,Eddie Wineland,Cody Stamann,900.0,105.0,850.0,165.0,3500.0,700.0
2022-06-18,Court McGee,Jeremiah Wells,150.0,300.0,650.0,400.0,1200.0,400.0
2022-06-18,Ricardo Ramos,Danny Chavez,-105.0,550.0,550.0,500.0,380.0,2200.0
2022-06-18,Maria Oliveira,Gloria de Paula,,-115.0,,350.0,,1200.0
2022-06-18,Phil Hawes,Deron Winn,250.0,450.0,120.0,600.0,750.0,1800.0
2022-06-18,Roman Dolidze,Kyle Daukaus,380.0,165.0,800.0,450.0,1100.0,250.0
2022-06-18,Jasmine Jasudavicius,Natalia Silva,105.0,400.0,400.0,1400.0,600.0,600.0
2022-06-25,Nate Maness,Umar Nurmagomedov,1200.0,150.0,1800.0,400.0,2500.0,100.0
2022-06-25,Arman Tsarukyan,Mateusz Gamrot,165.0,475.0,225.0,750.0,500.0,1100.0
2022-06-25,Neil Magny,Shavkat Rakhmonov,500.0,300.0,1400.0,120.0,2200.0,275.0
2022-06-25,Josh Parisian,Alan Baudot,240.0,450.0,300.0,200.0,1000.0,1600.0
2022-06-25,Chris Curtis,Rodolfo Vieira,1000.0,900.0,100.0,1000.0,2200.0,150.0
2022-06-25,Thiago Moises,Christos Giagos,175.0,350.0,450.0,900.0,225.0,1800.0
2022-06-25,Shayilan Nuerdanbieke,TJ Brown,300.0,140.0,800.0,600.0,1300.0,300.0
2022-06-25,Vanessa Demopoulos,Jinh Yu Frey,400.0,-110.0,1600.0,550.0,550.0,600.0
2022-06-25,Raulian Paiva,Sergey Morozov,330.0,150.0,425.0,350.0,900.0,900.0
2022-06-25,JP Buys,Cody Durden,300.0,240.0,550.0,400.0,300.0,850.0
2022-06-25,Brian Kelleher,Mario Bautista,425.0,165.0,600.0,330.0,550.0,600.0
2022-06-25,Carlos Ulberg,Tafon Nchukwi,380.0,,240.0,,1800.0,
2022-07-02,Israel Adesanya,Jared Cannonier,120.0,1100.0,130.0,650.0,1400.0,2500.0
2022-07-02,Alexander Volkanovski,Max Holloway,100.0,300.0,400.0,550.0,1600.0,2000.0
2022-07-02,Sean Strickland,Alex Pereira,240.0,500.0,330.0,170.0,800.0,2800.0
2022-07-02,Robbie Lawler,Bryan Barberena,180.0,215.0,400.0,350.0,2800.0,1600.0
2022-07-02,Brad Riddell,Jalin Turner,350.0,450.0,300.0,150.0,1800.0,600.0
2022-07-02,Jim Miller,Donald Cerrone,275.0,550.0,250.0,350.0,300.0,900.0
2022-07-02,Ian Garry,Gabe Green,165.0,330.0,250.0,600.0,900.0,1000.0
2022-07-02,Brad Tavares,Dricus Du Plessis,225.0,400.0,650.0,140.0,2500.0,650.0
2022-07-02,Uriah Hall,Andre Muniz,1000.0,400.0,400.0,350.0,2800.0,-110.0
2022-07-02,Jessica Eye,Maycee Barber,400.0,-150.0,1200.0,350.0,1600.0,1100.0
2022-07-02,Jessica-Rose Clark,Julija Stoliarenko,120.0,300.0,550.0,1200.0,1100.0,400.0
2022-07-09,Rafael Dos Anjos,Rafael Fiziev,425.0,140.0,850.0,225.0,600.0,2200.0
2022-07-09,Caio Borralho,Armen Petrosyan,200.0,600.0,300.0,350.0,225.0,2800.0
2022-07-09,Douglas Silva de Andrade,Said Nurmagomedov,800.0,200.0,700.0,180.0,1700.0,250.0
2022-07-09,Jared Vanderaa,Chase Sherman,,550.0,,330.0,,2000.0
2022-07-09,Aiemann Zahabi,Ricky Turcios,450.0,130.0,400.0,330.0,1100.0,900.0
2022-07-09,Cody Brundage,Tresean Gore,,225.0,,240.0,,1100.0
2022-07-09,Antonina Shevchenko,Cortney Casey,120.0,275.0,400.0,1000.0,900.0,700.0
2022-07-09,David Onama,Garrett Armfield,200.0,1200.0,-110.0,1200.0,400.0,2500.0
2022-07-09,Kennedy Nzechukwu,Karl Roberson,200.0,550.0,240.0,350.0,1600.0,500.0
2022-07-09,Ronnie Lawrence,Saidyokub Kakhramonov,150.0,300.0,700.0,350.0,800.0,650.0
2022-07-09,Michael Johnson,Jamie Mullarkey,600.0,300.0,350.0,130.0,2500.0,550.0
2022-07-16,Lauren Murphy,Miesha Tate,240.0,-105.0,1200.0,900.0,1600.0,500.0
2022-07-16,Brian Ortega,Yair Rodriguez,275.0,350.0,550.0,350.0,200.0,2200.0
2022-07-16,Michelle Waterson-Gomez,Amanda Lemos,,-105.0,,240.0,,1100.0
2022-07-16,Li Jingliang,Muslim Salikhov,,150.0,,275.0,,1200.0
2022-07-16,Matt Schnell,Sumudaerji,500.0,,1600.0,,600.0,
2022-07-16,Shane Burgos,Charles Jourdain,225.0,400.0,215.0,400.0,800.0,900.0
2022-07-16,Ricky Simon,Jack Shore,200.0,120.0,900.0,600.0,1400.0,500.0
2022-07-16,Bill Algeo,Herbert Burns,180.0,600.0,200.0,1100.0,800.0,330.0
2022-07-16,Dustin Jacoby,Da Woon Jung,250.0,275.0,300.0,240.0,2000.0,1200.0
2022-07-16,Dwight Grant,Dustin Stoltzfus,300.0,275.0,240.0,700.0,1800.0,300.0
2022-07-16,Jessica Penne,Emily Ducote,275.0,150.0,2000.0,400.0,450.0,650.0
2022-07-16,Punahele Soriano,Dalcha Lungiambula,240.0,500.0,140.0,400.0,1000.0,1600.0
2022-07-23,Nikita Krylov,Alexander Gustafsson,275.0,450.0,250.0,400.0,275.0,1200.0
2022-07-23,Paddy Pimblett,Jordan Leavitt,380.0,500.0,165.0,1400.0,275.0,600.0
2022-07-23,Molly McCann,Hannah Goldy,-175.0,650.0,350.0,1600.0,900.0,1400.0
2022-07-23,Curtis Blaydes,Tom Aspinall,500.0,650.0,240.0,140.0,1400.0,550.0
2022-07-23,Jack Hermansson,Chris Curtis,240.0,330.0,550.0,215.0,450.0,2500.0
2022-07-23,Paul Craig,Volkan Oezdemir,900.0,380.0,800.0,140.0,200.0,1800.0
2022-07-23,Mason Jones,Ludovit Klein,165.0,800.0,130.0,700.0,650.0,2000.0
2022-07-23,Marc Diakiese,Damir Hadzovic,120.0,,140.0,,1200.0,
2022-07-23,Nathaniel Wood,Charles Rosa,-165.0,1000.0,350.0,1800.0,550.0,1100.0
2022-07-23,Makwan Amirkhani,Jonathan Pearce,650.0,240.0,1100.0,175.0,300.0,600.0
2022-07-23,Muhammad Mokaev,Charles Johnson,140.0,800.0,350.0,1100.0,180.0,2000.0
2022-07-23,Jai Herbert,Kyle Nelson,330.0,1000.0,-115.0,400.0,1400.0,1100.0
2022-07-23,Mandy Bohm,Victoria Leonardo,150.0,215.0,800.0,900.0,650.0,500.0
2022-07-23,Claudio Silva,Nicolas Dalby,450.0,140.0,1400.0,215.0,450.0,2000.0
2022-07-30,Julianna Pena,Amanda Nunes,600.0,330.0,1100.0,110.0,650.0,550.0
2022-07-30,Brandon Moreno,Kai Kara-France,130.0,,500.0,,350.0,
2022-07-30,Derrick Lewis,Sergei Pavlovich,900.0,800.0,165.0,-105.0,2500.0,1600.0
2022-07-30,Alexandre Pantoja,Alex Perez,175.0,350.0,450.0,700.0,300.0,900.0
2022-07-30,Magomed Ankalaev,Anthony Smith,-110.0,1000.0,165.0,1200.0,1100.0,1400.0
2022-07-30,Drew Dober,Rafael Alves,350.0,500.0,130.0,700.0,1400.0,350.0
2022-07-30,Drakkar Klose,Rafa Garcia,100.0,380.0,300.0,1100.0,1600.0,700.0
2022-07-30,Michael Morales,Adam Fugitt,275.0,1100.0,-135.0,1100.0,500.0,1600.0
2022-07-30,Joselyne Edwards,Ji Yeon Kim,,150.0,,1000.0,,1200.0
2022-07-30,Nicolae Negumereanu,Ihor Potieria,300.0,450.0,300.0,250.0,650.0,550.0
2022-07-30,Orion Cosce,Blood Diamond,420.0,450.0,195.0,330.0,420.0,2800.0
2022-07-30,Alex Morono,Matthew Semelsberger,225.0,200.0,800.0,225.0,1100.0,1400.0
2022-08-06,Mohammed Usman,Zac Pauga,600.0,150.0,600.0,180.0,1100.0,700.0
2022-08-06,Thiago Santos,Jamahal Hill,750.0,500.0,450.0,-175.0,1800.0,1800.0
2022-08-06,Vicente Luque,Geoff Neal,240.0,500.0,240.0,330.0,400.0,1800.0
2022-08-06,Brogan Walker,Juliana Miller,140.0,140.0,1400.0,1400.0,1100.0,500.0
2022-08-06,Terrance McKinney,Erick Gonzalez,550.0,1600.0,120.0,1100.0,130.0,2800.0
2022-08-06,Sam Alvey,Michal Oleksiejczuk,900.0,175.0,1200.0,-125.0,2500.0,1100.0
2022-08-06,Bryan Battle,Takashi Sato,120.0,650.0,650.0,425.0,215.0,1800.0
2022-08-06,Cory McKenna,Miranda Granger,100.0,275.0,800.0,1100.0,500.0,900.0
2022-08-06,Mayra Bueno Silva,Stephanie Egger,,165.0,,800.0,,550.0
2022-08-06,Augusto Sakai,Serghei Spivac,550.0,300.0,550.0,175.0,2200.0,275.0
2022-08-13,Bruno Silva,Gerald Meerschaert,450.0,750.0,-150.0,1400.0,1200.0,450.0
2022-08-13,Marlon Vera,Dominick Cruz,140.0,300.0,250.0,900.0,800.0,2500.0
2022-08-13,Nate Landwehr,David Onama,650.0,275.0,800.0,110.0,1400.0,450.0
2022-08-13,Yazmin Jauregui,Iasmin Lucindo,140.0,300.0,240.0,1000.0,1100.0,1200.0
2022-08-13,Devin Clark,Azamat Murzakanov,300.0,400.0,500.0,140.0,800.0,800.0
2022-08-13,Priscila Cachoeira,Ariane Lipski,350.0,140.0,550.0,400.0,1800.0,450.0
2022-08-13,Martin Buday,Lukasz Brzeski,240.0,550.0,110.0,800.0,800.0,1200.0
2022-08-13,Cynthia Calvillo,Nina Nunes,140.0,225.0,800.0,900.0,300.0,2500.0
2022-08-13,Gabriel Benitez,Charlie Ontiveros,800.0,1200.0,-190.0,400.0,700.0,2000.0
2022-08-13,Ode Osbourne,Tyson Nam,215.0,600.0,150.0,650.0,350.0,2800.0
2022-08-13,Jason Witt,Josh Quinlan,350.0,350.0,1400.0,100.0,1200.0,650.0
2022-08-13,Angela Hill,Loopy Godinez,400.0,-190.0,1200.0,1000.0,3500.0,500.0
2022-08-20,Jose Aldo,Merab Dvalishvili,250.0,130.0,400.0,550.0,1400.0,1200.0
2022-08-20,Wu Yanan,Lucie Pudilova,165.0,120.0,900.0,900.0,1100.0,1100.0
2022-08-20,Kamaru Usman,Leon Edwards,-110.0,700.0,240.0,500.0,1200.0,2500.0
2022-08-20,Paulo Costa,Luke Rockhold,400.0,700.0,-165.0,1100.0,1600.0,900.0
2022-08-20,Tyson Pedro,Harry Hunsucker,1400.0,1600.0,-250.0,900.0,300.0,2200.0
2022-08-20,Daniel Lacerda,Victor Altamirano,,400.0,,400.0,,200.0
2022-08-20,Leonardo Santos,Jared Gordon,700.0,140.0,600.0,200.0,700.0,900.0
2022-08-20,AJ Fletcher,Ange Loosa,165.0,275.0,400.0,550.0,600.0,1000.0
2022-08-20,Amir Albazi,Francisco Figueiredo,110.0,750.0,275.0,1400.0,330.0,1200.0
2022-08-20,Aoriqileng,Jay Perrin,150.0,250.0,330.0,600.0,1800.0,800.0
2022-08-20,Marcin Tybura,Alexandr Romanov,550.0,225.0,900.0,150.0,1800.0,350.0
2022-09-03,Ciryl Gane,Tai Tuivasa,215.0,1400.0,100.0,600.0,450.0,3500.0
2022-09-03,Robert Whittaker,Marvin Vettori,-120.0,330.0,400.0,1100.0,1800.0,900.0
2022-09-03,Nassourdine Imavov,Joaquin Buckley,215.0,500.0,175.0,400.0,450.0,3500.0
2022-09-03,Alessio Di Chirico,Roman Kopylov,240.0,180.0,400.0,350.0,700.0,2000.0
2022-09-03,Charles Jourdain,Nathaniel Wood,225.0,250.0,240.0,900.0,800.0,700.0
2022-09-03,William Gomis,Jarno Errens,,450.0,,600.0,,900.0
2022-09-03,John Makdessi,Nasrat Haqparast,350.0,110.0,600.0,250.0,3500.0,2000.0
2022-09-03,Fares Ziam,Michal Figlak,275.0,100.0,800.0,500.0,1400.0,800.0
2022-09-03,Benoit Saint Denis,Gabriel Miranda,300.0,900.0,200.0,1600.0,225.0,400.0
2022-09-03,Khalid Taha,Cristian Quinonez,225.0,215.0,330.0,400.0,900.0,900.0
2022-09-03,Stephanie Egger,Ailin Perez,225.0,475.0,300.0,650.0,225.0,1100.0
2022-09-03,Abus Magomedov,Dustin Stoltzfus,180.0,500.0,175.0,1400.0,450.0,700.0
2022-09-10,Johnny Walker,Ion Cutelaba,900.0,,250.0,,1400.0,
2022-09-10,Nate Diaz,Tony Ferguson,300.0,225.0,425.0,250.0,650.0,1000.0
2022-09-10,Khamzat Chimaev,Kevin Holland,300.0,1300.0,120.0,650.0,215.0,1500.0
2022-09-10,Li Jingliang,Daniel Rodriguez,350.0,165.0,350.0,250.0,1500.0,1000.0
2022-09-10,Irene Aldana,Macy Chiasson,140.0,275.0,300.0,600.0,1100.0,1600.0
2022-09-10,Hakeem Dawodu,Julian Erosa,165.0,450.0,200.0,800.0,1200.0,650.0
2022-09-10,Melissa Martinez,Elise Reed,130.0,225.0,350.0,650.0,1300.0,1700.0
2022-09-10,Denis Tiuliulin,Jamie Pickett,300.0,215.0,300.0,275.0,1500.0,1200.0
2022-09-10,Jake Collier,Chris Barnett,175.0,750.0,140.0,650.0,400.0,3000.0
2022-09-10,Norma Dumont,Danyelle Wolf,100.0,550.0,475.0,850.0,275.0,3000.0
2022-09-10,Chad Anheliger,Alatengheili,275.0,165.0,500.0,300.0,1500.0,750.0
2022-09-10,Darian Weeks,Yohan Lainesse,350.0,400.0,250.0,240.0,650.0,850.0
2022-09-10,Jailton Almeida,Anton Turkalj,400.0,1600.0,225.0,900.0,-110.0,1700.0
2022-09-17,Tanner Boser,Rodrigo Nascimento,300.0,700.0,140.0,800.0,1600.0,300.0
2022-09-17,Cory Sandhagen,Song Yadong,110.0,450.0,350.0,400.0,900.0,1800.0
2022-09-17,Andre Fili,Bill Algeo,180.0,180.0,380.0,700.0,1400.0,800.0
2022-09-17,Joe Pyfer,Alen Amedovski,600.0,1000.0,-190.0,800.0,450.0,2500.0
2022-09-17,Anthony Hernandez,Marc-Andre Barriault,175.0,500.0,550.0,400.0,240.0,1200.0
2022-09-17,Chidi Njokuani,Gregory Rodrigues,380.0,600.0,165.0,275.0,1400.0,450.0
2022-09-17,Trevin Giles,Louis Cosce,275.0,500.0,140.0,400.0,700.0,1200.0
2022-09-17,Nikolas Motta,Cameron VanCamp,350.0,550.0,140.0,650.0,1600.0,300.0
2022-09-17,Tony Gravely,Javid Basharat,330.0,300.0,450.0,275.0,1400.0,300.0
2022-09-17,Damon Jackson,Pat Sabatini,275.0,120.0,1400.0,700.0,900.0,400.0
2022-09-17,Trey Ogden,Daniel Zellhuber,650.0,180.0,1600.0,120.0,900.0,750.0
2022-09-17,Denise Gomes,Loma Lookboonmee,330.0,-115.0,600.0,400.0,1800.0,1600.0
2022-09-17,Mariya Agapova,Gillian Robertson,350.0,400.0,400.0,700.0,800.0,150.0
2022-10-01,Mackenzie Dern,Yan Xiaonan,400.0,,1200.0,,-115.0,
2022-10-01,Randy Brown,Francisco Trinaldo,140.0,500.0,225.0,900.0,450.0,1800.0
2022-10-01,Raoni Barcelos,Trevin Jones,140.0,500.0,275.0,600.0,600.0,1000.0
2022-10-01,Mike Davis,Viacheslav Borshchev,250.0,380.0,175.0,380.0,600.0,2200.0
2022-10-01,Sodiq Yusuff,Don Shainis,200.0,1200.0,-175.0,1600.0,1200.0,3500.0
2022-10-01,Ilir Latifi,Aleksei Oleinik,300.0,,150.0,,800.0,
2022-10-01,Joaquim Silva,Jesse Ronson,400.0,400.0,225.0,300.0,400.0,700.0
2022-10-01,Krzysztof Jotko,Brendan Allen,140.0,300.0,500.0,500.0,1800.0,400.0
2022-10-01,Julija Stoliarenko,Chelsea Chandler,225.0,200.0,1100.0,500.0,300.0,1100.0
2022-10-01,Guido Cannetti,Randy Costa,800.0,650.0,500.0,-165.0,1200.0,900.0
2022-10-01,John Castaneda,Daniel Santos,140.0,400.0,380.0,450.0,500.0,1400.0
2022-10-15,Alexa Grasso,Viviane Araujo,120.0,275.0,350.0,1100.0,650.0,1400.0
2022-10-15,Cub Swanson,Jonathan Martinez,400.0,150.0,475.0,225.0,1400.0,1200.0
2022-10-15,Jordan Wright,Dusko Todorovic,1600.0,,250.0,,900.0,
2022-10-15,Raphael Assuncao,Victor Henry,550.0,130.0,1800.0,150.0,1200.0,1000.0
2022-10-15,Misha Cirkunov,Alonzo Menifield,650.0,500.0,900.0,-110.0,350.0,1100.0
2022-10-15,Mana Martinez,Brandon Davis,150.0,300.0,225.0,600.0,1200.0,650.0
2022-10-15,Joanderson Brito,Lucas Alexander,350.0,,120.0,,250.0,
2022-10-15,Piera Rodriguez,Sam Hughes,110.0,215.0,550.0,1200.0,900.0,1000.0
2022-10-15,Tatsuro Taira,CJ Vergara,100.0,450.0,900.0,550.0,300.0,2500.0
2022-10-15,Mike Jackson,Pete Rodriguez,1800.0,110.0,850.0,550.0,2000.0,900.0
2022-10-15,Nick Maximov,Jacob Malkoun,175.0,175.0,900.0,900.0,400.0,950.0
2022-10-22,Charles Oliveira,Islam Makhachev,1200.0,425.0,550.0,300.0,330.0,200.0
2022-10-22,Aljamain Sterling,TJ Dillashaw,120.0,300.0,1000.0,500.0,400.0,1800.0
2022-10-22,Petr Yan,Sean O'Malley,100.0,,250.0,,1400.0,
2022-10-22,Beneil Dariush,Mateusz Gamrot,350.0,130.0,750.0,350.0,1100.0,600.0
2022-10-22,Katlyn Chookagian,Manon Fiorot,250.0,-105.0,1200.0,350.0,2000.0,2500.0
2022-10-22,Belal Muhammad,Sean Brady,165.0,150.0,900.0,600.0,1800.0,550.0
2022-10-22,Volkan Oezdemir,Nikita Krylov,550.0,330.0,275.0,330.0,2000.0,275.0
2022-10-22,Abubakar Nurmagomedov,Gadzhi Omargadzhiev,140.0,300.0,550.0,700.0,450.0,750.0
2022-10-22,Armen Petrosyan,AJ Dobson,350.0,650.0,100.0,300.0,2000.0,1200.0
2022-10-22,Muhammad Mokaev,Malcolm Gordon,225.0,2000.0,240.0,2000.0,110.0,1600.0
2022-10-22,Karol Rosa,Lina Lansberg,-150.0,450.0,400.0,1200.0,600.0,2800.0
2022-10-22,Makhmud Muradov,Caio Borralho,550.0,165.0,330.0,450.0,2500.0,300.0
2022-10-29,Calvin Kattar,Arnold Allen,,225.0,,400.0,,700.0
2022-10-29,Tim Means,Max Griffin,350.0,150.0,500.0,250.0,1200.0,1100.0
2022-10-29,Waldo Cortes-Acosta,Jared Vanderaa,400.0,,100.0,,800.0,
2022-10-29,Josh Fremd,Tresean Gore,250.0,450.0,180.0,275.0,1000.0,1400.0
2022-10-29,Dustin Jacoby,Khalil Rountree Jr.,300.0,,130.0,,2000.0,
2022-10-29,Andrei Arlovski,Marcos Rogerio de Lima,300.0,200.0,1100.0,150.0,1800.0,900.0
2022-10-29,Joseph Holmes,JunYong Park,550.0,130.0,550.0,400.0,700.0,400.0
2022-10-29,Chase Hooper,Steve Garcia,225.0,600.0,450.0,550.0,140.0,2500.0
2022-10-29,Cody Durden,Carlos Mota,400.0,350.0,400.0,130.0,900.0,1100.0
2022-10-29,Christian Rodriguez,Joshua Weems,180.0,800.0,120.0,1400.0,600.0,700.0
2022-10-29,Phil Hawes,Roman Dolidze,250.0,350.0,175.0,450.0,800.0,1000.0
2022-11-05,Marina Rodriguez,Amanda Lemos,150.0,700.0,200.0,350.0,900.0,1000.0
2022-11-05,Neil Magny,Daniel Rodriguez,130.0,150.0,800.0,200.0,1000.0,900.0
2022-11-05,Darrick Minner,Shayilan Nuerdanbieke,650.0,250.0,1400.0,180.0,350.0,400.0
2022-11-05,Tagir Ulanbekov,Nate Maness,-110.0,450.0,1000.0,550.0,400.0,1100.0
2022-11-05,Grant Dawson,Mark Madsen,140.0,250.0,650.0,1400.0,300.0,1800.0
2022-11-05,Mario Bautista,Benito Lopez,165.0,550.0,175.0,1100.0,450.0,1400.0
2022-11-05,Polyana Viana,Jinh Yu Frey,225.0,150.0,1000.0,1600.0,240.0,1600.0
2022-11-05,Liudvik Sholinian,Johnny Munoz,330.0,,1100.0,,1800.0,
2022-11-05,Carlos Candelario,Jake Hadley,350.0,110.0,1100.0,700.0,1400.0,300.0
2022-11-05,Tamires Vidal,Ramona Pascual,165.0,200.0,900.0,550.0,450.0,1000.0
2022-11-05,Miranda Maverick,Shanna Young,150.0,800.0,400.0,1800.0,120.0,2800.0
2022-11-12,Brad Riddell,Renato Moicano,330.0,300.0,250.0,1000.0,2000.0,225.0
2022-11-12,Israel Adesanya,Alex Pereira,120.0,850.0,275.0,275.0,1400.0,2800.0
2022-11-12,Frankie Edgar,Chris Gutierrez,350.0,150.0,800.0,180.0,1600.0,1200.0
2022-11-12,Dan Hooker,Claudio Puelles,250.0,650.0,200.0,800.0,1000.0,250.0
2022-11-12,Erin Blanchfield,Molly McCann,-120.0,600.0,450.0,900.0,350.0,2200.0
2022-11-12,Dominick Reyes,Ryan Spann,400.0,800.0,110.0,400.0,700.0,700.0
2022-11-12,Matt Frevola,Ottman Azaitar,400.0,600.0,550.0,100.0,500.0,1400.0
2022-11-12,Karolina Kowalkiewicz,Silvana Gomez Juarez,225.0,300.0,500.0,250.0,550.0,1000.0
2022-11-12,Michael Trizano,SeungWoo Choi,250.0,150.0,1100.0,250.0,1100.0,1400.0
2022-11-12,Julio Arce,Montel Jackson,300.0,150.0,1000.0,225.0,1100.0,900.0
2022-11-12,Carlos Ulberg,Nicolae Negumereanu,350.0,400.0,165.0,300.0,1600.0,650.0
2022-11-12,Andre Petroski,Wellington Turman,300.0,550.0,240.0,600.0,300.0,500.0
2022-11-19,Charles Johnson,Zhalgas Zhumagulov,140.0,215.0,330.0,900.0,900.0,1800.0
2022-11-19,Kennedy Nzechukwu,Ion Cutelaba,380.0,700.0,120.0,250.0,1000.0,1100.0
2022-11-19,Chase Sherman,Waldo Cortes-Acosta,475.0,350.0,450.0,-105.0,2800.0,800.0
2022-11-19,Andre Fialho,Muslim Salikhov,550.0,275.0,175.0,240.0,1800.0,1400.0
2022-11-19,Jack Della Maddalena,Danny Roberts,400.0,800.0,-225.0,1200.0,800.0,2800.0
2022-11-19,Vince Morales,Miles Johns,275.0,180.0,550.0,240.0,1700.0,900.0
2022-11-19,Ricky Turcios,Kevin Natividad,130.0,300.0,400.0,450.0,1000.0,1100.0
2022-11-19,Vanessa Demopoulos,Maria Oliveira,275.0,,900.0,,275.0,
2022-11-19,Brady Hiestand,Fernie Garcia,150.0,275.0,500.0,700.0,350.0,1300.0
2022-11-19,Natalia Silva,Tereza Bleda,165.0,215.0,600.0,1100.0,350.0,1100.0
2022-11-19,Jennifer Maia,Maryna Moroz,225.0,-105.0,1800.0,1200.0,1200.0,450.0
2022-12-03,Tai Tuivasa,Sergei Pavlovich,1200.0,900.0,225.0,-150.0,2800.0,1400.0
2022-12-03,Matheus Nicolau,Matt Schnell,150.0,600.0,250.0,1200.0,300.0,1100.0
2022-12-03,Jack Hermansson,Roman Dolidze,120.0,600.0,650.0,400.0,350.0,800.0
2022-12-03,Stephen Thompson,Kevin Holland,380.0,380.0,350.0,140.0,2800.0,600.0
2022-12-03,Bryan Barberena,Rafael Dos Anjos,800.0,-125.0,1100.0,450.0,3500.0,300.0
2022-12-03,Eryk Anders,Kyle Daukaus,350.0,140.0,550.0,650.0,2500.0,275.0
2022-12-03,Niko Price,Phil Rowe,400.0,450.0,175.0,330.0,1100.0,400.0
2022-12-03,Angela Hill,Emily Ducote,140.0,130.0,900.0,800.0,2800.0,700.0
2022-12-03,Clay Guida,Scott Holtzman,275.0,150.0,1000.0,250.0,1400.0,900.0
2022-12-03,Michael Johnson,Marc Diakiese,500.0,-120.0,800.0,275.0,2800.0,1100.0
2022-12-03,Darren Elkins,Jonathan Pearce,700.0,175.0,1600.0,150.0,1200.0,350.0
2022-12-03,Natan Levy,Genaro Valdez,380.0,800.0,350.0,350.0,150.0,800.0
2022-12-03,Marcelo Rojo,Francis Marshall,550.0,225.0,250.0,750.0,1000.0,240.0
2022-12-03,Yazmin Jauregui,Istela Nunes,-115.0,500.0,240.0,900.0,1100.0,2500.0
2022-12-10,Paddy Pimblett,Jared Gordon,300.0,450.0,250.0,700.0,225.0,1200.0
2022-12-10,Santiago Ponzinibbio,Alex Morono,175.0,275.0,215.0,700.0,1400.0,1100.0
2022-12-10,Darren Till,Dricus Du Plessis,400.0,350.0,350.0,165.0,2200.0,450.0
2022-12-10,Raul Rosas Jr.,Jay Perrin,180.0,350.0,650.0,900.0,175.0,1200.0
2022-12-10,Jairzinho Rozenstruik,Chris Daukaus,800.0,750.0,-120.0,225.0,2800.0,1600.0
2022-12-10,Edmen Shahbazyan,Dalcha Lungiambula,275.0,650.0,100.0,550.0,650.0,2000.0
2022-12-10,Chris Curtis,Joaquin Buckley,450.0,275.0,300.0,150.0,2500.0,2200.0
2022-12-10,Billy Quarantillo,Alexander Hernandez,240.0,330.0,225.0,500.0,550.0,1200.0
2022-12-10,TJ Brown,Erik Silva,300.0,450.0,450.0,400.0,350.0,275.0
2022-12-10,Cameron Saaiman,Steven Koslow,275.0,750.0,-110.0,1600.0,800.0,500.0
2022-12-17,Jared Cannonier,Sean Strickland,330.0,180.0,250.0,400.0,900.0,1100.0
2022-12-17,Arman Tsarukyan,Damir Ismagulov,130.0,240.0,350.0,800.0,750.0,3000.0
2022-12-17,Amir Albazi,Alessandro Costa,225.0,650.0,275.0,900.0,120.0,1900.0
2022-12-17,Alex Caceres,Julian Erosa,300.0,175.0,600.0,380.0,900.0,500.0
2022-12-17,Drew Dober,Bobby Green,225.0,200.0,225.0,800.0,900.0,1600.0
2022-12-17,Cody Brundage,Michal Oleksiejczuk,800.0,400.0,850.0,-110.0,650.0,650.0
2022-12-17,Cheyanne Vlismas,Cory McKenna,,225.0,,1500.0,,1100.0
2022-12-17,Jake Matthews,Matthew Semelsberger,130.0,475.0,400.0,700.0,250.0,2500.0
2022-12-17,Said Nurmagomedov,Saidyokub Kakhramonov,225.0,200.0,450.0,400.0,700.0,800.0
2022-12-17,Rafa Garcia,Maheshate,120.0,380.0,1300.0,300.0,450.0,1200.0
2022-12-17,Bryan Battle,Rinat Fakhretdinov,250.0,200.0,750.0,330.0,750.0,500.0
2022-12-17,David Dvorak,Manel Kape,350.0,180.0,1000.0,165.0,1500.0,800.0
2022-12-17,Sergey Morozov,Journey Newson,120.0,550.0,200.0,600.0,500.0,2000.0
2023-01-14,Sean Strickland,Nassourdine Imavov,300.0,330.0,300.0,240.0,1400.0,600.0
2023-01-14,Dan Ige,Damon Jackson,250.0,200.0,250.0,1100.0,1200.0,550.0
2023-01-14,Punahele Soriano,Roman Kopylov,350.0,400.0,150.0,300.0,900.0,1600.0
2023-01-14,Ketlen Vieira,Raquel Pennington,130.0,150.0,1100.0,1400.0,700.0,900.0
2023-01-14,Umar Nurmagomedov,Raoni Barcelos,-200.0,1200.0,650.0,1600.0,300.0,2800.0
2023-01-14,Javid Basharat,Mateus Mendonca,150.0,750.0,450.0,750.0,225.0,1000.0
2023-01-14,Claudio Ribeiro,Abdul Razak Alhassan,1100.0,1000.0,130.0,120.0,1800.0,2000.0
2023-01-14,Allan Nascimento,Carlos Hernandez,110.0,400.0,900.0,1000.0,225.0,2200.0
2023-01-14,Dan Argueta,Nick Aguirre,,1100.0,,1200.0,,1100.0
2023-01-14,Charles Johnson,Jimmy Flick,275.0,1000.0,-120.0,1600.0,1000.0,450.0
2023-01-21,Glover Teixeira,Jamahal Hill,700.0,900.0,600.0,-110.0,250.0,2500.0
2023-01-21,Gilbert Burns,Neil Magny,180.0,600.0,240.0,1200.0,180.0,2500.0
2023-01-21,Lauren Murphy,Jessica Andrade,650.0,165.0,1200.0,130.0,2500.0,450.0
2023-01-21,Paul Craig,Johnny Walker,1000.0,800.0,900.0,-135.0,275.0,1200.0
2023-01-21,Mauricio Rua,Ihor Potieria,450.0,500.0,400.0,110.0,1400.0,550.0
2023-01-21,Gregory Rodrigues,Brunno Ferreira,750.0,1400.0,110.0,350.0,225.0,1400.0
2023-01-21,Josiane Nunes,Zarah Fairn,240.0,800.0,-135.0,1000.0,900.0,2800.0
2023-01-21,Gabriel Bonfim,Mounir Lazzez,400.0,350.0,350.0,350.0,200.0,2000.0
2023-01-21,Saimon Oliveira,Daniel Marcos,200.0,400.0,600.0,300.0,330.0,1100.0
2023-01-21,Warlley Alves,Nicolas Dalby,300.0,330.0,250.0,400.0,600.0,650.0
2023-01-21,Thiago Moises,Melquizael Costa,175.0,800.0,350.0,700.0,180.0,1400.0
2023-01-21,Luan Lacerda,Cody Stamann,800.0,-150.0,2000.0,300.0,600.0,1400.0
2023-01-21,Shamil Abdurakhimov,Jailton Almeida,2000.0,1000.0,1100.0,180.0,2800.0,-165.0
2023-01-21,Ismael Bonfim,Terrance McKinney,400.0,1400.0,350.0,180.0,200.0,350.0
2023-02-04,Tatsuro Taira,Jesus Aguilar,175.0,1400.0,550.0,2200.0,-135.0,1800.0
2023-02-04,JunYong Park,Denis Tiuliulin,110.0,600.0,550.0,350.0,500.0,2000.0
2023-02-04,SeungGuk Choi,HyunSung Park,300.0,110.0,650.0,550.0,1800.0,500.0
2023-02-04,Jeka Saragih,Anshul Jubli,500.0,250.0,200.0,400.0,850.0,800.0
2023-02-04,Yusaku Kinoshita,Adam Fugitt,215.0,800.0,110.0,800.0,650.0,1100.0
2023-02-04,Marcin Tybura,Blagoy Ivanov,130.0,240.0,450.0,500.0,1100.0,1200.0
2023-02-04,Da Woon Jung,Devin Clark,330.0,500.0,100.0,600.0,700.0,1400.0
2023-02-04,Derrick Lewis,Serghei Spivac,1800.0,650.0,300.0,100.0,3500.0,275.0
2023-02-04,Toshiomi Kazama,Rinya Nakamura,1100.0,240.0,1200.0,-110.0,800.0,500.0
2023-02-11,Justin Tafa,Parker Porter,400.0,350.0,165.0,350.0,2000.0,500.0
2023-02-11,Islam Makhachev,Alexander Volkanovski,215.0,600.0,400.0,850.0,140.0,2500.0
2023-02-11,Yair Rodriguez,Josh Emmett,150.0,400.0,250.0,350.0,1200.0,2200.0
2023-02-11,Jack Della Maddalena,Randy Brown,300.0,450.0,-125.0,1200.0,1800.0,1100.0
2023-02-11,Tyson Pedro,Modestas Bukauskas,300.0,650.0,150.0,350.0,400.0,1400.0
2023-02-11,Shannon Ross,Kleydson Rodrigues,550.0,180.0,800.0,240.0,2200.0,275.0
2023-02-11,Jamie Mullarkey,Francisco Prado,225.0,900.0,120.0,500.0,800.0,750.0
2023-02-11,Jack Jenkins,Don Shainis,240.0,700.0,140.0,900.0,330.0,1400.0
2023-02-11,Loma Lookboonmee,Elise Reed,-135.0,380.0,350.0,1200.0,1400.0,2200.0
2023-02-11,Josh Culibao,Melsik Baghdasaryan,200.0,215.0,400.0,330.0,1000.0,2200.0
2023-02-18,Jessica Andrade,Erin Blanchfield,650.0,300.0,140.0,650.0,800.0,350.0
2023-02-18,Jordan Wright,Zac Pauga,1600.0,550.0,350.0,-165.0,900.0,1200.0
2023-02-18,Josh Parisian,Jamal Pogues,450.0,140.0,600.0,250.0,1800.0,550.0
2023-02-18,William Knight,Marcin Prachnio,450.0,350.0,150.0,240.0,1400.0,2000.0
2023-02-18,Jim Miller,Alexander Hernandez,700.0,300.0,900.0,110.0,380.0,1600.0
2023-02-18,Nazim Sadykhov,Evan Elder,225.0,400.0,175.0,450.0,700.0,1600.0
2023-02-18,Jamall Emmers,Khusein Askhabov,330.0,240.0,400.0,500.0,1100.0,300.0
2023-02-18,Ovince Saint Preux,Philipe Lins,500.0,175.0,600.0,225.0,750.0,700.0
2023-02-18,AJ Fletcher,Themba Gorimbo,275.0,650.0,165.0,1200.0,300.0,700.0
2023-02-18,Clayton Carpenter,Juancamilo Ronderos,250.0,650.0,200.0,1200.0,240.0,700.0
2023-02-18,Lina Lansberg,Mayra Bueno Silva,550.0,,1400.0,,3500.0,
2023-02-25,Andre Muniz,Brendan Allen,450.0,400.0,400.0,800.0,120.0,750.0
2023-02-25,Augusto Sakai,Don'Tale Mayes,275.0,550.0,200.0,200.0,1600.0,1600.0
2023-02-25,Tatiana Suarez,Montana De La Rosa,-110.0,900.0,350.0,2800.0,225.0,1600.0
2023-02-25,Mike Malott,Yohan Lainesse,500.0,650.0,200.0,340.0,280.0,1800.0
2023-02-25,Jordan Leavitt,Victor Martinez,440.0,460.0,1300.0,230.0,170.0,2000.0
2023-02-25,Jasmine Jasudavicius,Gabriella Fernandes,160.0,210.0,1000.0,600.0,950.0,600.0
2023-02-25,Ode Osbourne,Charles Johnson,500.0,,380.0,,1200.0,
2023-02-25,Joe Solecki,Carl Deaton,180.0,950.0,1000.0,1300.0,100.0,1400.0
2023-02-25,Rafael Alves,Nurullo Aliev,460.0,250.0,650.0,340.0,600.0,420.0
2023-02-25,Erick Gonzalez,Trevor Peek,950.0,700.0,300.0,-110.0,1700.0,850.0
2023-03-04,Jon Jones,Ciryl Gane,260.0,340.0,350.0,460.0,420.0,1500.0
2023-03-04,Valentina Shevchenko,Alexa Grasso,180.0,1000.0,195.0,1700.0,270.0,2600.0
2023-03-04,Geoff Neal,Shavkat Rakhmonov,850.0,300.0,850.0,210.0,2800.0,190.0
2023-03-04,Mateusz Gamrot,Jalin Turner,240.0,600.0,420.0,470.0,270.0,1000.0
2023-03-04,Bo Nickal,Jamie Pickett,900.0,2600.0,230.0,2300.0,-175.0,3300.0
2023-03-04,Derek Brunson,Dricus Du Plessis,420.0,500.0,600.0,125.0,1700.0,500.0
2023-03-04,Cody Garbrandt,Trevin Jones,340.0,260.0,135.0,350.0,2600.0,420.0
2023-03-04,Julian Marquez,Marc-Andre Barriault,600.0,260.0,380.0,220.0,550.0,950.0
2023-03-04,Ian Machado Garry,Song Kenan,290.0,,-135.0,,500.0,
2023-03-04,Mana Martinez,Cameron Saaiman,600.0,195.0,600.0,180.0,1600.0,600.0
2023-03-04,Jessica Penne,Tabatha Ricci,370.0,-125.0,2000.0,1000.0,950.0,500.0
2023-03-04,Da'Mon Blackshear,Farid Basharat,750.0,-105.0,1300.0,440.0,1100.0,380.0
2023-03-04,Esteban Ribovics,Loik Radzhabov,950.0,195.0,490.0,270.0,1300.0,350.0
2023-03-04,Viviane Araujo,Amanda Ribas,210.0,155.0,500.0,950.0,1400.0,700.0
2023-03-11,Mario Bautista,Guido Cannetti,470.0,1900.0,230.0,1400.0,-105.0,2000.0
2023-03-11,Petr Yan,Merab Dvalishvili,135.0,330.0,220.0,1200.0,1800.0,1600.0
2023-03-11,Alexander Volkov,Alexandr Romanov,420.0,460.0,310.0,420.0,1800.0,240.0
2023-03-11,Nikita Krylov,Ryan Spann,600.0,1100.0,260.0,360.0,280.0,460.0
2023-03-11,Said Nurmagomedov,Jonathan Martinez,165.0,340.0,420.0,700.0,420.0,1800.0
2023-03-11,Vitor Petrino,Anton Turkalj,500.0,320.0,170.0,420.0,1800.0,550.0
2023-03-11,Carlston Harris,Jared Gooden,320.0,650.0,270.0,500.0,220.0,1600.0
2023-03-11,Raphael Assuncao,Davey Grant,195.0,260.0,1200.0,310.0,700.0,950.0
2023-03-11,Sedriques Dumas,Josh Fremd,550.0,550.0,220.0,420.0,260.0,1000.0
2023-03-11,Victor Henry,Tony Gravely,200.0,240.0,600.0,550.0,430.0,2000.0
2023-03-11,Ariane da Silva,JJ Aldrich,,-110.0,,280.0,,1000.0
2023-03-11,Tyson Nam,Bruno Silva,450.0,,360.0,,2300.0,
2023-03-11,Karl Williams,Lukasz Brzeski,180.0,550.0,195.0,460.0,1300.0,1400.0
2023-03-18,Leon Edwards,Kamaru Usman,550.0,125.0,500.0,260.0,1600.0,1400.0
2023-03-18,Justin Gaethje,Rafael Fiziev,750.0,250.0,350.0,130.0,2200.0,1800.0
2023-03-18,Gunnar Nelson,Bryan Barberena,230.0,950.0,1100.0,550.0,110.0,1800.0
2023-03-18,Jack Shore,Makwan Amirkhani,210.0,1400.0,195.0,2000.0,290.0,600.0
2023-03-18,Marvin Vettori,Roman Dolidze,-125.0,750.0,750.0,600.0,700.0,750.0
2023-03-18,Chris Duncan,Omar Morales,500.0,350.0,185.0,250.0,1200.0,1400.0
2023-03-18,Jennifer Maia,Casey O'Neill,220.0,120.0,1500.0,600.0,1200.0,850.0
2023-03-18,Muhammad Mokaev,Jafel Filho,175.0,1400.0,550.0,1600.0,120.0,1500.0
2023-03-18,Juliana Miller,Veronica Hardy,240.0,,500.0,,155.0,
2023-03-18,Joanne Wood,Luana Carolina,,260.0,,900.0,,1000.0
2023-03-18,Sam Patterson,Yanal Ashmouz,300.0,,320.0,,210.0,
2023-03-18,Christian Leroy Duncan,Dusko Todorovic,500.0,,185.0,,1200.0,
2023-03-18,Lerone Murphy,Gabriel Santos,140.0,,300.0,,1500.0,
2023-03-18,Jake Hadley,Malcolm Gordon,320.0,600.0,230.0,1600.0,185.0,1300.0
2023-03-25,Marlon Vera,Cory Sandhagen,550.0,120.0,390.0,550.0,700.0,1100.0
2023-03-25,Holly Holm,Yana Santos,-110.0,360.0,390.0,800.0,2000.0,1600.0
2023-03-25,Nate Landwehr,Austin Lingo,230.0,600.0,190.0,360.0,900.0,1800.0
2023-03-25,Chidi Njokuani,Albert Duraev,500.0,600.0,120.0,700.0,1400.0,370.0
2023-03-25,Andrea Lee,Maycee Barber,370.0,-115.0,1100.0,450.0,1300.0,1200.0
2023-03-25,Steven Peterson,Lucas Alexander,210.0,340.0,650.0,500.0,350.0,900.0
2023-03-25,Trevin Giles,Preston Parsons,430.0,380.0,260.0,950.0,750.0,260.0
2023-03-25,CJ Vergara,Daniel Lacerda,900.0,,-150.0,,1100.0,
2023-03-25,Victor Altamirano,Vinicius Salvador,270.0,480.0,600.0,185.0,500.0,1500.0
2023-03-25,Daniel Pineda,Tucker Lutz,700.0,300.0,700.0,185.0,750.0,420.0
2023-04-08,Chris Curtis,Kelvin Gastelum,240.0,145.0,380.0,600.0,2600.0,1600.0
2023-04-08,Gilbert Burns,Jorge Masvidal,190.0,900.0,420.0,550.0,200.0,3300.0
2023-04-08,Kevin Holland,Santiago Ponzinibbio,260.0,550.0,170.0,500.0,600.0,1800.0
2023-04-08,Michelle Waterson-Gomez,Luana Pinheiro,210.0,125.0,1500.0,900.0,850.0,600.0
2023-04-08,Rob Font,Adrian Yanez,260.0,310.0,700.0,160.0,1500.0,1500.0
2023-04-08,Cynthia Calvillo,Loopy Godinez,360.0,-125.0,1800.0,850.0,1000.0,600.0
2023-04-08,Ignacio Bahamondes,Trey Ogden,165.0,700.0,180.0,1600.0,650.0,750.0
2023-04-08,Jaqueline Amorim,Sam Hughes,230.0,350.0,1000.0,1100.0,145.0,1600.0
2023-04-08,Shayilan Nuerdanbieke,Steve Garcia,320.0,420.0,160.0,420.0,950.0,1300.0
2023-04-08,Gerald Meerschaert,Joe Pyfer,850.0,600.0,1100.0,-105.0,310.0,950.0
2023-04-15,Max Holloway,Arnold Allen,195.0,320.0,270.0,550.0,1700.0,950.0
2023-04-15,Edson Barboza,Billy Quarantillo,390.0,250.0,360.0,240.0,2600.0,750.0
2023-04-15,Dustin Jacoby,Azamat Murzakanov,200.0,500.0,240.0,290.0,1700.0,1500.0
2023-04-15,Tanner Boser,Ion Cutelaba,340.0,600.0,290.0,145.0,2000.0,1100.0
2023-04-15,Pedro Munhoz,Chris Gutierrez,340.0,115.0,850.0,350.0,1100.0,1600.0
2023-04-15,Clay Guida,Rafa Garcia,360.0,110.0,1100.0,1000.0,1300.0,340.0
2023-04-15,Bill Algeo,TJ Brown,145.0,260.0,370.0,1800.0,600.0,1200.0
2023-04-15,Zak Cummings,Ed Herman,145.0,350.0,500.0,900.0,420.0,1300.0
2023-04-15,Gillian Robertson,Piera Rodriguez,290.0,290.0,1000.0,380.0,260.0,1200.0
2023-04-15,Lando Vannata,Daniel Zellhuber,200.0,180.0,900.0,420.0,1000.0,1000.0
2023-04-15,Bruna Brasil,Denise Gomes,165.0,260.0,460.0,600.0,750.0,1400.0
2023-04-15,Aaron Phillips,Gaston Bolanos,500.0,360.0,600.0,130.0,600.0,1200.0
2023-04-15,Joselyne Edwards,Lucie Pudilova,200.0,135.0,1100.0,950.0,950.0,600.0
2023-04-15,Brandon Royval,Matheus Nicolau,600.0,180.0,950.0,380.0,420.0,460.0
2023-04-22,Iasmin Lucindo,Brogan Walker,-105.0,450.0,320.0,1700.0,850.0,1600.0
2023-04-22,Sergei Pavlovich,Curtis Blaydes,1500.0,850.0,145.0,120.0,2300.0,1200.0
2023-04-22,Brad Tavares,Bruno Silva,180.0,650.0,320.0,240.0,1100.0,1700.0
2023-04-22,Ricky Glenn,Christos Giagos,170.0,340.0,440.0,600.0,650.0,750.0
2023-04-22,Jeremiah Wells,Matthew Semelsberger,500.0,280.0,410.0,310.0,350.0,1400.0
2023-04-22,Rani Yahya,Montel Jackson,950.0,240.0,2200.0,-125.0,950.0,1300.0
2023-04-22,Karol Rosa,Norma Dumont,170.0,125.0,650.0,1400.0,1100.0,1100.0
2023-04-22,Mohammed Usman,Junior Tafa,470.0,600.0,260.0,145.0,900.0,2000.0
2023-04-22,Francis Marshall,William Gomis,185.0,,600.0,,310.0,
2023-04-22,Brady Hiestand,Batgerel Danaa,420.0,380.0,700.0,145.0,500.0,1700.0
2023-04-29,Song Yadong,Ricky Simon,,200.0,,650.0,,470.0
2023-04-29,Caio Borralho,Michal Oleksiejczuk,290.0,750.0,440.0,700.0,125.0,3200.0
2023-04-29,Rodolfo Vieira,Cody Brundage,550.0,650.0,950.0,420.0,-110.0,1300.0
2023-04-29,Julian Erosa,Fernando Padilla,340.0,500.0,480.0,360.0,270.0,850.0
2023-04-29,Marcos Rogerio de Lima,Waldo Cortes-Acosta,380.0,470.0,185.0,330.0,550.0,1800.0
2023-04-29,Martin Buday,Jake Collier,310.0,220.0,260.0,550.0,1000.0,1000.0
2023-04-29,Cody Durden,Charles Johnson,210.0,195.0,900.0,390.0,1100.0,700.0
2023-04-29,Stephanie Egger,Irina Alekseeva,195.0,470.0,600.0,1300.0,170.0,1200.0
2023-04-29,Journey Newson,Marcus McGhee,230.0,550.0,300.0,280.0,700.0,1600.0
2023-04-29,Hailey Cowan,Jamey-Lyn Horth,230.0,210.0,1000.0,650.0,1300.0,340.0
2023-04-29,Josh Quinlan,Trey Waters,550.0,850.0,115.0,340.0,700.0,1000.0
2023-05-06,Kron Gracie,Charles Jourdain,900.0,280.0,1800.0,155.0,230.0,1700.0
2023-05-06,Aljamain Sterling,Henry Cejudo,260.0,230.0,1000.0,350.0,400.0,1500.0
2023-05-06,Belal Muhammad,Gilbert Burns,240.0,270.0,550.0,380.0,1300.0,500.0
2023-05-06,Jessica Andrade,Yan Xiaonan,210.0,,360.0,,460.0,
2023-05-06,Movsar Evloev,Diego Lopes,125.0,2200.0,170.0,2000.0,500.0,1100.0
2023-05-06,Drew Dober,Matt Frevola,550.0,460.0,-115.0,600.0,1400.0,950.0
2023-05-06,Khaos Williams,Rolando Bedoya,400.0,,-150.0,,1200.0,
2023-05-06,Marina Rodriguez,Virna Jandiroba,150.0,250.0,470.0,1500.0,2200.0,440.0
2023-05-06,Braxton Smith,Parker Porter,1200.0,550.0,195.0,250.0,1700.0,270.0
2023-05-06,Phil Hawes,Ikram Aliskerov,700.0,350.0,310.0,260.0,1600.0,320.0
2023-05-06,Joseph Holmes,Claudio Ribeiro,650.0,,900.0,,380.0,
2023-05-06,Kennedy Nzechukwu,Devin Clark,300.0,290.0,145.0,750.0,1600.0,1300.0
2023-05-13,Jairzinho Rozenstruik,Jailton Almeida,2400.0,950.0,500.0,230.0,2900.0,-105.0
2023-05-13,Anthony Smith,Johnny Walker,600.0,700.0,320.0,160.0,420.0,950.0
2023-05-13,Daniel Rodriguez,Ian Machado Garry,500.0,125.0,700.0,250.0,1600.0,1000.0
2023-05-13,Carlos Ulberg,Ihor Potieria,420.0,1100.0,-180.0,750.0,2000.0,1400.0
2023-05-13,Tim Means,Alex Morono,420.0,170.0,600.0,280.0,1100.0,750.0
2023-05-13,Karl Williams,Chase Sherman,200.0,750.0,160.0,750.0,500.0,2000.0
2023-05-13,Cody Stamann,Douglas Silva de Andrade,105.0,430.0,850.0,350.0,1700.0,900.0
2023-05-13,Ji Yeon Kim,Mandy Bohm,-115.0,260.0,600.0,1700.0,900.0,1800.0
2023-05-13,Bryan Battle,Gabe Green,240.0,220.0,850.0,370.0,550.0,950.0
2023-05-13,Jessica-Rose Clark,Tainara Lisboa,185.0,240.0,950.0,500.0,700.0,650.0
2023-05-13,Matt Brown,Court McGee,650.0,100.0,400.0,600.0,1300.0,700.0
2023-05-20,Emily Ducote,Loopy Godinez,220.0,-110.0,700.0,2100.0,1100.0,1000.0
2023-05-20,Andre Fialho,Joaquin Buckley,650.0,330.0,320.0,115.0,2200.0,2200.0
2023-05-20,Mackenzie Dern,Angela Hill,350.0,190.0,2000.0,850.0,150.0,3100.0
2023-05-20,Edmen Shahbazyan,Anthony Hernandez,700.0,280.0,340.0,500.0,1600.0,210.0
2023-05-20,Maheshate,Viacheslav Borshchev,410.0,,340.0,,2000.0,
2023-05-20,Diego Ferreira,Michael Johnson,390.0,340.0,550.0,340.0,220.0,2300.0
2023-05-20,Takashi Sato,Themba Gorimbo,600.0,310.0,210.0,750.0,1400.0,260.0
2023-05-20,Orion Cosce,Gilbert Urbina,340.0,350.0,340.0,550.0,600.0,380.0
2023-05-20,Ilir Latifi,Rodrigo Nascimento,340.0,280.0,600.0,240.0,1300.0,500.0
2023-05-20,Chase Hooper,Nick Fiore,390.0,360.0,700.0,330.0,340.0,500.0
2023-05-20,Natalia Silva,Victoria Leonardo,210.0,950.0,200.0,2500.0,210.0,2000.0
2023-05-20,Karolina Kowalkiewicz,Vanessa Demopoulos,110.0,280.0,950.0,1100.0,1700.0,460.0
2023-06-03,Kai Kara-France,Amir Albazi,220.0,410.0,390.0,650.0,1500.0,300.0
2023-06-03,Alex Caceres,Daniel Pineda,240.0,650.0,310.0,850.0,500.0,350.0
2023-06-03,Jim Miller,Jesse Butler,320.0,750.0,300.0,900.0,240.0,500.0
2023-06-03,Tim Elliott,Victor Altamirano,105.0,310.0,1400.0,950.0,550.0,700.0
2023-06-03,Karine Silva,Ketlen Souza,310.0,310.0,550.0,600.0,200.0,1800.0
2023-06-03,Abubakar Nurmagomedov,Elizeu Zaleski dos Santos,135.0,360.0,950.0,125.0,1200.0,900.0
2023-06-03,Daniel Santos,Johnny Munoz,360.0,500.0,125.0,1300.0,900.0,500.0
2023-06-03,John Castaneda,Muin Gafurov,180.0,350.0,460.0,420.0,750.0,950.0
2023-06-03,Jamie Mullarkey,Muhammad Naimov,240.0,950.0,100.0,950.0,700.0,1300.0
2023-06-03,Elise Reed,Jinh Yu Frey,170.0,170.0,400.0,1300.0,1300.0,900.0
2023-06-03,Da'Mon Blackshear,Luan Lacerda,195.0,230.0,1400.0,950.0,1200.0,250.0
2023-06-03,Philipe Lins,Maxim Grishin,250.0,210.0,500.0,390.0,900.0,1000.0
2023-06-03,Andrei Arlovski,Don'Tale Mayes,160.0,290.0,1000.0,230.0,2000.0,1100.0
2023-06-10,Amanda Nunes,Irene Aldana,320.0,750.0,145.0,600.0,420.0,1200.0
2023-06-10,Charles Oliveira,Beneil Dariush,195.0,,550.0,,1600.0,
2023-06-10,Mike Malott,Adam Fugitt,550.0,600.0,210.0,550.0,210.0,1100.0
2023-06-10,Dan Ige,Nate Landwehr,260.0,500.0,150.0,750.0,850.0,950.0
2023-06-10,Miranda Maverick,Jasmine Jasudavicius,-110.0,310.0,900.0,2000.0,420.0,2200.0
2023-06-10,Aiemann Zahabi,Aoriqileng,220.0,180.0,550.0,380.0,1200.0,1700.0
2023-06-10,Kyle Nelson,Blake Bilder,600.0,260.0,500.0,500.0,1300.0,175.0
2023-06-10,David Dvorak,Steve Erceg,120.0,,340.0,,700.0,
2023-06-10,Marc-Andre Barriault,Eryk Anders,190.0,320.0,320.0,380.0,1300.0,1700.0
2023-06-17,Marvin Vettori,Jared Cannonier,130.0,300.0,1100.0,310.0,900.0,2300.0
2023-06-17,Arman Tsarukyan,Joaquim Silva,380.0,1500.0,-125.0,1600.0,330.0,2500.0
2023-06-17,Armen Petrosyan,Christian Leroy Duncan,240.0,300.0,550.0,210.0,2200.0,950.0
2023-06-17,Manuel Torres,Nikolas Motta,500.0,900.0,155.0,240.0,550.0,1800.0
2023-06-17,Pat Sabatini,Lucas Almeida,200.0,800.0,900.0,310.0,240.0,1100.0
2023-06-17,Kyung Ho Kang,Cristian Quinonez,,180.0,,360.0,,1300.0
2023-06-17,Carlos Hernandez,Denys Bondar,260.0,220.0,900.0,550.0,600.0,460.0
2023-06-17,Tereza Bleda,Gabriella Fernandes,135.0,460.0,460.0,750.0,500.0,950.0
2023-06-17,Zac Pauga,Modestas Bukauskas,300.0,165.0,600.0,270.0,2200.0,1200.0
2023-06-17,Jimmy Flick,Alessandro Costa,850.0,340.0,1700.0,125.0,360.0,850.0
2023-06-24,Josh Emmett,Ilia Topuria,900.0,850.0,470.0,175.0,2600.0,165.0
2023-06-24,Amanda Ribas,Maycee Barber,110.0,420.0,850.0,450.0,500.0,2000.0
2023-06-24,David Onama,Gabriel Santos,550.0,220.0,450.0,420.0,1100.0,300.0
2023-06-24,Brendan Allen,Bruno Silva,380.0,550.0,500.0,320.0,170.0,2200.0
2023-06-24,Randy Brown,Wellington Turman,270.0,500.0,195.0,950.0,500.0,600.0
2023-06-24,Neil Magny,Phil Rowe,105.0,500.0,700.0,460.0,1100.0,650.0
2023-06-24,Tabatha Ricci,Gillian Robertson,130.0,320.0,1200.0,1100.0,650.0,390.0
2023-06-24,Cody Brundage,Sedriques Dumas,600.0,950.0,420.0,320.0,180.0,550.0
2023-06-24,Jamall Emmers,Jack Jenkins,135.0,340.0,380.0,900.0,700.0,1200.0
2023-06-24,Mateusz Rebecki,Loik Radzhabov,210.0,210.0,380.0,600.0,950.0,1100.0
2023-06-24,Zhalgas Zhumagulov,Joshua Van,100.0,,500.0,,1100.0,
2023-06-24,Trevor Peek,Chepe Mariscal,700.0,900.0,115.0,240.0,1200.0,900.0
2023-07-01,Ariane da Silva,Melissa Gatto,,230.0,,470.0,,260.0
2023-07-01,Max Griffin,Michael Morales,440.0,170.0,600.0,190.0,1800.0,1500.0
2023-07-01,Damir Ismagulov,Grant Dawson,140.0,270.0,600.0,1000.0,2600.0,380.0
2023-07-01,Sean Strickland,Abus Magomedov,190.0,550.0,270.0,300.0,1600.0,650.0
2023-07-08,Kamuela Kirk,Esteban Ribovics,460.0,550.0,750.0,135.0,450.0,650.0
2023-07-08,Shannon Ross,Jesus Aguilar,420.0,300.0,290.0,700.0,1800.0,200.0
2023-07-08,Cameron Saaiman,Terrence Mitchell,600.0,,-145.0,,420.0,
2023-07-08,Vitor Petrino,Marcin Prachnio,600.0,600.0,-130.0,420.0,1100.0,2600.0
2023-07-15,Jack Della Maddalena,Bassil Hafez,800.0,1300.0,-230.0,1100.0,750.0,950.0
2023-07-15,Ottman Azaitar,Francisco Prado,700.0,600.0,165.0,240.0,1600.0,500.0
2023-07-15,Norma Dumont,Chelsea Chandler,120.0,300.0,950.0,440.0,950.0,1100.0
2023-07-15,Tucker Lutz,Melsik Baghdasaryan,280.0,220.0,700.0,220.0,850.0,1800.0
2023-07-15,Albert Duraev,JunYong Park,320.0,195.0,950.0,500.0,500.0,500.0
2023-07-15,Austin Lingo,Melquizael Costa,410.0,185.0,600.0,350.0,1800.0,400.0
2023-07-15,Viktoriia Dudakova,Istela Nunes,210.0,350.0,850.0,550.0,230.0,1600.0
2023-07-15,Ashlee Evans-Smith,Ailin Perez,300.0,155.0,1200.0,350.0,2100.0,500.0
2023-07-15,Alexander Munoz,Carl Deaton,110.0,310.0,600.0,1100.0,650.0,700.0
2023-07-15,Nazim Sadykhov,Terrance McKinney,850.0,1600.0,115.0,260.0,1000.0,460.0
2023-07-15,Evan Elder,Genaro Valdez,360.0,700.0,135.0,550.0,460.0,1300.0
2023-07-15,Tyson Nam,Azat Maksum,600.0,230.0,750.0,230.0,2900.0,280.0
2023-07-22,Molly McCann,Julija Stoliarenko,225.0,750.0,140.0,1100.0,1200.0,350.0
2023-07-22,Nathaniel Wood,Andre Fili,110.0,330.0,450.0,600.0,700.0,2000.0
2023-07-22,Paul Craig,Andre Muniz,750.0,330.0,1100.0,400.0,350.0,150.0
2023-07-22,Jai Herbert,Fares Ziam,300.0,180.0,450.0,275.0,1800.0,700.0
2023-07-22,Lerone Murphy,Josh Culibao,140.0,275.0,380.0,400.0,1800.0,1200.0
2023-07-22,Davey Grant,Daniel Marcos,330.0,200.0,400.0,240.0,700.0,1800.0
2023-07-22,Danny Roberts,Jonny Parsons,275.0,650.0,225.0,175.0,1000.0,1400.0
2023-07-22,Mick Parkin,Jamal Pogues,700.0,200.0,380.0,250.0,550.0,900.0
2023-07-22,Tom Aspinall,Marcin Tybura,1200.0,1800.0,-165.0,550.0,275.0,1600.0
2023-07-22,Ketlen Vieira,Pannie Kianzad,120.0,165.0,1100.0,1200.0,550.0,1800.0
2023-07-22,Chris Duncan,Yanal Ashmouz,300.0,,175.0,,1000.0,
2023-07-22,Shauna Bannon,Bruna Brasil,180.0,150.0,1100.0,350.0,1600.0,900.0
2023-07-22,Jafel Filho,Daniel Barez,300.0,300.0,500.0,400.0,350.0,500.0
2023-07-22,Marc Diakiese,Joel Alvarez,400.0,550.0,450.0,400.0,1800.0,120.0
2023-07-22,Makhmud Muradov,Bryan Barberena,165.0,800.0,130.0,550.0,900.0,2200.0
2023-07-29,Derrick Lewis,Marcos Rogerio de Lima,1400.0,600.0,225.0,-110.0,2500.0,600.0
2023-07-29,Dustin Poirier,Justin Gaethje,350.0,550.0,175.0,225.0,650.0,2000.0
2023-07-29,Jan Blachowicz,Alex Pereira,,500.0,,165.0,,2000.0
2023-07-29,Tony Ferguson,King Green,650.0,130.0,1100.0,150.0,1200.0,900.0
2023-07-29,CJ Vergara,Vinicius Salvador,240.0,650.0,180.0,240.0,1200.0,1600.0
2023-07-29,Gabriel Bonfim,Trevin Giles,650.0,600.0,225.0,800.0,110.0,1800.0
2023-07-29,Michael Chiesa,Kevin Holland,330.0,600.0,1200.0,140.0,350.0,500.0
2023-07-29,Jake Matthews,Darrius Flowers,300.0,900.0,275.0,380.0,180.0,1800.0
2023-07-29,Roman Kopylov,Claudio Ribeiro,300.0,,120.0,,1200.0,
2023-08-05,Cory Sandhagen,Rob Font,150.0,600.0,165.0,750.0,600.0,2000.0
2023-08-05,Jessica Andrade,Tatiana Suarez,900.0,300.0,700.0,330.0,1200.0,110.0
2023-08-05,Dustin Jacoby,Kennedy Nzechukwu,300.0,250.0,380.0,200.0,2200.0,900.0
2023-08-05,Jeremiah Wells,Carlston Harris,450.0,550.0,200.0,350.0,600.0,350.0
2023-08-05,Tanner Boser,Aleksa Camur,175.0,330.0,275.0,350.0,2000.0,1200.0
2023-08-05,Ignacio Bahamondes,Ludovit Klein,130.0,450.0,275.0,600.0,700.0,1100.0
2023-08-05,Kyler Phillips,Raoni Barcelos,165.0,330.0,240.0,750.0,700.0,1200.0
2023-08-05,Diego Lopes,Gavin Tucker,400.0,275.0,350.0,700.0,225.0,800.0
2023-08-12,Cub Swanson,Hakeem Dawodu,400.0,200.0,650.0,150.0,1600.0,1100.0
2023-08-12,Khalil Rountree Jr.,Chris Daukaus,,650.0,,250.0,,1200.0
2023-08-12,Polyana Viana,Iasmin Lucindo,600.0,100.0,900.0,400.0,350.0,1200.0
2023-08-12,AJ Dobson,Tafon Nchukwi,500.0,,250.0,,800.0,
2023-08-12,Josh Fremd,Jamie Pickett,250.0,450.0,215.0,800.0,240.0,2800.0
2023-08-12,Vicente Luque,Rafael Dos Anjos,550.0,225.0,240.0,650.0,500.0,400.0
2023-08-12,Terrance McKinney,Mike Breeden,1200.0,1100.0,140.0,330.0,165.0,1600.0
2023-08-12,Francis Marshall,Isaac Dulgarian,300.0,550.0,500.0,450.0,180.0,500.0
2023-08-12,Josh Parisian,Martin Buday,350.0,150.0,500.0,240.0,1600.0,1000.0
2023-08-12,Jaqueline Amorim,Montserrat Conejo Ruiz,500.0,330.0,800.0,1000.0,-125.0,1400.0
2023-08-12,Da'Mon Blackshear,Jose Johnson,200.0,800.0,500.0,400.0,165.0,1400.0
2023-08-12,Juliana Miller,Luana Santos,275.0,120.0,900.0,1200.0,500.0,500.0
2023-08-12,JP Buys,Marcus McGhee,800.0,500.0,1200.0,-150.0,600.0,600.0
2023-08-19,Aljamain Sterling,Sean O'Malley,250.0,700.0,550.0,330.0,140.0,2000.0
2023-08-19,Zhang Weili,Amanda Lemos,350.0,1100.0,110.0,450.0,380.0,1100.0
2023-08-19,Neil Magny,Ian Machado Garry,550.0,225.0,1800.0,100.0,2000.0,450.0
2023-08-19,Da'Mon Blackshear,Mario Bautista,500.0,150.0,1100.0,350.0,450.0,400.0
2023-08-19,Marlon Vera,Pedro Munhoz,110.0,200.0,400.0,1200.0,1100.0,1400.0
2023-08-19,Gregory Rodrigues,Denis Tiuliulin,600.0,1400.0,120.0,400.0,175.0,2000.0
2023-08-19,Kurt Holobaugh,Austin Hubbard,450.0,130.0,450.0,350.0,700.0,800.0
2023-08-19,Brad Katona,Cody Gibson,100.0,350.0,1200.0,400.0,600.0,1000.0
2023-08-19,Chris Weidman,Brad Tavares,500.0,215.0,600.0,130.0,1000.0,1600.0
2023-08-26,Erin Blanchfield,Taila Santos,150.0,180.0,900.0,1000.0,350.0,1200.0
2023-08-26,Max Holloway,Chan Sung Jung,150.0,1100.0,-120.0,1400.0,1400.0,2200.0
2023-08-26,Anthony Smith,Ryan Spann,650.0,1200.0,330.0,175.0,380.0,330.0
2023-08-26,Rinya Nakamura,Fernie Garcia,400.0,1100.0,-165.0,1600.0,350.0,2500.0
2023-08-26,Junior Tafa,Parker Porter,,450.0,,350.0,,500.0
2023-08-26,Giga Chikadze,Alex Caceres,100.0,450.0,275.0,800.0,1600.0,800.0
2023-08-26,Toshiomi Kazama,Garrett Armfield,500.0,250.0,900.0,215.0,300.0,600.0
2023-08-26,Chidi Njokuani,Michal Oleksiejczuk,600.0,550.0,175.0,165.0,1200.0,1400.0
2023-08-26,Song Kenan,Rolando Bedoya,650.0,165.0,600.0,180.0,1800.0,500.0
2023-08-26,Waldo Cortes-Acosta,Lukasz Brzeski,150.0,400.0,200.0,550.0,2000.0,1400.0
2023-08-26,Billy Ray Goff,Yusaku Kinoshita,700.0,550.0,200.0,150.0,1000.0,600.0
2023-08-26,Liang Na,JJ Aldrich,1300.0,215.0,1400.0,110.0,850.0,350.0
2023-08-26,SeungWoo Choi,Jarno Errens,275.0,300.0,165.0,500.0,1600.0,650.0
2023-09-02,Ciryl Gane,Serghei Spivac,750.0,,-120.0,,800.0,
2023-09-02,Manon Fiorot,Rose Namajunas,110.0,350.0,330.0,900.0,2800.0,700.0
2023-09-02,Benoit Saint Denis,Thiago Moises,250.0,350.0,300.0,1000.0,380.0,450.0
2023-09-02,Volkan Oezdemir,Bogdan Guskov,550.0,1200.0,-110.0,200.0,1400.0,1800.0
2023-09-02,William Gomis,Yanis Ghemmouri,,350.0,,600.0,,1400.0
2023-09-02,Zarah Fairn,Jacqueline Cavalcanti,500.0,120.0,1100.0,200.0,2800.0,500.0
2023-09-02,Taylor Lapilus,Caolan Loughran,120.0,380.0,400.0,350.0,1000.0,1200.0
2023-09-02,Ange Loosa,Rhys McKee,200.0,350.0,275.0,350.0,900.0,900.0
2023-09-02,Nora Cornolle,Joselyne Edwards,300.0,140.0,350.0,700.0,800.0,900.0
2023-09-02,Farid Basharat,Kleydson Rodrigues,-115.0,700.0,700.0,700.0,275.0,2200.0
2023-09-02,Morgan Charriere,Manolo Zecchini,225.0,550.0,120.0,750.0,500.0,2500.0
2023-09-09,Israel Adesanya,Sean Strickland,165.0,1400.0,-125.0,1000.0,1600.0,2000.0
2023-09-09,Tai Tuivasa,Alexander Volkov,1200.0,300.0,225.0,110.0,2800.0,1400.0
2023-09-09,Manel Kape,Felipe dos Santos,350.0,650.0,-145.0,1400.0,650.0,1100.0
2023-09-09,Justin Tafa,Austen Lane,900.0,1200.0,-150.0,225.0,1800.0,1200.0
2023-09-09,Carlos Ulberg,Da Woon Jung,400.0,700.0,-135.0,500.0,1800.0,1400.0
2023-09-09,Jack Jenkins,Chepe Mariscal,120.0,330.0,275.0,750.0,1400.0,1200.0
2023-09-09,Jamie Mullarkey,John Makdessi,100.0,380.0,225.0,900.0,1400.0,3500.0
2023-09-09,Nasrat Haqparast,Landon Quinones,110.0,800.0,140.0,900.0,1800.0,2200.0
2023-09-09,Tyson Pedro,Anton Turkalj,450.0,400.0,250.0,250.0,500.0,550.0
2023-09-16,Loopy Godinez,Elise Reed,120.0,400.0,400.0,1600.0,250.0,3500.0
2023-09-16,Tracy Cortez,Jasmine Jasudavicius,110.0,150.0,1400.0,1100.0,800.0,1400.0
2023-09-16,Roman Kopylov,Josh Fremd,300.0,550.0,-125.0,1000.0,1400.0,1000.0
2023-09-16,Fernando Padilla,Kyle Nelson,300.0,550.0,150.0,600.0,400.0,900.0
2023-09-16,Daniel Zellhuber,Christos Giagos,150.0,750.0,200.0,650.0,500.0,900.0
2023-09-16,Raul Rosas Jr.,Terrence Mitchell,800.0,1400.0,275.0,1100.0,-200.0,2000.0
2023-09-16,Kevin Holland,Jack Della Maddalena,400.0,350.0,400.0,165.0,550.0,1600.0
2023-09-23,Rafael Fiziev,Mateusz Gamrot,275.0,225.0,175.0,1000.0,1800.0,700.0
2023-09-23,Bryce Mitchell,Dan Ige,-115.0,450.0,1200.0,400.0,500.0,1400.0
2023-09-23,Marina Rodriguez,Michelle Waterson-Gomez,-165.0,,400.0,,1600.0,
2023-09-23,Bryan Battle,AJ Fletcher,225.0,550.0,380.0,400.0,275.0,700.0
2023-09-23,Tamires Vidal,Montserrat Rendon,110.0,275.0,450.0,2000.0,450.0,1200.0
2023-09-23,Tim Means,Andre Fialho,330.0,500.0,450.0,100.0,1100.0,1400.0
2023-09-23,Jacob Malkoun,Cody Brundage,120.0,1200.0,250.0,900.0,300.0,1600.0
2023-09-23,Mohammed Usman,Jake Collier,225.0,350.0,275.0,300.0,900.0,900.0
2023-09-23,Mizuki,Hannah Goldy,,350.0,,2500.0,,1600.0
2023-09-23,Ricardo Ramos,Charles Jourdain,350.0,250.0,800.0,225.0,380.0,1000.0
2023-10-07,Grant Dawson,King Green,275.0,1000.0,300.0,700.0,120.0,2500.0
2023-10-07,Joe Pyfer,Abdul Razak Alhassan,,1200.0,,400.0,,2500.0
2023-10-07,Alex Morono,Joaquin Buckley,330.0,500.0,700.0,-105.0,800.0,1400.0
2023-10-14,Jonathan Martinez,Adrian Yanez,275.0,400.0,250.0,200.0,1200.0,1400.0
2023-10-14,Jennifer Maia,Viviane Araujo,-125.0,215.0,1600.0,1400.0,1100.0,700.0
2023-10-14,Sodiq Yusuff,Edson Barboza,300.0,900.0,200.0,200.0,550.0,2500.0
2023-10-21,Shara Magomedov,Bruno Silva,350.0,800.0,-120.0,550.0,800.0,2500.0
2023-10-21,Viktoriia Dudakova,Jinh Yu Frey,-105.0,500.0,275.0,2500.0,350.0,2200.0
2023-10-21,Nathaniel Wood,Muhammad Naimov,100.0,750.0,350.0,550.0,450.0,1400.0
2023-10-21,Mike Breeden,Anshul Jubli,550.0,200.0,450.0,200.0,2000.0,450.0
2023-10-21,Abu Azaitar,Sedriques Dumas,650.0,300.0,400.0,175.0,2200.0,350.0
2023-10-21,Mohammad Yahya,Trevor Peek,550.0,800.0,350.0,-125.0,750.0,1400.0
2023-10-21,Tim Elliott,Muhammad Mokaev,450.0,130.0,2500.0,700.0,1600.0,165.0
2023-10-21,Said Nurmagomedov,Muin Gafurov,175.0,500.0,450.0,600.0,225.0,1600.0
2023-10-21,Ikram Aliskerov,Warlley Alves,500.0,1400.0,110.0,900.0,150.0,1600.0
2023-10-21,Kamaru Usman,Khamzat Chimaev,600.0,250.0,700.0,165.0,2500.0,300.0
2023-10-21,Islam Makhachev,Alexander Volkanovski,165.0,475.0,400.0,500.0,250.0,2200.0
2023-11-04,Jailton Almeida,Derrick Lewis,2200.0,2200.0,180.0,475.0,-145.0,3500.0
2023-11-04,Gabriel Bonfim,Nicolas Dalby,330.0,750.0,225.0,1400.0,110.0,2800.0
2023-11-04,Caio Borralho,Abus Magomedov,215.0,800.0,400.0,450.0,175.0,1200.0
2023-11-04,Rodrigo Nascimento,Don'Tale Mayes,250.0,400.0,550.0,400.0,180.0,2000.0
2023-11-04,Elves Brener,Kaynan Kruschewsky,330.0,750.0,450.0,450.0,140.0,650.0
2023-11-11,Matt Frevola,Benoit Saint Denis,650.0,600.0,350.0,165.0,1200.0,225.0
2023-11-11,John Castaneda,Kyung Ho Kang,180.0,,350.0,,900.0,
2023-11-11,Jared Gordon,Mark Madsen,110.0,240.0,400.0,1000.0,800.0,2000.0
2023-11-11,Mateusz Rebecki,Roosevelt Roberts,,1600.0,,1400.0,,1200.0
2023-11-11,Tabatha Ricci,Loopy Godinez,200.0,-105.0,2000.0,750.0,1200.0,1100.0
2023-11-11,Steve Erceg,Alessandro Costa,,450.0,,450.0,,1000.0
2023-11-11,Diego Lopes,Pat Sabatini,500.0,240.0,380.0,1100.0,330.0,300.0
2023-11-11,Jessica Andrade,Mackenzie Dern,450.0,350.0,500.0,700.0,1400.0,120.0
2023-11-11,Sergei Pavlovich,Tom Aspinall,1400.0,1400.0,110.0,175.0,2000.0,400.0
2023-11-11,Jiri Prochazka,Alex Pereira,700.0,850.0,200.0,120.0,700.0,1800.0
2023-11-18,Payton Talbott,Nick Aguirre,140.0,1200.0,-110.0,1800.0,1100.0,1200.0
2023-11-18,Luana Pinheiro,Amanda Ribas,500.0,100.0,500.0,1000.0,1000.0,350.0
2023-11-18,Michael Morales,Jake Matthews,200.0,550.0,120.0,900.0,900.0,1100.0
2023-11-18,Chase Hooper,Jordan Leavitt,165.0,425.0,450.0,800.0,380.0,650.0
2023-11-18,Uros Medic,Myktybek Orolbai,500.0,330.0,185.0,350.0,1600.0,400.0
2023-11-18,Brendan Allen,Paul Craig,700.0,1600.0,120.0,1000.0,165.0,650.0
2023-11-18,Chad Anheliger,Jose Johnson,450.0,200.0,500.0,225.0,1000.0,550.0
2023-11-18,Christian Leroy Duncan,Denis Tiuliulin,330.0,1400.0,-150.0,750.0,450.0,2800.0
2023-11-18,Mick Parkin,Caio Machado,180.0,650.0,175.0,1000.0,350.0,1600.0
2023-11-18,Jeka Saragih,Lucas Alexander,750.0,225.0,1100.0,-110.0,2200.0,500.0
2023-11-18,Lucie Pudilova,Ailin Perez,240.0,110.0,1200.0,550.0,1100.0,700.0
2023-11-18,Charles Johnson,Rafael Estevam,200.0,130.0,225.0,550.0,550.0,800.0
2023-11-18,Jonathan Pearce,Joanderson Brito,300.0,700.0,250.0,275.0,550.0,450.0
2023-12-02,Beneil Dariush,Arman Tsarukyan,550.0,200.0,750.0,130.0,1200.0,800.0
2023-12-02,Jalin Turner,King Green,275.0,350.0,250.0,400.0,350.0,1400.0
2023-12-02,Sean Brady,Kelvin Gastelum,225.0,275.0,900.0,275.0,330.0,1600.0
2023-12-02,Clay Guida,Joaquim Silva,550.0,240.0,900.0,165.0,1400.0,300.0
2023-12-02,Punahele Soriano,Dustin Stoltzfus,300.0,550.0,-110.0,1400.0,700.0,900.0
2023-12-02,Rob Font,Deiveson Figueiredo,225.0,400.0,240.0,400.0,1600.0,450.0
2023-12-09,Tim Elliott,Sumudaerji,250.0,650.0,1000.0,225.0,200.0,2500.0
2023-12-09,Song Yadong,Chris Gutierrez,320.0,500.0,350.0,900.0,1200.0,2800.0
2023-12-09,Anthony Smith,Khalil Rountree Jr.,650.0,,500.0,,550.0,
2023-12-09,Nasrat Haqparast,Jamie Mullarkey,120.0,350.0,300.0,500.0,2000.0,1200.0
2023-12-09,JunYong Park,Andre Muniz,275.0,650.0,215.0,1200.0,400.0,300.0
2023-12-09,Luana Santos,Stephanie Egger,200.0,275.0,700.0,1000.0,300.0,500.0
2023-12-09,HyunSung Park,Shannon Ross,275.0,1000.0,215.0,900.0,400.0,2500.0
2023-12-09,Steve Garcia,Melquizael Costa,900.0,320.0,350.0,140.0,1200.0,400.0
2023-12-09,Tatsuro Taira,Carlos Hernandez,175.0,750.0,650.0,1600.0,100.0,2000.0
2023-12-09,Rayanne dos Santos,Talita Alencar,200.0,250.0,700.0,1400.0,300.0,500.0
2023-12-09,Song Kenan,Kevin Jousset,,275.0,,225.0,,700.0
2024-01-13,Phil Hawes,Brunno Ferreira,1000.0,1400.0,165.0,110.0,900.0,600.0
2024-01-13,Magomed Ankalaev,Johnny Walker,400.0,1400.0,-200.0,700.0,800.0,2000.0
2024-01-13,Jim Miller,Gabriel Benitez,450.0,550.0,250.0,240.0,330.0,1200.0
2024-01-13,Ricky Simon,Mario Bautista,120.0,350.0,550.0,600.0,550.0,800.0
2024-01-13,Andrei Arlovski,Waldo Cortes-Acosta,600.0,250.0,1200.0,-175.0,3000.0,1000.0
2024-01-13,Joshua Van,Felipe Bunes,180.0,800.0,150.0,1000.0,700.0,500.0
2024-01-13,Marcus McGhee,Gaston Bolanos,350.0,650.0,175.0,350.0,300.0,1600.0
2024-01-13,Farid Basharat,Taylor Lapilus,-135.0,450.0,1100.0,700.0,400.0,1800.0
2024-01-13,Westin Wilson,Jean Silva,2000.0,900.0,2000.0,-280.0,1200.0,350.0
2024-01-13,Nikolas Motta,Tom Nolan,1400.0,1200.0,400.0,-225.0,2500.0,650.0
2024-01-13,Matthew Semelsberger,Preston Parsons,450.0,300.0,175.0,800.0,1800.0,300.0
2024-01-20,Sean Strickland,Dricus Du Plessis,350.0,750.0,215.0,200.0,1200.0,400.0
2024-01-20,Raquel Pennington,Mayra Bueno Silva,200.0,,1800.0,,900.0,
2024-01-20,Neil Magny,Mike Malott,500.0,450.0,1100.0,300.0,2000.0,100.0
2024-01-20,Chris Curtis,Marc-Andre Barriault,140.0,400.0,250.0,400.0,2000.0,1600.0
2024-01-20,Arnold Allen,Movsar Evloev,300.0,-125.0,750.0,900.0,1000.0,1000.0
2024-01-20,Charles Jourdain,Sean Woodson,200.0,275.0,225.0,750.0,550.0,2200.0
2024-01-20,Serhiy Sidey,Ramon Taveras,350.0,800.0,150.0,275.0,550.0,800.0
2024-01-20,Gillian Robertson,Polyana Viana,225.0,750.0,700.0,800.0,120.0,700.0
2024-01-20,Yohan Lainesse,Sam Patterson,750.0,800.0,110.0,450.0,900.0,300.0
2024-01-20,Jasmine Jasudavicius,Priscila Cachoeira,100.0,1000.0,350.0,550.0,350.0,2200.0
2024-01-20,Brad Katona,Garrett Armfield,110.0,425.0,1100.0,550.0,300.0,1200.0
2024-02-03,Roman Dolidze,Nassourdine Imavov,700.0,240.0,400.0,215.0,550.0,600.0
2024-02-03,Renato Moicano,Drew Dober,350.0,900.0,700.0,240.0,130.0,2200.0
2024-02-03,Randy Brown,Muslim Salikhov,120.0,550.0,400.0,500.0,350.0,2000.0
2024-02-03,Gilbert Urbina,Charles Radtke,275.0,550.0,200.0,550.0,400.0,650.0
2024-02-03,Viviane Araujo,Natalia Silva,400.0,-135.0,1400.0,500.0,1600.0,650.0
2024-02-10,Trevin Giles,Carlos Prates,500.0,450.0,650.0,-110.0,1200.0,600.0
2024-02-10,Rodolfo Vieira,Armen Petrosyan,550.0,330.0,900.0,225.0,165.0,2500.0
2024-02-10,Michael Johnson,Darrius Flowers,350.0,800.0,150.0,180.0,1400.0,1100.0
2024-02-10,Brad Tavares,Gregory Rodrigues,500.0,215.0,450.0,165.0,2000.0,650.0
2024-02-10,Robert Bryczek,Ihor Potieria,1100.0,1400.0,-135.0,180.0,1600.0,1200.0
2024-02-10,Dan Ige,Andre Fili,150.0,275.0,250.0,600.0,1100.0,1800.0
2024-02-10,Jack Hermansson,Joe Pyfer,650.0,700.0,600.0,105.0,700.0,350.0
2024-02-17,Alexander Volkanovski,Ilia Topuria,250.0,,250.0,,1400.0,
2024-02-17,Robert Whittaker,Paulo Costa,110.0,650.0,300.0,350.0,1200.0,1800.0
2024-02-17,Geoff Neal,Ian Machado Garry,650.0,125.0,350.0,275.0,2200.0,800.0
2024-02-17,Merab Dvalishvili,Henry Cejudo,-165.0,450.0,500.0,650.0,1600.0,2000.0
2024-02-17,Anthony Hernandez,Roman Kopylov,275.0,750.0,400.0,330.0,175.0,2500.0
2024-02-17,Marcos Rogerio de Lima,Junior Tafa,,1200.0,,150.0,,1800.0
2024-02-17,Rinya Nakamura,Carlos Vera,200.0,1400.0,120.0,3000.0,225.0,2000.0
2024-02-17,Zhang Mingyang,Brendson Ribeiro,1100.0,1200.0,120.0,180.0,600.0,500.0
2024-02-17,Josh Quinlan,Danny Barlow,750.0,275.0,300.0,130.0,900.0,800.0
2024-02-17,Oban Elliott,Val Woodburn,240.0,1000.0,215.0,450.0,240.0,2200.0
2024-02-17,Amanda Lemos,Mackenzie Dern,350.0,400.0,165.0,1000.0,1400.0,250.0
2024-02-24,Yazmin Jauregui,Sam Hughes,-125.0,650.0,200.0,2000.0,900.0,2800.0
2024-02-24,Brandon Moreno,Brandon Royval,140.0,700.0,300.0,800.0,350.0,700.0
2024-02-24,Yair Rodriguez,Brian Ortega,250.0,650.0,215.0,550.0,1100.0,300.0
2024-02-24,Daniel Zellhuber,Francisco Prado,150.0,600.0,225.0,500.0,550.0,1200.0
2024-02-24,Manuel Torres,Chris Duncan,900.0,800.0,110.0,240.0,500.0,900.0
2024-02-24,Edgar Chairez,Daniel Lacerda,550.0,1800.0,130.0,700.0,,1100.0
2024-02-24,Jesus Aguilar,Mateus Mendonca,350.0,350.0,700.0,300.0,350.0,350.0
2024-02-24,Erik Silva,Muhammad Naimov,900.0,200.0,1600.0,150.0,,300.0
2024-02-24,Claudio Puelles,Fares Ziam,600.0,150.0,1400.0,225.0,330.0,1200.0
2024-02-24,Ronaldo Rodriguez,Denys Bondar,250.0,180.0,215.0,1000.0,1100.0,600.0
2024-02-24,Victor Altamirano,Felipe dos Santos,400.0,-110.0,1200.0,400.0,1200.0,600.0
2024-02-24,Cristian Quinonez,Raoni Barcelos,550.0,275.0,300.0,250.0,1200.0,400.0
2024-03-02,Jairzinho Rozenstruik,Shamil Gaziev,2000.0,1200.0,180.0,130.0,3000.0,250.0
2024-03-02,Vitor Petrino,Tyson Pedro,275.0,1000.0,140.0,650.0,275.0,1100.0
2024-03-02,Alex Perez,Muhammad Mokaev,650.0,180.0,1000.0,800.0,1200.0,120.0
2024-03-02,Umar Nurmagomedov,Bekzat Almakhan,165.0,1400.0,330.0,1800.0,120.0,4500.0
2024-03-02,Matt Schnell,Steve Erceg,650.0,275.0,1400.0,180.0,1200.0,200.0
2024-03-02,Eryk Anders,Jamie Pickett,120.0,750.0,215.0,1000.0,350.0,4000.0
2024-03-02,Aiemann Zahabi,Javid Basharat,900.0,-150.0,1400.0,400.0,4000.0,350.0
2024-03-02,Christian Leroy Duncan,Claudio Ribeiro,350.0,,-120.0,,550.0,
2024-03-02,Ludovit Klein,AJ Cunningham,400.0,1200.0,-185.0,1800.0,400.0,2800.0
2024-03-02,Abdul-Kareem Al-Selwady,Loik Radzhabov,165.0,330.0,300.0,350.0,1200.0,1200.0
2024-03-02,Vinicius Oliveira,Benardo Sopaj,400.0,,165.0,,900.0,
2024-03-09,Gilbert Burns,Jack Della Maddalena,450.0,350.0,900.0,140.0,330.0,2000.0
2024-03-09,Sean O'Malley,Marlon Vera,,600.0,,450.0,,1400.0
2024-03-09,Dustin Poirier,Benoit Saint Denis,700.0,650.0,350.0,300.0,1100.0,140.0
2024-03-09,Kevin Holland,Michael Page,200.0,225.0,450.0,450.0,550.0,2500.0
2024-03-09,Petr Yan,Song Yadong,130.0,,500.0,,2000.0,
2024-03-09,Robelis Despaigne,Josh Parisian,1600.0,1200.0,-300.0,550.0,1000.0,1200.0
2024-03-09,Katlyn Cerminara,Maycee Barber,215.0,100.0,1200.0,400.0,1600.0,1400.0
2024-03-09,Mateusz Gamrot,Rafael Dos Anjos,-175.0,500.0,350.0,2000.0,900.0,1600.0
2024-03-09,Pedro Munhoz,Kyler Phillips,300.0,-120.0,1100.0,500.0,1200.0,1100.0
2024-03-09,Ion Cutelaba,Philipe Lins,,650.0,,275.0,,550.0
2024-03-09,Michel Pereira,Michal Oleksiejczuk,300.0,450.0,250.0,240.0,450.0,2500.0
2024-03-09,Curtis Blaydes,Jailton Almeida,350.0,450.0,225.0,400.0,2000.0,275.0
2024-03-16,Christian Rodriguez,Isaac Dulgarian,,225.0,,275.0,,350.0
2024-03-16,Ovince Saint Preux,Kennedy Nzechukwu,1400.0,500.0,1200.0,-225.0,1400.0,550.0
2024-03-16,Tai Tuivasa,Marcin Tybura,1600.0,700.0,110.0,225.0,2000.0,450.0
2024-03-23,Amanda Ribas,Rose Namajunas,450.0,250.0,1000.0,140.0,600.0,1000.0
2024-03-23,Edmen Shahbazyan,AJ Dobson,300.0,350.0,130.0,600.0,800.0,1100.0
2024-03-23,Payton Talbott,Cameron Saaiman,165.0,225.0,350.0,650.0,800.0,1600.0
2024-03-23,Billy Quarantillo,Youssef Zalal,,165.0,,450.0,,1200.0
2024-03-23,Karl Williams,Justin Tafa,175.0,900.0,250.0,215.0,700.0,2200.0
2024-03-23,Kurt Holobaugh,Trey Ogden,450.0,130.0,450.0,1200.0,450.0,450.0
2024-03-23,Ricardo Ramos,Julian Erosa,350.0,550.0,215.0,500.0,350.0,550.0
2024-03-23,Miles Johns,Cody Gibson,180.0,250.0,300.0,550.0,1400.0,1000.0
2024-03-23,Jarno Errens,Steven Nguyen,350.0,150.0,500.0,350.0,800.0,700.0
2024-03-23,Montserrat Rendon,Daria Zhelezniakova,275.0,,2200.0,,1800.0,
2024-03-23,Fernando Padilla,Luis Pajuelo,250.0,400.0,225.0,350.0,550.0,1400.0
2024-03-30,Erin Blanchfield,Manon Fiorot,225.0,300.0,800.0,500.0,180.0,2800.0
2024-03-30,Vicente Luque,Joaquin Buckley,500.0,300.0,250.0,240.0,450.0,2500.0
2024-03-30,Chris Weidman,Bruno Silva,400.0,450.0,1200.0,-110.0,500.0,1600.0
2024-03-30,Nursulton Ruziboev,Sedriques Dumas,800.0,550.0,250.0,400.0,150.0,1000.0
2024-03-30,Bill Algeo,Kyle Nelson,120.0,300.0,450.0,1000.0,400.0,1800.0
2024-03-30,Chidi Njokuani,Rhys McKee,800.0,750.0,120.0,215.0,900.0,1000.0
2024-03-30,Virna Jandiroba,Loopy Godinez,350.0,-135.0,2000.0,700.0,550.0,1000.0
2024-03-30,Julio Arce,Herbert Burns,300.0,900.0,110.0,1400.0,400.0,600.0
2024-03-30,Dennis Buzukja,Connor Matthews,200.0,250.0,350.0,650.0,1000.0,500.0
2024-03-30,Ibo Aslan,Anton Turkalj,1200.0,450.0,100.0,500.0,1800.0,300.0
2024-03-30,Nate Landwehr,Jamall Emmers,350.0,150.0,500.0,300.0,1000.0,900.0
2024-04-06,Ignacio Bahamondes,Christos Giagos,250.0,550.0,175.0,800.0,380.0,1100.0
2024-04-06,Brendan Allen,Chris Curtis,225.0,750.0,700.0,320.0,175.0,2800.0
2024-04-06,Alexander Hernandez,Damon Jackson,400.0,450.0,120.0,900.0,1000.0,450.0
2024-04-06,Morgan Charriere,Chepe Mariscal,215.0,195.0,275.0,800.0,1200.0,1500.0
2024-04-06,Trevor Peek,Charlie Campbell,1000.0,600.0,200.0,130.0,1800.0,550.0
2024-04-06,Valter Walker,Lukasz Brzeski,300.0,500.0,130.0,400.0,800.0,2000.0
2024-04-06,Melissa Mullins,Nora Cornolle,-105.0,,330.0,,450.0,
2024-04-06,Dylan Budka,Cesar Almeida,165.0,275.0,500.0,425.0,450.0,2000.0
2024-04-06,Dan Argueta,Jean Matsumoto,,130.0,,600.0,,600.0
2024-04-06,Court McGee,Alex Morono,350.0,200.0,1800.0,175.0,2000.0,400.0
2024-04-06,Norma Dumont,Germaine de Randamie,110.0,240.0,1800.0,350.0,900.0,1800.0
2024-04-06,Pedro Falcao,Victor Hugo,400.0,250.0,400.0,450.0,550.0,300.0
2024-04-13,Sodiq Yusuff,Diego Lopes,275.0,550.0,400.0,250.0,1400.0,300.0
2024-04-13,Holly Holm,Kayla Harrison,600.0,140.0,1000.0,350.0,3500.0,225.0
2024-04-13,Calvin Kattar,Aljamain Sterling,,140.0,,800.0,,350.0
2024-04-13,Jiri Prochazka,Aleksandar Rakic,650.0,275.0,165.0,225.0,1200.0,1800.0
2024-04-13,Bo Nickal,Cody Brundage,1000.0,3000.0,150.0,1400.0,-135.0,3000.0
2024-04-13,Charles Oliveira,Arman Tsarukyan,900.0,330.0,550.0,130.0,450.0,700.0
2024-04-13,Justin Gaethje,Max Holloway,300.0,250.0,150.0,550.0,2200.0,1600.0
2024-04-13,Zhang Weili,Yan Xiaonan,200.0,,140.0,,400.0,
2024-04-13,Alex Pereira,Jamahal Hill,600.0,650.0,110.0,200.0,2000.0,1400.0
2024-04-27,Tim Means,Uros Medic,500.0,350.0,800.0,-120.0,1600.0,800.0
2024-04-27,Austin Hubbard,Michal Figlak,240.0,130.0,800.0,350.0,1600.0,900.0
2024-04-27,Don'Tale Mayes,Caio Machado,250.0,180.0,350.0,500.0,1400.0,800.0
2024-04-27,Jonathan Pearce,David Onama,200.0,650.0,400.0,250.0,500.0,800.0
2024-04-27,James Llontop,Chris Padilla,250.0,900.0,-125.0,900.0,1000.0,1100.0
2024-04-27,Marnic Mann,Ketlen Souza,400.0,-120.0,2500.0,300.0,1200.0,900.0
2024-04-27,Gabriel Benitez,Maheshate,450.0,275.0,600.0,110.0,1100.0,1400.0
2024-04-27,Rani Yahya,Victor Henry,750.0,130.0,2000.0,165.0,750.0,700.0
2024-04-27,Ivana Petrovic,Liang Na,350.0,,175.0,,175.0,
2024-05-04,Joaquim Silva,Drakkar Klose,550.0,180.0,400.0,185.0,1000.0,2000.0
2024-05-04,Alexandre Pantoja,Steve Erceg,200.0,450.0,450.0,380.0,280.0,1200.0
2024-05-04,Anthony Smith,Vitor Petrino,1100.0,215.0,800.0,110.0,1200.0,550.0
2024-05-04,Michel Pereira,Ihor Potieria,380.0,1200.0,-135.0,750.0,350.0,2800.0
2024-05-04,Jose Aldo,Jonathan Martinez,200.0,150.0,500.0,350.0,2500.0,1400.0
2024-05-04,Jack Shore,Joanderson Brito,350.0,350.0,1100.0,225.0,500.0,350.0
2024-05-04,Karolina Kowalkiewicz,Iasmin Lucindo,450.0,-105.0,2200.0,350.0,1800.0,400.0
2024-05-04,Elves Brener,Myktybek Orolbai,500.0,120.0,1400.0,350.0,550.0,500.0
2024-05-04,Paul Craig,Caio Borralho,1400.0,175.0,1400.0,200.0,1000.0,225.0
2024-05-11,Charles Johnson,Jake Hadley,200.0,140.0,600.0,900.0,1100.0,650.0
2024-05-11,Billy Ray Goff,Trey Waters,450.0,400.0,275.0,165.0,1400.0,600.0
2024-05-11,Tabatha Ricci,Tecia Pennington,100.0,175.0,1600.0,1100.0,850.0,1900.0
2024-05-11,Terrance McKinney,Esteban Ribovics,1600.0,900.0,330.0,110.0,400.0,500.0
2024-05-11,Chase Hooper,Viacheslav Borshchev,425.0,,900.0,,275.0,
2024-05-11,Waldo Cortes-Acosta,Robelis Despaigne,900.0,1200.0,350.0,-190.0,1200.0,1600.0
2024-05-11,Alex Caceres,Sean Woodson,350.0,-120.0,1200.0,500.0,750.0,1400.0
2024-05-11,JJ Aldrich,Veronica Hardy,130.0,120.0,1200.0,1400.0,1400.0,800.0
2024-05-18,Edson Barboza,Lerone Murphy,450.0,180.0,275.0,275.0,2000.0,1400.0
2024-05-18,Khaos Williams,Carlston Harris,550.0,350.0,130.0,550.0,1600.0,450.0
2024-05-18,Themba Gorimbo,Ramiz Brahimaj,275.0,800.0,275.0,1100.0,550.0,180.0
2024-06-08,Jared Cannonier,Nassourdine Imavov,250.0,240.0,350.0,300.0,2000.0,700.0
2024-06-08,Dominick Reyes,Dustin Jacoby,500.0,240.0,500.0,120.0,1600.0,1600.0
2024-06-08,Miguel Baeza,Punahele Soriano,400.0,700.0,175.0,275.0,350.0,1400.0
2024-06-08,Brunno Ferreira,Dustin Stoltzfus,650.0,600.0,-135.0,900.0,800.0,550.0
2024-06-08,Julian Marquez,Zachary Reese,600.0,1100.0,175.0,300.0,450.0,450.0
2024-06-08,Raul Rosas Jr.,Ricky Turcios,200.0,300.0,600.0,1000.0,200.0,1600.0
2024-06-15,Alex Perez,Tatsuro Taira,550.0,350.0,400.0,650.0,1100.0,125.0
2024-06-15,Douglas Silva de Andrade,Miles Johns,350.0,120.0,350.0,450.0,1600.0,1200.0
2024-06-15,Timmy Cuamba,Lucas Almeida,215.0,550.0,200.0,350.0,800.0,1100.0
2024-06-15,Asu Almabayev,Jose Johnson,,1000.0,,800.0,,2200.0
2024-06-15,Brady Hiestand,Garrett Armfield,300.0,175.0,1600.0,180.0,1000.0,900.0
2024-06-15,Jimmy Flick,Nate Maness,1400.0,500.0,2200.0,-280.0,900.0,800.0
2024-06-15,Carli Judice,Gabriella Fernandes,215.0,150.0,800.0,330.0,1600.0,900.0
2024-06-15,Jeka Saragih,Westin Wilson,650.0,1200.0,-200.0,1600.0,800.0,450.0
2024-06-15,Melquizael Costa,Shayilan Nuerdanbieke,180.0,350.0,350.0,650.0,400.0,900.0
2024-06-15,Josefine Knutsson,Julia Polastri,-125.0,250.0,650.0,1800.0,1200.0,900.0
2024-06-15,Josh Quinlan,Adam Fugitt,450.0,275.0,140.0,400.0,1400.0,1000.0
2024-06-22,Shara Magomedov,Antonio Trocoli,380.0,1000.0,-190.0,1100.0,750.0,1200.0
2024-06-22,Robert Whittaker,Ikram Aliskerov,240.0,650.0,200.0,250.0,1800.0,750.0
2024-06-22,Sergei Pavlovich,Alexander Volkov,600.0,550.0,-140.0,400.0,1600.0,1200.0
2024-06-22,Kelvin Gastelum,Daniel Rodriguez,110.0,300.0,380.0,700.0,1100.0,1400.0
2024-06-22,Johnny Walker,Volkan Oezdemir,400.0,400.0,175.0,250.0,900.0,1200.0
2024-06-22,Rinat Fakhretdinov,Nicolas Dalby,-125.0,500.0,450.0,1000.0,500.0,1800.0
2024-06-22,Muhammad Naimov,Felipe Lima,300.0,250.0,275.0,330.0,1000.0,1000.0
2024-06-22,Kyung Ho Kang,Muin Gafurov,,180.0,,275.0,,900.0
2024-06-22,Xiao Long,ChangHo Lee,,215.0,,450.0,,1100.0
2024-06-22,Nasrat Haqparast,Jared Gordon,120.0,300.0,225.0,1000.0,2500.0,1600.0
2024-06-22,Magomed Gadzhiyasulov,Brendson Ribeiro,600.0,1400.0,-135.0,450.0,450.0,1100.0
2024-06-29,Alex Pereira,Jiri Prochazka,650.0,900.0,110.0,180.0,1800.0,1000.0
2024-06-29,Payton Talbott,Yanis Ghemmouri,225.0,2000.0,-165.0,2000.0,550.0,3000.0
2024-06-29,Charles Jourdain,Jean Silva,150.0,300.0,550.0,900.0,800.0,275.0
2024-06-29,Cub Swanson,Andre Fili,450.0,200.0,450.0,165.0,2200.0,900.0
2024-06-29,Joe Pyfer,Marc-Andre Barriault,,700.0,,500.0,,2200.0
2024-06-29,Ian Machado Garry,Michael Page,130.0,275.0,400.0,450.0,1000.0,3000.0
2024-06-29,Mayra Bueno Silva,Macy Chiasson,,175.0,,700.0,,750.0
2024-06-29,Anthony Smith,Roman Dolidze,370.0,225.0,350.0,240.0,800.0,1000.0
2024-06-29,Dan Ige,Diego Lopes,700.0,200.0,600.0,200.0,800.0,300.0
2024-07-13,Drew Dober,Jean Silva,450.0,600.0,185.0,175.0,1800.0,700.0
2024-07-13,Santiago Ponzinibbio,Muslim Salikhov,250.0,450.0,150.0,350.0,1600.0,1800.0
2024-07-13,Gabriel Bonfim,Ange Loosa,300.0,550.0,450.0,800.0,110.0,1800.0
2024-07-13,Rose Namajunas,Tracy Cortez,-105.0,250.0,450.0,2000.0,750.0,1400.0
2024-07-13,Joshua Van,Charles Johnson,-135.0,350.0,500.0,1000.0,1200.0,1400.0
2024-07-13,Jasmine Jasudavicius,Fatima Kline,120.0,165.0,800.0,1200.0,900.0,900.0
2024-07-13,Montel Jackson,Da'Mon Blackshear,150.0,225.0,450.0,1200.0,1600.0,400.0
2024-07-13,Luana Santos,Mariya Agapova,200.0,800.0,350.0,1000.0,165.0,900.0
2024-07-13,Julian Erosa,Christian Rodriguez,350.0,,1100.0,,900.0,
2024-07-20,JeongYeong Lee,Hyder Amil,,450.0,,350.0,,1400.0
2024-07-20,Dooho Choi,Bill Algeo,800.0,140.0,200.0,550.0,1800.0,450.0
2024-07-20,Cody Durden,Bruno Silva,165.0,250.0,800.0,550.0,1100.0,400.0
2024-07-20,Kurt Holobaugh,Kaynan Kruschewsky,400.0,300.0,330.0,350.0,650.0,400.0
2024-07-20,Steve Garcia,SeungWoo Choi,750.0,800.0,110.0,200.0,800.0,1800.0
2024-07-20,Amanda Lemos,Virna Jandiroba,450.0,250.0,215.0,1600.0,1400.0,240.0
2024-07-27,Leon Edwards,Belal Muhammad,110.0,350.0,250.0,1100.0,1400.0,1600.0
2024-07-27,Tom Aspinall,Curtis Blaydes,1200.0,1100.0,-175.0,500.0,400.0,2800.0
2024-07-27,King Green,Paddy Pimblett,180.0,275.0,380.0,550.0,1600.0,450.0
2024-07-27,Christian Leroy Duncan,Gregory Rodrigues,400.0,450.0,150.0,350.0,1400.0,550.0
2024-07-27,Molly McCann,Bruna Brasil,120.0,500.0,215.0,1600.0,650.0,1100.0
2024-07-27,Nathaniel Wood,Daniel Pineda,200.0,1000.0,185.0,800.0,300.0,900.0
2024-07-27,Jake Hadley,Caolan Loughran,350.0,-110.0,1400.0,400.0,650.0,1400.0
2024-07-27,Muhammad Mokaev,Manel Kape,125.0,350.0,1100.0,500.0,350.0,1400.0
2024-07-27,Arnold Allen,Giga Chikadze,-110.0,400.0,550.0,500.0,750.0,2500.0
2024-08-03,Mackenzie Dern,Loopy Godinez,240.0,120.0,1100.0,1400.0,275.0,2200.0
2024-08-03,Cory Sandhagen,Umar Nurmagomedov,650.0,110.0,750.0,600.0,1800.0,250.0
2024-08-03,Shara Magomedov,Michal Oleksiejczuk,,550.0,,475.0,,2000.0
2024-08-03,Marlon Vera,Deiveson Figueiredo,300.0,-110.0,350.0,1800.0,1100.0,1100.0
2024-08-03,Tony Ferguson,Michael Chiesa,1000.0,140.0,1800.0,900.0,900.0,120.0
2024-08-03,Joel Alvarez,Elves Brener,450.0,350.0,300.0,450.0,240.0,800.0
2024-08-03,Mohammad Yahya,Kaue Fernandes,600.0,250.0,900.0,175.0,2200.0,250.0
2024-08-03,Shamil Gaziev,Don'Tale Mayes,300.0,550.0,130.0,550.0,400.0,2200.0
2024-08-03,Guram Kutateladze,Jordan Vucenic,110.0,450.0,275.0,1100.0,1400.0,600.0
2024-08-03,Viktoriia Dudakova,Sam Hughes,-115.0,200.0,1600.0,1200.0,650.0,1400.0
2024-08-03,Jai Herbert,Rolando Bedoya,175.0,250.0,380.0,400.0,1200.0,1000.0
2024-08-03,Sedriques Dumas,Denis Tiuliulin,240.0,700.0,300.0,330.0,275.0,2200.0
2024-08-03,Azamat Murzakanov,Alonzo Menifield,275.0,550.0,110.0,500.0,1200.0,1000.0
2024-08-10,Chris Gutierrez,Quang Le,-120.0,900.0,175.0,1200.0,1600.0,2000.0
2024-08-10,Danny Barlow,Nikolay Veretennikov,180.0,800.0,100.0,750.0,1000.0,2200.0
2024-08-10,Damon Jackson,Chepe Mariscal,430.0,230.0,800.0,230.0,550.0,1000.0
2024-08-10,Marcin Tybura,Serghei Spivac,350.0,,350.0,,1000.0,
2024-08-17,Josh Culibao,Ricardo Ramos,200.0,350.0,300.0,800.0,800.0,400.0
2024-08-17,Dricus Du Plessis,Israel Adesanya,400.0,250.0,275.0,275.0,600.0,2500.0
2024-08-17,Kai Kara-France,Steve Erceg,300.0,100.0,700.0,600.0,3000.0,550.0
2024-08-17,Mateusz Gamrot,Dan Hooker,-160.0,650.0,800.0,900.0,400.0,2000.0
2024-08-17,Jack Jenkins,Herbert Burns,550.0,1400.0,-250.0,2000.0,700.0,800.0
2024-08-17,Li Jingliang,Carlos Prates,,250.0,,-110.0,,1200.0
2024-08-17,Junior Tafa,Valter Walker,650.0,240.0,120.0,450.0,1800.0,900.0
2024-08-17,Casey O'Neill,Luana Santos,250.0,130.0,600.0,1000.0,1000.0,500.0
2024-08-17,Tai Tuivasa,Jairzinho Rozenstruik,1100.0,700.0,275.0,-160.0,3000.0,2500.0
2024-08-24,Angela Hill,Tabatha Ricci,150.0,100.0,1200.0,1600.0,2200.0,800.0
2024-08-24,Robert Valentin,Ryan Loder,330.0,350.0,340.0,400.0,440.0,650.0
2024-08-24,Jared Cannonier,Caio Borralho,550.0,150.0,450.0,350.0,2500.0,300.0
2024-08-24,Kaan Ofli,Mairon Santos,400.0,165.0,1100.0,200.0,550.0,1600.0
2024-08-24,Jacqueline Cavalcanti,Josiane Nunes,-135.0,400.0,750.0,600.0,600.0,3000.0
2024-08-24,Edmen Shahbazyan,Gerald Meerschaert,750.0,1000.0,-185.0,1600.0,800.0,400.0
2024-08-24,Dennis Buzukja,Francis Marshall,300.0,140.0,500.0,700.0,1600.0,400.0
2024-08-24,Zachary Reese,Jose Daniel Medina,650.0,1200.0,-120.0,1200.0,180.0,3000.0
2024-08-24,Viacheslav Borshchev,James Llontop,,550.0,,400.0,,2500.0
2024-08-24,Neil Magny,Michael Morales,900.0,-120.0,2200.0,180.0,3000.0,650.0
2024-09-07,Matt Schnell,Cody Durden,550.0,225.0,1000.0,130.0,650.0,700.0
2024-09-07,Trevor Peek,Yanal Ashmouz,215.0,,300.0,,2500.0,
2024-09-07,Rongzhu,Chris Padilla,,550.0,,900.0,,500.0
2024-09-07,Isaac Dulgarian,Brendon Marotte,1200.0,2800.0,-175.0,2200.0,150.0,5000.0
2024-09-07,Felipe dos Santos,Andre Lima,275.0,120.0,550.0,550.0,1200.0,700.0
2024-09-07,Jaqueline Amorim,Vanessa Demopoulos,110.0,500.0,800.0,1000.0,250.0,1200.0
2024-09-07,Andre Petroski,Dylan Budka,120.0,600.0,550.0,700.0,250.0,1400.0
2024-09-07,Zygimantas Ramaska,Nathan Fletcher,450.0,400.0,275.0,900.0,800.0,175.0
2024-09-07,Yizha,Gabriel Santos,,275.0,,550.0,,1200.0
2024-09-14,Sean O'Malley,Merab Dvalishvili,,130.0,,650.0,,2000.0
2024-09-14,Alexa Grasso,Valentina Shevchenko,165.0,165.0,900.0,1000.0,450.0,1100.0
2024-09-14,Daniel Zellhuber,Esteban Ribovics,120.0,330.0,350.0,500.0,1200.0,1600.0
2024-09-14,Brian Ortega,Diego Lopes,350.0,225.0,650.0,250.0,700.0,550.0
2024-09-14,Irene Aldana,Norma Dumont,130.0,130.0,700.0,1800.0,2500.0,800.0
2024-09-14,Manuel Torres,Ignacio Bahamondes,650.0,500.0,215.0,225.0,400.0,1000.0
2024-09-14,Yazmin Jauregui,Ketlen Souza,-165.0,650.0,275.0,1200.0,1400.0,2200.0
2024-09-14,Edgar Chairez,Joshua Van,450.0,120.0,1400.0,225.0,1000.0,900.0
2024-09-14,Ronaldo Rodriguez,Ode Osbourne,275.0,400.0,350.0,330.0,300.0,2200.0
2024-09-28,Renato Moicano,Benoit Saint Denis,1200.0,800.0,1200.0,-110.0,350.0,350.0
2024-09-28,Nassourdine Imavov,Brendan Allen,175.0,350.0,185.0,2000.0,1000.0,550.0
2024-09-28,William Gomis,Joanderson Brito,,180.0,,350.0,,225.0
2024-09-28,Kevin Jousset,Bryan Battle,215.0,130.0,700.0,600.0,2200.0,500.0
2024-09-28,Morgan Charriere,Gabriel Miranda,240.0,1100.0,-150.0,2200.0,1000.0,1000.0
2024-09-28,Fares Ziam,Matt Frevola,225.0,240.0,275.0,500.0,1400.0,650.0
2024-09-28,Ion Cutelaba,Ivan Erslan,,800.0,,120.0,,1200.0
2024-09-28,Taylor Lapilus,Vince Morales,-175.0,500.0,450.0,1100.0,1000.0,1800.0
2024-09-28,Ailin Perez,Daria Zhelezniakova,-110.0,350.0,450.0,600.0,1100.0,2000.0
2024-09-28,Daniel Barez,Victor Altamirano,215.0,130.0,550.0,1000.0,1100.0,650.0
2024-09-28,Nora Cornolle,Jacqueline Cavalcanti,330.0,-160.0,550.0,750.0,2200.0,2800.0
2024-09-28,Bolaji Oki,Chris Duncan,350.0,275.0,130.0,550.0,1600.0,1400.0
2024-09-28,Ludovit Klein,Roosevelt Roberts,200.0,1400.0,-120.0,2500.0,500.0,1600.0
2024-10-05,Alex Pereira,Khalil Rountree Jr.,900.0,,-295.0,,1000.0,
2024-10-05,Raquel Pennington,Julianna Pena,100.0,275.0,2200.0,1100.0,500.0,600.0
2024-10-05,Jose Aldo,Mario Bautista,180.0,130.0,600.0,450.0,2800.0,1800.0
2024-10-05,Roman Dolidze,Kevin Holland,200.0,175.0,800.0,350.0,1400.0,700.0
2024-10-05,Marina Rodriguez,Iasmin Lucindo,215.0,110.0,800.0,450.0,2800.0,1000.0
2024-10-05,Stephen Thompson,Joaquin Buckley,300.0,130.0,650.0,225.0,3500.0,1800.0
2024-10-05,Austin Hubbard,Alexander Hernandez,180.0,175.0,550.0,350.0,1400.0,2000.0
2024-10-05,Cesar Almeida,Ihor Potieria,600.0,1000.0,-200.0,500.0,1200.0,1800.0
2024-10-05,Carla Esparza,Tecia Pennington,,100.0,,2200.0,,500.0
2024-10-05,Ketlen Vieira,Kayla Harrison,1000.0,-110.0,4000.0,240.0,2800.0,300.0
2024-10-12,Grant Dawson,Rafa Garcia,-140.0,650.0,900.0,800.0,350.0,1600.0
2024-10-12,Daniel Rodriguez,Alex Morono,165.0,275.0,215.0,1000.0,1100.0,1200.0
2024-10-12,CJ Vergara,Ramazan Temirov,650.0,100.0,650.0,280.0,2000.0,1400.0
2024-10-12,Jonathan Pearce,Pat Sabatini,200.0,300.0,250.0,1400.0,700.0,500.0
2024-10-12,Themba Gorimbo,Niko Price,180.0,700.0,180.0,700.0,450.0,1100.0
2024-10-12,Junior Tafa,Sean Sharaf,1000.0,1800.0,-225.0,330.0,1600.0,2200.0
2024-10-12,Julia Polastri,Cory McKenna,150.0,120.0,1100.0,2000.0,550.0,1400.0
2024-10-12,Dan Argueta,Cody Haddon,,165.0,,300.0,,700.0
2024-10-12,Clayton Carpenter,Lucas Rocha,110.0,650.0,500.0,380.0,500.0,1200.0
2024-10-19,Anthony Hernandez,Michel Pereira,750.0,1400.0,450.0,175.0,150.0,800.0
2024-10-19,Charles Johnson,Sumudaerji,130.0,,600.0,,300.0,
2024-10-19,Jake Hadley,Cameron Smotherman,200.0,1000.0,215.0,800.0,215.0,2500.0
2024-10-19,Darren Elkins,Daniel Pineda,275.0,450.0,400.0,250.0,400.0,700.0
2024-10-19,Rob Font,Kyler Phillips,800.0,-125.0,1100.0,350.0,2500.0,350.0
2024-10-19,Brad Katona,Jean Matsumoto,240.0,-115.0,2200.0,600.0,1400.0,700.0
2024-10-19,Joselyne Edwards,Tamires Vidal,-150.0,350.0,600.0,800.0,1100.0,2000.0
2024-10-19,Jessica Penne,Elise Reed,350.0,-110.0,2000.0,450.0,450.0,2000.0
2024-10-19,Austen Lane,Robelis Despaigne,1400.0,1400.0,400.0,-250.0,1100.0,1800.0
2024-10-19,Melissa Martinez,Alice Ardelean,100.0,200.0,550.0,1200.0,2200.0,800.0
2024-10-19,Matheus Nicolau,Asu Almabayev,300.0,,1100.0,,1200.0,
2024-10-26,Ilia Topuria,Max Holloway,225.0,450.0,165.0,550.0,500.0,2800.0
2024-10-26,Robert Whittaker,Khamzat Chimaev,600.0,550.0,380.0,175.0,2500.0,240.0
2024-10-26,Magomed Ankalaev,Aleksandar Rakic,-115.0,,225.0,,1600.0,
2024-10-26,Lerone Murphy,Dan Ige,-175.0,400.0,500.0,800.0,2500.0,1800.0
2024-10-26,Ibo Aslan,Rafael Cerqueira,650.0,700.0,150.0,165.0,2000.0,600.0
2024-10-26,Shara Magomedov,Armen Petrosyan,120.0,215.0,300.0,800.0,2800.0,2800.0
2024-10-26,Mateusz Rebecki,Myktybek Orolbai,,140.0,,250.0,,400.0
2024-10-26,Abus Magomedov,Brunno Ferreira,120.0,700.0,300.0,240.0,2800.0,900.0
2024-10-26,Kennedy Nzechukwu,Chris Barnett,350.0,1200.0,-175.0,900.0,550.0,4000.0
2024-10-26,Farid Basharat,Victor Hugo,-175.0,800.0,800.0,1800.0,275.0,3500.0
2024-10-26,Ismail Naurdiev,Bruno Silva,300.0,400.0,225.0,330.0,400.0,2200.0
2024-10-26,Rinat Fakhretdinov,Carlos Leal,-105.0,,450.0,,700.0,
2024-10-26,Geoff Neal,Rafael Dos Anjos,100.0,450.0,225.0,1800.0,2000.0,900.0
2024-11-02,Mike Malott,Trevin Giles,275.0,550.0,240.0,650.0,215.0,2000.0
2024-11-02,Marc-Andre Barriault,Dustin Stoltzfus,150.0,350.0,225.0,800.0,1800.0,800.0
2024-11-02,Ariane da Silva,Jasmine Jasudavicius,300.0,-110.0,800.0,750.0,2000.0,450.0
2024-11-02,Caio Machado,Brendson Ribeiro,300.0,500.0,200.0,350.0,800.0,600.0
2024-11-02,Erin Blanchfield,Rose Namajunas,140.0,180.0,1600.0,650.0,450.0,1600.0
2024-11-02,Brandon Moreno,Amir Albazi,130.0,215.0,400.0,1600.0,800.0,1100.0
2024-11-09,Neil Magny,Carlos Prates,1100.0,800.0,2000.0,-400.0,1600.0,800.0
2024-11-09,Gerald Meerschaert,Reinier de Ridder,700.0,200.0,1400.0,450.0,600.0,165.0
2024-11-09,Mansur Abdul-Malik,Dusko Todorovic,600.0,,-250.0,,800.0,
2024-11-09,Luana Pinheiro,Gillian Robertson,600.0,250.0,900.0,500.0,2200.0,110.0
2024-11-09,Gaston Bolanos,Cortavious Romious,550.0,275.0,380.0,450.0,3000.0,165.0
2024-11-16,Mickey Gall,Ramiz Brahimaj,180.0,300.0,450.0,1100.0,380.0,550.0
2024-11-16,Marcin Tybura,Jhonata Diniz,350.0,650.0,450.0,165.0,300.0,2200.0
2024-11-16,David Onama,Roberto Romero,275.0,1400.0,-120.0,2200.0,275.0,4000.0
2024-11-16,Jim Miller,Damon Jackson,550.0,130.0,500.0,500.0,900.0,400.0
2024-11-16,Jonathan Martinez,Marcus McGhee,215.0,250.0,500.0,225.0,1400.0,1400.0
2024-11-16,Mauricio Ruffy,James Llontop,180.0,1200.0,-150.0,1800.0,800.0,3500.0
2024-11-16,Bo Nickal,Paul Craig,700.0,3000.0,-150.0,3000.0,175.0,1400.0
2024-11-16,Charles Oliveira,Michael Chandler,1200.0,1100.0,215.0,380.0,130.0,900.0
2024-11-16,Jon Jones,Stipe Miocic,400.0,1400.0,120.0,700.0,200.0,3500.0
2024-11-16,Bassil Hafez,Oban Elliott,500.0,-150.0,1200.0,450.0,900.0,1200.0
2024-11-16,Viviane Araujo,Karine Silva,300.0,100.0,2000.0,750.0,2000.0,300.0
2024-11-23,Volkan Oezdemir,Carlos Ulberg,500.0,240.0,500.0,130.0,1600.0,800.0
2024-11-23,Petr Yan,Deiveson Figueiredo,110.0,450.0,200.0,1000.0,2000.0,1600.0
2024-11-23,Yan Xiaonan,Tabatha Ricci,110.0,215.0,200.0,1800.0,2000.0,1100.0
2024-11-23,Song Kenan,Muslim Salikhov,,175.0,,200.0,,1800.0
2024-11-23,Wang Cong,Gabriella Fernandes,-110.0,1000.0,280.0,2200.0,460.0,3000.0
2024-11-23,Zhang Mingyang,Ozzy Diaz,800.0,1400.0,-185.0,450.0,600.0,800.0
2024-11-23,Kiru Sahota,DongHun Choi,,150.0,,550.0,,2500.0
2024-11-23,Shi Ming,Feng Xiaocan,480.0,-195.0,3600.0,550.0,2100.0,1400.0
2024-11-23,Nyamjargal Tumendemberel,Carlos Hernandez,450.0,130.0,600.0,1000.0,500.0,400.0
2024-11-23,Lone'er Kavanagh,Jose Ochoa,150.0,750.0,130.0,700.0,800.0,1800.0
2024-11-23,Xiao Long,Quang Le,185.0,225.0,700.0,750.0,490.0,1000.0
2024-11-23,Maheshate,Nikolas Motta,,650.0,,300.0,,1800.0
2024-11-23,Baergeng Jieleyisi,SuYoung You,300.0,,1100.0,,600.0,
2024-12-07,Shavkat Rakhmonov,Ian Machado Garry,250.0,650.0,240.0,700.0,180.0,3000.0
2024-12-07,Ciryl Gane,Alexander Volkov,-160.0,450.0,350.0,1100.0,1100.0,3000.0
2024-12-07,Bryce Mitchell,Kron Gracie,-200.0,1100.0,500.0,4000.0,380.0,1400.0
2024-12-07,Nate Landwehr,Dooho Choi,275.0,550.0,300.0,250.0,500.0,700.0
2024-12-07,Dominick Reyes,Anthony Smith,250.0,750.0,-125.0,800.0,1200.0,1200.0
2024-12-07,Vicente Luque,Themba Gorimbo,450.0,130.0,600.0,450.0,450.0,900.0
2024-12-07,Chris Weidman,Eryk Anders,150.0,200.0,650.0,380.0,1000.0,1800.0
2024-12-07,Randy Brown,Bryan Battle,400.0,185.0,450.0,300.0,1000.0,550.0
2024-12-07,Cody Durden,Joshua Van,300.0,250.0,900.0,225.0,550.0,800.0
2024-12-07,Michael Chiesa,Max Griffin,200.0,200.0,1600.0,350.0,350.0,1800.0
2024-12-07,Clay Guida,Chase Hooper,1200.0,225.0,2200.0,700.0,2800.0,-165.0
2024-12-07,Kennedy Nzechukwu,Lukasz Brzeski,300.0,700.0,-150.0,1200.0,700.0,3000.0
2024-12-07,Movsar Evloev,Aljamain Sterling,-135.0,275.0,550.0,1600.0,1600.0,1100.0
2024-12-07,Alexandre Pantoja,Kai Asakura,300.0,800.0,400.0,350.0,150.0,2500.0
