kind,title,bouts,note
results,2005 in Cage Rage Championships,65,templates
results,2005 in Cage Warriors,64,templates
results,2005 in Deep,148,templates
results,2005 in Fighting Network Rings,44,templates
results,2005 in Jungle Fight,18,templates
results,2005 in King of the Cage,234,templates
results,2005 in Konfrontacja Sztuk Walki,0,none
results,2005 in M-1 Global,34,templates
results,2005 in Maximum Fighting Championship,10,templates
results,2005 in Pancrase,158,templates
results,2005 in Pride FC,80,templates
results,2005 in Shooto,177,templates
results,2005 in UFC,8,templates
results,2005 in Universal Reality Combat Championship,21,templates
results,2005 in WEC,63,templates
results,2006 International Fight League,21,templates
results,2006 in Cage Rage Championships,95,templates
results,2006 in Cage Warriors,76,templates
results,2006 in Deep,214,templates
results,2006 in Fighting Network Rings,13,templates
results,2006 in Jungle Fight,16,templates
results,2006 in King of the Cage,231,templates
results,2006 in Konfrontacja Sztuk Walki,0,none
results,2006 in M-1 Global,34,templates
results,2006 in Maximum Fighting Championship,30,templates
results,2006 in Pancrase,154,templates
results,2006 in Pride FC,83,templates
results,2006 in Shooto,186,templates
results,2006 in Strikeforce,47,templates
results,2006 in UFC,0,none
results,2006 in Universal Reality Combat Championship,21,templates
results,2006 in WEC,74,templates
results,2007 IFL Grand Prix,0,none
results,2007 International Fight League,0,none
results,2007 in Cage Rage Championships,140,templates
results,2007 in Cage Warriors,38,templates
results,2007 in Deep,249,templates
results,2007 in Elite Xtreme Combat,81,templates
results,2007 in Fighting Network Rings,3,templates
results,2007 in King of the Cage,255,templates
results,2007 in Konfrontacja Sztuk Walki,0,none
results,2007 in M-1 Global,35,templates
results,2007 in Maximum Fighting Championship,53,templates
results,2007 in Palace Fighting Championship,64,templates
results,2007 in Pancrase,193,templates
results,2007 in Pride FC,0,none
results,2007 in Shooto,168,templates
results,2007 in Strikeforce,48,templates
results,2007 in UFC,9,templates
results,2007 in Universal Reality Combat Championship,22,templates
results,2007 in WEC,65,templates
results,2008 M-1 Challenge season,0,none
results,2008 in Cage Rage Championships,106,templates
results,2008 in Cage Warriors,40,templates
results,2008 in DREAM,74,templates
results,2008 in Deep,281,templates
results,2008 in Elite Xtreme Combat,125,templates
results,2008 in Fighting Network Rings,95,templates
results,2008 in Jewels,11,templates
results,2008 in Jungle Fight,34,templates
results,2008 in King of the Cage,198,templates
results,2008 in Konfrontacja Sztuk Walki,0,none
results,2008 in M-1 Global,144,templates
results,2008 in Maximum Fighting Championship,52,templates
results,2008 in Palace Fighting Championship,104,templates
results,2008 in Pancrase,151,templates
results,2008 in Shark Fights,17,templates
results,2008 in Shooto,171,templates
results,2008 in Strikeforce,78,templates
results,2008 in UFC,0,none
results,2008 in Ultimate Challenge MMA,11,templates
results,2008 in Universal Reality Combat Championship,39,templates
results,2008 in WEC,58,templates
results,2008 in World Victory Road,51,templates
results,2009 M-1 Challenge season,0,none
results,2009 in BAMMA,9,templates
results,2009 in BRACE,19,templates
results,2009 in Bellator MMA,88,templates
results,2009 in Cage Warriors,11,templates
results,2009 in DREAM,73,templates
results,2009 in Deep,205,templates
results,2009 in Fighting Network Rings,112,templates
results,2009 in Jewels,46,templates
results,2009 in Jungle Fight,37,templates
results,2009 in King of the Cage,450,templates
results,2009 in Konfrontacja Sztuk Walki,0,none
results,2009 in M-1 Global,364,templates
results,2009 in Maximum Fighting Championship,38,templates
results,2009 in Palace Fighting Championship,36,templates
results,2009 in Pancrase,210,templates
results,2009 in Shark Fights,43,templates
results,2009 in Shooto,224,templates
results,2009 in Strikeforce,97,templates
results,2009 in Tachi Palace Fights,22,templates
results,2009 in UFC,0,none
results,2009 in Ultimate Challenge MMA,93,templates
results,2009 in Ultimate Warrior Challenge Mexico,43,templates
results,2009 in Universal Reality Combat Championship,65,templates
results,2009 in WEC,81,templates
results,2009 in World Victory Road,91,templates
results,2010 M-1 Challenge season,0,none
results,2010 in AFC,10,templates
results,2010 in BAMMA,30,templates
results,2010 in BRACE,39,templates
results,2010 in Bellator MMA,180,templates
results,2010 in Cage Warriors,34,templates
results,2010 in DREAM,46,templates
results,2010 in Deep,224,templates
results,2010 in Fight Nights Global,0,none
results,2010 in Fighting Network Rings,129,templates
results,2010 in Jewels,42,templates
results,2010 in Jungle Fight,56,templates
results,2010 in King of the Cage,431,templates
results,2010 in Konfrontacja Sztuk Walki,0,none
results,2010 in M-1 Global,406,templates
results,2010 in Maximum Fighting Championship,35,templates
results,2010 in Pancrase,245,templates
results,2010 in Road FC,0,none
results,2010 in Shark Fights,52,templates
results,2010 in Shooto,233,templates
results,2010 in Strikeforce,160,templates
results,2010 in Tachi Palace Fights,52,templates
results,2010 in UFC,0,none
results,2010 in Ultimate Challenge MMA,95,templates
results,2010 in Ultimate Warrior Challenge Mexico,37,templates
results,2010 in Universal Reality Combat Championship,80,templates
results,2010 in WEC,85,templates
results,2010 in World Victory Road,67,templates
results,2011 M-1 Challenge season,0,none
results,2011 in AFC,18,templates
results,2011 in BAMMA,49,templates
results,2011 in BRACE,61,templates
results,2011 in Bellator MMA,214,templates
results,2011 in Cage Warriors,91,templates
results,2011 in DREAM,47,templates
results,2011 in Deep,325,templates
results,2011 in Fight Nights Global,0,none
results,2011 in Fighting Network Rings,136,templates
results,2011 in Jewels,54,templates
results,2011 in Jungle Fight,77,templates
results,2011 in King of the Cage,408,templates
results,2011 in Konfrontacja Sztuk Walki,0,none
results,2011 in M-1 Global,225,templates
results,2011 in Maximum Fighting Championship,34,templates
results,2011 in ONE Championship,10,templates
results,2011 in Pancrase,252,templates
results,2011 in Road FC,0,none
results,2011 in Shark Fights,78,templates
results,2011 in Shooto,195,templates
results,2011 in Strikeforce,159,templates
results,2011 in Tachi Palace Fights,44,templates
results,2011 in UFC,0,none
results,2011 in Ultimate Challenge MMA,95,templates
results,2011 in Ultimate Warrior Challenge Mexico,30,templates
results,2011 in Universal Reality Combat Championship,66,templates
results,2012 M-1 Challenge season,0,none
results,2012 in AFC,16,templates
results,2012 in BRACE,36,templates
results,2012 in Bellator MMA,240,templates
results,2012 in Cage Warriors,107,templates
results,2012 in Fight Nights Global,0,none
results,2012 in Glory,0,none
results,2012 in Konfrontacja Sztuk Walki,0,none
results,2012 in Maximum Fighting Championship,78,templates
results,2012 in ONE Championship,50,templates
results,2012 in Road FC,0,none
results,2012 in Super Fight League,94,templates
results,2012 in UFC,54,templates
results,2012 in Ultimate Warrior Challenge Mexico,15,templates
results,2012 in mixed martial arts events,0,none
results,2013 in AFC,30,templates
results,2013 in BRACE,49,templates
results,2013 in Bellator MMA,11,templates
results,2013 in Cage Warriors,1,templates
results,2013 in Konfrontacja Sztuk Walki,0,none
results,2013 in ONE Championship,70,templates
results,2013 in Road FC,0,none
results,2013 in SFL Contenders events,67,templates
results,2013 in SFL numbered events,103,templates
results,2013 in UFC,23,templates
results,2013 in Ultimate Warrior Challenge Mexico,14,templates
results,2014 in AFC,31,templates
results,2014 in Absolute Championship Berkut,0,none
results,2014 in BRACE,54,templates
results,2014 in Bellator MMA,109,templates
results,2014 in Konfrontacja Sztuk Walki,0,none
results,2014 in ONE Championship,104,templates
results,2014 in RXF,75,templates
results,2014 in Road FC,0,none
results,2014 in UFC,0,none
results,2014 in Ultimate Warrior Challenge Mexico,21,templates
results,2014–2016 in SFL numbered events,133,templates
results,2015 in AFC,35,templates
results,2015 in Absolute Championship Berkut,0,none
results,2015 in BRACE,38,templates
results,2015 in Bellator MMA,187,templates
results,2015 in Konfrontacja Sztuk Walki,0,none
results,2015 in ONE Championship,104,templates
results,2015 in RXF,68,templates
results,2015 in Rizin Fighting Federation,0,none
results,2015 in Road FC,0,none
results,2015 in UFC,0,none
results,2015 in Ultimate Warrior Challenge Mexico,12,templates
results,2016 in AFC,30,templates
results,2016 in Absolute Championship Berkut,0,none
results,2016 in BRACE,57,templates
results,2016 in Bellator MMA,281,templates
results,2016 in Fight Nights Global,0,none
results,2016 in Konfrontacja Sztuk Walki,0,none
results,2016 in ONE Championship,135,templates
results,2016 in RXF,38,templates
results,2016 in Rizin Fighting Federation,0,none
results,2016 in Road FC,0,none
results,2016 in UFC,0,none
results,2017 in AFC,34,templates
results,2017 in Absolute Championship Berkut,0,none
results,2017 in BRACE,31,templates
results,2017 in Bellator MMA,293,templates
results,2017 in Cage Warriors,0,none
results,2017 in Fight Nights Global,0,none
results,2017 in Konfrontacja Sztuk Walki,0,none
results,2017 in LUX Fight League,4,templates
results,2017 in Legacy Fighting Alliance,257,templates
results,2017 in M-1 Global,0,none
results,2017 in ONE Championship,0,none
results,2017 in RXF,41,templates
results,2017 in Rizin Fighting Federation,0,none
results,2017 in Road FC,114,templates
results,2017 in Romanian kickboxing,0,none
results,2017 in UFC,0,none
results,2018 IFMA World Muaythai Championships,0,none
results,2018 in Absolute Championship Berkut,0,none
results,2018 in Bellator MMA,299,templates
results,2018 in Cage Warriors,0,none
results,2018 in Fight Nights Global,0,none
results,2018 in Konfrontacja Sztuk Walki,0,none
results,2018 in LUX Fight League,23,templates
results,2018 in Legacy Fighting Alliance,241,templates
results,2018 in M-1 Global,0,none
results,2018 in ONE Championship,44,templates
results,2018 in Professional Fighters League,0,none
results,2018 in RXF,39,templates
results,2018 in Rizin Fighting Federation,0,none
results,2018 in Road FC,65,templates
results,2018 in Romanian kickboxing,0,none
results,2018 in UFC,0,none
results,2019 in Absolute Championship Akhmat,0,none
results,2019 in Bellator MMA,409,templates
results,2019 in Cage Warriors,0,none
results,2019 in Fight Nights Global,0,none
results,2019 in Konfrontacja Sztuk Walki,0,none
results,2019 in LUX Fight League,53,templates
results,2019 in Legacy Fighting Alliance,187,templates
results,2019 in M-1 Global,0,none
results,2019 in ONE Championship,0,none
results,2019 in Professional Fighters League,0,none
results,2019 in RXF,41,templates
results,2019 in Rizin Fighting Federation,0,none
results,2019 in Road FC,69,templates
results,2019 in Romanian kickboxing,0,none
results,2019 in UFC,0,none
results,2019 in Ultimate Warrior Challenge Mexico,15,templates
results,2020 in Absolute Championship Akhmat,0,none
results,2020 in Bellator MMA,193,templates
results,2020 in Brave Combat Federation,0,none
results,2020 in Cage Warriors,0,none
results,2020 in Fight Nights Global,0,none
results,2020 in Konfrontacja Sztuk Walki,0,none
results,2020 in LUX Fight League,45,templates
results,2020 in Legacy Fighting Alliance,121,templates
results,2020 in M-1 Global,0,none
results,2020 in ONE Championship,0,none
results,2020 in RXF,11,templates
results,2020 in Rizin Fighting Federation,0,none
results,2020 in Road FC,18,templates
results,2020 in Romanian kickboxing,46,templates
results,2020 in UFC,0,none
results,2020 in Ultimate Warrior Challenge Mexico,39,templates
results,2021 in AMC Fight Nights,0,none
results,2021 in Absolute Championship Akhmat,0,none
results,2021 in Bellator MMA,0,none
results,2021 in Brave Combat Federation,0,none
results,2021 in Cage Warriors,0,none
results,2021 in Konfrontacja Sztuk Walki,0,none
results,2021 in LUX Fight League,90,templates
results,2021 in Legacy Fighting Alliance,198,templates
results,2021 in ONE Championship,0,none
results,2021 in Professional Fighters League,16,templates
results,2021 in Rizin Fighting Federation,0,none
results,2021 in Road FC,0,none
results,2021 in UFC,0,none
results,2021 in Ultimate Warrior Challenge Mexico,59,templates
results,2022 in AMC Fight Nights,0,none
results,2022 in Absolute Championship Akhmat,0,none
results,2022 in Bellator MMA,0,none
results,2022 in Brave Combat Federation,0,none
results,2022 in Eagle Fighting Championship,142,templates
results,2022 in Konfrontacja Sztuk Walki,0,none
results,2022 in LUX Fight League,106,templates
results,2022 in Legacy Fighting Alliance,260,templates
results,2022 in ONE Championship,0,none
results,2022 in Professional Fighters League,0,none
results,2022 in Rizin Fighting Federation,0,none
results,2022 in Road FC,0,none
results,2022 in UFC,0,none
results,2022 in Ultimate Warrior Challenge Mexico,82,templates
results,2023 in Absolute Championship Akhmat,0,none
results,2023 in Bellator MMA,0,none
results,2023 in Brave Combat Federation,0,none
results,2023 in Cage Warriors,0,none
results,2023 in Konfrontacja Sztuk Walki,0,none
results,2023 in LUX Fight League,98,templates
results,2023 in Legacy Fighting Alliance,242,templates
results,2023 in ONE Championship,0,none
results,2023 in Oktagon MMA,147,templates
results,2023 in Professional Fighters League,0,none
results,2023 in Rizin Fighting Federation,17,templates
results,2023 in Road FC,0,none
results,2023 in UFC,0,none
results,2023 in Ultimate Warrior Challenge Mexico,79,templates
results,2024 in Absolute Championship Akhmat,0,none
results,2024 in Bellator MMA,0,none
results,2024 in Brave Combat Federation,0,none
results,2024 in Cage Warriors,216,templates
results,2024 in Konfrontacja Sztuk Walki,0,none
results,2024 in LUX Fight League,104,templates
results,2024 in Legacy Fighting Alliance,274,templates
results,2024 in ONE Championship,0,none
results,2024 in Oktagon MMA,148,templates
results,2024 in Professional Fighters League,0,none
results,2024 in Rizin Fighting Federation,0,none
results,2024 in UAE Warriors,0,none
results,2024 in UFC,0,none
results,2024 in Ultimate Warrior Challenge Mexico,35,templates
results,2025 in Absolute Championship Akhmat,219,templates
results,2025 in Brave Combat Federation,33,templates
results,2025 in Cage Warriors,209,templates
results,2025 in Konfrontacja Sztuk Walki,111,templates
results,2025 in LUX Fight League,93,templates
results,2025 in Legacy Fighting Alliance,274,templates
results,2025 in ONE Championship,0,none
results,2025 in Oktagon MMA,170,templates
results,2025 in Professional Fighters League,0,none
results,2025 in Rizin Fighting Federation,0,none
results,2025 in UAE Warriors,86,templates
results,2025 in UFC,0,none
results,2025 in Ultimate Warrior Challenge Mexico,14,templates
results,2026 in Absolute Championship Akhmat,148,templates
results,2026 in Brave Combat Federation,51,templates
results,2026 in Cage Warriors,124,templates
results,2026 in Konfrontacja Sztuk Walki,71,templates
results,2026 in LUX Fight League,40,templates
results,2026 in Legacy Fighting Alliance,204,templates
results,2026 in ONE Championship,0,none
results,2026 in Oktagon MMA,139,templates
results,2026 in Professional Fighters League,0,none
results,2026 in Rizin Fighting Federation,88,templates
results,2026 in UFC,0,none
results,AOW - Gis vs Pros,9,templates
results,Acquisition of WWE by Endeavor,0,none
results,Affliction: Banned,10,templates
results,Affliction: Day of Reckoning,11,templates
results,Art of War 1,10,templates
results,Art of War 2,10,templates
results,Art of War 3,10,templates
results,Art of War 4,8,templates
results,Bellator 255,12,templates
results,Bellator 256,13,templates
results,Bellator 257,13,templates
results,Bellator 258,11,templates
results,Bellator 259,13,templates
results,Bellator 260,10,templates
results,Bellator 261,10,templates
results,Bellator 262,10,templates
results,Bellator 263,11,templates
results,Bellator 264,8,templates
results,Bellator 265,9,templates
results,Bellator 266,12,templates
results,Bellator 267,12,templates
results,Bellator 268,12,templates
results,Bellator 269,10,templates
results,Bellator 270,11,templates
results,Bellator 271,11,templates
results,Bellator 272,11,templates
results,Bellator 273,10,templates
results,Bellator 274,13,templates
results,Bellator 275,13,templates
results,Bellator 276,10,templates
results,Bellator 277,14,templates
results,Bellator 278,8,templates
results,Bellator 279,13,templates
results,Bellator 280,13,templates
results,Bellator 281,13,templates
results,Bellator 282,14,templates
results,Bellator 283,12,templates
results,Bellator 284,11,templates
results,Bellator 285,13,templates
results,Bellator 286,13,templates
results,Bellator 287,17,templates
results,Bellator 288,13,templates
results,Bellator 289,11,templates
results,Bellator 290,14,templates
results,Bellator 291,18,templates
results,Bellator 292,10,templates
results,Bellator 293,15,templates
results,Bellator 294,9,templates
results,Bellator 295,11,templates
results,Bellator 296,14,templates
results,Bellator 297,15,templates
results,Bellator 298,17,templates
results,Bellator 299,20,templates
results,Bellator 300,16,templates
results,Bellator 301,15,templates
results,Bellator Champions Series 1,10,templates
results,Bellator Champions Series 2,10,templates
results,Bellator Champions Series 3,11,templates
results,Bellator Champions Series 4,10,templates
results,Bellator Champions Series 5,9,templates
results,Bellator MMA & Glory: Dynamite 1,21,templates
results,Bellator MMA vs. Rizin,15,templates
results,Bellator MMA x Rizin 2,13,templates
results,Brave 1: The Beginning,10,templates
results,Brave 2: Dynasty,10,templates
results,CES MMA,0,none
results,Cage Fury Fighting Championships,0,none
results,"Canceled UFC event on April 25, 2020",0,none
results,Chuck Liddell vs. Tito Ortiz,0,none
results,Dana White's Contender Series Brazil,15,templates
results,Dana White's Contender Series season 1,40,templates
results,Dana White's Contender Series season 10,39,templates
results,Dana White's Contender Series season 11,0,missing
results,Dana White's Contender Series season 12,0,missing
results,Dana White's Contender Series season 2,40,templates
results,Dana White's Contender Series season 3,49,templates
results,Dana White's Contender Series season 4,48,templates
results,Dana White's Contender Series season 5,50,templates
results,Dana White's Contender Series season 6,49,templates
results,Dana White's Contender Series season 7,49,templates
results,Dana White's Contender Series season 8,49,templates
results,Dana White's Contender Series season 9,51,templates
results,Deep Jewels events,238,templates
results,Dream 1,10,templates
results,Dream 10,8,templates
results,Dream 11,9,templates
results,Dream 12,9,templates
results,Dream 13,7,templates
results,Dream 14,8,templates
results,Dream 15,7,templates
results,Dream 16,10,templates
results,Dream 17,11,templates
results,Dream 2,8,templates
results,Dream 3,8,templates
results,Dream 4,8,templates
results,Dream 5,10,templates
results,Dream 6,12,templates
results,Dream 7,9,templates
results,Dream 8,10,templates
results,Dream 9,10,templates
results,Dream: Japan GP Final,8,templates
results,Dynamite!! 2008,18,templates
results,Dynamite!! 2009,18,templates
results,Dynamite!! 2010,14,templates
results,Dynamite!! USA,10,templates
results,EliteXC: A Night of Champions,0,none
results,EliteXC: Destiny,10,templates
results,EliteXC: Heat,10,templates
results,EliteXC: Primetime,12,templates
results,EliteXC: Renegade,10,templates
results,EliteXC: Return of the King,11,templates
results,EliteXC: Street Certified,11,templates
results,EliteXC: Unfinished Business,10,templates
results,EliteXC: Uprising,12,templates
results,Fight For Japan: Genki Desu Ka Omisoka 2011,15,templates
results,Forrest Griffin vs. Stephan Bonnar,0,none
results,Gleat MMA Ver.0,7,templates
results,Impact of the COVID-19 pandemic on combat sports,0,none
results,Israel FC: Genesis,12,templates
results,Jewels 10th Ring,0,none
results,Jewels 11th Ring,0,none
results,Jewels 12th Ring,0,none
results,Jewels 13th Ring & 14th Ring,0,none
results,Jewels 15th Ring,0,none
results,Jewels 16th Ring,0,none
results,Jewels 17th Ring,0,none
results,Jewels 18th Ring,0,none
results,Jewels 1st Ring,11,templates
results,Jewels 2nd Ring,8,templates
results,Jewels 3rd Ring,11,templates
results,Jewels 4th Ring,10,templates
results,Jewels 5th Ring,10,templates
results,Jewels 6th Ring,9,templates
results,Jewels 7th Ring,0,none
results,Jewels 8th Ring,0,none
results,Jewels 9th Ring,0,none
results,Jungle Fight Europe,7,templates
results,K-1 PREMIUM 2005 Dynamite!!,11,templates
results,K-1 PREMIUM 2006 Dynamite!!,14,templates
results,K-1 PREMIUM 2007 Dynamite!!,15,templates
results,Kazushi Sakuraba vs. Royce Gracie,0,none
results,List of BAMMA events,49,templates
results,List of ONE Championship events,0,none
results,M-1 Selection,0,none
results,MFC 17,11,templates
results,MFC 18,10,templates
results,MFC 19,10,templates
results,MFC 20,10,templates
results,MFC 21,10,templates
results,MFC 22,10,templates
results,MFC 23,8,templates
results,MFC 24,8,templates
results,MFC 25,9,templates
results,MFC 26,9,templates
results,MFC 27,9,templates
results,MFC 28,0,none
results,MFC 29,0,none
results,MFC 30,0,none
results,MFC 31,0,none
results,Miesha Tate vs. Ronda Rousey,0,none
results,Mixed martial arts at the 2025 Asian Youth Games,0,none
results,Mixed martial arts at the 2026 Asian Games,0,none
results,Mixed martial arts at the 2026 Asian Games – Men's modern 60 kg,0,none
results,Mixed martial arts at the 2026 Asian Games – Men's modern 71 kg,0,none
results,Mixed martial arts at the 2026 Asian Games – Men's traditional 65 kg,0,none
results,Mixed martial arts at the 2026 Asian Games – Men's traditional 77 kg,0,none
results,Mixed martial arts at the 2026 Asian Games – Women's modern 54 kg,0,none
results,Mixed martial arts at the 2026 Asian Games – Women's traditional 60 kg,0,none
results,Nemesis Fighting: MMA Global Invasion,9,templates
results,ONE 156,15,templates
results,ONE 157,13,templates
results,ONE 158,13,templates
results,ONE 159,9,templates
results,ONE 160,7,templates
results,ONE 161,11,templates
results,ONE 162,9,templates
results,ONE 163,11,templates
results,ONE 164,10,templates
results,ONE 165,11,templates
results,ONE 166,10,templates
results,ONE 167,10,templates
results,ONE 168,9,templates
results,ONE 169,11,templates
results,ONE 170,12,templates
results,ONE 171,13,templates
results,ONE 172,13,templates
results,ONE 173,16,templates
results,ONE Fight Night 10,11,templates
results,ONE Fight Night 11,10,templates
results,ONE Fight Night 12,9,templates
results,ONE Fight Night 13,10,templates
results,ONE Fight Night 14,10,templates
results,ONE Fight Night 15,10,templates
results,ONE Fight Night 16,10,templates
results,ONE Fight Night 17,8,templates
results,ONE Fight Night 18,9,templates
results,ONE Fight Night 19,9,templates
results,ONE Fight Night 20,9,templates
results,ONE Fight Night 21,10,templates
results,ONE Fight Night 22,11,templates
results,ONE Fight Night 23,11,templates
results,ONE Fight Night 24,12,templates
results,ONE Fight Night 25,8,templates
results,ONE Fight Night 26,11,templates
results,ONE Fight Night 27,9,templates
results,ONE Fight Night 28,10,templates
results,ONE Fight Night 29,11,templates
results,ONE Fight Night 30,11,templates
results,ONE Fight Night 31,7,templates
results,ONE Fight Night 32,8,templates
results,ONE Fight Night 33,8,templates
results,ONE Fight Night 34,8,templates
results,ONE Fight Night 35,8,templates
results,ONE Fight Night 36,9,templates
results,ONE Fight Night 37,8,templates
results,ONE Fight Night 38,7,templates
results,ONE Fight Night 6,8,templates
results,ONE Fight Night 7,10,templates
results,ONE Fight Night 8,10,templates
results,ONE Fight Night 9,9,templates
results,ONE Friday Fights 1,12,templates
results,ONE Friday Fights 10,11,templates
results,ONE Friday Fights 2,11,templates
results,ONE Friday Fights 22,11,templates
results,ONE Friday Fights 3,11,templates
results,ONE Friday Fights 4,10,templates
results,ONE Friday Fights 46,11,templates
results,ONE Friday Fights 5,12,templates
results,ONE Friday Fights 6,11,templates
results,ONE Friday Fights 7,12,templates
results,ONE Friday Fights 9,11,templates
results,ONE on Prime Video 1,9,templates
results,ONE on Prime Video 2,9,templates
results,ONE on Prime Video 3,11,templates
results,ONE on Prime Video 4,9,templates
results,ONE on Prime Video 5,9,templates
results,ONE: Bad Blood,10,templates
results,ONE: Full Circle,12,templates
results,ONE: Heavy Hitters,8,templates
results,ONE: Lights Out,10,templates
results,ONE: Only the Brave,9,templates
results,ONE: Winter Warriors,6,templates
results,ONE: Winter Warriors II,9,templates
results,ONE: X,20,templates
results,Ortiz vs. Shamrock 3: The Final Chapter,9,templates
results,PFL 1 (2018),11,templates
results,PFL 1 (2019),10,templates
results,PFL 1 (2021),10,templates
results,PFL 1 (2022),10,templates
results,PFL 1 (2023),11,templates
results,PFL 1 (2024),12,templates
results,PFL 1 (2025),8,templates
results,PFL 10 (2018),12,templates
results,PFL 10 (2019),7,templates
results,PFL 10 (2021),10,templates
results,PFL 10 (2022),12,templates
results,PFL 10 (2023),11,templates
results,PFL 10 (2024),16,templates
results,PFL 10 (2025),10,templates
results,PFL 11 (2018),7,templates
results,PFL 2 (2018),13,templates
results,PFL 2 (2019),10,templates
results,PFL 2 (2021),8,templates
results,PFL 2 (2022),10,templates
results,PFL 2 (2023),10,templates
results,PFL 2 (2024),11,templates
results,PFL 2 (2025),8,templates
results,PFL 3 (2018),12,templates
results,PFL 3 (2019),12,templates
results,PFL 3 (2021),10,templates
results,PFL 3 (2022),11,templates
results,PFL 3 (2023),12,templates
results,PFL 3 (2024),12,templates
results,PFL 3 (2025),8,templates
results,PFL 4 (2018),10,templates
results,PFL 4 (2019),8,templates
results,PFL 4 (2021),9,templates
results,PFL 4 (2022),10,templates
results,PFL 4 (2023),12,templates
results,PFL 4 (2024),11,templates
results,PFL 4 (2025),8,templates
results,PFL 5 (2018),8,templates
results,PFL 5 (2019),10,templates
results,PFL 5 (2021),10,templates
results,PFL 5 (2022),11,templates
results,PFL 5 (2023),12,templates
results,PFL 5 (2024),12,templates
results,PFL 5 (2025),10,templates
results,PFL 6 (2018),12,templates
results,PFL 6 (2019),12,templates
results,PFL 6 (2021),12,templates
results,PFL 6 (2022),9,templates
results,PFL 6 (2023),12,templates
results,PFL 6 (2024),11,templates
results,PFL 6 (2025),12,templates
results,PFL 7 (2018),10,templates
results,PFL 7 (2019),10,templates
results,PFL 7 (2021),10,templates
results,PFL 7 (2022),10,templates
results,PFL 7 (2023),10,templates
results,PFL 7 (2024),10,templates
results,PFL 7 (2025),9,templates
results,PFL 8 (2018),13,templates
results,PFL 8 (2019),12,templates
results,PFL 8 (2021),9,templates
results,PFL 8 (2022),13,templates
results,PFL 8 (2023),7,templates
results,PFL 8 (2024),10,templates
results,PFL 8 (2025),9,templates
results,PFL 9 (2018),14,templates
results,PFL 9 (2019),12,templates
results,PFL 9 (2021),10,templates
results,PFL 9 (2022),13,templates
results,PFL 9 (2023),10,templates
results,PFL 9 (2024),9,templates
results,PFL 9 (2025),10,templates
results,PFL Africa 1 (2026),11,templates
results,PFL Africa 2 (2025),10,templates
results,PFL Africa 2 (2026),13,templates
results,PFL Africa 3 (2025),11,templates
results,PFL Africa 3 (2026),0,none
results,PFL Africa 4 (2025),11,templates
results,PFL Austin: Eblen vs. Kasanganay 2,9,templates
results,PFL Belfast: Kelly vs. Wilson,12,templates
results,PFL Brussels: Habirora vs. Henderson,11,templates
results,PFL Champions Series 1,10,templates
results,PFL Champions Series 2,14,templates
results,PFL Champions Series 3,11,templates
results,PFL Charlotte: Battle vs. Rosta,13,templates
results,PFL Chicago: Carmouche vs. Bishop 2,0,none
results,PFL Chicago: Pettis vs. McKee,10,templates
results,PFL Daytona,4,templates
results,PFL Dubai: Nemkov vs. Bilostenniy,0,none
results,PFL Dubai: Nurmagomedov vs. Davis,13,templates
results,PFL Europe 1 (2023),10,templates
results,PFL Europe 1 (2024),12,templates
results,PFL Europe 1 (2025),10,templates
results,PFL Europe 2 (2023),12,templates
results,PFL Europe 2 (2024),14,templates
results,PFL Europe 2 (2025),16,templates
results,PFL Europe 3 (2023),12,templates
results,PFL Europe 3 (2024),14,templates
results,PFL Europe 3 (2025),10,templates
results,PFL Europe 4 (2023),11,templates
results,PFL Europe 4 (2024),12,templates
results,PFL Everett,11,templates
results,PFL Lyon: Lapilus vs. McKee,0,none
results,PFL Lyon: Nemkov vs. Ferreira,10,templates
results,PFL MENA 1 (2024),10,templates
results,PFL MENA 1 (2025),10,templates
results,PFL MENA 10,9,templates
results,PFL MENA 11,0,none
results,PFL MENA 2 (2024),11,templates
results,PFL MENA 2 (2025),11,templates
results,PFL MENA 3 (2024),10,templates
results,PFL MENA 3 (2025),10,templates
results,PFL MENA 4 (2025),8,templates
results,PFL MENA 9,8,templates
results,PFL Madrid: van Steenis vs. Edwards 2,11,templates
results,PFL New York: Nurmagomedov vs. Colgan,9,templates
results,PFL Paris 2025 (cancelled),0,none
results,PFL Pittsburgh: Eblen vs. Battle,12,templates
results,PFL Rankings,0,none
results,PFL San Diego: McKee vs. Isbulaev,9,templates
results,PFL Sioux Falls: Storley vs. Zendeli,12,templates
results,PFL Super Fights: Battle of the Giants,9,templates
results,PFL Tampa: Cyborg vs. Vieira,11,templates
results,PFL Washington DC: Jean vs. Rodriguez,8,templates
results,PFL vs. Bellator,10,templates
results,Pride 32,8,templates
results,Pride 33,9,templates
results,Pride 34,8,templates
results,Pride Shockwave 2006,10,templates
results,Randy Couture vs. Chuck Liddell,0,none
results,Road to UFC Season 1,27,templates
results,Road to UFC Season 2,32,templates
results,Road to UFC: Japan,0,none
results,ShoXC,58,templates
results,Strikeforce: At The Dome,10,templates
results,Strikeforce: At The Mansion II,9,templates
results,Strikeforce: Barnett vs. Cormier,9,templates
results,Strikeforce: Barnett vs. Kharitonov,10,templates
results,Strikeforce: Carano vs. Cyborg,9,templates
results,Strikeforce: Cormier vs. Mir,0,none
results,Strikeforce: Destruction,9,templates
results,Strikeforce: Diaz vs. Cyborg,13,templates
results,Strikeforce: Diaz vs. Daley,10,templates
results,Strikeforce: Diaz vs. Noons II,7,templates
results,Strikeforce: Evolution,7,templates
results,Strikeforce: Fedor vs. Henderson,10,templates
results,Strikeforce: Fedor vs. Rogers,9,templates
results,Strikeforce: Fedor vs. Silva,10,templates
results,Strikeforce: Fedor vs. Werdum,8,templates
results,Strikeforce: Feijao vs. Henderson,10,templates
results,"Strikeforce: Four Men Enter, One Man Survives",13,templates
results,Strikeforce: Heavy Artillery,12,templates
results,Strikeforce: Henderson vs. Babalu II,13,templates
results,Strikeforce: Houston,11,templates
results,Strikeforce: Lawler vs. Shields,11,templates
results,Strikeforce: Los Angeles,6,templates
results,Strikeforce: Marquardt vs. Saffiedine,11,templates
results,Strikeforce: Melendez vs. Healy,0,none
results,Strikeforce: Melendez vs. Masvidal,9,templates
results,Strikeforce: Melendez vs. Thomson,12,templates
results,Strikeforce: Miami,13,templates
results,Strikeforce: Nashville,10,templates
results,Strikeforce: Overeem vs. Werdum,10,templates
results,Strikeforce: Payback,12,templates
results,Strikeforce: Playboy Mansion,12,templates
results,Strikeforce: Revenge,12,templates
results,Strikeforce: Rockhold vs. Jardine,9,templates
results,Strikeforce: Rockhold vs. Kennedy,9,templates
results,Strikeforce: Rousey vs. Kaufman,9,templates
results,Strikeforce: Shamrock vs. Baroni,15,templates
results,Strikeforce: Shamrock vs. Diaz,10,templates
results,Strikeforce: Shamrock vs. Gracie,11,templates
results,Strikeforce: Shamrock vs. Le,9,templates
results,Strikeforce: Tank vs. Buentello,10,templates
results,Strikeforce: Tate vs. Rousey,9,templates
results,Strikeforce: Triple Threat,14,templates
results,Strikeforce: Young Guns,26,templates
results,TKO Major League in 2019,24,templates
results,Tachi Palace Fights 10,9,templates
results,Tachi Palace Fights 7,10,templates
results,Tachi Palace Fights 8,11,templates
results,Tachi Palace Fights 9,13,templates
results,The Return of The Ultimate Fighter: Team Volkanovski vs. Team Ortega,0,none
results,The Ultimate Fighter 1,10,templates
results,The Ultimate Fighter 2,7,templates
results,The Ultimate Fighter 3,9,templates
results,The Ultimate Fighter 4,8,templates
results,The Ultimate Fighter 5,9,templates
results,The Ultimate Fighter Nations: Canada vs. Australia,13,templates
results,The Ultimate Fighter: A New World Champion,11,templates
results,The Ultimate Fighter: Brazil 2,12,templates
results,The Ultimate Fighter: Heavy Hitters,13,templates
results,The Ultimate Fighter: Latin America 2,13,templates
results,The Ultimate Fighter: Latin America 3,13,templates
results,The Ultimate Fighter: Live,10,templates
results,The Ultimate Fighter: Redemption,11,templates
results,The Ultimate Fighter: Team Carwin vs. Team Nelson,11,templates
results,The Ultimate Fighter: Team Cormier vs. Team Bisping,0,none
results,The Ultimate Fighter: Team Cormier vs. Team Sonnen,0,none
results,The Ultimate Fighter: Team Grasso vs. Team Shevchenko,0,none
results,The Ultimate Fighter: Team Hughes vs. Team Serra,9,templates
results,The Ultimate Fighter: Team Liddell vs. Team Ortiz,10,templates
results,The Ultimate Fighter: Team McGregor vs. Team Chandler,0,none
results,The Ultimate Fighter: Team Nogueira vs. Team Mir,10,templates
results,The Ultimate Fighter: Team Peña vs. Team Nunes,0,none
results,The Ultimate Fighter: Team Rampage vs. Team Forrest,10,templates
results,The Ultimate Fighter: The Smashes,10,templates
results,The Ultimate Fighter: Tournament of Champions,12,templates
results,The Ultimate Fighter: United States vs. United Kingdom,10,templates
results,Titan FC 27,10,templates
results,Titan FC 28,11,templates
results,Titan FC 29,10,templates
results,Titan FC 30,11,templates
results,Tito Ortiz vs. Ken Shamrock,0,none
results,UFC 100,11,templates
results,UFC 101,11,templates
results,UFC 102,11,templates
results,UFC 103,13,templates
results,UFC 104,11,templates
results,UFC 105,11,templates
results,UFC 106,10,templates
results,UFC 107,11,templates
results,UFC 108,10,templates
results,UFC 109,11,templates
results,UFC 110,9,templates
results,UFC 111,10,templates
results,UFC 112,10,templates
results,UFC 113,11,templates
results,UFC 114,11,templates
results,UFC 115,11,templates
results,UFC 116,11,templates
results,UFC 117,11,templates
results,UFC 118,10,templates
results,UFC 119,11,templates
results,UFC 120,10,templates
results,UFC 121,11,templates
results,UFC 122,10,templates
results,UFC 123,11,templates
results,UFC 124,11,templates
results,UFC 125,11,templates
results,UFC 126,11,templates
results,UFC 127,12,templates
results,UFC 128,12,templates
results,UFC 129,12,templates
results,UFC 130,10,templates
results,UFC 131,12,templates
results,UFC 132,11,templates
results,UFC 133,11,templates
results,UFC 134,12,templates
results,UFC 135,10,templates
results,UFC 136,11,templates
results,UFC 137,11,templates
results,UFC 138,10,templates
results,UFC 139,12,templates
results,UFC 140,12,templates
results,UFC 141,10,templates
results,UFC 142,10,templates
results,UFC 143,11,templates
results,UFC 144,12,templates
results,UFC 145,12,templates
results,UFC 146,12,templates
results,UFC 147,11,templates
results,UFC 148,11,templates
results,UFC 150,10,templates
results,UFC 151,0,none
results,UFC 152,12,templates
results,UFC 153,12,templates
results,UFC 154,12,templates
results,UFC 155,12,templates
results,UFC 156,11,templates
results,UFC 157,12,templates
results,UFC 158,12,templates
results,UFC 159,11,templates
results,UFC 160,12,templates
results,UFC 161,11,templates
results,UFC 162,11,templates
results,UFC 163,12,templates
results,UFC 164,12,templates
results,UFC 165,13,templates
results,UFC 166,13,templates
results,UFC 167,12,templates
results,UFC 168,11,templates
results,UFC 169,12,templates
results,UFC 170,11,templates
results,UFC 171,13,templates
results,UFC 172,10,templates
results,UFC 173,12,templates
results,UFC 174,11,templates
results,UFC 175,10,templates
results,UFC 176,0,none
results,UFC 177,8,templates
results,UFC 178,11,templates
results,UFC 179,11,templates
results,UFC 180,11,templates
results,UFC 181,11,templates
results,UFC 182,11,templates
results,UFC 183,11,templates
results,UFC 184,11,templates
results,UFC 185,12,templates
results,UFC 186,12,templates
results,UFC 187,11,templates
results,UFC 188,11,templates
results,UFC 189,11,templates
results,UFC 190,13,templates
results,UFC 191,11,templates
results,UFC 192,12,templates
results,UFC 193,13,templates
results,UFC 194,12,templates
results,UFC 195,12,templates
results,UFC 196,12,templates
results,UFC 197,12,templates
results,UFC 198,12,templates
results,UFC 199,13,templates
results,UFC 200,12,templates
results,UFC 201,11,templates
results,UFC 202,12,templates
results,UFC 203,10,templates
results,UFC 204,11,templates
results,UFC 205,11,templates
results,UFC 206,12,templates
results,UFC 207,10,templates
results,UFC 208,10,templates
results,UFC 209,11,templates
results,UFC 210,13,templates
results,UFC 211,12,templates
results,UFC 212,12,templates
results,UFC 213,11,templates
results,UFC 214,12,templates
results,UFC 215,11,templates
results,UFC 216,11,templates
results,UFC 217,11,templates
results,UFC 218,13,templates
results,UFC 219,10,templates
results,UFC 220,11,templates
results,UFC 221,12,templates
results,UFC 222,12,templates
results,UFC 223,9,templates
results,UFC 224,13,templates
results,UFC 225,13,templates
results,UFC 226,11,templates
results,UFC 227,12,templates
results,UFC 228,13,templates
results,UFC 229,12,templates
results,UFC 230,12,templates
results,UFC 231,13,templates
results,UFC 232,13,templates
results,UFC 233,0,none
results,UFC 234,11,templates
results,UFC 235,12,templates
results,UFC 236,13,templates
results,UFC 237,12,templates
results,UFC 238,13,templates
results,UFC 239,12,templates
results,UFC 240,11,templates
results,UFC 241,12,templates
results,UFC 242,13,templates
results,UFC 243,11,templates
results,UFC 244,12,templates
results,UFC 245,13,templates
results,UFC 246,11,templates
results,UFC 247,12,templates
results,UFC 248,11,templates
results,UFC 249,11,templates
results,UFC 250,12,templates
results,UFC 251,13,templates
results,UFC 252,11,templates
results,UFC 253,11,templates
results,UFC 254,12,templates
results,UFC 255,12,templates
results,UFC 256,10,templates
results,UFC 257,11,templates
results,UFC 258,10,templates
results,UFC 259,15,templates
results,UFC 260,10,templates
results,UFC 261,13,templates
results,UFC 262,12,templates
results,UFC 263,14,templates
results,UFC 264,12,templates
results,UFC 265,13,templates
results,UFC 266,13,templates
results,UFC 267,14,templates
results,UFC 268,14,templates
results,UFC 269,14,templates
results,UFC 270,11,templates
results,UFC 271,14,templates
results,UFC 272,13,templates
results,UFC 273,12,templates
results,UFC 274,14,templates
results,UFC 275,11,templates
results,UFC 276,12,templates
results,UFC 277,13,templates
results,UFC 278,12,templates
results,UFC 279,13,templates
results,UFC 280,12,templates
results,UFC 281,14,templates
results,UFC 282,12,templates
results,UFC 283,15,templates
results,UFC 284,13,templates
results,UFC 285,14,templates
results,UFC 286,15,templates
results,UFC 287,12,templates
results,UFC 288,12,templates
results,UFC 289,11,templates
results,UFC 290,13,templates
results,UFC 291,11,templates
results,UFC 292,12,templates
results,UFC 293,12,templates
results,UFC 294,13,templates
results,UFC 295,13,templates
results,UFC 296,12,templates
results,UFC 297,12,templates
results,UFC 298,12,templates
results,UFC 299,14,templates
results,UFC 300,13,templates
results,UFC 301,13,templates
results,UFC 302,12,templates
results,UFC 303,13,templates
results,UFC 304,14,templates
results,UFC 305,12,templates
results,UFC 306,10,templates
results,UFC 307,12,templates
results,UFC 308,13,templates
results,UFC 309,12,templates
results,UFC 310,14,templates
results,UFC 311,13,templates
results,UFC 312,12,templates
results,UFC 313,10,templates
results,UFC 314,13,templates
results,UFC 315,12,templates
results,UFC 316,13,templates
results,UFC 317,11,templates
results,UFC 318,14,templates
results,UFC 319,12,templates
results,UFC 320,14,templates
results,UFC 321,13,templates
results,UFC 322,14,templates
results,UFC 323,14,templates
results,UFC 324,11,templates
results,UFC 325,13,templates
results,UFC 326,12,templates
results,UFC 327,12,templates
results,UFC 328,13,templates
results,UFC 329,14,templates
results,UFC 330,12,templates
results,UFC 331,12,templates
results,UFC 332,0,none
results,UFC 333,0,none
results,UFC 334,0,none
results,UFC 335,0,none
results,UFC 51,9,templates
results,UFC 52,8,templates
results,UFC 53,8,templates
results,UFC 54,8,templates
results,UFC 55,8,templates
results,UFC 56,8,templates
results,UFC 57,9,templates
results,UFC 58,8,templates
results,UFC 59,9,templates
results,UFC 60,9,templates
results,UFC 61,9,templates
results,UFC 62,9,templates
results,UFC 63,9,templates
results,UFC 64,8,templates
results,UFC 65,9,templates
results,UFC 66,9,templates
results,UFC 67,9,templates
results,UFC 68,9,templates
results,UFC 69,9,templates
results,UFC 70,10,templates
results,UFC 71,9,templates
results,UFC 72,8,templates
results,UFC 73,9,templates
results,UFC 74,9,templates
results,UFC 75,9,templates
results,UFC 76,9,templates
results,UFC 77,9,templates
results,UFC 78,9,templates
results,UFC 79,10,templates
results,UFC 80,9,templates
results,UFC 81,9,templates
results,UFC 82,10,templates
results,UFC 83,11,templates
results,UFC 84,11,templates
results,UFC 85,11,templates
results,UFC 86,9,templates
results,UFC 87,10,templates
results,UFC 88,9,templates
results,UFC 89,11,templates
results,UFC 90,10,templates
results,UFC 91,9,templates
results,UFC 92,10,templates
results,UFC 93,10,templates
results,UFC 94,10,templates
results,UFC 95,10,templates
results,UFC 96,10,templates
results,UFC 97,12,templates
results,UFC 98,11,templates
results,UFC 99,12,templates
results,UFC BJJ 1,8,templates
results,UFC BJJ 2,8,templates
results,UFC BJJ 3,9,templates
results,UFC BJJ 4,10,templates
results,UFC BJJ 5,9,templates
results,UFC BJJ 6,8,templates
results,UFC BJJ 7,8,templates
results,UFC Fight Night: Adesanya vs. Imavov,11,templates
results,UFC Fight Night: Adesanya vs. Pyfer,13,templates
results,UFC Fight Night: Allen vs. Costa,13,templates
results,UFC Fight Night: Allen vs. Craig,14,templates
results,UFC Fight Night: Allen vs. Curtis 2,12,templates
results,UFC Fight Night: Allen vs. Duncan,0,none
results,UFC Fight Night: Almeida vs. Garbrandt,12,templates
results,UFC Fight Night: Almeida vs. Lewis,10,templates
results,UFC Fight Night: Anderson vs. Błachowicz 2,13,templates
results,UFC Fight Night: Andrade vs. Blanchfield,11,templates
results,UFC Fight Night: Andrade vs. Zhang,11,templates
results,UFC Fight Night: Ankalaev vs. Guskov,12,templates
results,UFC Fight Night: Ankalaev vs. Walker 2,11,templates
results,UFC Fight Night: Arlovski vs. Barnett,11,templates
results,UFC Fight Night: Aspinall vs. Tybura,15,templates
results,UFC Fight Night: Assunção vs. Moraes 2,13,templates
results,UFC Fight Night: Bader vs. Nogueira 2,12,templates
results,UFC Fight Night: Bader vs. Saint Preux,10,templates
results,UFC Fight Night: Barboza vs. Lee,11,templates
results,UFC Fight Night: Barboza vs. Murphy,12,templates
results,UFC Fight Night: Barnett vs. Nelson,10,templates
results,UFC Fight Night: Bautista vs. Oliveira,13,templates
results,UFC Fight Night: Belfort vs. Gastelum,12,templates
results,UFC Fight Night: Belfort vs. Henderson 2,11,templates
results,UFC Fight Night: Belfort vs. Henderson 3,13,templates
results,UFC Fight Night: Benavidez vs. Figueiredo,12,templates
results,UFC Fight Night: Bermudez vs. The Korean Zombie,12,templates
results,UFC Fight Night: Bigfoot vs. Arlovski,11,templates
results,UFC Fight Night: Bigfoot vs. Mir,11,templates
results,UFC Fight Night: Bisping vs. Gastelum,12,templates
results,UFC Fight Night: Bisping vs. Le,10,templates
results,UFC Fight Night: Bisping vs. Leites,12,templates
results,UFC Fight Night: Blaydes vs. Aspinall,14,templates
results,UFC Fight Night: Blaydes vs. Lewis,12,templates
results,UFC Fight Night: Blaydes vs. Ngannou 2,12,templates
results,UFC Fight Night: Blaydes vs. dos Santos,12,templates
results,UFC Fight Night: Boetsch vs. Henderson,12,templates
results,UFC Fight Night: Bonfim vs. Brady,0,none
results,UFC Fight Night: Bonfim vs. Brown,12,templates
results,UFC Fight Night: Brown vs. Silva,13,templates
results,UFC Fight Night: Brunson vs. Machida,12,templates
results,UFC Fight Night: Brunson vs. Shahbazyan,8,templates
results,UFC Fight Night: Brunson vs. Till,9,templates
results,UFC Fight Night: Buckley vs. Malott,0,none
results,UFC Fight Night: Burns vs. Brady,12,templates
results,UFC Fight Night: Burns vs. Malott,12,templates
results,UFC Fight Night: Burns vs. Morales,11,templates
results,UFC Fight Night: Błachowicz vs. Jacaré,12,templates
results,UFC Fight Night: Błachowicz vs. Santos,13,templates
results,UFC Fight Night: Cannonier vs. Rodrigues,12,templates
results,UFC Fight Night: Cannonier vs. Strickland,13,templates
results,UFC Fight Night: Cejudo vs. Dillashaw,13,templates
results,UFC Fight Night: Cejudo vs. Song,12,templates
results,UFC Fight Night: Chiesa vs. Lee,13,templates
results,UFC Fight Night: Condit vs. Alves,12,templates
results,UFC Fight Night: Condit vs. Kampmann,11,templates
results,UFC Fight Night: Condit vs. Kampmann 2,12,templates
results,UFC Fight Night: Costa vs. Vettori,14,templates
results,UFC Fight Night: Covington vs. Woodley,14,templates
results,UFC Fight Night: Cowboy vs. Cowboy,13,templates
results,UFC Fight Night: Cowboy vs. Edwards,13,templates
results,UFC Fight Night: Cowboy vs. Gaethje,12,templates
results,UFC Fight Night: Cowboy vs. Medeiros,12,templates
results,UFC Fight Night: Cowboy vs. Miller,11,templates
results,UFC Fight Night: Cowboy vs. Till,11,templates
results,UFC Fight Night: Cyborg vs. Länsberg,13,templates
results,UFC Fight Night: Dawson vs. Green,10,templates
results,UFC Fight Night: Della Maddalena vs. Prates,13,templates
results,UFC Fight Night: Dern vs. Hill,12,templates
results,UFC Fight Night: Dern vs. Ribas 2,14,templates
results,UFC Fight Night: Dern vs. Rodriguez,9,templates
results,UFC Fight Night: Dern vs. Yan,11,templates
results,UFC Fight Night: Diaz vs. Guillard,10,templates
results,UFC Fight Night: Diaz vs. Neer,10,templates
results,UFC Fight Night: Dillashaw vs. Cruz,13,templates
results,UFC Fight Night: Dolidze vs. Imavov,13,templates
results,UFC Fight Night: Edgar vs. Faber,12,templates
results,UFC Fight Night: Edgar vs. Swanson,12,templates
results,UFC Fight Night: Edgar vs. The Korean Zombie,13,templates
results,UFC Fight Night: Edwards vs. Brady,13,templates
results,UFC Fight Night: Edwards vs. Muhammad,13,templates
results,UFC Fight Night: Emmett vs. Vallejos,14,templates
results,UFC Fight Night: Evans vs. Salmon,8,templates
results,UFC Fight Night: Evloev vs. Murphy,13,templates
results,UFC Fight Night: Felder vs. Hooker,12,templates
results,UFC Fight Night: Felder vs. dos Anjos,9,templates
results,UFC Fight Night: Figueiredo vs. Benavidez 2,12,templates
results,UFC Fight Night: Fiziev vs. Gamrot,11,templates
results,UFC Fight Night: Fiziev vs. Torres,13,templates
results,UFC Fight Night: Florian vs. Gomi,11,templates
results,UFC Fight Night: Florian vs. Lauzon,12,templates
results,UFC Fight Night: Font vs. Garbrandt,12,templates
results,UFC Fight Night: Gaethje vs. Vick,13,templates
results,UFC Fight Night: Gamrot vs. Salkilld,12,templates
results,UFC Fight Night: Gane vs. Spivac,11,templates
results,UFC Fight Night: Gane vs. Tuivasa,12,templates
results,UFC Fight Night: Gane vs. Volkov,13,templates
results,UFC Fight Night: Garcia vs. Onama,13,templates
results,UFC Fight Night: Gonzaga vs. Cro Cop 2,12,templates
results,UFC Fight Night: Grasso vs. Araújo,11,templates
results,UFC Fight Night: Grasso vs. Shevchenko 2,11,templates
results,UFC Fight Night: Gustafsson vs. Manuwa,9,templates
results,UFC Fight Night: Gustafsson vs. Smith,12,templates
results,UFC Fight Night: Gustafsson vs. Teixeira,12,templates
results,UFC Fight Night: Hall vs. Silva,11,templates
results,UFC Fight Night: Henderson vs. Khabilov,11,templates
results,UFC Fight Night: Henderson vs. Masvidal,11,templates
results,UFC Fight Night: Henderson vs. Thatch,10,templates
results,UFC Fight Night: Henderson vs. dos Anjos,11,templates
results,UFC Fight Night: Hendricks vs. Thompson,12,templates
results,UFC Fight Night: Hermansson vs. Cannonier,13,templates
results,UFC Fight Night: Hermansson vs. Pyfer,14,templates
results,UFC Fight Night: Hermansson vs. Strickland,13,templates
results,UFC Fight Night: Hermansson vs. Weidman,0,none
results,UFC Fight Night: Hernandez vs. Pereira,11,templates
results,UFC Fight Night: Hernandez vs. Rodrigues,13,templates
results,UFC Fight Night: Holloway vs. Oliveira,12,templates
results,UFC Fight Night: Holloway vs. Rodríguez,11,templates
results,UFC Fight Night: Holloway vs. The Korean Zombie,13,templates
results,UFC Fight Night: Holm vs. Correia,12,templates
results,UFC Fight Night: Holm vs. Vieira,11,templates
results,UFC Fight Night: Holohan vs. Smolka,10,templates
results,UFC Fight Night: Hooker vs. Parnasse,14,templates
results,UFC Fight Night: Hunt vs. Bigfoot,11,templates
results,UFC Fight Night: Hunt vs. Mir,12,templates
results,UFC Fight Night: Hunt vs. Nelson,12,templates
results,UFC Fight Night: Hunt vs. Oleinik,12,templates
results,UFC Fight Night: Iaquinta vs. Cowboy,12,templates
results,UFC Fight Night: Imavov vs. Borralho,13,templates
results,UFC Fight Night: Jacaré vs. Hermansson,13,templates
results,UFC Fight Night: Jacaré vs. Mousasi,9,templates
results,UFC Fight Night: Joanna vs. Waterson,14,templates
results,UFC Fight Night: Jędrzejczyk vs. Penne,11,templates
results,UFC Fight Night: Kape vs. Almabayev,10,templates
results,UFC Fight Night: Kape vs. Horiguchi,12,templates
results,UFC Fight Night: Kattar vs. Allen,11,templates
results,UFC Fight Night: Ladd vs. Dumont,10,templates
results,UFC Fight Night: Lamas vs. Penn,0,none
results,UFC Fight Night: Lauzon vs. Stephens,10,templates
results,UFC Fight Night: Lee vs. Oliveira,12,templates
results,UFC Fight Night: Lemos vs. Andrade,11,templates
results,UFC Fight Night: Lewis vs. Abdurakhimov,12,templates
results,UFC Fight Night: Lewis vs. Browne,11,templates
results,UFC Fight Night: Lewis vs. Daukaus,13,templates
results,UFC Fight Night: Lewis vs. Hunt,11,templates
results,UFC Fight Night: Lewis vs. Oleinik,12,templates
results,UFC Fight Night: Lewis vs. Spivac,11,templates
results,UFC Fight Night: Lewis vs. dos Santos,13,templates
results,UFC Fight Night: Lineker vs. Dodson,12,templates
results,UFC Fight Night: Lopes vs. Silva,14,templates
results,UFC Fight Night: MacDonald vs. Saffiedine,12,templates
results,UFC Fight Night: MacDonald vs. Thompson,13,templates
results,UFC Fight Night: Machida vs. Anders,11,templates
results,UFC Fight Night: Machida vs. Dollaway,12,templates
results,UFC Fight Night: Machida vs. Mousasi,12,templates
results,UFC Fight Night: Machida vs. Muñoz,12,templates
results,UFC Fight Night: Machida vs. Romero,9,templates
results,UFC Fight Night: Magny vs. Ponzinibbio,12,templates
results,UFC Fight Night: Magny vs. Prates,11,templates
results,UFC Fight Night: Magomedsharipov vs. Kattar,13,templates
results,UFC Fight Night: Maia vs. Askren,11,templates
results,UFC Fight Night: Maia vs. LaFlare,12,templates
results,UFC Fight Night: Maia vs. Shields,10,templates
results,UFC Fight Night: Maia vs. Usman,13,templates
results,UFC Fight Night: Makhachev vs. Green,11,templates
results,UFC Fight Night: Manuwa vs. Anderson,11,templates
results,UFC Fight Night: Marquardt vs. Palhares,10,templates
results,UFC Fight Night: Maynard vs. Diaz,11,templates
results,UFC Fight Night: McDonald vs. Lineker,12,templates
results,UFC Fight Night: McGregor vs. Brandão,10,templates
results,UFC Fight Night: McGregor vs. Siver,12,templates
results,UFC Fight Night: Medić vs. Rodriguez,14,templates
results,UFC Fight Night: Mendes vs. Lamas,10,templates
results,UFC Fight Night: Miocic vs. Hunt,12,templates
results,UFC Fight Night: Mir vs. Duffee,12,templates
results,UFC Fight Night: Moicano vs. Duncan,13,templates
results,UFC Fight Night: Moicano vs. Nolan,0,none
results,UFC Fight Night: Moicano vs. Saint Denis,14,templates
results,UFC Fight Night: Moicano vs. The Korean Zombie,11,templates
results,UFC Fight Night: Moraes vs. Sandhagen,13,templates
results,UFC Fight Night: Moreno vs. Albazi,13,templates
results,UFC Fight Night: Moreno vs. Kavanagh,13,templates
results,UFC Fight Night: Moreno vs. Royval 2,12,templates
results,UFC Fight Night: Mousasi vs. Hall 2,13,templates
results,UFC Fight Night: Muhammad vs. Bonfim,12,templates
results,UFC Fight Night: Muniz vs. Allen,10,templates
results,UFC Fight Night: Muñoz vs. Mousasi,10,templates
results,UFC Fight Night: Namajunas vs. VanZant,12,templates
results,UFC Fight Night: Nelson vs. Ponzinibbio,12,templates
results,UFC Fight Night: Nelson vs. Story,11,templates
results,UFC Fight Night: Nogueira vs. Davis,12,templates
results,UFC Fight Night: Nogueira vs. Nelson,8,templates
results,UFC Fight Night: Nurmagomedov vs. Song,13,templates
results,UFC Fight Night: Nzechukwu vs. Cuțelaba,11,templates
results,UFC Fight Night: Oliveira vs. Gamrot,12,templates
results,UFC Fight Night: Ortega vs. The Korean Zombie,11,templates
results,UFC Fight Night: Overeem vs. Arlovski,13,templates
results,UFC Fight Night: Overeem vs. Harris,0,none
results,UFC Fight Night: Overeem vs. Oleinik,11,templates
results,UFC Fight Night: Overeem vs. Sakai,7,templates
results,UFC Fight Night: Overeem vs. Volkov,12,templates
results,UFC Fight Night: Pavlovich vs. Blaydes,11,templates
results,UFC Fight Night: Pettis vs. Moreno,12,templates
results,UFC Fight Night: Poirier vs. Johnson,12,templates
results,UFC Fight Night: Poirier vs. Pettis,13,templates
results,UFC Fight Night: Procházka vs. Stirling,0,none
results,UFC Fight Night: Rivera vs. Moraes,12,templates
results,UFC Fight Night: Rockhold vs. Bisping,11,templates
results,UFC Fight Night: Rockhold vs. Branch,10,templates
results,UFC Fight Night: Rockhold vs. Philippou,12,templates
results,UFC Fight Night: Rodriguez vs. Lemos,11,templates
results,UFC Fight Night: Rodríguez vs. Caceres,12,templates
results,UFC Fight Night: Rodríguez vs. Penn,12,templates
results,UFC Fight Night: Rodríguez vs. Stephens,12,templates
results,UFC Fight Night: Rosas Jr. vs. Barcelos,12,templates
results,UFC Fight Night: Rothwell vs. dos Santos,13,templates
results,UFC Fight Night: Royval vs. Taira,12,templates
results,UFC Fight Night: Rozenstruik vs. Gane,9,templates
results,UFC Fight Night: Rozenstruik vs. Gaziev,11,templates
results,UFC Fight Night: Rozenstruik vs. Sakai,13,templates
results,UFC Fight Night: Saffiedine vs. Lim,10,templates
results,UFC Fight Night: Saint Preux vs. Okami,10,templates
results,UFC Fight Night: Sanchez vs. Parisyan,9,templates
results,UFC Fight Night: Sanchez vs. Riggs,9,templates
results,UFC Fight Night: Sandhagen vs. Song,13,templates
results,UFC Fight Night: Santos vs. Anders,14,templates
results,UFC Fight Night: Santos vs. Ankalaev,14,templates
results,UFC Fight Night: Santos vs. Walker,12,templates
results,UFC Fight Night: Shevchenko vs. Carmouche 2,13,templates
results,UFC Fight Night: Shields vs. Ellenberger,12,templates
results,UFC Fight Night: Shogun vs. Henderson 2,11,templates
results,UFC Fight Night: Shogun vs. Saint Preux,10,templates
results,UFC Fight Night: Shogun vs. Smith,13,templates
results,UFC Fight Night: Shogun vs. Sonnen,13,templates
results,UFC Fight Night: Silva vs. Bisping,13,templates
results,UFC Fight Night: Silva vs. Delgado,13,templates
results,UFC Fight Night: Silva vs. Irvin,11,templates
results,UFC Fight Night: Smith vs. Rakić,10,templates
results,UFC Fight Night: Smith vs. Spann,14,templates
results,UFC Fight Night: Smith vs. Teixeira,10,templates
results,UFC Fight Night: Song vs. Figueiredo,13,templates
results,UFC Fight Night: Song vs. Gutiérrez,11,templates
results,UFC Fight Night: Stephens vs. Choi,11,templates
results,UFC Fight Night: Sterling vs. Zalal,13,templates
results,UFC Fight Night: Stout vs. Fisher,9,templates
results,UFC Fight Night: Strickland vs. Hernandez,14,templates
results,UFC Fight Night: Strickland vs. Imavov,11,templates
results,UFC Fight Night: Swanson vs. Lobov,13,templates
results,UFC Fight Night: Swanson vs. Ortega,13,templates
results,UFC Fight Night: Swanson vs. Stephens,11,templates
results,UFC Fight Night: Swick vs. Burkman,9,templates
results,UFC Fight Night: Te Huna vs. Marquardt,9,templates
results,UFC Fight Night: Teixeira vs. Bader,11,templates
results,UFC Fight Night: Teixeira vs. Saint Preux,13,templates
results,UFC Fight Night: The Korean Zombie vs. Rodríguez,12,templates
results,UFC Fight Night: Thomas vs. Florian,9,templates
results,UFC Fight Night: Thompson vs. Neal,12,templates
results,UFC Fight Night: Thompson vs. Pettis,12,templates
results,UFC Fight Night: Thompson vs. Till,11,templates
results,UFC Fight Night: Till vs. Masvidal,12,templates
results,UFC Fight Night: Tsarukyan vs. Hooker,14,templates
results,UFC Fight Night: Tuivasa vs. Tybura,13,templates
results,UFC Fight Night: Ulberg vs. Reyes,12,templates
results,UFC Fight Night: Vettori vs. Dolidze 2,13,templates
results,UFC Fight Night: Vieira vs. Tate,11,templates
results,UFC Fight Night: Volkan vs. Smith,13,templates
results,UFC Fight Night: Volkov vs. Aspinall,12,templates
results,UFC Fight Night: Volkov vs. Rozenstruik,14,templates
results,UFC Fight Night: Volkov vs. Struve,12,templates
results,UFC Fight Night: Walker vs. Hill,12,templates
results,UFC Fight Night: Walker vs. Zhang,12,templates
results,UFC Fight Night: Waterson vs. Hill,12,templates
results,UFC Fight Night: Werdum vs. Tybura,13,templates
results,UFC Fight Night: Werdum vs. Volkov,10,templates
results,UFC Fight Night: Whittaker vs. Brunson,13,templates
results,UFC Fight Night: Woodley vs. Edwards,0,none
results,UFC Fight Night: Yan vs. Dvalishvili,13,templates
results,UFC Fight Night: Yan vs. Figueiredo,13,templates
results,UFC Fight Night: Yusuff vs. Barboza,11,templates
results,UFC Fight Night: de Randamie vs. Ladd,12,templates
results,UFC Fight Night: de Ridder vs. Allen,13,templates
results,UFC Fight Night: dos Anjos vs. Alvarez,12,templates
results,UFC Fight Night: dos Anjos vs. Lee,13,templates
results,UFC Fight Night: dos Santos vs. Ivanov,13,templates
results,UFC Fight Night: dos Santos vs. Tuivasa,12,templates
results,UFC Fight Night: du Plessis vs. Usman,12,templates
results,UFC Freedom 250,7,templates
results,UFC Live: Cruz vs. Johnson,10,templates
results,UFC Live: Hardy vs. Lytle,12,templates
results,UFC Live: Jones vs. Matyushenko,10,templates
results,UFC Live: Kongo vs. Barry,11,templates
results,UFC Live: Sanchez vs. Kampmann,11,templates
results,UFC Live: Vera vs. Jones,11,templates
results,UFC Ultimate Fight Night 2,7,templates
results,UFC Ultimate Fight Night 3,8,templates
results,UFC Ultimate Fight Night 4,9,templates
results,UFC Ultimate Fight Night 5,9,templates
results,UFC on ABC: Emmett vs. Topuria,13,templates
results,UFC on ABC: Hill vs. Rountree Jr.,12,templates
results,UFC on ABC: Holloway vs. Kattar,10,templates
results,UFC on ABC: Ortega vs. Rodríguez,12,templates
results,UFC on ABC: Rozenstruik vs. Almeida,11,templates
results,UFC on ABC: Sandhagen vs. Nurmagomedov,13,templates
results,UFC on ABC: Vettori vs. Holland,13,templates
results,UFC on ABC: Whittaker vs. Aliskerov,11,templates
results,UFC on ABC: Whittaker vs. de Ridder,12,templates
results,UFC on ESPN: Barboza vs. Chikadze,12,templates
results,UFC on ESPN: Barboza vs. Gaethje,13,templates
results,UFC on ESPN: Blanchfield vs. Fiorot,13,templates
results,UFC on ESPN: Blaydes vs. Daukaus,12,templates
results,UFC on ESPN: Blaydes vs. Volkov,12,templates
results,UFC on ESPN: Brunson vs. Holland,10,templates
results,UFC on ESPN: Błachowicz vs. Rakić,11,templates
results,UFC on ESPN: Cannonier vs. Borralho,11,templates
results,UFC on ESPN: Cannonier vs. Gastelum,12,templates
results,UFC on ESPN: Cannonier vs. Imavov,14,templates
results,UFC on ESPN: Chiesa vs. Magny,14,templates
results,UFC on ESPN: Covington vs. Buckley,13,templates
results,UFC on ESPN: Covington vs. Lawler,12,templates
results,UFC on ESPN: Dariush vs. Tsarukyan,12,templates
results,UFC on ESPN: Dolidze vs. Hernandez,12,templates
results,UFC on ESPN: Emmett vs. Murphy,12,templates
results,UFC on ESPN: Eye vs. Calvillo,10,templates
results,UFC on ESPN: Font vs. Aldo,13,templates
results,UFC on ESPN: Font vs. Vera,11,templates
results,UFC on ESPN: Gamrot vs. Klein,9,templates
results,UFC on ESPN: Hall vs. Strickland,10,templates
results,UFC on ESPN: Hermansson vs. Vettori,8,templates
results,UFC on ESPN: Holloway vs. Allen,14,templates
results,UFC on ESPN: Holm vs. Aldana,11,templates
results,UFC on ESPN: Holm vs. Bueno Silva,13,templates
results,UFC on ESPN: Kara-France vs. Albazi,13,templates
results,UFC on ESPN: Kattar vs. Chikadze,10,templates
results,UFC on ESPN: Kattar vs. Emmett,13,templates
results,UFC on ESPN: Kattar vs. Ige,11,templates
results,UFC on ESPN: Lemos vs. Jandiroba,11,templates
results,UFC on ESPN: Lewis vs. Nascimento,12,templates
results,UFC on ESPN: Lewis vs. Teixeira,12,templates
results,UFC on ESPN: Luque vs. Muhammad 2,14,templates
results,UFC on ESPN: Luque vs. dos Anjos,13,templates
results,UFC on ESPN: Machado Garry vs. Prates,14,templates
results,UFC on ESPN: Makhachev vs. Moisés,10,templates
results,UFC on ESPN: Moreno vs. Erceg,12,templates
results,UFC on ESPN: Munhoz vs. Edgar,9,templates
results,UFC on ESPN: Namajunas vs. Cortez,12,templates
results,UFC on ESPN: Ngannou vs. Rozenstruik,0,none
results,UFC on ESPN: Ngannou vs. Velasquez,12,templates
results,UFC on ESPN: Ngannou vs. dos Santos,12,templates
results,UFC on ESPN: Nicolau vs. Perez,13,templates
results,UFC on ESPN: Overeem vs. Harris,11,templates
results,UFC on ESPN: Overeem vs. Rozenstruik,12,templates
results,UFC on ESPN: Perez vs. Taira,11,templates
results,UFC on ESPN: Poirier vs. Hooker,10,templates
results,UFC on ESPN: Reyes vs. Procházka,11,templates
results,UFC on ESPN: Reyes vs. Weidman,13,templates
results,UFC on ESPN: Ribas vs. Namajunas,13,templates
results,UFC on ESPN: Rodriguez vs. Waterson,9,templates
results,UFC on ESPN: Royval vs. Kape,12,templates
results,UFC on ESPN: Sandhagen vs. Dillashaw,11,templates
results,UFC on ESPN: Sandhagen vs. Figueiredo,12,templates
results,UFC on ESPN: Sandhagen vs. Font,12,templates
results,UFC on ESPN: Santos vs. Hill,10,templates
results,UFC on ESPN: Santos vs. Teixeira,10,templates
results,UFC on ESPN: Smith vs. Clark,10,templates
results,UFC on ESPN: Song vs. Simón,11,templates
results,UFC on ESPN: Strickland vs. Magomedov,12,templates
results,UFC on ESPN: Taira vs. Park,12,templates
results,UFC on ESPN: The Korean Zombie vs. Ige,12,templates
results,UFC on ESPN: Thompson vs. Holland,14,templates
results,UFC on ESPN: Tsarukyan vs. Gamrot,12,templates
results,UFC on ESPN: Tybura vs. Spivac 2,10,templates
results,UFC on ESPN: Usman vs. Buckley,13,templates
results,UFC on ESPN: Vera vs. Cruz,13,templates
results,UFC on ESPN: Vera vs. Sandhagen,10,templates
results,UFC on ESPN: Vettori vs. Cannonier,12,templates
results,UFC on ESPN: Whittaker vs. Gastelum,10,templates
results,UFC on ESPN: Whittaker vs. Till,15,templates
results,UFC on ESPN: Woodley vs. Burns,11,templates
results,UFC on ESPN: dos Anjos vs. Edwards,13,templates
results,UFC on ESPN: dos Anjos vs. Fiziev,11,templates
results,UFC on FX 4,0,none
results,UFC on FX: Alves vs. Kampmann,11,templates
results,UFC on FX: Belfort vs. Bisping,0,none
results,UFC on FX: Belfort vs. Rockhold,13,templates
results,UFC on FX: Browne vs. Bigfoot,10,templates
results,UFC on FX: Guillard vs. Miller,10,templates
results,UFC on FX: Johnson vs. McCall,0,none
results,UFC on FX: Maynard vs. Guida,12,templates
results,UFC on Fox 2,0,none
results,UFC on Fox: Alvarez vs. Poirier 2,13,templates
results,UFC on Fox: Diaz vs. Miller,12,templates
results,UFC on Fox: Dillashaw vs. Barão 2,12,templates
results,UFC on Fox: Emmett vs. Stephens,12,templates
results,UFC on Fox: Evans vs. Davis,0,none
results,UFC on Fox: Gustafsson vs. Johnson,12,templates
results,UFC on Fox: Henderson vs. Diaz,11,templates
results,UFC on Fox: Henderson vs. Melendez,0,none
results,UFC on Fox: Henderson vs. Thomson,11,templates
results,UFC on Fox: Holm vs. Shevchenko,11,templates
results,UFC on Fox: Jacaré vs. Brunson 2,12,templates
results,UFC on Fox: Johnson vs. Bader,13,templates
results,UFC on Fox: Johnson vs. Benavidez 2,11,templates
results,UFC on Fox: Johnson vs. Dodson,11,templates
results,UFC on Fox: Johnson vs. Moraga,12,templates
results,UFC on Fox: Johnson vs. Reis,13,templates
results,UFC on Fox: Lawler vs. Brown,12,templates
results,UFC on Fox: Lawler vs. dos Anjos,11,templates
results,UFC on Fox: Lee vs. Iaquinta 2,12,templates
results,UFC on Fox: Machida vs. Rockhold,11,templates
results,UFC on Fox: Maia vs. Condit,10,templates
results,UFC on Fox: Poirier vs. Gaethje,14,templates
results,UFC on Fox: Shevchenko vs. Peña,12,templates
results,UFC on Fox: Shogun vs. Vera,10,templates
results,UFC on Fox: Teixeira vs. Evans,11,templates
results,UFC on Fox: VanZant vs. Waterson,13,templates
results,UFC on Fox: Velasquez vs. dos Santos,10,templates
results,UFC on Fox: Weidman vs. Gastelum,13,templates
results,UFC on Fox: Werdum vs. Browne,13,templates
results,UFC on Fox: dos Anjos vs. Cowboy 2,13,templates
results,UFC on Fox: dos Santos vs. Miocic,12,templates
results,UFC on Fuel TV 1,0,none
results,UFC on Fuel TV: Barão vs. McDonald,12,templates
results,UFC on Fuel TV: Franklin vs. Le,9,templates
results,UFC on Fuel TV: Gustafsson vs. Silva,12,templates
results,UFC on Fuel TV: Korean Zombie vs. Poirier,0,none
results,UFC on Fuel TV: Mousasi vs. Latifi,13,templates
results,UFC on Fuel TV: Muñoz vs. Weidman,11,templates
results,UFC on Fuel TV: Sanchez vs. Ellenberger,0,none
results,UFC on Fuel TV: Silva vs. Stann,11,templates
results,UFC on Fuel TV: Struve vs. Miocic,11,templates
results,UFC: Fight for the Troops,10,templates
results,UFC: Fight for the Troops 2,11,templates
results,UFC: Fight for the Troops 3,13,templates
results,WEC 13,11,templates
results,WEC 14,13,templates
results,WEC 15,13,templates
results,WEC 16,11,templates
results,WEC 17,15,templates
results,WEC 19,11,templates
results,WEC 20,12,templates
results,WEC 21,8,templates
results,WEC 22,11,templates
results,WEC 23,13,templates
results,WEC 24,9,templates
results,WEC 25,9,templates
results,WEC 27,9,templates
results,WEC 28,9,templates
results,WEC 29,9,templates
results,WEC 30,10,templates
results,WEC 31,9,templates
results,WEC 32,10,templates
results,WEC 33,10,templates
results,WEC 34,11,templates
results,WEC 35,10,templates
results,WEC 36,10,templates
results,WEC 37,10,templates
results,WEC 38,10,templates
results,WEC 39,11,templates
results,WEC 40,10,templates
results,WEC 41,10,templates
results,WEC 42,11,templates
results,WEC 43,10,templates
results,WEC 44,10,templates
results,WEC 45,10,templates
results,WEC 46,10,templates
results,WEC 47,11,templates
results,WEC 48,11,templates
results,WEC 49,11,templates
results,WEC 50,10,templates
results,WEC 51,11,templates
results,WEC 52,11,templates
results,WEC 53,11,templates
results,WFA: King of the Streets,9,templates
results,WSOF Global Championship 1: China,10,templates
results,WSOF Global Championship 2: Japan,10,templates
results,WSOF Global Championship 3: Philippines,10,templates
results,Wanderlei Silva vs. Quinton Jackson,0,none
results,World Series of Fighting 10: Branch vs. Taylor,11,templates
results,World Series of Fighting 11: Gaethje vs. Newell,8,templates
results,World Series of Fighting 12: Palomino vs Gonzalez,9,templates
results,World Series of Fighting 13: Moraes vs. Bollinger,10,templates
results,World Series of Fighting 14: Ford vs. Shields,8,templates
results,World Series of Fighting 15: Branch vs. Okami,11,templates
results,World Series of Fighting 16: Palhares vs. Fitch,11,templates
results,World Series of Fighting 17: Shields vs. Foster,8,templates
results,World Series of Fighting 18: Moraes vs. Hill,8,templates
results,World Series of Fighting 19: Gaethje vs. Palomino,10,templates
results,World Series of Fighting 1: Arlovski vs. Cole,10,templates
results,World Series of Fighting 1: Central America,6,templates
results,World Series of Fighting 20: Branch vs. McElligott,9,templates
results,World Series of Fighting 21: Palmer vs. Horodecki,11,templates
results,World Series of Fighting 22: Palhares vs. Shields,10,templates
results,World Series of Fighting 23: Gaethje vs. Palomino II,11,templates
results,World Series of Fighting 24: Fitch vs. Okami,11,templates
results,World Series of Fighting 25: Lightweight Tournament,11,templates
results,World Series of Fighting 26: Palmer vs. Almeida,9,templates
results,World Series of Fighting 27: Firmino vs. Fodor,7,templates
results,World Series of Fighting 28: Moraes vs. Barajas,11,templates
results,World Series of Fighting 29: Gaethje vs. Foster,7,templates
results,World Series of Fighting 2: Arlovski vs. Johnson,12,templates
results,World Series of Fighting 2: Central America,7,templates
results,World Series of Fighting 30: Branch vs. Starks,9,templates
results,World Series of Fighting 31: Ivanov vs. Copeland,10,templates
results,World Series of Fighting 32: Moraes vs. Hill 2,12,templates
results,World Series of Fighting 33: Branch vs. Magalhães,10,templates
results,World Series of Fighting 34: Gaethje vs. Firmino,11,templates
results,World Series of Fighting 35: Ivanov vs. Jordan,9,templates
results,World Series of Fighting 3: Fitch vs. Burkman,9,templates
results,World Series of Fighting 4: Spong vs. DeAnda,9,templates
results,World Series of Fighting 5: Arlovski vs. Kyle,9,templates
results,World Series of Fighting 6: Burkman vs. Carl,11,templates
results,World Series of Fighting 7: Karakhanyan vs. Palmer,9,templates
results,World Series of Fighting 8: Gaethje vs. Patishnock,10,templates
results,World Series of Fighting 9: Carl vs. Palhares,11,templates
results,World Series of Fighting Canada 1: Ford vs. Powell,12,templates
results,World Series of Fighting Canada 2: Loiseau vs. Lewis,8,templates
results,World Victory Road Presents: Sengoku 10,11,templates
results,World Victory Road Presents: Sengoku 5,8,templates
results,World Victory Road Presents: Sengoku 6,11,templates
results,World Victory Road Presents: Sengoku 7,10,templates
results,World Victory Road Presents: Sengoku 8,11,templates
results,World Victory Road Presents: Sengoku 9,13,templates
results,Yarennoka!,8,templates
fighter,A Sol Kwon,0,no article
fighter,A Sol Kwon (c),0,no article
fighter,A-Sol Kwon,0,no article
fighter,A. J. McKee,28,A. J. McKee
fighter,A. J. McKee (c),0,no article
fighter,A.J. Cunningham,0,no article
fighter,A.J. Dobson,0,no article
fighter,A.J. Fletcher,0,no article
fighter,A.J. Fonseca,0,no article
fighter,A.J. Lias Mansor,0,no article
fighter,A.J. Matthews,18,A. J. Matthews
fighter,A.J. McKee,0,same article as another: A. J. McKee
fighter,A.J. Robb,0,no article
fighter,A.J. Siscoe,0,no article
fighter,A.J. Williams,0,no article
fighter,AJ Agazarm,5,AJ Agazarm
fighter,AJ Cunningham,0,no article
fighter,AJ Dobson,0,no article
fighter,AJ Fletcher,0,no article
fighter,AJ Lias Mansor,0,no article
fighter,AJ Nichols,0,no article
fighter,Aalon Cruz,0,no article
fighter,Aaron Aby,31,Aaron Aby
fighter,Aaron Barringer,0,no article
fighter,Aaron Beltran,0,no article
fighter,Aaron Berke,0,no article
fighter,Aaron Bush,0,no article
fighter,Aaron Cañarte,0,no article
fighter,Aaron Chalmers,0,no article
fighter,Aaron Chambers,0,no article
fighter,Aaron Davis,0,no article
fighter,Aaron Derrow,0,no article
fighter,Aaron Ely,0,no article
fighter,Aaron Flournoy,0,no article
fighter,Aaron Gallant,0,no article
fighter,Aaron Garza,0,no article
fighter,Aaron Goldfield,0,no article
fighter,Aaron Hamilton,0,no article
fighter,Aaron Higuera,0,no article
fighter,Aaron Jeffery,0,no article
fighter,Aaron Jeffrey,0,no article
fighter,Aaron Johnson,0,no article
fighter,Aaron La Farge,0,no article
fighter,Aaron Lanfranco,0,no article
fighter,Aaron McDonald,0,no article
fighter,Aaron McKenzie,0,no article
fighter,Aaron Miller,0,no article
fighter,Aaron Phillips,18,Aaron Phillips (fighter)
fighter,Aaron Pico,19,Aaron Pico
fighter,Aaron Pierre,0,no article
fighter,Aaron Reeves,0,no article
fighter,Aaron Riley,45,Aaron Riley
fighter,Aaron Roberson,0,no article
fighter,Aaron Rodriguez,0,no article
fighter,Aaron Romero,0,no article
fighter,Aaron Rosa,25,Aaron Rosa
fighter,Aaron Simpson,17,Aaron Simpson (fighter)
fighter,Aaron Tau,0,no article
fighter,Aaron Towns,0,no article
fighter,Aaron Trecell,0,no article
fighter,Aaron Tregear,0,no article
fighter,Aaron Trujillo,0,no article
fighter,Aaron Vickers,0,no article
fighter,Aaron Webb,0,no article
fighter,Aaron Wetherspoon,0,no article
fighter,Aaron Wilkinson,0,no article
fighter,Aaron Wise,0,no article
fighter,Aarti Khatri,0,no article
fighter,Aarón Cañarte,0,no article
fighter,Aarón Higuera,0,no article
fighter,Aasin Liberato,0,no article
fighter,Abay Zhalal,0,no article
fighter,Abbas Abasov,0,no article
fighter,Abbas Khan,0,no article
fighter,Abdalrahman Alhyasat,0,no article
fighter,Abdel Hafid Bendari,0,no article
fighter,Abdel Rahmane Driai,0,no article
fighter,Abdelkrim Zouad,0,no article
fighter,Abdellah Er-Ramy,0,no article
fighter,Abdelrahman Alhyasat,0,no article
fighter,Abdelrahman Mohamed,0,no article
fighter,Abderrahman Errachidy,0,no article
fighter,Abdi Iniestra,0,no article
fighter,Abdisalam Kubanychbek,0,no article
fighter,Abdoul Abdouraguimov,0,no article
fighter,Abdoulaye Kane,0,no article
fighter,Abdoullah Kane,0,no article
fighter,Abdul Elwahab Saeed,0,no article
fighter,Abdul Hussein,18,Abdul Hussein
fighter,Abdul Razac Sankara,0,no article
fighter,Abdul Razak Alhassan,19,Abdul Razak Alhassan
fighter,Abdul Razak Sankara,0,no article
fighter,Abdul-Aziz Abdulvakhabov (c),0,no article
fighter,Abdul-Kareem Al-Selwady,0,no article
fighter,Abdul-Kerim Al-Selwady,0,no article
fighter,Abdul-Kerim Edilov,21,Abdul-Kerim Edilov
fighter,Abdul-Rahman Dzhanaev,0,no article
fighter,Abdul-Rakhman Dudaev,0,no article
fighter,Abdul-Rakhman Dzhanaev,0,no article
fighter,Abdul-Rakhman Temirov,0,no article
fighter,Abdul-Rakhman Yakhyaev,0,no article
fighter,Abdulaziz bin Moammar,0,no article
fighter,Abdulla Al Bousheiri,0,no article
fighter,Abdulla Dayakaev,0,no article
fighter,Abdullah Al-Qahtani,0,no article
fighter,Abdullah Johari,0,no article
fighter,Abdullah Saleem,0,no article
fighter,Abdullah Sultani,0,no article
fighter,Abdullo Khodzhaev,0,no article
fighter,Abdulmalik Mugidinov,0,no article
fighter,Abdulrahman Ali Janahi,0,no article
fighter,Abdurakhman Alimagomedov,0,no article
fighter,Abdurakhman Gitinovasov,0,no article
fighter,Abdurakhman Nasrutdinov,0,no article
fighter,Abdurakhman Umirzakov,0,no article
fighter,Abdurakhmon Fazilov,0,no article
fighter,Abdurakhmon Gafurov,0,no article
fighter,Abe Alsaghir,0,no article
fighter,Abe Wagner,0,no article
fighter,Abe Wilson,0,no article
fighter,Abed Amir Hammoud,0,no article
fighter,Abed Masharki,0,no article
fighter,Abeer Mansour,0,no article
fighter,Abel Cullum,28,Abel Cullum
fighter,Abel Trujillo,25,Abel Trujillo
fighter,Abigail Montes,0,no article
fighter,Abijah Kaleo Meheula,0,no article
fighter,Abner Lloveras,43,Abner Lloveras
fighter,Abner Perez,0,no article
fighter,Abner Rodrigues,0,no article
fighter,Abolfazl Alipourandi,0,no article
fighter,Abood AlQaisi,0,no article
fighter,Abou Tounkara,0,no article
fighter,Aboubakar Tounkara,0,no article
fighter,Abraao Amorim,0,no article
fighter,Abraham Arellano,0,no article
fighter,Abraham Ayala,0,no article
fighter,Abraham Bably,0,no article
fighter,Abraham Baxter,0,no article
fighter,Abraham Del Toro,0,no article
fighter,Abraham Nava,0,no article
fighter,Abraham Racho,0,no article
fighter,Abraham Vaesau,0,no article
fighter,Abraão Amorim,0,no article
fighter,Abu Azaitar,0,no article
fighter,Abu-Muslim Alikhanov,0,no article
fighter,Abubakar Adamu,0,no article
fighter,Abubakar Nurmagomedov,22,Abubakar Nurmagomedov
fighter,Abubakar Vagaev,0,no article
fighter,Abuspiyan Magomedov,0,no article
fighter,Abusupiyan Magomedov,37,Abusupiyan Magomedov
fighter,Achilles Estremadura,0,no article
fighter,Acoidan Duque,0,no article
fighter,Acácio dos Santos,0,no article
fighter,Adam Acquaviva,0,no article
fighter,Adam Antolin,0,no article
fighter,Adam Assenza,0,no article
fighter,Adam Biegański,0,no article
fighter,Adam Bogatyrev,0,no article
fighter,Adam Bramhald,0,no article
fighter,Adam Cella,0,no article
fighter,Adam Cullen,0,no article
fighter,Adam Darby,0,no article
fighter,Adam Fugitt,16,Adam Fugitt
fighter,Adam Garcia,0,no article
fighter,Adam Gustab,0,no article
fighter,Adam Havran,0,no article
fighter,Adam Horváth,0,no article
fighter,Adam Josef Modzelewski,0,no article
fighter,Adam Keresh,0,no article
fighter,Adam Lehman,0,no article
fighter,Adam Livingston,0,no article
fighter,Adam Lorenz,0,no article
fighter,Adam Lynn,0,no article
fighter,Adam Maciejewski,0,no article
fighter,Adam Martinez,0,no article
fighter,Adam Masaev,0,no article
fighter,Adam Meredith,0,no article
fighter,Adam Meskini,0,no article
fighter,Adam Milstead,12,Adam Milstead
fighter,Adam Mink,0,no article
fighter,Adam Niedźwiedź,0,no article
fighter,Adam Nijem,0,no article
fighter,Adam Pałasz,0,no article
fighter,Adam Piccolotti,21,Adam Piccolotti
fighter,Adam Poulin,0,no article
fighter,Adam Santos,0,no article
fighter,Adam Schindler,16,Adam Schindler
fighter,Adam Shahir Kayoom,0,no article
fighter,Adam Shelley,0,no article
fighter,Adam Smith,0,no article
fighter,Adam Snook,0,no article
fighter,Adam Soldaev,0,no article
fighter,Adam Steel,0,no article
fighter,Adam Stroup,0,no article
fighter,Adam Tomasik,0,no article
fighter,Adam Townsend,0,no article
fighter,Adam Vigil,0,no article
fighter,Adam Wamsley,0,no article
fighter,Adam Ward,0,no article
fighter,Adam Wayne,0,no article
fighter,Adam Wieczorek,14,Adam Wieczorek
fighter,Adam Yandiev,0,no article
fighter,Adama Diop,0,no article
fighter,Adamu Isah,0,no article
fighter,Adan Sánchez,0,no article
fighter,Adek Omar,0,no article
fighter,Adel Altamimi,0,Adel Altamimi
fighter,Adele Fornarino,0,no article
fighter,Adelin Mihăilă,0,no article
fighter,Ademir Barreto,0,no article
fighter,Adi Alic,0,no article
fighter,Adi Alić,0,no article
fighter,Adien Lee,0,no article
fighter,Adil Benjilany,0,no article
fighter,Adil Boranbayev,0,no article
fighter,Adilbek Kairgali,0,no article
fighter,Adin Duenas,0,no article
fighter,Adin Panaite,0,no article
fighter,Adis Taalaybek Uulu,0,no article
fighter,Adlan Amagov,17,Adlan Amagov
fighter,Adlan Ibragimov (c),0,no article
fighter,Adland Benson,0,no article
fighter,Adli Edwards,0,no article
fighter,Adnan Alić,0,no article
fighter,Adonilton Matos,0,no article
fighter,Adonis Sevilleno,0,no article
fighter,Adrian Baciu,0,no article
fighter,Adrian Bartosiński (c),0,no article
fighter,Adrian Diaz,0,no article
fighter,Adrian Dudek,0,no article
fighter,Adrian Garcia,0,no article
fighter,Adrian Grec,0,no article
fighter,Adrian Hadribeaj,0,no article
fighter,Adrian Haley,0,no article
fighter,Adrian Hamerski,0,no article
fighter,Adrian Henderson,0,no article
fighter,Adrian Kępa,0,no article
fighter,Adrian Lee,0,no article
fighter,Adrian Matheis,0,no article
fighter,Adrian Mattheis,0,no article
fighter,Adrian Maxim,0,no article
fighter,Adrian Najera,0,no article
fighter,Adrian Pang,0,no article
fighter,Adrian Pap Valdieso,0,no article
fighter,Adrian Preda,0,no article
fighter,Adrian Preda (c),0,no article
fighter,Adrian Sturzu,0,no article
fighter,Adrian Thomas,0,no article
fighter,Adrian Vázquez,0,no article
fighter,Adrian Yañez,25,Adrian Yañez
fighter,Adrian Zieliński,0,no article
fighter,Adriana Lugo,0,no article
fighter,Adrianna Kreft,0,no article
fighter,Adriano Martins,43,Adriano Martins
fighter,Adriano Moraes,28,Adriano Moraes (fighter)
fighter,Adriano Moraes (c),0,no article
fighter,Adriano Nunes,0,no article
fighter,Adriano Pereira,0,no article
fighter,Adrianos Stokas,0,no article
fighter,Adriele Castro,0,no article
fighter,Adrienna Jenkins,25,Adrienna Jenkins
fighter,Adrienne Seiber,0,no article
fighter,Adrián Cortez,0,no article
fighter,Adrián Cortés,0,no article
fighter,Adrián Lozano,0,no article
fighter,Adrián Luna Martinetti,0,no article
fighter,Adrián Oviedo,0,no article
fighter,Adryan Grundy,0,no article
fighter,Adryen Spinks,0,no article
fighter,Aeneas Renfrow,0,no article
fighter,Agapito Orozco,0,no article
fighter,Agilan Thani,0,no article
fighter,Ago Huskić,0,no article
fighter,Agshin Babaev,0,no article
fighter,Agus Nanang,0,no article
fighter,Agustín Alamillo,0,no article
fighter,Agy Sardari,0,no article
fighter,Ahmad Abdelbast Darwish,0,no article
fighter,Ahmad Halimson,0,no article
fighter,Ahmad Sohail Hassanzada,0,no article
fighter,Ahmad Suhail Hassanzada,0,no article
fighter,Ahmed Albrahim,0,no article
fighter,Ahmed Amir,0,no article
fighter,Ahmed Darwish,0,no article
fighter,Ahmed El Sisy,0,no article
fighter,Ahmed Krnjic,0,no article
fighter,Ahmed Makki,0,no article
fighter,Ahmed Mando,0,no article
fighter,Ahmed Mostafa,0,no article
fighter,Ahmed Mujtaba,0,no article
fighter,Ahmed Mutjaba,0,no article
fighter,Ahmed Sami,0,no article
fighter,Ahmed Tarek,0,no article
fighter,Ahmed Vila,0,no article
fighter,Ahmed Waheed Ahmed,0,no article
fighter,Ahmed White,0,no article
fighter,Ahmet Kayretli,0,no article
fighter,Ahva Mayi,0,no article
fighter,Ai Shimizu,0,no article
fighter,Ai Takei,0,no article
fighter,Aidan Stephen,0,no article
fighter,Aiden Ingram,0,no article
fighter,Aiden Lee,0,no article
fighter,Aiemann Zahabi,17,Aiemann Zahabi
fighter,Aieza Bertolso,0,no article
fighter,Aieza Ramos Bertolso,0,no article
fighter,Ailed Zubieta,0,no article
fighter,Ailton Barbosa,0,no article
fighter,Ailín Pérez,16,Ailín Pérez
fighter,Ainara Rocío Vergara,0,no article
fighter,Ainsley Robinson,0,Ainsley Robinson
fighter,Aireon Tavarres,0,no article
fighter,Aisling Daly,24,Aisling Daly
fighter,Aitana Álvarez,0,no article
fighter,Aito Tanimura,0,no article
fighter,Akan Jinno,0,no article
fighter,Akari Jinno,0,no article
fighter,Akari Kamise,0,no article
fighter,Akbar Abdullaev,14,Akbar Abdullaev
fighter,Akbarh Arreola,39,Akbarh Arreola
fighter,Akbarh Arreola (c),0,no article
fighter,Akbarjon Islomboev,0,no article
fighter,Akebono,0,no article
fighter,Akeem Bashir,0,no article
fighter,Akeem Lewis,0,no article
fighter,Akhkubeg Omarov,0,no article
fighter,Akhmed Aliev,0,no article
fighter,Akhmed Fararzha,0,no article
fighter,Akhmed Gakiev,0,no article
fighter,Akhmed Gazichaev,0,no article
fighter,Akhmed Khamzaev,0,no article
fighter,Akhmed Magomedov,0,no article
fighter,Akhmed Musakaev,0,no article
fighter,Akhmed Raupov,0,no article
fighter,Akhmedkhan Akhmedov,0,no article
fighter,Akhmedrustam Hasanov,0,no article
fighter,Akhmet Aliev,0,no article
fighter,Akif Guluzada,0,no article
fighter,Akihiko Mori,0,no article
fighter,Akihiro Fujisawa,0,no article
fighter,Akihiro Gono,70,Akihiro Gono
fighter,Akihiro Ono,0,no article
fighter,Akihiro Tateyama,0,no article
fighter,Akihito Hara,0,no article
fighter,Akihito Tanaka,0,no article
fighter,Akiko Naito,0,no article
fighter,Akimitsu Tsuchiya,0,no article
fighter,Akio Mori,0,no article
fighter,Akira Corassani,24,Akira Corassani
fighter,Akira Ohigashi,0,no article
fighter,Akira Okada,0,no article
fighter,Akira Shoji,37,Akira Shoji
fighter,Akito Teraoka,0,no article
fighter,Akitoshi Tamura,37,Akitoshi Tamura
fighter,Akiyo Nishiura,23,Akiyo Nishiura
fighter,Akonne Wanliss,0,no article
fighter,Akop Stepanyan,44,Akop Stepanyan
fighter,Akram Dzhakhiev,0,no article
fighter,Akram Hamidi,0,no article
fighter,Akram Nasri,0,no article
fighter,Akzhol Taabaldiev,0,no article
fighter,Al Abdullah Magomedov,0,no article
fighter,Al Iaquinta,26,Al Iaquinta
fighter,Al Matavao,0,no article
fighter,Alaa Mazloum,0,no article
fighter,Alain Hernandez,0,no article
fighter,Alain Majorique,0,no article
fighter,Alain Ngalani,12,Alain Ngalani
fighter,Alain Van De Merckt,0,no article
fighter,Alan Alexis Castro,0,no article
fighter,Alan Baudot,14,Alan Baudot
fighter,Alan Belcher,33,Alan Belcher
fighter,Alan Benson,0,no article
fighter,Alan Carlos,0,no article
fighter,Alan Castro,0,no article
fighter,Alan Diosdado,0,no article
fighter,Alan Dominguez,0,no article
fighter,Alan Domínguez,0,no article
fighter,Alan Domínguez (c),0,no article
fighter,Alan Gabriel,0,no article
fighter,Alan Gomes de Castro,0,no article
fighter,Alan Gomez,0,no article
fighter,Alan Jouban,25,Alan Jouban
fighter,Alan Karaev,5,Alan Karaev
fighter,Alan Lummel,0,no article
fighter,Alan Makitov,0,no article
fighter,Alan Martínez,0,no article
fighter,Alan Matikov,0,no article
fighter,Alan Omer,0,no article
fighter,Alan Patrick,21,Alan Patrick (fighter)
fighter,Alan Perez,0,no article
fighter,Alan Philpott,0,no article
fighter,Alan Ribeiro,0,no article
fighter,Alan Sanchez,0,no article
fighter,Alan Silva,0,no article
fighter,Alan Utegaliev,0,no article
fighter,Alan Varela,0,no article
fighter,Alan Villalba,0,no article
fighter,Alan Yauny,0,no article
fighter,Alana Cook,0,no article
fighter,Alandria Brown,0,no article
fighter,Alandria Rosales,0,no article
fighter,Alateng Heili,30,Alateng Heili
fighter,Alaverdi Ramazanov,0,no article
fighter,Alavutdin Gadjiev,0,no article
fighter,Alaín González,0,no article
fighter,Albert Cheng,0,no article
fighter,Albert Duraev,0,no article
fighter,Albert Gonzales,0,no article
fighter,Albert Gonzalez,0,no article
fighter,Albert Gukov,0,no article
fighter,Albert Manners,0,no article
fighter,Albert Misikov,0,no article
fighter,Albert Morales,31,Albert Morales
fighter,Albert Odzimkowski,0,no article
fighter,Albert Paul,0,no article
fighter,Albert Rios,0,no article
fighter,Albert Serpeti,0,no article
fighter,Albert Tumenov,32,Albert Tumenov
fighter,Albert Tumenov (c),0,no article
fighter,Alberth Dias,0,no article
fighter,Alberto Crane,20,Alberto Crane
fighter,Alberto Galera,0,no article
fighter,Alberto Garcia,0,no article
fighter,Alberto García,0,no article
fighter,Alberto Mendez,0,no article
fighter,Alberto Mina,14,Alberto Mina
fighter,Alberto Montes,0,no article
fighter,Alberto Pasos,0,no article
fighter,Alberto Rodriguez,0,no article
fighter,Alberto Sánchez,0,no article
fighter,Alberto Uda,0,no article
fighter,Alden Coria,0,no article
fighter,Aldo Aguila,0,no article
fighter,Aldo Corona,0,no article
fighter,Aldo Pereira,0,no article
fighter,Aldo Pereira Aguiar,0,no article
fighter,Aldo Villa,0,no article
fighter,Alec Hooben,0,no article
fighter,Alec Williams,0,no article
fighter,Alejandra Fernandez,0,no article
fighter,Alejandra Lara,22,Alejandra Lara
fighter,Alejandra Lugo,0,no article
fighter,Alejandra Orozco,0,no article
fighter,Alejandro Almanza,0,no article
fighter,Alejandro Armenta,0,no article
fighter,Alejandro Cerquera,0,no article
fighter,Alejandro Corrales,0,no article
fighter,Alejandro Flores,0,no article
fighter,Alejandro Flores García,0,no article
fighter,Alejandro Garcia,0,no article
fighter,Alejandro Gavidia,0,no article
fighter,Alejandro Guerrero,0,no article
fighter,Alejandro Gíl,0,no article
fighter,Alejandro Hernández,0,no article
fighter,Alejandro Marroquín,0,no article
fighter,Alejandro Martínez,0,no article
fighter,Alejandro Navarro,0,no article
fighter,Alejandro Orejel,0,no article
fighter,Alejandro Pérez,32,Alejandro Pérez (fighter)
fighter,Alejandro Quero,0,no article
fighter,Alejandro Rodriguez,0,no article
fighter,Alejandro Rodríguez,0,no article
fighter,Alejandro Sanchez,0,no article
fighter,Alejandro Solano Rodríguez,0,no article
fighter,Alejandro Sánchez,0,no article
fighter,Alejandro Villalobos,0,no article
fighter,Alejandro Villarreal,0,no article
fighter,Aleksa Camur,9,Aleksa Camur
fighter,Aleksandar Rakić,21,Aleksandar Rakić
fighter,Aleksandar Stefanovic,0,no article
fighter,Aleksander Keca,0,no article
fighter,Aleksander Winiarski,0,no article
fighter,Aleksandr Chizov,0,no article
fighter,Aleksandr Grozin,0,no article
fighter,Aleksandr Maslov,0,no article
fighter,Aleksandra Albu,5,Aleksandra Albu
fighter,Aleksandra Plamenova,0,no article
fighter,Aleksandra Savicheva,0,no article
fighter,Aleksandra Sokołowska,0,no article
fighter,Aleksandre Topuria,8,Aleksandre Topuria
fighter,Aleksandrs Čhižhovs,0,no article
fighter,Aleksei Butorin,0,no article
fighter,Aleksei Oleinik,82,Aleksei Oleinik
fighter,Aleksey Kim,0,no article
fighter,Alen Amedovski,11,Alen Amedovski
fighter,Alessandro Botti,0,no article
fighter,Alessandro Costa,0,no article
fighter,Alessandro Costa (c),0,no article
fighter,Alessandro Gambulino,0,no article
fighter,Alessandro Giordano,0,no article
fighter,Alessandro Ortolani,0,no article
fighter,Alessandro Ricci,0,no article
fighter,Alessandro Sara,0,no article
fighter,Alessio Arduini,0,no article
fighter,Alessio Di Chirico,20,Alessio Di Chirico
fighter,Alessio Sakara,39,Alessio Sakara
fighter,Alex Alejendre,0,no article
fighter,Alex Amora,0,no article
fighter,Alex Andrade,0,no article
fighter,Alex Apodaca,0,no article
fighter,Alex Asio Jr.,0,no article
fighter,Alex Atănăsoaie,0,no article
fighter,Alex Avogadro,0,no article
fighter,Alex Bertinazzi,0,no article
fighter,Alex Black,0,no article
fighter,Alex Bodnar,0,no article
fighter,Alex Caceres,39,Alex Caceres
fighter,Alex Carrillo,0,no article
fighter,Alex Chambers,11,Alex Chambers
fighter,Alex Coover,0,no article
fighter,Alex Crispin,0,no article
fighter,Alex Dunworth,0,no article
fighter,Alex Enriquez,0,no article
fighter,Alex Garcia,23,Alex Garcia (fighter)
fighter,Alex Gilpin,0,no article
fighter,Alex González,0,no article
fighter,Alex Gorgees,0,no article
fighter,Alex Higley,0,no article
fighter,Alex Huddleston,8,Alex Huddleston
fighter,Alex Hutyra,0,no article
fighter,Alex Karalexis,16,Alex Karalexis
fighter,Alex Keogh,0,no article
fighter,Alex Lehoré,0,no article
fighter,Alex Lim,0,no article
fighter,Alex Lohore,0,no article
fighter,Alex Lohoré,0,no article
fighter,Alex Lopez,0,no article
fighter,Alex Macedo,0,no article
fighter,Alex Macias,0,no article
fighter,Alex Makhonin,0,no article
fighter,Alex Marro,0,no article
fighter,Alex Martinez,0,no article
fighter,Alex McGowan,0,no article
fighter,Alex Medellín,0,no article
fighter,Alex Morgan,0,no article
fighter,Alex Morono,38,Alex Morono
fighter,Alex Muñoz,0,no article
fighter,Alex Muñíz,0,no article
fighter,Alex Navarro,0,no article
fighter,Alex Negrea,0,no article
fighter,Alex Nicholson,35,Alex Nicholson (fighter)
fighter,Alex Nuñez,0,no article
fighter,Alex O'Neil,0,no article
fighter,Alex O'Toole,0,no article
fighter,Alex Oliveira,49,Alex Oliveira
fighter,Alex Pereira,17,Alex Pereira
fighter,Alex Pereira (c),0,no article
fighter,Alex Perez,38,Alex Perez (fighter)
fighter,Alex Polizzi,0,no article
fighter,Alex Potts,0,no article
fighter,Alex Reid,25,Alex Reid (fighter)
fighter,Alex Reyes,0,no article
fighter,Alex Ricci,0,no article
fighter,Alex Roberts,0,no article
fighter,Alex Schild,0,no article
fighter,Alex Schoenauer,0,no article
fighter,Alex Serdyukov,13,Alex Serdyukov
fighter,Alex Serdyukov (c),0,no article
fighter,Alex Silva,21,Alex Silva (fighter)
fighter,Alex Silva (c),0,no article
fighter,Alex Soto,0,no article
fighter,Alex Stiebling,32,Alex Stiebling
fighter,Alex Sánchez,0,no article
fighter,Alex Sánchez Moreno,0,no article
fighter,Alex Thompson,0,no article
fighter,Alex Torres,0,no article
fighter,Alex Trinidad,0,no article
fighter,Alex Trofimov,0,no article
fighter,Alex Valentino Arteaga,0,no article
fighter,Alex White,20,Alex White (fighter)
fighter,Alex Zuniga,0,no article
fighter,Alex da Silva Coelho,32,Alex da Silva Coelho
fighter,Alexa Conners,14,Alexa Conners
fighter,Alexa Grasso,24,Alexa Grasso
fighter,Alexa Grasso (c),0,no article
fighter,Alexander Abad,0,no article
fighter,Alexander Barahona,0,no article
fighter,Alexander Bastida,0,no article
fighter,Alexander Collett,0,no article
fighter,Alexander Crispim,0,no article
fighter,Alexander Derkach,0,no article
fighter,Alexander Emelianenko,40,Alexander Emelianenko
fighter,Alexander Grebnev,0,no article
fighter,Alexander Gustafsson,26,Alexander Gustafsson
fighter,Alexander Hernandez,27,Alexander Hernandez
fighter,Alexander Keshtov,0,no article
fighter,Alexander Kovalev,0,no article
fighter,Alexander Lucas,0,no article
fighter,Alexander Luster,0,no article
fighter,Alexander Lööf,0,no article
fighter,Alexander Machado,0,no article
fighter,Alexander Martinez,0,no article
fighter,Alexander Matmuratov,0,no article
fighter,Alexander Merezhko,0,no article
fighter,Alexander Mikael Viana,0,no article
fighter,Alexander Munoz,0,no article
fighter,Alexander Muñoz,0,no article
fighter,Alexander Nikulin,0,no article
fighter,Alexander O'Sullivan,0,no article
fighter,Alexander Osetrov,0,no article
fighter,Alexander Podlesniy,0,no article
fighter,Alexander Poppeck,0,no article
fighter,Alexander Romanov,27,Alexander Romanov (fighter)
fighter,Alexander Sarnavskiy,53,Alexander Sarnavskiy
fighter,Alexander Schenk,0,no article
fighter,Alexander Shlemenko,88,Alexander Shlemenko
fighter,Alexander Shlemenko (c),0,no article
fighter,Alexander Soldatkin,0,no article
fighter,Alexander St. Charles,0,no article
fighter,Alexander Treskin,0,no article
fighter,Alexander Trevino,11,Alexander Trevino
fighter,Alexander Volkanovski,32,Alexander Volkanovski
fighter,Alexander Volkanovski (c),0,no article
fighter,Alexander Volkov,51,Alexander Volkov (fighter)
fighter,Alexander Yakovlev,39,Alexander Yakovlev (fighter)
fighter,Alexandr Shabliy,29,Alexandr Shabliy
fighter,Alexandra Andersrod,0,no article
fighter,Alexandra Ballou,0,no article
fighter,Alexandra Buch,14,Alexandra Buch
fighter,Alexandre Almeida,0,no article
fighter,Alexandre Almeida (c),0,no article
fighter,Alexandre Barros,0,no article
fighter,Alexandre Bezerra,29,Alexandre Bezerra
fighter,Alexandre Carole,0,no article
fighter,Alexandre De Almeida,0,no article
fighter,Alexandre Duarte,0,no article
fighter,Alexandre Ferreira,24,Alexandre Ferreira (fighter)
fighter,Alexandre Franca Nogueira,28,Alexandre Franca Nogueira
fighter,Alexandre Gomes,0,no article
fighter,Alexandre Junior,0,no article
fighter,Alexandre Machado,0,no article
fighter,Alexandre Pantoja,40,Alexandre Pantoja
fighter,Alexandre Pantoja (c),0,no article
fighter,Alexandre Pimentel,0,no article
fighter,Alexandre Ribeiro,2,Alexandre Ribeiro
fighter,Alexandre Silva,0,no article
fighter,Alexandre de Almeida,0,no article
fighter,Alexandro Bravo,0,no article
fighter,Alexandro Ceconi,0,no article
fighter,Alexandros Moumtzis,0,no article
fighter,Alexandru Amariței,0,no article
fighter,Alexandru Atănăsoaie,0,no article
fighter,Alexandru Bublea,0,no article
fighter,Alexandru Caradima,0,no article
fighter,Alexandru Cireșescu,0,no article
fighter,Alexandru Ciucureanu,0,no article
fighter,Alexandru Gabroveanu,0,no article
fighter,Alexandru Gavrilă,0,no article
fighter,Alexandru Iancu,0,no article
fighter,Alexandru Ianţoc,0,no article
fighter,Alexandru Ianțoc,0,no article
fighter,Alexandru Lungu,26,Alexandru Lungu (fighter)
fighter,Alexandru Manolache,0,no article
fighter,Alexandru Mezei,0,no article
fighter,Alexandru Negrea,0,no article
fighter,Alexandru Nicolae,0,no article
fighter,Alexandru Petropavlovski,0,no article
fighter,Alexandru Petruț,0,no article
fighter,Alexandru Popescu,0,no article
fighter,Alexandru Stoica,0,no article
fighter,Alexandru Tironeac,0,no article
fighter,Alexei Kudin,41,Alexey Kudin
fighter,Alexei Pergande,0,no article
fighter,Alexey Balyko,0,no article
fighter,Alexey Butorin,0,no article
fighter,Alexey Fedoseev,0,no article
fighter,Alexey Ignashov,2,Alexey Ignashov
fighter,Alexey Kunchenko,31,Alexey Kunchenko
fighter,Alexey Makhno,0,no article
fighter,Alexey Meshkov,0,no article
fighter,Alexey Oleinik,0,same article as another: Aleksei Oleinik
fighter,Alexey Oleynik,0,same article as another: Aleksei Oleinik
fighter,Alexey Polpudnikov,0,no article
fighter,Alexey Shurkevich,0,no article
fighter,Alexey Trofimov,0,no article
fighter,Alexia Thainara,0,no article
fighter,Alexios Tsarmantidis,0,no article
fighter,Alexis Aguilar,0,no article
fighter,Alexis Canett,0,no article
fighter,Alexis Coatzin,0,no article
fighter,Alexis Davis,31,Alexis Davis (fighter)
fighter,Alexis Dufresne,0,no article
fighter,Alexis León,0,no article
fighter,Alexis Miranda,0,no article
fighter,Alexis Nicolas,0,no article
fighter,Alexis Nicolas (c),0,no article
fighter,Alexis Ramos,0,no article
fighter,Alexis Ramírez,0,no article
fighter,Alexis Tsarmantidis,0,no article
fighter,Alexis Vila,22,Alexis Vila
fighter,Alexsandro Cangaty,0,no article
fighter,Alexsandro Praia,0,no article
fighter,Alexy Lyapunov,0,no article
fighter,Alfan Rocher-Labes,0,no article
fighter,Alfie Davis,28,Alfie Davis
fighter,Alfonso Leyva,13,Alfonso Leyva
fighter,Alfred Khashakyan,0,no article
fighter,Alfred Walker,0,no article
fighter,Alfredo Laríos,0,no article
fighter,Alfredo Moreno,0,no article
fighter,Ali Abdulkhalikov,0,no article
fighter,Ali AlQaisi,0,no article
fighter,Ali Aliev,0,no article
fighter,Ali Bagautinov,29,Ali Bagautinov
fighter,Ali Bagov,49,Ali Bagov
fighter,Ali El Ameri,0,no article
fighter,Ali Foladi,0,no article
fighter,Ali Gündüz,0,no article
fighter,Ali Hasan Marhoon,0,no article
fighter,Ali Hodeib,0,no article
fighter,Ali Horvat,0,no article
fighter,Ali Hussein Nedal,0,no article
fighter,Ali Isaev,10,Ali Isaev
fighter,Ali Kabdulla,0,no article
fighter,Ali Magomedov,0,no article
fighter,Ali Mashrapov,0,no article
fighter,Ali Mokdad,0,no article
fighter,Ali Omar,0,no article
fighter,Ali Saldoev,0,no article
fighter,Ali Suleymanov,0,no article
fighter,Ali Tabaja,0,no article
fighter,Ali Taleb,0,no article
fighter,Ali Yaakub,0,no article
fighter,Ali Yazbeck,0,no article
fighter,Ali Zebian,0,no article
fighter,Ali Zreik,0,no article
fighter,Aliasghar Ghodratisaraskan,0,no article
fighter,Aliaskhab Khizriev,0,no article
fighter,Alibeg Rasulov,0,no article
fighter,Alibek Gadzhammatov,0,no article
fighter,Alibi Idiris,0,no article
fighter,Alice Ardelean,0,no article
fighter,Alice Pereira,0,no article
fighter,Alice Yauger,0,no article
fighter,Alida Gray,7,Alida Gray
fighter,Aliff Sor.Dechapan,0,no article
fighter,Aliff Sor.Dechaphan,0,no article
fighter,Alik Lorenz,0,no article
fighter,Alikhan Musaev,0,no article
fighter,Alikhan Suleymanov,0,no article
fighter,Alikhan Vakhaev,0,no article
fighter,Alikhan Vakhaev (c),0,no article
fighter,Alimardan Abdykaarov,0,no article
fighter,Alimardan Abdykarov,0,no article
fighter,Alina Dalaslan,0,no article
fighter,Alina Drimba,0,no article
fighter,Aline David,0,no article
fighter,Aline Pereira,7,Aline Pereira
fighter,Aline Sattelmayer,0,no article
fighter,Alioune Nahaye,0,no article
fighter,Alireza Akbari,0,no article
fighter,Alish Smith,0,no article
fighter,Alisson Barbosa,0,no article
fighter,Alisson Marreira,0,no article
fighter,Alisson Murilo,0,no article
fighter,Alistair Fitzharris,0,no article
fighter,Alistair Overeem,66,Alistair Overeem
fighter,Alistair Overeem (c),0,no article
fighter,Alix Fisher,0,no article
fighter,Aljamain Sterling,31,Aljamain Sterling
fighter,Aljamain Sterling (c),0,no article
fighter,Alka Matewa,6,Alka Matewa
fighter,Allan Bautista,0,no article
fighter,Allan Begosso,0,no article
fighter,Allan Marín,0,no article
fighter,Allan Munroe,0,no article
fighter,Allan Nascimento,29,Allan Nascimento
fighter,Allan Oliveira,0,no article
fighter,Allan Ruíz,0,no article
fighter,Allan St-Gelais,0,no article
fighter,Allan Weickert,0,no article
fighter,Allan Zuñiga,0,no article
fighter,Allan Zúñiga,0,no article
fighter,Allen Berube,0,no article
fighter,Allen Bose,0,no article
fighter,Allen Crowder,14,Allen Crowder
fighter,Allen Frye Jr.,0,no article
fighter,Allen Holloway,0,no article
fighter,Allen Hope,0,no article
fighter,Allen Silhanek,0,no article
fighter,Allycia Rodrigues,0,no article
fighter,Allycia Rodrigues (c),0,no article
fighter,Alma Ávila,0,no article
fighter,Almir Augusto,0,no article
fighter,Almiro Barros,0,no article
fighter,Almog Shay,0,no article
fighter,Alonzo Fears-Dull,0,no article
fighter,Alonzo Martinez,79,Alonzo Martinez
fighter,Alonzo Menifield,26,Alonzo Menifield
fighter,Alonzo Turner,0,no article
fighter,Alp Ozkilic,14,Alp Ozkilic
fighter,Alperen Karabulut,0,no article
fighter,Alpha Yero Mansare,0,no article
fighter,Alptekin Özkılıç,0,same article as another: Alp Ozkilic
fighter,Altin Zenuni,0,no article
fighter,Alton Cunningham,0,no article
fighter,Alton Meeks,0,no article
fighter,Altynbek Mamashov,0,no article
fighter,Alvaro Corral,0,no article
fighter,Alvaro Prado,0,no article
fighter,Alvi Dasuyev,0,no article
fighter,Alvin Cacdac,0,no article
fighter,Alvin Hines,0,no article
fighter,Alvin Robinson,24,Alvin Robinson
fighter,Alvin Williams,0,no article
fighter,Alyona Rassohyna,19,Alyona Rassohyna
fighter,Alyse Anderson,10,Alyse Anderson
fighter,Alysia Cortez,0,no article
fighter,Amador Ramirez,0,no article
fighter,Amaechi Oselukwue,0,no article
fighter,Amanda Alequin,0,no article
fighter,Amanda Bell,15,Amanda Bell
fighter,Amanda Borg,0,no article
fighter,Amanda Cooper,0,no article
fighter,Amanda Lemos,23,Amanda Lemos
fighter,Amanda Leve,0,no article
fighter,Amanda Macioce,0,no article
fighter,Amanda Nunes,28,Amanda Nunes
fighter,Amanda Nunes (c),0,no article
fighter,Amanda Rafaela,0,no article
fighter,Amanda Ribas,20,Amanda Ribas
fighter,Amanda Torres,0,no article
fighter,Amanda Vargas,0,no article
fighter,Amansio Paraschiv,0,no article
fighter,Amar Suloev,31,Amar Suloev
fighter,Amari Sengsavanh,0,no article
fighter,Amaury Junior,0,no article
fighter,Amaury Wako-Zabo,0,no article
fighter,Amazasp Martirosyan,0,no article
fighter,Ambar De La Herran,0,no article
fighter,Amber Brown,14,Amber Brown (fighter)
fighter,Amber Danielson-Smith,0,no article
fighter,Amber Kitchen,0,no article
fighter,Amber Leibrock,13,Amber Leibrock
fighter,Amber Tackett,0,no article
fighter,Amedeo Viola,0,no article
fighter,Amedio Viola,0,no article
fighter,Ameer Basheer,0,no article
fighter,Amena Hadaya,0,no article
fighter,Amer El Shanshory,0,no article
fighter,Amil Tutić,0,no article
fighter,Amilcar Alves,0,no article
fighter,Amin Ayoub,0,no article
fighter,Amin Nik Aein Kopaei,0,no article
fighter,Amir Albazi,20,Amir Albazi
fighter,Amir Aliakbari,8,Amir Aliakbari
fighter,Amir Anton,0,no article
fighter,Amir Dadović,0,no article
fighter,Amir Elzhurkaev,0,no article
fighter,Amir Fazli,0,no article
fighter,Amir Hossein Alipour,0,no article
fighter,Amir Khan,0,no article
fighter,Amir Malekpour,0,no article
fighter,Amir Naseri,0,no article
fighter,Amir Nik Aein,0,no article
fighter,Amir Rahnavardi,0,no article
fighter,Amir Sadollah,15,Amir Sadollah
fighter,Amir Saeedkia,0,no article
fighter,Amira Badr,0,no article
fighter,Amiran Gogoladze,0,no article
fighter,Amirkhan Adaev,0,no article
fighter,Amirkhan Buchaev,0,no article
fighter,Amitesh Chaubey,0,no article
fighter,Ammari Diedrick,0,no article
fighter,Amr Hamed Elseidi,0,no article
fighter,Amrali Saydoshurov,0,no article
fighter,Amru Magomedov,0,no article
fighter,Amru Magomedov (c),0,no article
fighter,Amy Pirnie,0,no article
fighter,An Bunhour,0,no article
fighter,An Ho,0,no article
fighter,An Tuan Ho,0,no article
fighter,Ana Carolina Araujo,0,no article
fighter,Ana Carolina Araújo,0,no article
fighter,Ana Clara Santos,0,no article
fighter,Ana Guerrero,0,no article
fighter,Ana Julaton,6,Ana Julaton
fighter,Ana Laura Ramírez,0,no article
fighter,Ana Maria Pal,0,no article
fighter,Ana Mayordomo,0,no article
fighter,Ana Ramírez,0,no article
fighter,Ana Rodrigues,0,no article
fighter,Ana Segura,0,no article
fighter,Anacleto Lauron,0,no article
fighter,Analu Brash,0,no article
fighter,Ananias Mulumba,0,no article
fighter,Anas Azizoun,0,no article
fighter,Anas Nfaou,0,no article
fighter,Anastasia Yankova,0,no article
fighter,Anatoli Ciumac,0,no article
fighter,Anatoli Ciumac (c),0,no article
fighter,Anatolij Baal,0,no article
fighter,Anatoliy Boyko,0,no article
fighter,Anatoliy Kondratyev,0,no article
fighter,Anatoly Malykhin,20,Anatoly Malykhin
fighter,Anatoly Malykhin (c),0,no article
fighter,Anatoly Malykhin (ic),0,no article
fighter,Anatoly Tokov,36,Anatoly Tokov
fighter,Anatpong Bunrad,0,no article
fighter,Anderson Ferreira,0,no article
fighter,Anderson Gonçalves,0,no article
fighter,Anderson Hutchinson,0,no article
fighter,Anderson Melo,0,no article
fighter,Anderson Silva,46,Anderson Silva
fighter,Anderson Silva (UFC Champion),0,no article
fighter,Anderson Silva (c),0,no article
fighter,Anderson Soares,0,no article
fighter,Anderson Xavier,0,no article
fighter,Anderson dos Santos,39,Anderson dos Santos (fighter)
fighter,Andi Vrtačić,0,no article
fighter,Anding Ma,0,no article
fighter,Andre Amado,0,no article
fighter,Andre Ewell,32,Andre Ewell
fighter,Andre Fili,40,Andre Fili
fighter,Andre Galvao,7,André Galvão
fighter,Andre Harrison,0,no article
fighter,Andre Harrison (c),0,no article
fighter,Andre Langen,0,no article
fighter,Andre Lobato,0,no article
fighter,Andre Mussi,0,no article
fighter,Andre Petroski,21,Andre Petroski
fighter,Andre Roberts,17,Andre Roberts (fighter)
fighter,Andre Soukhamthath,24,Andre Soukhamthath
fighter,Andre The Rocket,0,no article
fighter,Andre Walker,0,no article
fighter,Andre Winner,37,Andre Winner
fighter,Andrea Flamminio,0,no article
fighter,Andrea Fusi,0,no article
fighter,Andrea Kabali,0,no article
fighter,Andrea Lee,24,Andrea Lee (fighter)
fighter,Andrea Lee (c),0,no article
fighter,Andrea Martínez,0,no article
fighter,Andrea Vázquez,0,no article
fighter,Andrea Vázquez (c),0,no article
fighter,Andreas Gustafsson,0,no article
fighter,Andreas Michailidis,25,Andreas Michailidis
fighter,Andreas Spang,12,Andreas Spång
fighter,Andreas Spång,0,same article as another: Andreas Spång
fighter,Andreas Stahl,0,no article
fighter,Andreas Ståhl,0,no article
fighter,Andreea Cebuc,0,no article
fighter,Andreeas Binder,0,no article
fighter,Andrei Arlovski,63,Andrei Arlovski
fighter,Andrei Arlovski (c),0,no article
fighter,Andrei Arlovski (ic),0,no article
fighter,Andrei Barbarosa,0,no article
fighter,Andrei Beldean,0,no article
fighter,Andrei Koshkin,0,no article
fighter,Andrei Muntean,0,no article
fighter,Andrei Năstac,0,no article
fighter,Andrei Ostrovanu,0,Andrei Ostrovanu
fighter,Andrei Semenov,45,Andrei Semenov (fighter)
fighter,Andrei Stoica,0,Andrei Stoica
fighter,Andrei Vasinca,0,no article
fighter,Andrej Kalašnik,0,no article
fighter,Andres Acuna,0,no article
fighter,Andres Alcantar,0,no article
fighter,Andres Luna Martinetti,0,no article
fighter,Andres Murray,0,no article
fighter,Andres Ponce,0,no article
fighter,Andrew Benibe,0,no article
fighter,Andrew Buckland,0,no article
fighter,Andrew Calandrelli,10,Andrew Calandrelli
fighter,Andrew Chappelle,0,no article
fighter,Andrew Claborn,0,no article
fighter,Andrew Craig,13,Andrew Craig
fighter,Andrew Cruz,0,no article
fighter,Andrew D Johnson,0,no article
fighter,Andrew Fisher,0,no article
fighter,Andrew Holbrook,15,Andrew Holbrook
fighter,Andrew Johnson,0,no article
fighter,Andrew Kapel,0,no article
fighter,Andrew Kauzlaric,0,no article
fighter,Andrew Kimzey,0,no article
fighter,Andrew Lazo,0,no article
fighter,Andrew Leone,0,no article
fighter,Andrew Lipp,0,no article
fighter,Andrew Martinez,0,no article
fighter,Andrew McInnes,0,no article
fighter,Andrew McInnis,0,no article
fighter,Andrew Montanez,0,no article
fighter,Andrew Murphy,0,no article
fighter,Andrew Natividad,0,no article
fighter,Andrew Osbourne,0,no article
fighter,Andrew Parker,0,no article
fighter,Andrew Ramm,0,no article
fighter,Andrew Salas,0,no article
fighter,Andrew Sanchez,26,Andrew Sanchez
fighter,Andrew Stewart,0,no article
fighter,Andrew Tackett,7,Andrew Tackett
fighter,Andrew Tate,6,Andrew Tate
fighter,Andrew Tenneson,0,no article
fighter,Andrew Triolo,0,no article
fighter,Andrew Valladerez,0,no article
fighter,Andrew Yates,0,no article
fighter,Andrews Nakahara,0,no article
fighter,Andrews Rodriguez,0,no article
fighter,Andrey Augusto,0,no article
fighter,Andrey Barberoshe,0,no article
fighter,Andrey García,0,no article
fighter,Andrey Koreshkov,37,Andrey Koreshkov
fighter,Andrey Koreshkov (c),0,no article
fighter,Andrey Koshkin,0,no article
fighter,Andrey Pulyaev,0,no article
fighter,Andrey Silva,0,no article
fighter,Andreyna Rocha,0,no article
fighter,Andria Caplan,0,no article
fighter,Andrzej Grzebyk,0,no article
fighter,Andrzej Karkula,0,no article
fighter,Andrzej Kulik,0,no article
fighter,André Amado,11,André Amado
fighter,André Barquero,0,no article
fighter,André Borges,0,no article
fighter,André Fialho,29,André Fialho
fighter,André Galvão,0,same article as another: André Galvão
fighter,André Gusmão,9,André Gusmão
fighter,André Lima,13,André Lima (fighter)
fighter,André Luis Rodrigues,0,no article
fighter,André Muniz,32,André Muniz
fighter,André Santos,49,André Santos (fighter)
fighter,André Soares,7,André Soares (fighter)
fighter,André Vieira,0,no article
fighter,Andrés Farrera,0,no article
fighter,Andrés Leal,0,no article
fighter,Andrés Luna Martinetti,0,no article
fighter,Andrés Portocarrero,0,no article
fighter,Andrés Ramos,0,no article
fighter,Andrés Torres,0,no article
fighter,Andy Clamp,0,no article
fighter,Andy Clamp (c),0,no article
fighter,Andy Enz,14,Andy Enz
fighter,Andy Main,0,no article
fighter,Andy Manzolo,0,no article
fighter,Andy Miranda,0,no article
fighter,Andy Monzolo,0,no article
fighter,Andy Murad,19,Andy Murad
fighter,Andy Murasaki,0,no article
fighter,Andy Nguyen,0,no article
fighter,Andy Nigretto,0,no article
fighter,Andy Ogle,15,Andy Ogle
fighter,Andy Ologun,4,Andy Ologun
fighter,Andy Perez,0,no article
fighter,Andy Riley,0,no article
fighter,Andy Souwer,5,Andy Souwer
fighter,Andy Uhrich,17,Andy Uhrich
fighter,Andy Varela,0,no article
fighter,Andy Wang,0,no article
fighter,Andy Waters,0,no article
fighter,Andy Yates,0,no article
fighter,Ange Loosa,0,no article
fighter,Angel Alvarez,0,no article
fighter,Angel Atoigue,0,no article
fighter,Angel DeAnda,0,no article
fighter,Angel Luis Cruz,0,no article
fighter,Angel Muñoz,0,no article
fighter,Angel Pacheco,0,no article
fighter,Angel Ramírez,0,no article
fighter,Angel Rodríguez,0,no article
fighter,Angela Hill,36,Angela Hill
fighter,Angela Lee,14,Angela Lee
fighter,Angela Lee (c),0,no article
fighter,Angela Magaña,22,Angela Magaña
fighter,Angelie Sabanal,0,no article
fighter,Angello Pinto,0,no article
fighter,Angelo Maria Terenzio,0,no article
fighter,Angelo Rivera Jr.,0,no article
fighter,Angelo Robles,0,no article
fighter,Angelo Terenzio,0,no article
fighter,Angelo Trevino,0,no article
fighter,Angelos Giakoumis,0,no article
fighter,Angga Hans,0,no article
fighter,Anghel Cardoș,0,no article
fighter,Angus Hewett,0,no article
fighter,Anissa Meksen,0,no article
fighter,Anistavio Medeiros,0,no article
fighter,Anita Bekus,0,no article
fighter,Anita Rodriguez,0,no article
fighter,Anjela Pink,0,no article
fighter,Anke Van Gestel,0,no article
fighter,Ann Osman,9,Ann Osman
fighter,Anna Bezhenar,0,no article
fighter,Anna Elmose,0,no article
fighter,Anna Jaroonsak,0,no article
fighter,Anna Kiriyama,0,no article
fighter,Anna Melisano,0,no article
fighter,Annalisa Bucci,10,Annalisa Bucci
fighter,Annely Jiménez García,0,no article
fighter,Annely Jímenez García,0,no article
fighter,Annet Kiiza,0,no article
fighter,Annette Nichols,0,no article
fighter,Annie Thatcher,0,no article
fighter,Ansar Chalangov,0,no article
fighter,Ansar Khamzaev,0,no article
fighter,Anshul Jubli,9,Anshul Jubli
fighter,Antar Carbajal,0,no article
fighter,Ante Delija,34,Ante Delija
fighter,Anthony Adams,0,no article
fighter,Anthony Alves,0,no article
fighter,Anthony Avila,0,no article
fighter,Anthony Baccam,0,no article
fighter,Anthony Bain,0,no article
fighter,Anthony Birchak,24,Anthony Birchak
fighter,Anthony Burger,0,no article
fighter,Anthony Castrejon,0,no article
fighter,Anthony Christodoulou,0,no article
fighter,Anthony Dariano,0,no article
fighter,Anthony De Los Santos,0,no article
fighter,Anthony DeSilva,0,no article
fighter,Anthony Dizy,0,no article
fighter,Anthony Do,0,no article
fighter,Anthony Drilich,0,no article
fighter,Anthony Engelen,0,no article
fighter,Anthony Figueroa,0,no article
fighter,Anthony Garrett,0,no article
fighter,Anthony Giacchina,0,no article
fighter,Anthony Gomez,13,Anthony Gomez
fighter,Anthony Gonzales,0,no article
fighter,Anthony Guarascio,0,no article
fighter,Anthony Gutierrez,0,no article
fighter,Anthony Hamilton,35,Anthony Hamilton (fighter)
fighter,Anthony Hernandez,28,Anthony Hernandez
fighter,Anthony Ivy,0,no article
fighter,Anthony Jimenez,0,no article
fighter,Anthony Johnson,29,Anthony Johnson (fighter)
fighter,Anthony Kalani,0,no article
fighter,Anthony Lapsley,33,Anthony Lapsley
fighter,Anthony Leone,26,Anthony Leone (fighter)
fighter,Anthony Martinez,0,no article
fighter,Anthony McCormick,0,no article
fighter,Anthony Mitchell,0,no article
fighter,Anthony Morrison,33,Anthony Morrison
fighter,Anthony Netzler,0,no article
fighter,Anthony Njokuani,35,Anthony Njokuani
fighter,Anthony Orozco,0,no article
fighter,Anthony Paredes,0,no article
fighter,Anthony Perosh,25,Anthony Perosh
fighter,Anthony Pettis,38,Anthony Pettis
fighter,Anthony Pettis (c),0,no article
fighter,Anthony Ramírez,0,no article
fighter,Anthony Rocco Martin,24,Anthony Rocco Martin
fighter,Anthony Romero,0,no article
fighter,Anthony Rozema,0,no article
fighter,Anthony Ruiz,0,no article
fighter,Anthony Salamone,0,no article
fighter,Anthony Smith,61,Anthony Smith (fighter)
fighter,Anthony Taylor,12,Anthony Taylor (fighter)
fighter,Anthony Torres,0,no article
fighter,Anthony Valenzuela,0,no article
fighter,Anthony Wint,8,Anthony Wint
fighter,Anthony Yost,0,no article
fighter,Anthony Zeidan,0,no article
fighter,Antoine Hidrio,0,no article
fighter,Antoine Smith,0,no article
fighter,Anton Berzin,0,no article
fighter,Anton Kuivanen,39,Anton Kuivanen
fighter,Anton Lazebnov,0,no article
fighter,Anton Petrov,0,no article
fighter,Anton Talamantes,0,no article
fighter,Anton Turkalj,0,no article
fighter,Anton Vinnikov,0,no article
fighter,Anton Vyazigin,0,no article
fighter,Anton Yanchev,0,no article
fighter,Anton Zafir,0,no article
fighter,Antoni Hardonk,14,Antoni Hardonk
fighter,Antoni Romulo,0,no article
fighter,Antonia Silvaneide,0,no article
fighter,Antonina Shevchenko,14,Antonina Shevchenko
fighter,Antonino Amodeo,0,no article
fighter,Antonio Arellano,0,no article
fighter,Antonio Banuelos,32,Antonio Banuelos
fighter,Antonio Barajas,0,no article
fighter,Antonio Camacho,0,no article
fighter,Antonio Campagna,0,no article
fighter,Antonio Caruso,0,no article
fighter,Antonio Carvalho,21,Antonio Carvalho
fighter,Antonio Duarte,0,no article
fighter,Antonio Duarte (c),0,no article
fighter,Antonio Edson da Silva,0,no article
fighter,Antonio Gordillo,0,no article
fighter,Antonio Hernández,0,no article
fighter,Antonio Jones,0,no article
fighter,Antonio Mammarella,0,no article
fighter,Antonio McKee,0,no article
fighter,Antonio McKee (c),0,no article
fighter,Antonio Mendes,0,no article
fighter,Antonio Márquez,0,no article
fighter,Antonio Ramírez,0,no article
fighter,Antonio Rodríguez,0,no article
fighter,Antonio Sheldon,0,no article
fighter,Antonio Silva,36,Antônio Silva (fighter)
fighter,Antonio Suárez,0,no article
fighter,Antonio Trócoli,0,no article
fighter,Antonio Zovak,0,no article
fighter,Antony Rea,0,no article
fighter,Antun Račić,0,no article
fighter,Antwain Britt,17,Antwain Britt
fighter,Antz Nansen,2,Antz Nansen
fighter,Antônio Arroyo,22,Antônio Arroyo
fighter,Antônio Braga Neto,13,Antônio Braga Neto
fighter,Antônio Branjão,0,no article
fighter,Antônio Carlos Júnior,30,Antônio Carlos Jr.
fighter,Antônio Eduardo,0,no article
fighter,Antônio Monteiro,0,no article
fighter,Antônio Rodrigo Nogueira,46,Antônio Rodrigo Nogueira
fighter,Antônio Rodrigo Nogueira (ic),0,no article
fighter,Antônio Rogério Nogueira,33,Antônio Rogério Nogueira
fighter,Antônio Schembri,0,no article
fighter,Antônio Silva,0,same article as another: Antônio Silva (fighter)
fighter,Antônio dos Santos Jr.,0,no article
fighter,Anuar Aburto,0,no article
fighter,Anuarbek Bekembetov,0,no article
fighter,Anvar Abdullaev,0,no article
fighter,Anvar Alizhanov,0,no article
fighter,Anvar Boynazarov,15,Anvar Boynazarov
fighter,Anvar Chergesov,0,no article
fighter,Anvarbek Daniyalbekov,0,no article
fighter,Anying Wang,0,no article
fighter,Aoi Kuriyama,0,no article
fighter,Aori Qileng,41,Aori Qileng
fighter,Aorigele,0,no article
fighter,Apollo Gomes,0,no article
fighter,April Osenio,0,no article
fighter,Apti Bimarzaev,0,no article
fighter,Aqib Awan,0,no article
fighter,Arafath Torres,0,no article
fighter,Arash Mardani,0,no article
fighter,Arash Sadeghi,0,no article
fighter,Arata Fujimoto,0,no article
fighter,Arata Mizuno,0,no article
fighter,Arbi Aguev,0,no article
fighter,Arbi Agujev,0,no article
fighter,Arbi Mezhidov,0,no article
fighter,Archie Colgan,0,no article
fighter,Aren Akopyan,0,no article
fighter,Argemiro Delmandes,0,no article
fighter,Argen Maratbek Uulu,0,no article
fighter,Ariadne Uriega,0,no article
fighter,Arian Esparza,0,no article
fighter,Arian Sadiković,2,Arian Sadiković
fighter,Ariane Carnelossi,20,Ariane Carnelossi
fighter,Ariane Lipski,30,Ariane Lipski da Silva
fighter,Ariane Lipski da Silva,0,same article as another: Ariane Lipski da Silva
fighter,Ariane da Silva,0,same article as another: Ariane Lipski da Silva
fighter,Ariel Abergel,0,no article
fighter,Ariel Beck,0,no article
fighter,Ariel Gandulla,0,no article
fighter,Ariel Jaurez,0,no article
fighter,Ariel Sepulveda,0,no article
fighter,Ariel Sexton,0,no article
fighter,Arijan Topallaj,0,no article
fighter,Aripzhan Mirzayev,0,no article
fighter,Aris Arguello,0,no article
fighter,Aristides Vinícius,0,no article
fighter,Arito Kishimoto,0,no article
fighter,Ariunbod Tur-Ochir,0,no article
fighter,Arivaldo Silva,0,no article
fighter,Arjan Bhullar,14,Arjan Bhullar
fighter,Arjan Bhullar (c),0,no article
fighter,Arjuna Arreola,0,no article
fighter,Arkadiusz Wrzosek,9,Arkadiusz Wrzosek
fighter,Arlene Blencowe,26,Arlene Blencowe
fighter,Arlind Berisha,0,no article
fighter,Arman Ospanov,0,no article
fighter,Arman Tsarukyan,27,Arman Tsarukyan
fighter,Armand Herczeg,0,no article
fighter,Armando Aguilar,0,no article
fighter,Armando Espejel,0,no article
fighter,Armando Figuera,0,no article
fighter,Armando Figueroa,0,no article
fighter,Armando Servin,0,no article
fighter,Armando Silvestre,0,no article
fighter,Armando Valadez,0,no article
fighter,Armando Villarreal,0,no article
fighter,Armen Petrosyan,17,Armen Petrosyan (fighter)
fighter,Armin Safiari,0,no article
fighter,Arnaud Lepont,0,no article
fighter,Arnold Allen,25,Arnold Allen
fighter,Arnold Jimenez,0,no article
fighter,Arnold Quero,0,no article
fighter,Arnoldo Castillo,0,no article
fighter,Arofat Toirova,0,no article
fighter,Aron Franz Kristjansson,0,no article
fighter,Aron Lofton,0,no article
fighter,Arpan Gurung,0,no article
fighter,Arsen Faitovich,0,no article
fighter,Arsen Kurbanov,0,no article
fighter,Arsen Nersesyan,0,no article
fighter,Arslan Bilalov,0,no article
fighter,Arslan Muradbekov,0,no article
fighter,Art Arciniega,0,no article
fighter,Art Becerra,0,no article
fighter,Art Hernandez,0,no article
fighter,Art Rivas,0,no article
fighter,Art Santore,0,no article
fighter,Artem Belakh,0,no article
fighter,Artem Buloychik,0,no article
fighter,Artem Damkovsky,0,no article
fighter,Artem Dushenko,0,no article
fighter,Artem Frolov,0,no article
fighter,Artem Kazartsev,0,no article
fighter,Artem Khalitov,0,no article
fighter,Artem Lobov,37,Artem Lobov
fighter,Artem Reznikov,0,no article
fighter,Artem Vakhitov,4,Artem Vakhitov
fighter,Artenas Young,0,no article
fighter,Arthur Ashton,0,no article
fighter,Arthur Barros,0,no article
fighter,Arthur Estrazulas,0,no article
fighter,Arthur Estrázulas,0,no article
fighter,Arthur Fonseca,0,no article
fighter,Arthur Lima,0,no article
fighter,Arthur Lopes,0,no article
fighter,Artiom Damkovsky,0,no article
fighter,Artur Alibulatov,0,no article
fighter,Artur Arutyunyan,0,no article
fighter,Artur Astakhov,0,no article
fighter,Artur Gadzhikhanov,0,no article
fighter,Artur Krawczyk,0,no article
fighter,Artur Kyshenko,0,no article
fighter,Artur Minev,0,no article
fighter,Artur Oumakhanov,0,no article
fighter,Artur Pronin,0,no article
fighter,Artur Rofi,0,no article
fighter,Artur Szczepaniak,0,no article
fighter,Artur Szpilka,7,Artur Szpilka
fighter,Arturo Hernández,0,no article
fighter,Arturo Lemus,0,no article
fighter,Artūrs Leisāns,0,no article
fighter,Arunas Andriuskevicus,0,no article
fighter,Arut Pogosjan,0,no article
fighter,Ary Farias,0,no article
fighter,Asa Ten Pow,0,no article
fighter,Asad Datsilaev,0,no article
fighter,Asadbek Ravshanov,0,no article
fighter,Asael Adjoudj,0,no article
fighter,Asaf Chopurov,0,no article
fighter,Asahi Shinagawa,0,no article
fighter,Asaki Honda,0,no article
fighter,Asako Saioka,0,no article
fighter,Asami Kodera,8,Asami Kodera
fighter,Asami Nakai,0,no article
fighter,Asataro,0,no article
fighter,Asaël Adjoudj,0,no article
fighter,Asef Askar,0,no article
fighter,Ash Griffiths,0,no article
fighter,Asha Roka,0,no article
fighter,Ashe Bowman,0,no article
fighter,Ashiek Ajim,0,no article
fighter,Ashkan Mokhtarian,17,Ashkan Mokhtarian
fighter,Ashkan Morvari,0,no article
fighter,Ashlee Evans-Smith,21,Ashlee Evans-Smith
fighter,Ashleigh Grimshaw,0,no article
fighter,Ashley Barrett,0,no article
fighter,Ashley Cummins,14,Ashley Cummins
fighter,Ashley Deen,0,no article
fighter,Ashley Gibson,0,no article
fighter,Ashley Gooch,0,no article
fighter,Ashley Nichols,0,no article
fighter,Ashley Reece,0,no article
fighter,Ashley Thiner,0,no article
fighter,Ashley Williams,0,no article
fighter,Ashley Yoder,20,Ashley Yoder
fighter,Ashton Caniglia,0,no article
fighter,Ashton Kirby,0,no article
fighter,Asiashu Tshitamba,0,no article
fighter,Asikeerbai Jinensibieke,0,no article
fighter,Askar Askar,0,no article
fighter,Askar Askarov,17,Askar Askarov
fighter,Askar Mozharov,0,no article
fighter,Aslamjon Ortikov,0,no article
fighter,Aslan Dzeboev,0,no article
fighter,Aslanbek Kodzaev,0,no article
fighter,Aslanbek Kodzhaev,0,no article
fighter,Aslanbek Zikreev,0,no article
fighter,Asliddin Eshankulov,0,no article
fighter,Aspen Ladd,18,Aspen Ladd
fighter,Assaf Batan,0,no article
fighter,Assem Ghanem,0,no article
fighter,Assuério Silva,25,Assuério Silva
fighter,Astemir Nagoev,0,no article
fighter,Asu Almabayev,27,Asu Almabayev
fighter,Asuka Ito,0,no article
fighter,Asvad Akhmatov,0,no article
fighter,Asylbek Rustambek Uulu,0,no article
fighter,Asylzhan Bakhytzhanuly,0,no article
fighter,Asylzhan Tasket,0,no article
fighter,Ateba Gautier,12,Ateba Gautier
fighter,Atenea Flores,0,no article
fighter,Athina Efmorfiadi,0,no article
fighter,Atia Talib,0,no article
fighter,Atilla Kobas,0,no article
fighter,Atilla Korkmaz,0,no article
fighter,Atiq Jihad,0,no article
fighter,Atiq Jihaid,0,no article
fighter,Atsuko Emoto,0,no article
fighter,Atsuo Hirano,0,no article
fighter,Atsushi Kawakami,0,no article
fighter,Atsushi Sawada and Shinichi Suzukawa,0,no article
fighter,Atsushi Yamamoto,0,no article
fighter,Attila Korkmaz,0,no article
fighter,Attila Vegh,46,Attila Végh
fighter,Attila Végh,0,same article as another: Attila Végh
fighter,Audrey Kerouche,0,no article
fighter,Audrey Perkins,0,no article
fighter,Augustine Hahn,0,no article
fighter,Augusto Matias,0,no article
fighter,Augusto Mendes,9,Augusto Mendes
fighter,Augusto Montaño,18,Augusto Montaño
fighter,Augusto Sakai,26,Augusto Sakai
fighter,Aung Kyaw Kyaw,0,no article
fighter,Aung La N Sang,47,Aung La Nsang
fighter,Aung La Nsang,0,same article as another: Aung La Nsang
fighter,Aupuni Pagaoa,0,no article
fighter,Aurel Pîrtea,0,no article
fighter,Aurel Rășteanu,0,no article
fighter,Aureo Cruz,0,no article
fighter,Aurélie Le Vern,0,no article
fighter,Austen Heidlage,0,no article
fighter,Austen Lane,22,Austen Lane
fighter,Austin Arnett,26,Austin Arnett
fighter,Austin Bashi,0,no article
fighter,Austin Clayton,0,no article
fighter,Austin Clem,0,no article
fighter,Austin Hubbard,28,Austin Hubbard
fighter,Austin Jones,0,no article
fighter,Austin Judge,0,no article
fighter,Austin Lingo,13,Austin Lingo
fighter,Austin Lutchen,0,no article
fighter,Austin Lyons,0,no article
fighter,Austin Miller,0,no article
fighter,Austin Robinson,0,no article
fighter,Austin Ross,0,no article
fighter,Austin Springer,0,no article
fighter,Austin Tweedy,0,no article
fighter,Austin Vanderford,20,Austin Vanderford
fighter,Austin Waterman,0,no article
fighter,Austin Wilson,0,no article
fighter,Austin Wourms,0,no article
fighter,Ava Knight,2,Ava Knight
fighter,Avatar P.K.Saenchai,0,no article
fighter,Avazbek Kholmirzaev,18,Avazbek Kholmirzaev
fighter,Avery Kaykeo,0,no article
fighter,Avery McPhatter,0,no article
fighter,Avi Baron,0,no article
fighter,Aviv Gozali,0,no article
fighter,Awan Aqib,0,no article
fighter,Axel Guerra,0,no article
fighter,Axel Osuna,0,no article
fighter,Axel Sola,15,Axel Sola
fighter,Axel Torres,0,no article
fighter,Aya Murakami,14,Aya Murakami (fighter)
fighter,Aya Saeid Saber,11,Aya Saeid Saber
fighter,Aya-Saeid Saber,0,no article
fighter,Ayad Albadr,0,no article
fighter,Ayadi Majdeddine,0,no article
fighter,Ayaka Hamasaki,34,Ayaka Hamasaki
fighter,Ayaka Miura,0,no article
fighter,Ayaka Wantanabe,0,no article
fighter,Ayako Miyata,0,no article
fighter,Ayame Fuki,0,no article
fighter,Ayane Hirata,0,no article
fighter,Aybolat Muratali,0,no article
fighter,Aydamir Magomedov,0,no article
fighter,Aydarbek Abdibait,0,no article
fighter,Ayinda Octave,0,no article
fighter,Ayk Kazaryan,0,no article
fighter,Ayman Galal,0,no article
fighter,Aymard Guih,0,no article
fighter,Ayndi Umakhanov,0,no article
fighter,Ayoub Nacer,0,no article
fighter,Aysia Cortez,0,no article
fighter,Ayton De Paepe,0,no article
fighter,Ayumi Misaka,0,no article
fighter,Azam Gaforov,0,no article
fighter,Azamat Bekoev,25,Azamat Bekoev
fighter,Azamat Bekoev (c),0,no article
fighter,Azamat Bekoev (ic),0,no article
fighter,Azamat Dugulubgov,0,no article
fighter,Azamat Dzhigkaev,0,no article
fighter,Azamat Gashimov,0,no article
fighter,Azamat Murzakanov,17,Azamat Murzakanov
fighter,Azamat Mustafaev,0,no article
fighter,Azamat Nuftillaev,0,no article
fighter,Azamat Pshukov,0,no article
fighter,Azamat Pshukov (c),0,no article
fighter,Azat Askerov,0,no article
fighter,Azat Maksum,0,no article
fighter,Azatbek Kochorov,0,no article
fighter,Aziz Mukhtarov,0,no article
fighter,Aziz Osorbek Uulu,0,no article
fighter,Azizbek Temirov,0,no article
fighter,Azizullo Akbaraliev,0,no article
fighter,Azul Essenwagner,0,no article
fighter,Azunna Anyanwu,0,no article
fighter,B. Uulu Toichubaev,0,no article
fighter,B.J. Ferguson,0,no article
fighter,B.J. Penn,31,B.J. Penn
fighter,B.J. Penn (c),0,no article
fighter,BJ Miller,0,no article
fighter,Baasankhuu Damlanpurev,0,no article
fighter,Baba Boundjou Nadjombe,0,no article
fighter,Bachuki Tchikaidze,0,no article
fighter,Badou Zaky,0,no article
fighter,Badr Hari,0,Badr Hari
fighter,Badreddine Diani,0,no article
fighter,Bae Young Kwon,0,no article
fighter,Baergeng Jieleyisi,0,no article
fighter,Bagama Nikabagamaev,0,no article
fighter,Bagautdin Abasov,0,no article
fighter,Bagdos Olzhabay,0,no article
fighter,Bahatebole Batebolati,0,no article
fighter,Bahetihan Nuerdiebieke,0,no article
fighter,Bahromjon Mashrapov,0,no article
fighter,Bailey Gilbert,0,no article
fighter,Bailey Schoenfelder,0,no article
fighter,Bairam Shammadov,0,no article
fighter,Baisangur Susurkaev,0,no article
fighter,Baissangour Chamsoudinov,0,no article
fighter,Bakhromjon Mashrapov,0,no article
fighter,Bakhtiyar Abbasov,0,no article
fighter,Bakhtiyar Abdulaev,0,no article
fighter,Bakhtiyar Nesipbek,0,no article
fighter,Bakhtiyar Orazgeldiev,0,no article
fighter,Bakhtyaar Oryakhail,0,no article
fighter,Bakhytbek Duyshobay,0,no article
fighter,Bala Shetty,0,no article
fighter,Balajin,0,no article
fighter,Bampara Kouyate,0,no article
fighter,Banma Duoji,0,no article
fighter,Bao Quach,30,Bao Quach
fighter,Baoshe Riguleng,0,no article
fighter,Barb Honchak,17,Barb Honchak
fighter,Barbara Aguiar,0,no article
fighter,Baris Adiguzel,0,no article
fighter,Barrington Bishop,0,no article
fighter,Barry Hedgebeth,0,no article
fighter,Bart Palaszewski,54,Bart Palaszewski
fighter,Bartira Rodrigues,0,no article
fighter,Bartosz Fabiński,22,Bartosz Fabiński
fighter,Bartosz Kurek,0,no article
fighter,Bartosz Leśko,25,Bartosz Leśko
fighter,Bartosz Szewczyk,0,no article
fighter,Bartłomiej Kopera,0,no article
fighter,Bartłomiej Skowyra,0,no article
fighter,Baru Harn,0,no article
fighter,Bas Rutten,33,Bas Rutten
fighter,Basel Shalaan,0,no article
fighter,Bashir Ahmad,7,Bashir Ahmad (mixed martial artist)
fighter,Basir Saraliev,0,no article
fighter,Bassil Hafez,0,no article
fighter,Batal Seferov,0,no article
fighter,Batebolati Bahatebole,0,no article
fighter,Batman Or.Atchariya,0,no article
fighter,Batradz Gazzaev,0,no article
fighter,Batsumberel Dagvadorj,0,no article
fighter,Baysangur Makaev,0,no article
fighter,Baysangur Susurkaev,0,no article
fighter,Bayzet Khatkhokhu,0,no article
fighter,Bazigit Atajev,26,Bozigit Ataev
fighter,Bea Malecki,6,Bea Malecki
fighter,Beatriz Consuli,0,no article
fighter,Beatriz Consuli Diniz,0,no article
fighter,Beatriz Mesquita,8,Beatriz Mesquita
fighter,Beau Hamilton,0,no article
fighter,Beau Samaniego,0,no article
fighter,Beau Tribolet,0,no article
fighter,Bec Rawlings,25,Bec Rawlings
fighter,Bedirhan Kabak,0,no article
fighter,Begimzhan Kasymova,0,no article
fighter,Behrang Yousefi,0,no article
fighter,Bekbulat Magomedov,0,no article
fighter,Bekbulat Magomedov (c),0,no article
fighter,Bekhruz Zugurov,0,no article
fighter,Bekhruz Zukhurov,0,no article
fighter,Bekhzod Nazrulloev,0,no article
fighter,Bekhzod Usmonov,0,no article
fighter,Bekmyrza Dosmatov,0,no article
fighter,Bekzat Almakhan,27,Bekzat Almakhan
fighter,Bekzat Isakov,0,no article
fighter,Belal Muhammad,31,Belal Muhammad
fighter,Belal Muhammad (c),0,no article
fighter,Bella Mir,0,no article
fighter,Ben Alloway,30,Ben Alloway
fighter,Ben Askren,22,Ben Askren
fighter,Ben Askren (c),0,no article
fighter,Ben Beebe,0,no article
fighter,Ben Cohen,0,no article
fighter,Ben Edwards,0,no article
fighter,Ben Egli,0,no article
fighter,Ben Ellis,0,no article
fighter,Ben Fowler,0,no article
fighter,Ben Goodwin,0,no article
fighter,Ben Greer,0,no article
fighter,Ben Halder,0,no article
fighter,Ben Holscher,0,no article
fighter,Ben Johnston,0,no article
fighter,Ben Lagman,0,no article
fighter,Ben Lugo,0,no article
fighter,Ben Moa,0,no article
fighter,Ben Morgan,0,no article
fighter,Ben Neumann,0,no article
fighter,Ben Nguyen,27,Ben Nguyen
fighter,Ben Parker,0,no article
fighter,Ben Parpart,0,no article
fighter,Ben Parrish,0,no article
fighter,Ben Petches-Kelly,0,no article
fighter,Ben Reiter,21,Ben Reiter
fighter,Ben Rothwell,58,Ben Rothwell
fighter,Ben Saunders,38,Ben Saunders (fighter)
fighter,Ben Schauer,0,no article
fighter,Ben Schneider,0,no article
fighter,Ben Sergent,0,no article
fighter,Ben Simons,0,no article
fighter,Ben Smith,0,no article
fighter,Ben Sosoli,0,no article
fighter,Ben Tynan,0,no article
fighter,Ben Uker,0,no article
fighter,Ben Wall,0,no article
fighter,Ben Wilhelm,0,no article
fighter,Ben Woolliss,0,no article
fighter,Ben Wunder,0,no article
fighter,Bendy Casimir,38,Bendy Casimir
fighter,Benedict Ang,0,no article
fighter,Beneil Dariush,32,Beneil Dariush
fighter,Benita van Rooij,0,no article
fighter,Benito Lopez,13,Benito Lopez
fighter,Benjamin Allen,0,no article
fighter,Benjamin Bennett,0,no article
fighter,Benjamin Brander,0,no article
fighter,Benjamin Locken,0,no article
fighter,Benjamin Méndez,0,no article
fighter,Benjamin Orozco,0,no article
fighter,Benjamin Wilhelm,0,no article
fighter,Benjamín Poggi,0,no article
fighter,Benji Gomez,0,no article
fighter,Benji Radach,29,Benji Radach
fighter,Benny Bajrami,0,no article
fighter,Benny Madrid,0,no article
fighter,Beno Adamia,0,no article
fighter,Benoît Saint Denis,22,Benoît Saint Denis
fighter,Benoît Saint-Denis,0,no article
fighter,Benson Henderson,44,Benson Henderson
fighter,Benson Henderson (c),0,no article
fighter,Benson Henderson (ic),0,no article
fighter,Bentaiba Abdelkader,0,no article
fighter,Bentley Syler,0,no article
fighter,Benyamin Ghahraman,0,no article
fighter,Berkan Badur,0,no article
fighter,Bernando Vázquez,0,no article
fighter,Bernard Ackah,11,Bernard Ackah
fighter,Bernard Soriano,0,no article
fighter,Bernardo Magalhaes,0,no article
fighter,Bernardo Sopaj,0,no article
fighter,Bertin Descloux,0,no article
fighter,Berto Grimaldo,0,no article
fighter,Besam Yousef,0,no article
fighter,Bethe Correia,18,Bethe Correia
fighter,Bevon Lewis,15,Bevon Lewis
fighter,BeyNoah,7,BeyNoah
fighter,Beybulat Isaev,1,Beybulat Isaev
fighter,Bharat Kandare,0,no article
fighter,Bi Nguyen,0,no article
fighter,Biaggio Ali Walsh,0,no article
fighter,Bianca Basílio,3,Bianca Basílio
fighter,Bianca Sattelmayer,0,no article
fighter,Bibert Tumenov,0,no article
fighter,Bibiano Fernandes,31,Bibiano Fernandes
fighter,Bibiano Fernandes (c),0,no article
fighter,Bibiano Fernandes (ic),0,no article
fighter,Bidzina Gavashelishvili,0,no article
fighter,Biekemulati Nulijiao,0,no article
fighter,Bilal Alikhadzhiev,0,no article
fighter,Bilal Hasan,0,no article
fighter,Bilal Kai Haga,0,no article
fighter,Bilal Tipsaev,0,no article
fighter,Bilal Williams,0,no article
fighter,Bill Albrecht,0,no article
fighter,Bill Algeo,27,Bill Algeo
fighter,Bill Collins,0,no article
fighter,Bill Cooper,0,no article
fighter,Bill Duvall,0,no article
fighter,Bill Fraser,0,no article
fighter,Bill Friday,0,no article
fighter,Bill Jones,0,no article
fighter,Bill Mahood,0,no article
fighter,Bill Widler,0,no article
fighter,Billy Brand,0,no article
fighter,Billy Christianson,0,no article
fighter,Billy Elekana,12,Billy Elekana
fighter,Billy Evangelista,17,Billy Evangelista
fighter,Billy Giovanella,0,no article
fighter,Billy Goff,0,no article
fighter,Billy Horne,0,no article
fighter,Billy Miles,0,no article
fighter,Billy Pasulatan,0,no article
fighter,Billy Quarantillo,28,Billy Quarantillo
fighter,Billy Ray Goff,0,no article
fighter,Billy Ray Valdez,0,no article
fighter,Billy Sutherland,0,no article
fighter,Billy Swanson,0,no article
fighter,Billy Vaughan,0,no article
fighter,Binh Son Le,0,no article
fighter,Black Panther,0,no article
fighter,Black Panther VenumMuayThai,0,no article
fighter,Blagoy Ivanov,27,Blagoy Ivanov
fighter,Blagoy Ivanov (c),0,no article
fighter,Blaine Macintosh,0,no article
fighter,Blaine O'Driscoll,0,no article
fighter,Blaine Shutt,0,no article
fighter,Blaine Thomas,0,no article
fighter,Blair Tugman,18,Blair Tugman
fighter,Blake Bilder,0,no article
fighter,Blake Cooper,0,no article
fighter,Blake Dufour,0,no article
fighter,Blake Mitchell,0,no article
fighter,Blake Perry,0,no article
fighter,Blake Smith,0,no article
fighter,Blake Troop,0,no article
fighter,Blake Watkins,0,no article
fighter,Blake Wells,0,no article
fighter,Blas Avena,16,Blas Avena
fighter,Blayne Richards,0,no article
fighter,Bo Cai Chang,0,no article
fighter,Bo Cantrell,0,no article
fighter,Bo Harris,0,no article
fighter,Bo Nickal,7,Bo Nickal
fighter,Bob Sapp,33,Bob Sapp
fighter,Bobbi Jo Dalziel,0,no article
fighter,Bobbi-Jo Dalziel,0,no article
fighter,Bobby Brents,0,no article
fighter,Bobby Butler,0,no article
fighter,Bobby Cooper,0,no article
fighter,Bobby Downs,0,no article
fighter,Bobby Escalante,0,no article
fighter,Bobby Flynn,0,no article
fighter,Bobby Green,55,King Green
fighter,Bobby King,0,no article
fighter,Bobby Lashley,17,Bobby Lashley
fighter,Bobby Lee,0,no article
fighter,Bobby McMaster,0,no article
fighter,Bobby McMasters,0,no article
fighter,Bobby Moffett,24,Bobby Moffett
fighter,Bobby Nash,17,Bobby Nash
fighter,Bobby Ologun,6,Bobby Ologun
fighter,Bobby Pallett,0,no article
fighter,Bobby Reardanz,0,no article
fighter,Bobby Sanchez,0,no article
fighter,Bobby Seronio III,0,no article
fighter,Bobby Southworth,16,Bobby Southworth
fighter,Bobby Southworth (c),0,no article
fighter,Bobby Stack,0,no article
fighter,Bobby Voelker,48,Bobby Voelker
fighter,Bobby Winther,0,no article
fighter,Bogdan Barbu,0,no article
fighter,Bogdan Barbu (c),0,no article
fighter,Bogdan Ferariu,0,no article
fighter,Bogdan Grad,0,no article
fighter,Bogdan Guskov,23,Bogdan Guskov
fighter,Bogdan Nuț,0,no article
fighter,Bogdan Năstase,0,no article
fighter,Bogdan Plutakhin,0,no article
fighter,Bogdan Shumarov,0,no article
fighter,Bogdan Stanciu,0,no article
fighter,Bogdan Suru,0,no article
fighter,Boimah Karmo,0,no article
fighter,Bojan Mihajlović,0,no article
fighter,Bojan Veličković,40,Bojan Veličković
fighter,Bokang Masunyane,0,no article
fighter,Bolaji Oki,0,no article
fighter,Bolat Zamanbekov,0,no article
fighter,Booker Arthur,0,no article
fighter,Booker DeRousse,0,no article
fighter,Boom Gordon,0,no article
fighter,Boostayre Nefarios,0,no article
fighter,Borena Tsertsvadze,0,no article
fighter,Boris Mbarga Atangana,0,no article
fighter,Boris Novachkov,0,no article
fighter,Borislav Nikolić,0,no article
fighter,Borislav Nikolić (c),0,no article
fighter,Borja García,0,no article
fighter,Borys Dzikowski,0,no article
fighter,Boston Salmon,0,no article
fighter,Boule Godogo,0,no article
fighter,Bounmy Somchay,0,no article
fighter,Bourama Camara,0,no article
fighter,Bozhidar Ivanov,0,no article
fighter,Brad Blackburn,33,Brad Blackburn
fighter,Brad Camps,0,no article
fighter,Brad Cardinal,0,no article
fighter,Brad Imes,20,Brad Imes
fighter,Brad Jones,0,no article
fighter,Brad Katona,22,Brad Katona
fighter,Brad McDonald,0,no article
fighter,Brad Mitchell,0,no article
fighter,Brad Morris,0,no article
fighter,Brad Pickett,40,Brad Pickett
fighter,Brad Riddell,14,Brad Riddell
fighter,Brad Robinson,0,no article
fighter,Brad Royster,0,no article
fighter,Brad Scott,19,Brad Scott (fighter)
fighter,Brad Sullivan,0,no article
fighter,Brad Tavares,36,Brad Tavares
fighter,Brad Wheeler,0,no article
fighter,Brad Zazulak,0,no article
fighter,Braden Aupuni Pagaoa,0,no article
fighter,Braden Pagaoa,0,no article
fighter,Braden Peterson,0,no article
fighter,Braden Smith,0,no article
fighter,Bradley Desir,0,no article
fighter,Bradley Robison,0,no article
fighter,Bradley Toth,0,no article
fighter,Brady Harrison,0,no article
fighter,Brady Hiestand,0,no article
fighter,Brady Huang,0,no article
fighter,Brady Minner,0,no article
fighter,Brahyam Zurcher,0,no article
fighter,Brahyan Zurcher,0,no article
fighter,Braián González,0,no article
fighter,Brajan Przysiwek,0,no article
fighter,Branden Guest,0,no article
fighter,Branden Lee Hinkle,29,Branden Lee Hinkle
fighter,Brandi Narvaez,0,no article
fighter,Brando Peričić,8,Brando Peričić
fighter,Brandon Alcaráz,0,no article
fighter,Brandon Altomore,0,no article
fighter,Brandon Bell,0,no article
fighter,Brandon Bender,14,Brandon Bender
fighter,Brandon Brisbo,0,no article
fighter,Brandon Calton,0,no article
fighter,Brandon Carrillo,0,no article
fighter,Brandon Cash,16,Brandon Cash
fighter,Brandon Curts,0,no article
fighter,Brandon Davis,29,Brandon Davis
fighter,Brandon Farran,0,no article
fighter,Brandon Faumui,0,no article
fighter,Brandon Fleming,0,no article
fighter,Brandon Foxworth,0,no article
fighter,Brandon Gaines,0,no article
fighter,Brandon Girtz,29,Brandon Girtz
fighter,Brandon González,0,no article
fighter,Brandon Guest,0,no article
fighter,Brandon Halsey,16,Brandon Halsey
fighter,Brandon Hastings,0,no article
fighter,Brandon Hempleman,0,no article
fighter,Brandon Hester,0,no article
fighter,Brandon Holmes,0,no article
fighter,Brandon Horton,0,no article
fighter,Brandon Jenkins,0,no article
fighter,Brandon Johnson,0,no article
fighter,Brandon Kesler,0,no article
fighter,Brandon Laroco,0,no article
fighter,Brandon Lee,0,no article
fighter,Brandon Lewis,0,no article
fighter,Brandon Lowe,0,no article
fighter,Brandon Magana,0,no article
fighter,Brandon Martin,0,no article
fighter,Brandon McDowell,0,no article
fighter,Brandon McMahan,0,no article
fighter,Brandon Medina,0,no article
fighter,Brandon Melendez,0,no article
fighter,Brandon Michaels,0,no article
fighter,Brandon Moreno,37,Brandon Moreno
fighter,Brandon Moreno (c),0,no article
fighter,Brandon Moreno (ic),0,no article
fighter,Brandon Olsen,0,no article
fighter,Brandon Phillips,0,no article
fighter,Brandon Pieper,0,no article
fighter,Brandon Polcare,0,no article
fighter,Brandon Royval,27,Brandon Royval
fighter,Brandon Saling,0,no article
fighter,Brandon Sayles,0,no article
fighter,Brandon Shavers,0,no article
fighter,Brandon Shelhart,0,no article
fighter,Brandon Shelton,0,no article
fighter,Brandon Shuey,0,no article
fighter,Brandon Tarn,0,no article
fighter,Brandon Tarns,0,no article
fighter,Brandon Thatch,16,Brandon Thatch
fighter,Brandon Uruchurtu,0,no article
fighter,Brandon Vera,27,Brandon Vera
fighter,Brandon Vera (c),0,no article
fighter,Brandon Visher,16,Brandon Visher
fighter,Brandon Warne,0,no article
fighter,Brandon Wolff,13,Brandon Wolff
fighter,Brandt Dewsbery,0,no article
fighter,Brandy Hester,0,no article
fighter,Branko Busick,0,no article
fighter,Brant Moore,0,no article
fighter,Brant Moore Jr.,0,no article
fighter,Braulio Hernández,0,no article
fighter,Braxton Smith,0,no article
fighter,Brayan Rafiq,0,no article
fighter,Braydon Akeo,0,no article
fighter,Brayham Zurcher,0,no article
fighter,Brayhan Zurcher,0,no article
fighter,Braían González,0,no article
fighter,Brena Cardozzo,0,no article
fighter,Brenda Arias,0,no article
fighter,Brenda Gottig,0,no article
fighter,Brendan Allen,34,Brendan Allen
fighter,Brendan Allen (c),0,no article
fighter,Brendan Kornberger,0,no article
fighter,Brendan Loughnane,36,Brendan Loughnane
fighter,Brendan Marotte,0,no article
fighter,Brendan O'Reilly,10,Brendan O'Reilly (fighter)
fighter,Brendan Schaub,18,Brendan Schaub
fighter,Brendan Seguin,0,no article
fighter,Brendan Tierney,0,no article
fighter,Brenden Seyler,0,no article
fighter,Brendon Marotte,0,no article
fighter,Brendon Raftery,0,no article
fighter,Brendson Ribeiro,0,no article
fighter,Brennan Gait,0,no article
fighter,Brennan Ward,28,Brennan Ward
fighter,Brenner Alberth,0,no article
fighter,Breno Yuri Santos,0,no article
fighter,Brenson Hansen,0,no article
fighter,Brenson Hanson,0,no article
fighter,Brent Campbell,0,no article
fighter,Brent Cooper,0,no article
fighter,Brent Crawley,0,no article
fighter,Brent Knopp,0,no article
fighter,Brent Primus,23,Brent Primus
fighter,Brent Primus (c),0,no article
fighter,Brent Taylor,0,no article
fighter,Brent Weedman,32,Brent Weedman
fighter,Bret Bergmark,8,Bret Bergmark
fighter,Bret Cooper,0,no article
fighter,Brett Albee,0,no article
fighter,Brett Bye,0,no article
fighter,Brett Cooper,45,Brett Cooper (fighter)
fighter,Brett Johns,27,Brett Johns
fighter,Brett Linebarger,0,no article
fighter,Brett Malone,0,no article
fighter,Brett Martin,0,no article
fighter,Brett Martinez,0,no article
fighter,Brett McDermott,14,Brett McDermott
fighter,Brett Oteri,0,no article
fighter,Brett Rogers,28,Brett Rogers
fighter,Brett Shoenfelt,0,no article
fighter,Brett Tillis,0,no article
fighter,Brian Akins,0,no article
fighter,Brian Albin,0,no article
fighter,Brian Bowles,13,Brian Bowles (fighter)
fighter,Brian Bowles (c),0,no article
fighter,Brian Burse,0,no article
fighter,Brian Camozzi,12,Brian Camozzi
fighter,Brian Choi,0,no article
fighter,Brian Cobb,0,no article
fighter,Brian Davidson,0,no article
fighter,Brian Del Rosario,0,no article
fighter,Brian Ebersole,71,Brian Ebersole
fighter,Brian Eckstein,0,no article
fighter,Brian Foster,43,Brian Foster (fighter)
fighter,Brian Gassaway,52,Brian Gassaway
fighter,Brian Geraghty,0,no article
fighter,Brian Girolametto,0,no article
fighter,Brian Green,0,no article
fighter,Brian Grinnell,0,no article
fighter,Brian Hall,0,no article
fighter,Brian Heden,0,no article
fighter,Brian Hooi,0,no article
fighter,Brian Houston,0,no article
fighter,Brian Hyslop,0,no article
fighter,Brian Imes,0,no article
fighter,Brian Kelleher,40,Brian Kelleher
fighter,Brian Lo-A-Njoe,22,Brian Lo-A-Njoe
fighter,Brian Manning,0,no article
fighter,Brian McLaughlin,0,no article
fighter,Brian Melancon,10,Brian Melancon
fighter,Brian Mitchell,0,no article
fighter,Brian Moore,0,no article
fighter,Brian Olsen,10,Brian Olsen
fighter,Brian Olsen (c),0,no article
fighter,Brian Ortega,22,Brian Ortega
fighter,Brian Peterson,0,no article
fighter,Brian Rogers,23,Brian Rogers (fighter)
fighter,Brian Russell,0,no article
fighter,Brian Schwartz,0,no article
fighter,Brian Stann,18,Brian Stann
fighter,Brian Stann (c),0,no article
fighter,Brian Stapleton,0,no article
fighter,Brian Warren,0,no article
fighter,Brian Wells,0,no article
fighter,Brian White,0,no article
fighter,Brian van Hoven,0,no article
fighter,Brianata Rosadhi,0,no article
fighter,Brianna Van Buren,12,Brianna Fortino
fighter,Brice Belghazi,0,no article
fighter,Brice Picaud,0,no article
fighter,Brice Ritani-Coe,0,no article
fighter,Brigitte Narcise,0,no article
fighter,Bristol Marunde,29,Bristol Marunde
fighter,British Boloyoang,0,no article
fighter,Brittany Ann Decker,0,no article
fighter,Brittany Anne Decker,0,no article
fighter,Brittany Camozzi,0,no article
fighter,Brittney Cloudy,0,no article
fighter,Brittney Elkin,0,no article
fighter,Briven Sullivan,0,no article
fighter,Brock Jardine,0,no article
fighter,Brock Kerry,0,no article
fighter,Brock Larson,52,Brock Larson
fighter,Brock Lesnar,9,Brock Lesnar
fighter,Brock Lesnar (c),0,no article
fighter,Brock Smith,0,no article
fighter,Brodie Farber,24,Brodie Farber
fighter,Brogan Stewart-Ng,0,no article
fighter,Brogan Walker,14,Brogan Walker
fighter,Brok Weaver,23,Brok Weaver
fighter,Bronson Mohika,0,no article
fighter,Bronson St. Romain,0,no article
fighter,Brooke Mayo,0,no article
fighter,Brooks Black,0,no article
fighter,Bruce Boyington,0,no article
fighter,Bruce Loh,0,no article
fighter,Bruce Souto,0,no article
fighter,Bruce Xavier,0,no article
fighter,Bruna Brasil,0,no article
fighter,Bruna Ellen,0,no article
fighter,Bruna Emanuele Brasil,0,no article
fighter,Bruna Vargas,0,no article
fighter,Brunno Ferreira,0,no article
fighter,Bruno Assis,0,no article
fighter,Bruno Azevedo,0,no article
fighter,Bruno Cappelozza,25,Bruno Cappelozza
fighter,Bruno Carvalho,0,no article
fighter,Bruno Casillas,0,no article
fighter,Bruno Chaves,0,no article
fighter,Bruno Fontes,0,no article
fighter,Bruno Guimarães,0,no article
fighter,Bruno Gustavo da Silva,29,Bruno Gustavo da Silva
fighter,Bruno Henrique,0,no article
fighter,Bruno Korea,0,no article
fighter,Bruno Lopes,0,no article
fighter,Bruno Lopes (c),0,no article
fighter,Bruno Machado Azeredo,0,no article
fighter,Bruno Miranda,0,no article
fighter,Bruno Murata,0,no article
fighter,Bruno Oliveira,0,no article
fighter,Bruno Pucci,13,Bruno Pucci
fighter,Bruno Santos,25,Bruno Santos
fighter,Bruno Silva,36,Bruno Silva (fighter)
fighter,Bruno Souto,0,no article
fighter,Bruno Souza,0,no article
fighter,Bruno Suema,0,no article
fighter,Bruno Susano,0,no article
fighter,Bruno Teixeira,0,no article
fighter,Bryan Arreaga,0,no article
fighter,Bryan Arteaga,0,no article
fighter,Bryan Baker,25,Bryan Baker (fighter)
fighter,Bryan Barberena,30,Bryan Barberena
fighter,Bryan Battle,29,Bryan Battle
fighter,Bryan Bautista,0,no article
fighter,Bryan Billiot,0,no article
fighter,Bryan Caraway,32,Bryan Caraway
fighter,Bryan Corley,0,no article
fighter,Bryan Geraldo Cruz,0,no article
fighter,Bryan Goldsby,33,Bryan Goldsby
fighter,Bryan Hamade,0,no article
fighter,Bryan Humes,0,no article
fighter,Bryan Martínez,0,no article
fighter,Bryan Nuro,0,no article
fighter,Bryan Orozco,0,no article
fighter,Bryan Travers,0,no article
fighter,Bryan Ulises,0,no article
fighter,Bryan Vera,0,no article
fighter,Bryanna Fissori,0,no article
fighter,Bryce Edminister,0,no article
fighter,Bryce Logan,0,no article
fighter,Bryce Meija,0,no article
fighter,Bryce Meredith,9,Bryce Meredith
fighter,Bryce Mitchell,23,Bryce Mitchell
fighter,Bryce Woerner,0,no article
fighter,Bryen Dao,0,no article
fighter,Brylan Van Artsdalen,21,Brylan Van Artsdalen
fighter,Bryony Tyrell,0,no article
fighter,Brysen Bolohao,0,no article
fighter,Bryson Gutches,0,no article
fighter,Bryson Hansen,0,no article
fighter,Bryson Kamaka,0,no article
fighter,Brígida Ruíz,0,no article
fighter,Bu Huo You Ga,0,no article
fighter,Bu-kyung Jung,0,no article
fighter,Bubba Bush,0,no article
fighter,Bubba Grant,0,no article
fighter,Bubba Jenkins,30,Bubba Jenkins
fighter,Bubba McDaniel,42,Bubba McDaniel
fighter,Bubba Pugh,0,no article
fighter,Buck Meredith,0,no article
fighter,Buddy Roberts,0,no article
fighter,Buddy Wallace,0,no article
fighter,Burenzorig Batmunkh,0,no article
fighter,Burigede Alateng,0,no article
fighter,Busurmankul Abdibait,0,no article
fighter,Busurmankul Abdibait Uulu (c),0,no article
fighter,Byeong Ha Lim,0,no article
fighter,Byeong Ok Cho,0,no article
fighter,Byron Bloodworth,0,no article
fighter,Byron Stevens,0,no article
fighter,Byung Ha Lim,0,no article
fighter,Byung Il Yu,0,no article
fighter,C. B. Dollaway,31,C. B. Dollaway
fighter,C.J. Hamilton,0,no article
fighter,C.J. Keith,0,no article
fighter,C.J. Leveque,0,no article
fighter,C.J. Marsh,0,no article
fighter,C.J. Vergara,5,C. J. Vergara
fighter,CJ Meeks,0,no article
fighter,CM Punk,2,CM Punk
fighter,Cai Feilong,0,no article
fighter,Cain Carrizosa,0,no article
fighter,Cain Lugar,0,no article
fighter,Cain Velasquez,0,Cain Velasquez
fighter,Cain Velasquez (c),0,no article
fighter,Caio Alencar,0,no article
fighter,Caio Bittencourt,0,no article
fighter,Caio Borralho,20,Caio Borralho
fighter,Caio Gregorio,0,no article
fighter,Caio Machado,0,no article
fighter,Caio Magalhaes,17,Caio Magalhães
fighter,Caio Magalhães,0,same article as another: Caio Magalhães
fighter,Caio Uruguai,0,no article
fighter,Caio Vinicius Santos,0,no article
fighter,Caique Araujo,0,no article
fighter,Cal Ellenor,0,no article
fighter,Cale Yarbrough,0,no article
fighter,Caleb Hall,0,no article
fighter,Caleb Jensen,0,no article
fighter,Caleb Lally,0,no article
fighter,Caleb Merth,0,no article
fighter,Caleb Ramirez,0,no article
fighter,Calen Born,0,no article
fighter,Calie Cutler,0,no article
fighter,Callan Potter,27,Callan Potter
fighter,Callum Connor,0,no article
fighter,Callum Haughian,0,no article
fighter,Callum Mullen,0,no article
fighter,Calob Ramirez,0,no article
fighter,Calum Murrie,0,no article
fighter,Calvin Harbaugh,0,no article
fighter,Calvin Kattar,33,Calvin Kattar
fighter,Calyn Hull,0,no article
fighter,Cam Ansel,0,no article
fighter,Cam Rowston,0,no article
fighter,Cam Teague,0,no article
fighter,Cameron Ansel,0,no article
fighter,Cameron Chamberlain,0,no article
fighter,Cameron Church,0,no article
fighter,Cameron Dollar,0,no article
fighter,Cameron Else,0,no article
fighter,Cameron Graves,0,no article
fighter,Cameron Kinzig,0,no article
fighter,Cameron Miller,0,no article
fighter,Cameron Nelson,0,no article
fighter,Cameron Olson,0,no article
fighter,Cameron Rowston,0,no article
fighter,Cameron Saaiman,12,Cameron Saaiman
fighter,Cameron Sandoval,0,no article
fighter,Cameron Smotherman,0,no article
fighter,Cameron Stewart,0,no article
fighter,Cameron Underhill,0,no article
fighter,Cameron VanCamp,0,no article
fighter,Camila Argueta,0,no article
fighter,Camila Reynoso,0,no article
fighter,Camila Rivarola,0,no article
fighter,Camilla Bergstrøm,0,no article
fighter,Canaan Grigsby,0,no article
fighter,Canaan Kawaihae,0,no article
fighter,Canon Swanson,0,no article
fighter,Caol Uno,64,Caol Uno
fighter,Caolán Loughran,0,no article
fighter,Capitan Petchyindee,0,no article
fighter,Capitan Petchyindee (c),0,no article
fighter,Cara Greenwell,0,no article
fighter,Carey Vanier,17,Carey Vanier
fighter,Carina Damm,0,no article
fighter,Carl Barton,0,no article
fighter,Carl Deaton III,0,no article
fighter,Carl Jones Jnr,0,no article
fighter,Carl Noon,0,no article
fighter,Carl Seumanutafa,30,Carl Seumanutafa
fighter,Carl Wittstock,0,no article
fighter,Carla Esparza,30,Carla Esparza
fighter,Carla Esparza (c),0,no article
fighter,Carli Judice,0,no article
fighter,Carlo Bumina-ang,0,no article
fighter,Carlo Catada,0,no article
fighter,Carlo Pedersoli,0,no article
fighter,Carlo Pedersoli Jr.,19,Carlo Pedersoli Jr.
fighter,Carlo Prater,61,Carlo Prater
fighter,Carlo Prator,0,no article
fighter,Carlo Ricci,0,no article
fighter,Carlos Alexandre Pereira,0,no article
fighter,Carlos Arana,0,no article
fighter,Carlos Augusto da Silva,0,no article
fighter,Carlos Calderon,0,no article
fighter,Carlos Camargo,0,no article
fighter,Carlos Candelario,0,no article
fighter,Carlos Castañeda,0,no article
fighter,Carlos Cavalcante,0,no article
fighter,Carlos Cañada,0,no article
fighter,Carlos Chable,0,no article
fighter,Carlos Cline,0,no article
fighter,Carlos Condit,46,Carlos Condit
fighter,Carlos Condit (c),0,no article
fighter,Carlos Condit (ic),0,no article
fighter,Carlos Correia,0,no article
fighter,Carlos Diego Ferreira,27,Carlos Diego Ferreira
fighter,Carlos Eduardo,0,no article
fighter,Carlos Eduardo Rocha,13,Carlos Eduardo Rocha
fighter,Carlos Elizarraraz,0,no article
fighter,Carlos Felipe,20,Carlos Felipe
fighter,Carlos Figueroa,0,no article
fighter,Carlos Flores,0,no article
fighter,Carlos Garcia,0,no article
fighter,Carlos Garduño,0,no article
fighter,Carlos Gómez,0,no article
fighter,Carlos Henrique,0,no article
fighter,Carlos Hernandez,0,no article
fighter,Carlos Hernández,0,no article
fighter,Carlos Huachin,0,no article
fighter,Carlos Leal,0,no article
fighter,Carlos Leal Miranda,0,no article
fighter,Carlos López,0,no article
fighter,Carlos Marques,0,no article
fighter,Carlos Martinez,0,no article
fighter,Carlos Mascorro,0,no article
fighter,Carlos Miranda,0,no article
fighter,Carlos Moreno,0,no article
fighter,Carlos Mota,0,no article
fighter,Carlos Motta,0,no article
fighter,Carlos Márquez,0,no article
fighter,Carlos Ochoa,0,no article
fighter,Carlos Oliveira,0,no article
fighter,Carlos Palta,0,no article
fighter,Carlos Pereira,0,no article
fighter,Carlos Petruzzella,0,no article
fighter,Carlos Prates,30,Carlos Prates
fighter,Carlos Puente Jr.,0,no article
fighter,Carlos Resendíz,0,no article
fighter,Carlos Rivera,0,no article
fighter,Carlos Sena,0,no article
fighter,Carlos Silva,0,no article
fighter,Carlos Soares,0,no article
fighter,Carlos Tardio,0,no article
fighter,Carlos Tenorio,0,no article
fighter,Carlos Torres,0,no article
fighter,Carlos Trinidad,0,no article
fighter,Carlos Ulberg,15,Carlos Ulberg
fighter,Carlos Vera,0,no article
fighter,Carlos Vergara,0,no article
fighter,Carlos Zevallos,0,no article
fighter,Carls John de Tomas,0,no article
fighter,Carlston Harris,27,Carlston Harris
fighter,Carlton Haselrig,5,Carlton Haselrig
fighter,Carlton Jones,0,no article
fighter,Carlton Minus,0,no article
fighter,Carmella James,0,no article
fighter,Carmelo Marrero,23,Carmelo Marrero
fighter,Carol Brunacio,0,no article
fighter,Carol Foro,0,no article
fighter,Carol Joia,0,no article
fighter,Carol Yariwaki,0,no article
fighter,Caroline Foro,0,no article
fighter,Caros Fodor,17,Caros Fodor
fighter,Carrington Banks,0,no article
fighter,Carson Beebe,0,no article
fighter,Carson Hardman,0,no article
fighter,Carter Beekman,0,no article
fighter,Carter Williams,0,no article
fighter,Cary Bullos,0,no article
fighter,Casey Huffman,0,no article
fighter,Casey Johnson,0,no article
fighter,Casey Jones,0,no article
fighter,Casey Kenney,21,Casey Kenney
fighter,Casey Noland,0,no article
fighter,Casey O'Neill,14,Casey O'Neill
fighter,Casey Olson,18,Casey Olson
fighter,Casey Ryan,0,no article
fighter,Casey Suire,0,no article
fighter,Cass Bell,0,no article
fighter,Cassia Moura,0,no article
fighter,Cassio Arduini,0,no article
fighter,Cassio Barão,0,no article
fighter,Cassio Werneck,2,Cassio Werneck
fighter,Castle Williams,0,no article
fighter,Cat Zingano,23,Cat Zingano
fighter,Catalin Safta,0,no article
fighter,Catalin Zmarandescu,0,Cătălin Zmărăndescu
fighter,Cathal Pendred,24,Cathal Pendred
fighter,Cauatã Samuel,0,no article
fighter,Cecilia Ulloa,0,no article
fighter,Cecilie Bolander (c),0,no article
fighter,Cecilie Maria Bolander,0,no article
fighter,Cedric Gunnison,0,no article
fighter,Cedric Katambwa,0,no article
fighter,Cedric Lushima,0,no article
fighter,Cedric Manhoef,2,Cedric Manhoef
fighter,Cedric Marks,0,no article
fighter,Cee Jay Hamilton,0,no article
fighter,Ceileigh Niedermayr,0,no article
fighter,Celest Hansen,0,no article
fighter,Celeste Saenz,0,no article
fighter,Celine Haga,0,no article
fighter,Celito Nascimento,0,no article
fighter,Cem Kuyumcuoglu,0,no article
fighter,Cemey dos Santos,0,no article
fighter,Cesar Abad,0,no article
fighter,Cesar Arzamendia,0,no article
fighter,Cesar Avila,0,no article
fighter,Cesar Bañuelos,0,no article
fighter,Cesar Bennett,0,no article
fighter,Cesar Bourjac,0,no article
fighter,Cesar Carrasco,0,no article
fighter,Cesar Escudero,0,no article
fighter,Cesar Gonzalez,0,no article
fighter,Cesar Gracie,0,no article
fighter,Cesar Gutierrez,0,no article
fighter,Cesar Juárez,0,no article
fighter,Cesar Osorio,0,no article
fighter,Cesar Velasquez Moreno,0,no article
fighter,Cesar Vázquez,0,no article
fighter,Cesar Vázquez Jr.,0,no article
fighter,Cezar Buzdugan,0,no article
fighter,Cezar Ferreira,28,Cezar Ferreira
fighter,Cezariusz Kęsik,0,no article
fighter,Cezary Oleksiejczuk,0,no article
fighter,Cezly Collard,0,no article
fighter,Chad Anheliger,0,no article
fighter,Chad Cook,0,no article
fighter,Chad Coon,0,no article
fighter,Chad Curry,0,no article
fighter,Chad Freeman,0,no article
fighter,Chad George,25,Chad George
fighter,Chad Griggs,14,Chad Griggs
fighter,Chad Hanekom,0,no article
fighter,Chad Hinton,0,no article
fighter,Chad Johnson,0,no article
fighter,Chad Klingensmith,0,no article
fighter,Chad Laprise,19,Chad Laprise
fighter,Chad Leonhardt,13,Chad Leonhardt
fighter,Chad Mendes,25,Chad Mendes
fighter,Chad Reiner,0,no article
fighter,Chad Robichaux,0,no article
fighter,Chad Rowan,0,Akebono Tarō
fighter,Chad Sherman,0,no article
fighter,Chad Sutton,0,no article
fighter,Chad Vance,0,no article
fighter,Chad Vandenberg,0,no article
fighter,Chad Yard,0,no article
fighter,Chadricc Kindle,0,no article
fighter,Chael Sonnen,49,Chael Sonnen
fighter,Chaitanya Gavali,0,no article
fighter,Chalamkhao P.K.Saenchai,0,no article
fighter,Chamy Delva,0,no article
fighter,Chan Heng,0,no article
fighter,Chan Rothana,0,no article
fighter,Chan Samart,0,no article
fighter,Chan Soo Park,0,no article
fighter,Chan Sung Jung,25,The Korean Zombie
fighter,Chan-Mi Jeon,0,no article
fighter,Chance Chin,0,no article
fighter,Chance Farrar,0,no article
fighter,Chance Ikei,0,no article
fighter,Chance Rencountre,21,Chance Rencountre
fighter,Chancey Wilson,0,no article
fighter,Chandler Cole,0,no article
fighter,Chang Guen Jeon,0,no article
fighter,Chang Hee Kim,0,no article
fighter,Chang Hwan Hwang,0,no article
fighter,Chang Hyun Kim,0,no article
fighter,Chang Joon Lee,0,no article
fighter,Chang-Hwan Hwang,0,no article
fighter,Chaolong Deng,0,no article
fighter,Chaongoh Jitmuangnon,0,no article
fighter,Charalampos Grigoriou,0,no article
fighter,Charlene Gellner,0,no article
fighter,Charles Alex,0,no article
fighter,Charles Bennett,87,Charles Bennett (fighter)
fighter,Charles Byrd,17,Charles Byrd (fighter)
fighter,Charles Cheeks III,0,no article
fighter,Charles Hackmann,0,no article
fighter,Charles Henrique,0,no article
fighter,Charles Johnson,29,Charles Johnson (fighter)
fighter,Charles Johnson (c),0,no article
fighter,Charles Jourdain,28,Charles Jourdain
fighter,Charles Joyner,0,no article
fighter,Charles McCarthy,15,Charles McCarthy (fighter)
fighter,Charles McTorry,0,no article
fighter,Charles Oliveira,50,Charles Oliveira
fighter,Charles Oliveira (c),0,no article
fighter,Charles Price,0,no article
fighter,Charles Radtke,0,no article
fighter,Charles Rosa,29,Charles Rosa
fighter,Charles Scott,0,no article
fighter,Charles Spoolstra,0,no article
fighter,Charles Williams,0,no article
fighter,Charlie Alaniz,0,no article
fighter,Charlie Boulton,0,no article
fighter,Charlie Brenneman,27,Charlie Brenneman
fighter,Charlie Brown,0,no article
fighter,Charlie Campbell,0,no article
fighter,Charlie Cleveland,0,no article
fighter,Charlie DuBray,0,no article
fighter,Charlie Falco,0,no article
fighter,Charlie Kohler,0,no article
fighter,Charlie Leary,0,no article
fighter,Charlie Milner,0,no article
fighter,Charlie Ontiveros,0,no article
fighter,Charlie Rader,0,no article
fighter,Charlie Radtke,0,no article
fighter,Charlie Valencia,19,Charlie Valencia
fighter,Charlie Ward,17,Charlie Ward (fighter)
fighter,Charlotte Craig,0,no article
fighter,Charlotte McIntyre,0,no article
fighter,Charmigula Sirazhudinov,0,no article
fighter,Charon Spain,0,no article
fighter,Chas Dunhour,0,no article
fighter,Chas Skelly,23,Chas Skelly
fighter,Chase Beebe,38,Chase Beebe
fighter,Chase Beebe (c),0,no article
fighter,Chase Degenhardt,0,no article
fighter,Chase Gamble,0,no article
fighter,Chase Gibson,0,no article
fighter,Chase Gormley,27,Chase Gormley
fighter,Chase Hooper,28,Chase Hooper
fighter,Chase Morton,0,no article
fighter,Chase Sherman,36,Chase Sherman
fighter,Chase Waldon,0,no article
fighter,Chase Whitmer,0,no article
fighter,Chasen Blair,0,no article
fighter,Chato Wiest,0,no article
fighter,Chaun Sims,0,no article
fighter,Chauncey Foxworth,0,no article
fighter,Chaymae Boudik,0,no article
fighter,Chaz Polson,0,no article
fighter,Che Mills,29,Che Mills
fighter,Cheick Kongo,46,Cheick Kongo
fighter,Chel Erwin-Davis,0,no article
fighter,Chelsea Chandler,11,Chelsea Chandler
fighter,Chelsea Conner,0,no article
fighter,Chelsea Hackett,9,Chelsea Hackett
fighter,Chen Jiayi,0,no article
fighter,Chen Rui,0,no article
fighter,Chen Shhori,0,no article
fighter,Chen Yun Ting,0,no article
fighter,Cheol Hyun Park,0,no article
fighter,Chepe Mariscal,0,no article
fighter,Chequina Noso Pedro,0,no article
fighter,Cherif Ba Pape,0,no article
fighter,Chermen Gobaev,0,no article
fighter,Chersi Dudaev,0,no article
fighter,Cheyanne Bowers,0,no article
fighter,Cheyanne Bowers (ic),0,no article
fighter,Cheyanne Buys,10,Cheyanne Vlismas
fighter,Cheyanne Vlismas,0,same article as another: Cheyanne Vlismas
fighter,Cheyden Leialoha,0,no article
fighter,Chi Lewis Parry,0,no article
fighter,Chiara Penco,0,no article
fighter,Chibwikem Onyenegecha,0,no article
fighter,Chico Camus,27,Chico Camus
fighter,Chico Cantiberos,0,no article
fighter,Chidi Njokuani,38,Chidi Njokuani
fighter,Chihiro Oikawa,0,no article
fighter,Chihiro Sawada,14,Chihiro Sawada
fighter,Chihiro Suzuki,20,Chihiro Suzuki (fighter)
fighter,Chim Chetra,0,no article
fighter,Chin Heng,0,no article
fighter,Chin Seng,0,no article
fighter,Chingiz Allazov,0,no article
fighter,Chingiz Allazov (c),0,no article
fighter,Chingun Shinkoiwa,0,no article
fighter,Chinzo Machida,0,no article
fighter,Chip Moraza-Pollard,0,no article
fighter,Chisato Wada,0,no article
fighter,Choi Dong-hun,0,no article
fighter,Choi Doo-ho,23,Choi Doo-ho
fighter,Choi Seung Guk,0,no article
fighter,Choi Seung-guk,0,no article
fighter,Choi Seung-woo,0,no article
fighter,Choi Yong-soo,0,no article
fighter,Chokdee Maxjandee,0,no article
fighter,Chorfah Tor.Sangtiennoi,0,no article
fighter,Chris Amarante,0,no article
fighter,Chris Avila,18,Chris Avila
fighter,Chris Bachmeier,0,no article
fighter,Chris Barber,0,no article
fighter,Chris Barnett,35,Chris Barnett
fighter,Chris Barnhizer,0,no article
fighter,Chris Beal,20,Chris Beal
fighter,Chris Bell,0,no article
fighter,Chris Birchler,0,no article
fighter,Chris Boffil,0,no article
fighter,Chris Bonilla,0,no article
fighter,Chris Bostick,0,no article
fighter,Chris Botelho,0,no article
fighter,Chris Bowles,0,no article
fighter,Chris Brant,0,no article
fighter,Chris Brennan,36,Chris Brennan
fighter,Chris Brown,0,no article
fighter,Chris Bungard,0,no article
fighter,Chris Camozzi,49,Chris Camozzi
fighter,Chris Cariaso,25,Chris Cariaso
fighter,Chris Cisneros,0,no article
fighter,Chris Clements,19,Chris Clements (fighter)
fighter,Chris Coggins,0,no article
fighter,Chris Collins,0,no article
fighter,Chris Conners,0,no article
fighter,Chris Cope,12,Chris Cope
fighter,Chris Crawford,0,no article
fighter,Chris Culley,0,no article
fighter,Chris Curtis,46,Chris Curtis (fighter)
fighter,Chris Daukaus,20,Chris Daukaus
fighter,Chris David,0,no article
fighter,Chris Davis,16,Chris Davis (fighter)
fighter,Chris Decaro,0,no article
fighter,Chris Dempsey,18,Chris Dempsey
fighter,Chris Disonell,0,no article
fighter,Chris Drumm,0,no article
fighter,Chris Duncan,18,Chris Duncan (fighter)
fighter,Chris Fishgold,26,Chris Fishgold
fighter,Chris Foster,0,no article
fighter,Chris Gates,0,no article
fighter,Chris Goldbaugh,0,no article
fighter,Chris Gonzalez,13,Chris Gonzalez
fighter,Chris Gruetzemacher,20,Chris Gruetzemacher
fighter,Chris Guillen,0,no article
fighter,Chris Gutiérrez,31,Chris Gutiérrez
fighter,Chris Harris,0,no article
fighter,Chris Hawk,0,no article
fighter,Chris Hayes,0,no article
fighter,Chris Heatherly,0,no article
fighter,Chris Hernandez,0,no article
fighter,Chris Herrera,0,no article
fighter,Chris Hicks,0,no article
fighter,Chris Hofmann,0,no article
fighter,Chris Holdsworth,13,Chris Holdsworth
fighter,Chris Honeycutt,27,Chris Honeycutt
fighter,Chris Horodecki,30,Chris Horodecki
fighter,Chris Indich,0,no article
fighter,Chris Inman,0,no article
fighter,Chris Inocencio,0,no article
fighter,Chris Jones,0,no article
fighter,Chris Kelades,20,Chris Kelades
fighter,Chris Lane,0,no article
fighter,Chris Leben,37,Chris Leben
fighter,Chris Lencioni,0,no article
fighter,Chris Lewis,0,no article
fighter,Chris Liguori,0,no article
fighter,Chris Lokteff,0,no article
fighter,Chris Lozano,14,Chris Lozano
fighter,Chris Lytle,56,Chris Lytle
fighter,Chris Manuel,0,no article
fighter,Chris Mattock,0,no article
fighter,Chris McNally,0,no article
fighter,Chris Mecate,0,no article
fighter,Chris Mickle,0,no article
fighter,Chris Mierzwiak,0,no article
fighter,Chris Mixan,0,no article
fighter,Chris Morris,0,no article
fighter,Chris Mullins,0,no article
fighter,Chris Ocon,0,no article
fighter,Chris Owen,0,no article
fighter,Chris Padilla,0,no article
fighter,Chris Page,0,no article
fighter,Chris Pecero,0,no article
fighter,Chris Price,0,no article
fighter,Chris Prince,0,no article
fighter,Chris Renteria,0,no article
fighter,Chris Rojas,0,no article
fighter,Chris Rollins,0,no article
fighter,Chris Rose,0,no article
fighter,Chris Salinas,0,no article
fighter,Chris Sandt,0,no article
fighter,Chris Sanford,6,Chris Sanford
fighter,Chris Saudedo,0,no article
fighter,Chris Saunders,24,Chris Saunders (mixed martial artist)
fighter,Chris Saunders (c),0,no article
fighter,Chris Shaw,0,no article
fighter,Chris Simmons,0,no article
fighter,Chris Smith,0,no article
fighter,Chris Soliz,0,no article
fighter,Chris Solomon,0,no article
fighter,Chris Spang,0,no article
fighter,Chris Spicer,0,no article
fighter,Chris Spång,0,no article
fighter,Chris Stewart,0,no article
fighter,Chris Tickle,0,no article
fighter,Chris Tuchscherer,26,Chris Tuchscherer
fighter,Chris Wade,33,Chris Wade (fighter)
fighter,Chris Weidman,24,Chris Weidman
fighter,Chris Weidman (c),0,no article
fighter,Chris Willems,0,no article
fighter,Chris Wilson,29,Chris Wilson (fighter)
fighter,Chris Yee,0,no article
fighter,Chris de la Rocha,8,Chris de la Rocha
fighter,Chrisoula Koukouvetakis,0,no article
fighter,Chrissie Daniels,0,no article
fighter,Christ Franck,0,no article
fighter,Christian Aguilera,22,Christian Aguilera
fighter,Christian Avalos,0,no article
fighter,Christian Buron,0,no article
fighter,Christian Buron-Navarro,0,no article
fighter,Christian Cerda,0,no article
fighter,Christian Colombo,0,no article
fighter,Christian Draxler,0,no article
fighter,Christian Echols,0,no article
fighter,Christian Eckerlin,0,no article
fighter,Christian Edwards,0,no article
fighter,Christian Espinosa,0,no article
fighter,Christian Fulgium,0,no article
fighter,Christian Gonzalez,0,no article
fighter,Christian Hermosillo,0,no article
fighter,Christian Holley,0,no article
fighter,Christian Iorga,0,no article
fighter,Christian Jungwirth,0,no article
fighter,Christian Lee,23,Christian Lee (fighter)
fighter,Christian Lee (c),0,no article
fighter,Christian Leroy Duncan,17,Christian Leroy Duncan
fighter,Christian Lira,0,no article
fighter,Christian Lohsen,0,no article
fighter,Christian M'Pumbu,33,Christian M'Pumbu
fighter,Christian Medina,0,no article
fighter,Christian Morecraft,11,Christian Morecraft
fighter,Christian Natividad,0,no article
fighter,Christian Rodriguez,0,no article
fighter,Christian Smith,0,no article
fighter,Christian Soda,0,no article
fighter,Christian Stigenberg,0,no article
fighter,Christian Tebbett,0,no article
fighter,Christian Torres,0,no article
fighter,Christian Tosco,0,no article
fighter,Christian Turner,0,no article
fighter,Christian Uflacker,5,Christian Uflacker
fighter,Christian Villela,0,no article
fighter,Christian Wellisch,13,Christian Wellisch
fighter,Christian Ynastrilla,0,no article
fighter,Christian Ynstrala,0,no article
fighter,Christian Zahe,0,no article
fighter,Christian Zamora Lopez,0,no article
fighter,Christiano Frohlich,0,no article
fighter,Christien Savoie,0,no article
fighter,Christina Breuer,3,Christina Breuer
fighter,Christina Marks,0,no article
fighter,Christina Netza,0,no article
fighter,Christine Stanley,9,Christine Stanley
fighter,Christobal Renteria,0,no article
fighter,Christophe Vandijck,0,no article
fighter,Christopher Alvidrez,0,no article
fighter,Christopher Bajo,0,no article
fighter,Christopher Collins,0,no article
fighter,Christopher Daniel,0,no article
fighter,Christopher Duncan,0,no article
fighter,Christopher Ewert,0,no article
fighter,Christopher Foster,0,no article
fighter,Christopher Mickle,0,no article
fighter,Christopher Ortega,0,no article
fighter,Christopher Ramírez,0,no article
fighter,Christopher Reyes,0,no article
fighter,Christopher Wing,0,no article
fighter,Christos Giagos,32,Christos Giagos
fighter,Christos Nicolaou,0,no article
fighter,Christy Tyquiengco,0,no article
fighter,Chuck Adkison,0,no article
fighter,Chuck Campbell,0,no article
fighter,Chuck Grigsby,0,no article
fighter,Chuck Liddell,30,Chuck Liddell
fighter,Chuck Liddell (c),0,no article
fighter,Chuck Mady,0,no article
fighter,Chuck O'Neil,0,no article
fighter,Chuka Willis,0,no article
fighter,Chusap Sor.Salacheep,0,no article
fighter,Chuy Rodriguez,0,no article
fighter,Ciaran Brady,0,no article
fighter,Ciaran Clarke,0,no article
fighter,Ciarán Clarke,0,no article
fighter,Cihad Akipa,0,no article
fighter,Cindy Dandois,24,Cindy Dandois
fighter,Ciprian Chiru,0,no article
fighter,Ciprian Chiru (c),0,no article
fighter,Ciprian Cărăușu,0,no article
fighter,Ciprian Ivan,0,no article
fighter,Ciprian Mariș,0,no article
fighter,Ciprian Mureșan,0,no article
fighter,Ciprian Rață,0,no article
fighter,Ciprian Sofian,0,no article
fighter,Ciran Clarke,0,no article
fighter,Ciro Rodrigues,0,no article
fighter,Ciryl Gane,17,Ciryl Gane
fighter,Ciryl Gane (ic),0,no article
fighter,Claire Guthrie,0,no article
fighter,Claire Henry,0,no article
fighter,Claire Lopez,0,no article
fighter,Claire Rankine,0,no article
fighter,Clara Ricignuolo,0,no article
fighter,Clarence Jordan,0,no article
fighter,Claressa Shields,3,Claressa Shields
fighter,Claude Patrick,16,Claude Patrick
fighter,Claude Wilcox,0,no article
fighter,Claudia Alves,0,no article
fighter,Claudia Zamora,0,no article
fighter,Claudio Annicchiarico,0,no article
fighter,Claudio Iancu,0,no article
fighter,Claudio Ledesma,26,Claudio Ledesma
fighter,Claudio Nardo,0,no article
fighter,Claudio Pacella,0,no article
fighter,Claudio Puelles,20,Claudio Puelles
fighter,Claudio Ribeiro,0,no article
fighter,Claudiu Alexe,0,no article
fighter,Clay Collard,42,Clay Collard
fighter,Clay Davidson,0,no article
fighter,Clay French,26,Clay French
fighter,Clay Guida,63,Clay Guida
fighter,Clay Guida (c),0,no article
fighter,Clay Harvison,23,Clay Harvison
fighter,Clay Mitchell,0,no article
fighter,Clay Uddley,0,no article
fighter,Clay Wimer,0,no article
fighter,Clayton Brown,0,no article
fighter,Clayton Carpenter,0,no article
fighter,Clayton Lee,0,no article
fighter,Clayton MacFarlane,0,no article
fighter,Clayton York,0,no article
fighter,Cleber Luciano,17,Cleber Luciano
fighter,Cleber Sousa,0,no article
fighter,Cleiton Silva,0,no article
fighter,Cleiver Fernandes,0,no article
fighter,Clever Souza,0,no article
fighter,Cliff Wright,33,Cliff Wright (fighter)
fighter,Clifford Starks,19,Clifford Starks
fighter,Clint Coronel,0,no article
fighter,Clint Godfrey,0,no article
fighter,Clint Hester,17,Clint Hester
fighter,Clint Musser,0,no article
fighter,Clinton Williams,0,no article
fighter,Clovis Hancock,0,no article
fighter,Cláudia Gadelha,23,Cláudia Gadelha
fighter,Cláudia Leite,0,no article
fighter,Cláudia Pereira Leite,0,no article
fighter,Cláudio Bento de Meireles,0,no article
fighter,Cláudio Henrique da Silva,0,no article
fighter,Cláudio Ribeiro,0,no article
fighter,Cláudio Silva,18,Cláudio Silva
fighter,Cobey Fehr,0,no article
fighter,Coby Bradford,0,no article
fighter,Codale Ford,0,no article
fighter,Cody Bollinger,0,no article
fighter,Cody Brundage,23,Cody Brundage
fighter,Cody Canterbury,0,no article
fighter,Cody Carillo,0,no article
fighter,Cody Carrillo,0,no article
fighter,Cody Chovancek,0,no article
fighter,Cody Davis,0,no article
fighter,Cody Davis (c),0,no article
fighter,Cody Donovan,13,Cody Donovan
fighter,Cody Durden,30,Cody Durden
fighter,Cody East,0,no article
fighter,Cody Floyd,0,no article
fighter,Cody Freeman,0,no article
fighter,Cody Garbrandt,23,Cody Garbrandt
fighter,Cody Garbrandt (c),0,no article
fighter,Cody Gibson,35,Cody Gibson
fighter,Cody Goodale,0,no article
fighter,Cody Haddon,0,no article
fighter,Cody Herbert,0,no article
fighter,Cody Jerabek,0,no article
fighter,Cody Jerome,0,no article
fighter,Cody Jones,0,no article
fighter,Cody King,0,no article
fighter,Cody Krahn,0,no article
fighter,Cody Land,0,no article
fighter,Cody Law,11,Cody Law
fighter,Cody Lincoln,0,no article
fighter,Cody Linne,0,no article
fighter,Cody Maltais,0,no article
fighter,Cody Matthews,0,no article
fighter,Cody McKenzie,27,Cody McKenzie
fighter,Cody Miskell,0,no article
fighter,Cody Moorman,0,no article
fighter,Cody Noel,0,no article
fighter,Cody Peterson,0,no article
fighter,Cody Pfister,30,Cody Pfister
fighter,Cody Rondeau,0,no article
fighter,Cody Sons,0,no article
fighter,Cody Stamann,31,Cody Stamann
fighter,Cody Stevens,0,no article
fighter,Cody Vidal,0,no article
fighter,Cody Walker,0,no article
fighter,Cody Williams,0,no article
fighter,Cody Yohn,0,no article
fighter,Colbey Northcutt,0,no article
fighter,Colby Covington,22,Colby Covington
fighter,Colby Fletcher,0,no article
fighter,Colby Snyder,0,no article
fighter,Colby Thicknesse,0,no article
fighter,Cole Abate,0,no article
fighter,Cole Alaxanian,0,no article
fighter,Cole Escovedo,26,Cole Escovedo
fighter,Cole Escovedo (c),0,no article
fighter,Cole Faust,0,no article
fighter,Cole Henning,0,no article
fighter,Cole Konrad,9,Cole Konrad
fighter,Cole Konrad (c),0,no article
fighter,Cole Miller,35,Cole Miller
fighter,Cole Province,0,no article
fighter,Cole Smith,10,Cole Smith (fighter)
fighter,Cole Williams,0,no article
fighter,Colin Fletcher,0,no article
fighter,Colin Mannsur,0,no article
fighter,Colin Parr,0,no article
fighter,Colin Robinson,0,no article
fighter,Colleen Schneider,19,Colleen Schneider
fighter,Colley Bradford,0,no article
fighter,Collin Anglin,0,no article
fighter,Collin Hart,0,no article
fighter,Collin Huckbody,0,no article
fighter,Collin Tebo,0,no article
fighter,Colt Hausauer,0,no article
fighter,Coltin Cole,0,no article
fighter,Colton Hamm,0,no article
fighter,Colton Kielbasa,0,no article
fighter,Colton Loud,0,no article
fighter,Colton Smith,21,Colton Smith (fighter)
fighter,Connor Dixon,0,no article
fighter,Connor Hughes,0,no article
fighter,Connor Matthews,0,no article
fighter,Connor Patterson,0,no article
fighter,Connor Penka,0,no article
fighter,Connor Wilson,0,no article
fighter,Conor Heun,14,Conor Heun
fighter,Conor McCarthy,0,no article
fighter,Conor McGregor,30,Conor McGregor
fighter,Conor McGregor (ic),0,no article
fighter,Conrado Flores,0,no article
fighter,Constantin Blanita,0,no article
fighter,Constantin Cretu,0,no article
fighter,Constantin Dănilă,0,no article
fighter,Constantin Gnusariev,0,no article
fighter,Constantin Holdur,0,no article
fighter,Constantin Pîrtea,0,no article
fighter,Constantin Pădure,0,no article
fighter,Constantin Rusu,0,no article
fighter,Cooper Gibson,0,no article
fighter,Corey Anderson,29,Corey Anderson (fighter)
fighter,Corey Browning,0,no article
fighter,Corey Davis,0,no article
fighter,Corey Fry,0,no article
fighter,Corey Gower,0,no article
fighter,Corey Hill,15,Corey Hill
fighter,Corey Jackson,0,no article
fighter,Corey Johnson,0,no article
fighter,Corey McLaughlin,0,no article
fighter,Corey Norman,0,no article
fighter,Corey Salter,0,no article
fighter,Corey Samuels,0,no article
fighter,Corey Tait,0,no article
fighter,Corey Turner,0,no article
fighter,Corina Herrera,0,no article
fighter,Corinne Laframboise,0,no article
fighter,Cornel Thompson,0,no article
fighter,Cornelia Holm,0,no article
fighter,Corneliu Lascăr,0,no article
fighter,Cornelius Savage,0,no article
fighter,Cornellius Aritonang,0,no article
fighter,Corrine Laframboise,0,no article
fighter,Cort Wahle,0,no article
fighter,Cortavious Romious,0,no article
fighter,Cortez Coleman,0,no article
fighter,Cortez Phelia,0,no article
fighter,Cortney Casey,20,Cortney Casey
fighter,Corvan Allen,0,no article
fighter,Cory Cass,0,no article
fighter,Cory Devela,23,Cory Devela
fighter,Cory Galloway,0,no article
fighter,Cory Hendricks,0,no article
fighter,Cory McKenna,12,Cory McKenna
fighter,Cory Robison,0,no article
fighter,Cory Sandhagen,25,Cory Sandhagen
fighter,Cory Walmsley,10,Cory Walmsley
fighter,Cosmin Dușa,0,no article
fighter,Cosmin Grosu,0,no article
fighter,Cosmin Lingurar,0,no article
fighter,Cosmo Alexandre,9,Cosmo Alexandre
fighter,Costas Doru,0,no article
fighter,Costas Philippou,19,Costas Philippou
fighter,Costel Rășcanu,0,no article
fighter,Costello van Steenis,21,Costello van Steenis
fighter,Costello van Steenis (c),0,no article
fighter,Costin Buhnă,0,no article
fighter,Coty Milhausen,0,no article
fighter,Coty Wheeler,20,Coty Wheeler
fighter,Court McGee,40,Court McGee
fighter,Courtney Buck,0,no article
fighter,Courtney King,0,no article
fighter,Crafton Wallace,0,no article
fighter,Craig Campbell,0,no article
fighter,Craig Chesters,0,no article
fighter,Craig Coakley,0,no article
fighter,Craig Eckelberg,0,no article
fighter,Craig Edwards,0,no article
fighter,Craig Fairley,0,no article
fighter,Craig Fruth,0,no article
fighter,Craig Grove,0,no article
fighter,Craig Hudson,0,no article
fighter,Craig McGrattan,0,no article
fighter,Craig McIntosh,0,no article
fighter,Craig Oxley,0,no article
fighter,Craig Plaskett,0,no article
fighter,Craig Rawlins,0,no article
fighter,Craig Turner,0,no article
fighter,Craig White,0,no article
fighter,Craig Wilkerson,0,no article
fighter,Craig Zellner,0,no article
fighter,Cris Cyborg,33,Cris Cyborg
fighter,Cris Cyborg (c),0,no article
fighter,Cris Lencione,0,no article
fighter,Cris Lencioni,0,no article
fighter,Cris Williams,0,no article
fighter,Cristhian Rivas,0,no article
fighter,Cristhian Torres,0,no article
fighter,Cristian Anheliuc,0,no article
fighter,Cristian Constantinov,0,no article
fighter,Cristian Faustino,0,no article
fighter,Cristian García,0,no article
fighter,Cristian Giovannie,0,no article
fighter,Cristian Iorga,0,no article
fighter,Cristian Jiménez,0,no article
fighter,Cristian Mitrea,0,no article
fighter,Cristian Negoiţă,0,no article
fighter,Cristian Nicolae,0,no article
fighter,Cristian Pérez,0,no article
fighter,Cristian Quiñonez,0,no article
fighter,Cristian Quiñónez,24,Cristian Quiñónez
fighter,Cristian Rodrigo Roldan,0,no article
fighter,Cristian Rodriguez Jr.,0,no article
fighter,Cristian Sora,0,no article
fighter,Cristian Soto,0,no article
fighter,Cristian Torres,0,no article
fighter,Cristian de los Santos,0,no article
fighter,Cristiane Justino,0,same article as another: Cris Cyborg
fighter,Cristiane Justino (c),0,no article
fighter,Cristiane Santos,0,same article as another: Cris Cyborg
fighter,Cristiane Santos (c),0,no article
fighter,Cristiano França,0,no article
fighter,Cristiano Kaminishi,0,no article
fighter,Cristiano Marcello,21,Cristiano Marcello
fighter,Cristiano Oliveira,0,no article
fighter,Cristiano Souza,9,Cristiano Souza
fighter,Cristina Brador,0,no article
fighter,Cristina Crist,0,no article
fighter,Cristina Morales,0,no article
fighter,Cristina Stanciu,0,no article
fighter,Crosley Gracie,0,no article
fighter,Cub Swanson,44,Cub Swanson
fighter,Cully Butterfield,0,no article
fighter,Cung Le,12,Cung Le
fighter,Curt Warburton,20,Curt Warburton
fighter,Curtis Blaydes,27,Curtis Blaydes
fighter,Curtis Demarce,0,no article
fighter,Curtis Dodge,0,no article
fighter,Curtis Millender,36,Curtis Millender
fighter,Curtis Richard,0,no article
fighter,Cynthia Arceo,0,no article
fighter,Cynthia Calvillo,23,Cynthia Calvillo
fighter,Cynthia Flores,0,no article
fighter,Cyril Asker,13,Cyril Asker
fighter,Cyrille Diabate,30,Cyrille Diabaté
fighter,Cyrille Diabaté,0,same article as another: Cyrille Diabaté
fighter,Cyrillo Padilha,0,no article
fighter,Cássio Barão Jr.,0,no article
fighter,Cássio Junior,0,no article
fighter,Cédric Doumbé,7,Cédric Doumbé
fighter,Cédric Mongeon,0,no article
fighter,César Almeida,9,César Almeida (fighter)
fighter,César Bravo,0,no article
fighter,César Vázquez,0,no article
fighter,César Vázquez Jr.,0,no article
fighter,Călin Petrișor,0,no article
fighter,Cătălin Alecsuți,0,no article
fighter,Cătălin Cășaru,0,no article
fighter,Cătălin Graure,0,no article
fighter,Cătălin Miron,0,no article
fighter,D'Ante Arnett,0,no article
fighter,D'Juan Owens,0,no article
fighter,D.J. Linderman,0,no article
fighter,DJ Griffin,0,no article
fighter,Da Un Jung,23,Da Woon Jung
fighter,Da Woon Jung,0,same article as another: Da Woon Jung
fighter,Da'Mon Blackshear,0,no article
fighter,DaMarques Johnson,31,DaMarques Johnson
fighter,Daan Duijs,0,no article
fighter,Dada 5000,3,Dada 5000
fighter,Dae Gyu Lim,0,no article
fighter,Dae Hwan Kim,0,no article
fighter,Dae Seong Park,0,no article
fighter,Dae Sung Kim,0,no article
fighter,Dae Sung Park,0,no article
fighter,Dae Sung-park,0,no article
fighter,Dae Won Kim,0,no article
fighter,Dae Young Jang,0,no article
fighter,Daermisi Zhawupasi,0,no article
fighter,Dagi Arslanaliev,0,no article
fighter,Dagoberto Ferreira,0,no article
fighter,Daichi Abe,25,Daichi Abe
fighter,Daichi Akahara,0,no article
fighter,Daichi Date,0,no article
fighter,Daichi Fujiwara,0,no article
fighter,Daichi Tomizawa,0,no article
fighter,Daigo Ishijima,0,no article
fighter,Daijiro Matsui,54,Daijiro Matsui
fighter,Daiju Takase,29,Daiju Takase
fighter,Daiki Hata,45,Daiki Hata
fighter,Daiki Maruyama,0,no article
fighter,Daiki Ozaki,0,no article
fighter,Daiki Tsubota,0,no article
fighter,Daiki Yonekura,0,no article
fighter,Daiqkwon Buckley,0,no article
fighter,Daiqwon Buckley,0,no article
fighter,Daire Toman,0,no article
fighter,Daisuke Hanazawa,0,no article
fighter,Daisuke Komagamine,0,no article
fighter,Daisuke Nakamura,66,Daisuke Nakamura (fighter)
fighter,Daisuke Oishi,0,no article
fighter,Daisuke Sugie,0,no article
fighter,Daisuke Sugishima,0,no article
fighter,Daisuke Watanabe,0,no article
fighter,Daizo Ishige,0,no article
fighter,Daizo Sasaki,0,no article
fighter,Dakota Bush,0,no article
fighter,Dakota Cochrane,57,Dakota Cochrane
fighter,Dakota Ditcheva,16,Dakota Ditcheva
fighter,Dakota Hope,0,no article
fighter,Dakota Zimmerman,0,no article
fighter,Dalcha Lungiambula,17,Dalcha Lungiambula
fighter,Dale Hardiman,0,no article
fighter,Dale Hartt,9,Dale Hartt
fighter,Dale Mitchell,0,no article
fighter,Dale Sopi,0,no article
fighter,Dalibor Anastasov,0,no article
fighter,Dallas Jennings,0,no article
fighter,Dallys Moraes Gama,0,no article
fighter,Dalton Goins,0,no article
fighter,Dalton Rosta,0,no article
fighter,Damacio Page,30,Damacio Page
fighter,Damara Vargas,0,no article
fighter,Dami Egbeyemi,0,no article
fighter,Damian Fernández,0,no article
fighter,Damian Frankiewicz,0,no article
fighter,Damian Grabowski,27,Damian Grabowski
fighter,Damian Janikowski,20,Damian Janikowski
fighter,Damian Mieczkowski,0,no article
fighter,Damian Norris,0,no article
fighter,Damian Pinas,0,no article
fighter,Damian Piwowarczyk,16,Damian Piwowarczyk
fighter,Damian Rzepecki,11,Damian Rzepecki
fighter,Damian Stasiak,25,Damian Stasiak
fighter,Damian Vitale,0,no article
fighter,Damian Zaharia,0,no article
fighter,Damiano Scogna,0,no article
fighter,Damien Anderson,0,no article
fighter,Damien Brown,32,Damien Brown (fighter)
fighter,Damien Hill,0,no article
fighter,Damien Lapilus,0,no article
fighter,Damien McGuigan,0,no article
fighter,Damien McKenna,0,no article
fighter,Damien Stelly,0,no article
fighter,Damien Trites,0,no article
fighter,Damion Douglas,0,no article
fighter,Damion Hill,0,no article
fighter,Damion Nelson,0,no article
fighter,Damion Shehan,0,no article
fighter,Damir Ferhatbegovic,0,no article
fighter,Damir Hadžović,22,Damir Hadžović
fighter,Damir Ismagulov,30,Damir Ismagulov
fighter,Damián Fernández,0,no article
fighter,Damon Bell,0,no article
fighter,Damon Donald,0,no article
fighter,Damon Jackson,34,Damon Jackson
fighter,Damon Wilson,0,no article
fighter,Dan Argueta,0,no article
fighter,Dan Barrera,0,no article
fighter,Dan Bonnell,0,no article
fighter,Dan Cassell,0,no article
fighter,Dan Charles,19,Dan Charles
fighter,Dan Christison,27,Dan Christison
fighter,Dan Cormier,0,no article
fighter,Dan Cramer,15,Dan Cramer
fighter,Dan Edwards,0,no article
fighter,Dan Evensen,15,Dan Evensen
fighter,Dan Fâșie,0,no article
fighter,Dan Hardy,36,Dan Hardy
fighter,Dan Henderson,47,Dan Henderson
fighter,Dan Henderson (Pride Champion),0,no article
fighter,Dan Hooker,39,Dan Hooker
fighter,Dan Hornbuckle,35,Dan Hornbuckle
fighter,Dan Huber,0,no article
fighter,Dan Ige,31,Dan Ige
fighter,Dan Keenan,0,no article
fighter,Dan Kelly,17,Dan Kelly (fighter)
fighter,Dan Konecke,0,no article
fighter,Dan Konecke (c),0,no article
fighter,Dan Lariviere,0,no article
fighter,Dan Lauzon,23,Dan Lauzon
fighter,Dan Marks,0,no article
fighter,Dan Miller,23,Dan Miller (fighter)
fighter,Dan Molina,0,no article
fighter,Dan Moret,0,no article
fighter,Dan Moriarty,0,no article
fighter,Dan Mătuşa,0,no article
fighter,Dan Olajiga,0,no article
fighter,Dan O’Connor,0,no article
fighter,Dan Ring,0,no article
fighter,Dan Spohn,36,Daniel Spohn
fighter,Dan Stittgen,0,no article
fighter,Dan Tamura,0,no article
fighter,Dan Tudoran,0,no article
fighter,Dan Vinni,0,no article
fighter,Dana García,0,no article
fighter,Dana Zighelboim Grau,0,no article
fighter,Danaa Batgerel,19,Danaa Batgerel
fighter,Danasabe Mohammed,0,no article
fighter,Dane Bonnigson,0,no article
fighter,Dane Sayers,0,no article
fighter,Dangkongfah Banchamek,0,no article
fighter,Dani Traore,0,no article
fighter,Dania Ouhachi,0,no article
fighter,Danial Williams,10,Danial Williams
fighter,Daniel Acacio,50,Daniel Acácio
fighter,Daniel Alexandru,0,no article
fighter,Daniel Araújo,0,no article
fighter,Daniel Araújo Figueiredo,0,no article
fighter,Daniel Argueta,0,no article
fighter,Daniel Bainbridge,0,no article
fighter,Daniel Barez,0,no article
fighter,Daniel Boehle,0,no article
fighter,Daniel Bolfă,0,no article
fighter,Daniel Bzdigian,0,no article
fighter,Daniel Bárez,0,no article
fighter,Daniel Carey,0,no article
fighter,Daniel Chrzanowski,0,no article
fighter,Daniel Compton,0,no article
fighter,Daniel Corbeanu,0,no article
fighter,Daniel Cormier,26,Daniel Cormier
fighter,Daniel Cormier (c),0,no article
fighter,Daniel Crawford,0,no article
fighter,Daniel Crooks-May,0,no article
fighter,Daniel Cruz,0,no article
fighter,Daniel De La Cruz,0,no article
fighter,Daniel Frunza,0,no article
fighter,Daniel Frunză,0,no article
fighter,Daniel Gadley,0,no article
fighter,Daniel Gallemore,13,Daniel Gallemore
fighter,Daniel Gonzales,0,no article
fighter,Daniel Gonzalez,0,no article
fighter,Daniel Gracie,10,Daniel Gracie
fighter,Daniel Handrea,0,no article
fighter,Daniel Hernández Bonal,0,no article
fighter,Daniel Hoffpauir,0,no article
fighter,Daniel Holt,0,no article
fighter,Daniel Hromek,0,no article
fighter,Daniel James,28,Daniel James (fighter)
fighter,Daniel James Allen,0,no article
fighter,Daniel Jefferson,0,no article
fighter,Daniel Jolly,0,no article
fighter,Daniel Karlsson,0,no article
fighter,Daniel Kolasiński,0,no article
fighter,Daniel Konrad,0,no article
fighter,Daniel Lacerda,0,no article
fighter,Daniel Ladero,0,no article
fighter,Daniel Langbeen,0,no article
fighter,Daniel Leyva Villagra,0,no article
fighter,Daniel Lezama,0,no article
fighter,Daniel Ligocki,0,no article
fighter,Daniel Lugo,0,no article
fighter,Daniel Luna,0,no article
fighter,Daniel Lyons,0,no article
fighter,Daniel Madrid,0,no article
fighter,Daniel Makin,0,no article
fighter,Daniel Marcos,21,Daniel Marcos
fighter,Daniel Mark,0,no article
fighter,Daniel Mashamaite,0,no article
fighter,Daniel Mason-Straus,38,Daniel Straus (fighter)
fighter,Daniel McWilliams,0,no article
fighter,Daniel Mocanu,0,no article
fighter,Daniel Morales,0,no article
fighter,Daniel Nuñez,0,no article
fighter,Daniel Olejniczak,0,no article
fighter,Daniel Oliveira,0,no article
fighter,Daniel Omielańczuk,42,Daniel Omielańczuk
fighter,Daniel Ortiz,0,no article
fighter,Daniel Oseguera,0,no article
fighter,Daniel Park,0,no article
fighter,Daniel Pineda,48,Daniel Pineda (fighter)
fighter,Daniel Puder,7,Daniel Puder
fighter,Daniel Puertas Gallardo,0,no article
fighter,Daniel Reis,0,no article
fighter,Daniel Reyes,0,no article
fighter,Daniel Rico,0,no article
fighter,Daniel Rincón,0,no article
fighter,Daniel Roberts,22,Daniel Roberts (fighter)
fighter,Daniel Rodriguez,26,Daniel Rodriguez (fighter)
fighter,Daniel Rutkowski,25,Daniel Rutkowski
fighter,Daniel Salas,0,no article
fighter,Daniel Santos,17,Daniel Santos (fighter)
fighter,Daniel Sarafian,20,Daniel Sarafian
fighter,Daniel Sathler,0,no article
fighter,Daniel Scatizzi,0,no article
fighter,Daniel Schmitt,0,no article
fighter,Daniel Schordje,0,no article
fighter,Daniel Schwindt,0,no article
fighter,Daniel Skibiński,35,Daniel Skibiński
fighter,Daniel Solaja,0,no article
fighter,Daniel Soto,0,no article
fighter,Daniel Spitz,9,Daniel Spitz
fighter,Daniel Spohn,0,same article as another: Daniel Spohn
fighter,Daniel Stinghe,0,no article
fighter,Daniel Straus,0,same article as another: Daniel Straus (fighter)
fighter,Daniel Straus (c),0,no article
fighter,Daniel Swain,0,no article
fighter,Daniel Tabera,0,no article
fighter,Daniel Teymur,10,Daniel Teymur
fighter,Daniel Toledo Canellas,0,no article
fighter,Daniel Torres,0,no article
fighter,Daniel Tărchilă,0,no article
fighter,Daniel Vega,0,no article
fighter,Daniel Vizcaya,0,no article
fighter,Daniel Weichel,58,Daniel Weichel
fighter,Daniel Zellhuber,19,Daniel Zellhuber
fighter,Daniel da Silva,0,no article
fighter,Daniel Škvor,15,Daniel Škvor
fighter,Daniela Antonelli,0,no article
fighter,Daniela Hernández,0,no article
fighter,Daniela López,0,no article
fighter,Daniela Meléndez,0,no article
fighter,Daniela Sanches,0,no article
fighter,Daniela Villasmil,0,no article
fighter,Daniele Battaglia,0,no article
fighter,Daniele Miceli,0,no article
fighter,Daniele Scatizzi,0,no article
fighter,Danielle Hindley,0,no article
fighter,Danielle Kelly,0,no article
fighter,Danielle Kelly (c),0,no article
fighter,Danielle Misteli,0,no article
fighter,Danielle Taylor,20,Danielle Taylor (fighter)
fighter,Daniil Donchenko,0,no article
fighter,Daniil Matsola,0,no article
fighter,Danijel Aranđelović,0,no article
fighter,Danila Prikaza,0,no article
fighter,Danillo Villefort,21,Danillo Villefort
fighter,Danilo Adreani,0,no article
fighter,Danilo Belluardo,0,no article
fighter,Danilo Marques,21,Danilo Marques
fighter,Danilo Moreira,0,no article
fighter,Danilo Rodaki,0,no article
fighter,Danilo Suzart,0,no article
fighter,Daniyal Zainalov,0,no article
fighter,Daniyar Koishybek,0,no article
fighter,Danni McCormack,11,Danni McCormack
fighter,Danni Neilan,0,no article
fighter,Danny Abbadi,0,no article
fighter,Danny Barlow,0,no article
fighter,Danny Batten,0,no article
fighter,Danny Blundell,0,no article
fighter,Danny Castillo,27,Danny Castillo
fighter,Danny Chavez,18,Danny Chavez
fighter,Danny Compton,0,no article
fighter,Danny Davis Jr.,0,no article
fighter,Danny Doig,0,no article
fighter,Danny Downes,11,Danny Downes
fighter,Danny Hartwell,0,no article
fighter,Danny Henry,16,Danny Henry
fighter,Danny Kingad,21,Danny Kingad
fighter,Danny Mainus,0,no article
fighter,Danny Martinez,30,Danny Martinez
fighter,Danny Martínez,0,no article
fighter,Danny Mitchell,30,Danny Mitchell (fighter)
fighter,Danny Navarro,0,no article
fighter,Danny Orr,0,no article
fighter,Danny Ramirez,0,no article
fighter,Danny Roberts,27,Danny Roberts (fighter)
fighter,Danny Sabatello,24,Danny Sabatello
fighter,Danny Sabatello (c),0,no article
fighter,Danny Silva,0,no article
fighter,Danny Somers,0,no article
fighter,Danny Sykora,0,no article
fighter,Danny Tims,0,no article
fighter,Danny van Bergen,0,no article
fighter,Dano Moore,0,no article
fighter,Dansheel Moodley,0,no article
fighter,Dante Leon,0,no article
fighter,Dante Rivera,23,Dante Rivera
fighter,Dante Schiro,0,no article
fighter,Dante Shiro,0,no article
fighter,Danyelle Wolf,1,Danyelle Wolf
fighter,Danylo Voievodkin,0,no article
fighter,Dara Ward,0,no article
fighter,Daria Zheleznyakova,0,no article
fighter,Darian Weeks,0,no article
fighter,Darina Mazdyuk,0,no article
fighter,Dario Bellandi (c),0,no article
fighter,Dario Drotar,0,no article
fighter,Darion Abbey,0,no article
fighter,Darius Argyo,0,no article
fighter,Darius Buda,0,no article
fighter,Darius Estell,0,no article
fighter,Darius Mafi,0,no article
fighter,Darko Banovic,0,no article
fighter,Darko Stošić,32,Darko Stošić
fighter,Daron Cruickshank,40,Daron Cruickshank
fighter,Darragh Kelly,0,no article
fighter,Darrell Horcher,22,Darrell Horcher
fighter,Darrell Montague,18,Darrell Montague
fighter,Darrell Montague (c),0,no article
fighter,Darrell Wood,0,no article
fighter,Darren Costa,0,no article
fighter,Darren Elkins,42,Darren Elkins
fighter,Darren Mima,0,no article
fighter,Darren Smith,0,no article
fighter,Darren Smith Jr.,0,no article
fighter,Darren Stewart,28,Darren Stewart
fighter,Darren Till,26,Darren Till
fighter,Darren Uyenoyama,16,Darren Uyenoyama
fighter,Darrick Minner,43,Darrick Minner
fighter,Darrill Schoonover,0,no article
fighter,Darrion Caldwell,22,Darrion Caldwell
fighter,Darrion Caldwell (c),0,no article
fighter,Darrius Flowers,0,no article
fighter,Darryl Booker,0,no article
fighter,Darryl Cobb,0,no article
fighter,Darryl King Walker,0,no article
fighter,Darya Zheleznyakova,0,no article
fighter,Daryl Lokoku,0,no article
fighter,Daryl Wilson,0,no article
fighter,Dashawn Boatwright,0,no article
fighter,Dashiande Harris-Moore,0,no article
fighter,Dashon Johnson,0,no article
fighter,Dastan Amangeldy,0,no article
fighter,Daud Shaikhaev,0,no article
fighter,Dauda Rajabu,0,no article
fighter,Dauren Ermekov,0,no article
fighter,Davaajamts Batsuren,0,no article
fighter,Dave Acosta,0,no article
fighter,Dave Branch,29,David Branch (fighter)
fighter,Dave Cochran,0,no article
fighter,Dave Courchaine,0,no article
fighter,Dave Cryer,0,no article
fighter,Dave Galera,0,no article
fighter,Dave Herman,28,Dave Herman (fighter)
fighter,Dave Huckaba,0,no article
fighter,Dave Hurst,0,no article
fighter,Dave Jansen,24,Dave Jansen
fighter,Dave Kaplan,0,no article
fighter,Dave Latoria,0,no article
fighter,Dave Marfone,0,no article
fighter,Dave Martin,0,no article
fighter,Dave Menne,64,Dave Menne
fighter,Dave Mewborn,0,no article
fighter,Dave Morgan,0,no article
fighter,Dave Overfield,0,no article
fighter,Dave Sharp,0,no article
fighter,Dave Terrel,0,no article
fighter,Dave Vitkay,32,Dave Vitkay
fighter,Dave Zitanick,0,no article
fighter,Davey Grant,26,Davey Grant
fighter,Davi Bittencourt,0,no article
fighter,Davi Costa,0,no article
fighter,Davi Ramos,21,Davi Ramos
fighter,Davi Santos,0,no article
fighter,David Abbott,25,Tank Abbott
fighter,David Abisror,0,no article
fighter,David Allakhverdiev,0,no article
fighter,David Allakhverdiev (c),0,no article
fighter,David Allen,0,no article
fighter,David Aranda Santacana,0,no article
fighter,David Armas,0,no article
fighter,David Avellan,3,David Avellan
fighter,David Baron,22,David Baron (fighter)
fighter,David Barrios,0,no article
fighter,David Bento,0,no article
fighter,David Berai Quiros,0,no article
fighter,David Bielkheden,39,David Bielkheden
fighter,David Blanco,0,no article
fighter,David Blattman,0,no article
fighter,David Bosnick,0,no article
fighter,David Branch,0,same article as another: David Branch (fighter)
fighter,David Branch (c),0,no article
fighter,David Briones,0,no article
fighter,David Brown,0,no article
fighter,David Constantin,0,no article
fighter,David Conte,0,no article
fighter,David Douglas,22,David Douglas (fighter)
fighter,David Duran,0,no article
fighter,David Dvořák,29,David Dvořák
fighter,David Dzhibilov,0,no article
fighter,David Enriquez,0,no article
fighter,David Evans,0,no article
fighter,David Evenson,0,no article
fighter,David Forster,0,no article
fighter,David Garcia,0,no article
fighter,David Gardner,0,no article
fighter,David Garmo,0,no article
fighter,David Gladfelter,0,no article
fighter,David Gomez,0,no article
fighter,David Hammons,0,no article
fighter,David Harris,0,no article
fighter,David Heath,25,David Heath (fighter)
fighter,David Hernández,0,no article
fighter,David Hošek,0,no article
fighter,David Huckaba,0,no article
fighter,David Hulett,0,no article
fighter,David Ibarra,0,no article
fighter,David Jacobsson,0,no article
fighter,David Jordan,0,no article
fighter,David Khalsa,0,no article
fighter,David Knutsen,0,no article
fighter,David Kozma,0,no article
fighter,David Lee,0,no article
fighter,David Letourneau,0,no article
fighter,David Lloyd,0,no article
fighter,David Loiseau,34,David Loiseau
fighter,David Luna,0,no article
fighter,David Malka,0,no article
fighter,David Mariscal,0,no article
fighter,David Mariscal (c),0,no article
fighter,David Mariscal Jr.,0,no article
fighter,David Marshall,0,no article
fighter,David Martinez,0,no article
fighter,David Martínez,16,David Martínez (fighter)
fighter,David McKinney,0,no article
fighter,David Meak,0,no article
fighter,David Mendoza,0,no article
fighter,David Meshkhoradze,0,no article
fighter,David Mgoyan,0,no article
fighter,David Michaud,24,David Michaud
fighter,David Miramontes,0,no article
fighter,David Mitchell,29,David Mitchell (fighter)
fighter,David Mora,0,no article
fighter,David Morales,0,no article
fighter,David Mundell,26,David Mundell (fighter)
fighter,David Nelson,0,no article
fighter,David Nuzzo,0,no article
fighter,David Onama,17,David Onama
fighter,David Pacheco,0,no article
fighter,David Perron,0,no article
fighter,David Piechaczek,0,no article
fighter,David Pérez,0,no article
fighter,David Rangel,0,no article
fighter,David Rasouri,0,no article
fighter,David Richardson,0,no article
fighter,David Rickels,32,David Rickels
fighter,David Rivera-Cruz,0,no article
fighter,David Round,0,no article
fighter,David Samuel,0,no article
fighter,David Secaida,0,no article
fighter,David Smith,6,David Smith (fighter)
fighter,David Solorzano,0,no article
fighter,David Suruy,0,no article
fighter,David Swanson,0,no article
fighter,David Terrell,8,David Terrell (fighter)
fighter,David Teymur,13,David Teymur
fighter,David Tonatiuh Crol,0,no article
fighter,David Trujillo,0,no article
fighter,David Valente,0,no article
fighter,David Wright,0,no article
fighter,David Zawada,33,David Zawada
fighter,David Zelner,0,no article
fighter,David Zoula,0,no article
fighter,David-Tonatiuh Crol,0,no article
fighter,Davide Armanini,0,no article
fighter,Davide Manente,0,no article
fighter,Davide Scarano,0,no article
fighter,Davie McLaughlin,0,no article
fighter,Davin Clark,0,no article
fighter,Davion Franklin,9,Davion Franklin
fighter,Davion Trotter,0,no article
fighter,Davis Knutsen,0,no article
fighter,Davis Sylvester,0,no article
fighter,Davit Kiria,0,no article
fighter,Davlatmand Chuponov,0,no article
fighter,Davlet Karataev,0,no article
fighter,Davron Kholmatov,0,no article
fighter,Davy Gallon,0,no article
fighter,Davíd Mendoza,0,no article
fighter,Dawid Jarowienko,0,no article
fighter,Dawid Kareta,0,no article
fighter,Dawid Kasperski,4,Dawid Kasperski
fighter,Dawid Kuczmarski,9,Dawid Kuczmarski
fighter,Dawid Śmiełowski,0,no article
fighter,Dawna Aung,0,no article
fighter,Dawond Pickney,0,no article
fighter,Dayan Pantoja,0,no article
fighter,Dayana Silva,19,Dayana Silva
fighter,Dayane Cardoso,0,no article
fighter,Dayane Cristina,0,no article
fighter,Dayane Souza,0,no article
fighter,Dayane de Souza,0,no article
fighter,Dayerlin Colmenares,0,no article
fighter,DeAnna Bennett,29,DeAnna Bennett
fighter,DeMarco Villalona,0,no article
fighter,DeMarcus Brown,0,no article
fighter,DeMarcus Simmons,0,no article
fighter,DeMarques Jackson,0,no article
fighter,DeRay Davis,0,no article
fighter,DeWayne Diggs,0,no article
fighter,Dean Amasinger,0,no article
fighter,Dean Barry,0,no article
fighter,Dean Garnett,0,no article
fighter,Dean Hancock,0,no article
fighter,Dean Lista,0,no article
fighter,Dean Lister,20,Dean Lister
fighter,Dean Trueman,0,no article
fighter,Debi Purcell,6,Debi Purcell
fighter,Deborah Kouzmin,0,no article
fighter,Dec Dean,0,no article
fighter,Decky McAleenan,0,no article
fighter,Declan Moody,0,no article
fighter,Dedduanglek Tded99,0,no article
fighter,Dedduanglek Wankhongohm MBK,0,no article
fighter,Dedrek Sanders,0,no article
fighter,Dee Begley,0,no article
fighter,Deiveson Figueiredo,33,Deiveson Figueiredo
fighter,Deiveson Figueiredo (c),0,no article
fighter,Deividas Taurosevičius,22,Deividas Taurosevičius
fighter,Dejdamrong Sor Amnuaysirichoke,19,Dejdamrong Sor Amnuaysirichoke
fighter,Dejdamrong Sor Amnuaysirichoke (c),0,no article
fighter,Dejon Daniels,0,no article
fighter,Del Hawkins,0,no article
fighter,Delan Monte,0,no article
fighter,Delfino Benitez,0,no article
fighter,Delia Georgescu,0,no article
fighter,Delmar Silva,0,no article
fighter,Delon Williams,0,no article
fighter,Delphine Benouaich,0,no article
fighter,Delson Heleno,0,no article
fighter,Delton Kaufmann,0,no article
fighter,Delyan Georgiev,0,no article
fighter,Demario Cade,0,no article
fighter,Demarques Jackson,0,no article
fighter,Demarte Pena,0,no article
fighter,Demba Seck,0,no article
fighter,Demetrios Plaza,0,no article
fighter,Demetrious Johnson,39,Demetrious Johnson
fighter,Demetrious Johnson (c),0,no article
fighter,Demetrius Richards,0,no article
fighter,Demetrius Wilson,0,no article
fighter,Demi Deeds,0,no article
fighter,Demian Maia,39,Demian Maia
fighter,Demison Rodrigues,0,no article
fighter,Demoreo Dennis,0,no article
fighter,Denice Zamboanga,14,Denice Zamboanga
fighter,Denilson Neves de Oliveira,0,no article
fighter,Denis Araujo,0,no article
fighter,Denis Frimpong,0,no article
fighter,Denis Goltsov,46,Denis Goltsov
fighter,Denis Gondžala,0,no article
fighter,Denis Górniak,0,no article
fighter,Denis Izmodenov,0,no article
fighter,Denis Kang,55,Denis Kang
fighter,Denis Maher,0,no article
fighter,Denis Palancica,0,no article
fighter,Denis Puric,0,no article
fighter,Denis Purić,0,no article
fighter,Denis Silva,0,no article
fighter,Denis Smoldarev,0,no article
fighter,Denis Stojnić,0,no article
fighter,Denis Tiuliulin,0,no article
fighter,Denis Tripšanský,0,no article
fighter,Denise Gomes,16,Denise Gomes
fighter,Denise Kielholtz,15,Denise Kielholtz
fighter,Denise Kielholtz (c),0,no article
fighter,Deniz Ilbay,0,no article
fighter,Denkriangkrai Singha Mawynn,0,no article
fighter,Dennis Bermudez,28,Dennis Bermudez
fighter,Dennis Bryant,0,no article
fighter,Dennis Buzukja,0,no article
fighter,Dennis Dombrow,0,no article
fighter,Dennis Hallman,76,Dennis Hallman
fighter,Dennis Hughes,0,no article
fighter,Dennis Olson,0,no article
fighter,Dennis Siver,35,Dennis Siver
fighter,Denylson Martínez,0,no article
fighter,Denys Bondar,0,no article
fighter,Denzel Freeman,0,no article
fighter,Deon Clash,0,no article
fighter,Dequan Townsend,40,Dequan Townsend
fighter,Deray Davis,0,no article
fighter,Derek Anderson,22,Derek Anderson (fighter)
fighter,Derek Arcement,0,no article
fighter,Derek Benoit,0,no article
fighter,Derek Bohi,0,no article
fighter,Derek Boyle,0,no article
fighter,Derek Brenon,0,no article
fighter,Derek Brunson,32,Derek Brunson
fighter,Derek Campos,36,Derek Campos
fighter,Derek Downey,0,no article
fighter,Derek Getzel,0,no article
fighter,Derek Palmer,0,no article
fighter,Derek Parker,0,no article
fighter,Derek Smith,0,no article
fighter,Derek Varin,0,no article
fighter,Derek Wilson,0,no article
fighter,Derick Garcia Borges,0,no article
fighter,Derion Chapman,0,no article
fighter,Deron Carlis,0,no article
fighter,Deron Winn,10,Deron Winn
fighter,Derrick Adkins,0,no article
fighter,Derrick Burnsed,0,no article
fighter,Derrick Kennington,0,no article
fighter,Derrick Krantz,38,Derrick Krantz
fighter,Derrick Krantz (c),0,no article
fighter,Derrick Lewis,44,Derrick Lewis
fighter,Derrick Mandell,0,no article
fighter,Derrick Mehmen,29,Derrick Mehmen
fighter,Derrick Noble,0,no article
fighter,Derrick Patterson,0,no article
fighter,Derrick Ruffin,0,no article
fighter,Derrick Weaver,0,no article
fighter,Desi Rahayu,0,no article
fighter,Desiree Yanez,0,no article
fighter,Desmond Awa Tamungang,0,no article
fighter,Desmond Green,38,Desmond Green
fighter,Desmond Torres,0,no article
fighter,Destanie Yarbrough,0,Destanie Yarbrough
fighter,Devante Sewell,0,no article
fighter,Deven Fisher,0,no article
fighter,Deven Paulsen,0,no article
fighter,Devhonte Johnson,0,no article
fighter,Devin Clark,24,Devin Clark (fighter)
fighter,Devin Cole,31,Devin Cole
fighter,Devin Goodale,0,no article
fighter,Devin Howard,0,no article
fighter,Devin Johnson,0,no article
fighter,Devin Miller,0,no article
fighter,Devin Powell,14,Devin Powell
fighter,Devin Smyth,0,no article
fighter,Devin Turner,0,no article
fighter,Devon Brock,0,no article
fighter,Devon Dixon,0,no article
fighter,Devon Jackson,0,no article
fighter,Devon Lozej,0,no article
fighter,Devon Simons,0,no article
fighter,Devonte Smith,15,Devonte Smith
fighter,Devorious Tubbs,0,no article
fighter,Dewey Cooper,3,Dewey Cooper
fighter,Dey McIntosh,0,no article
fighter,Deyan Galinov,0,no article
fighter,Dhiego Lima,30,Dhiego Lima
fighter,Dhouglas Ribeiro,0,no article
fighter,Diamantis Chondronikolas,0,no article
fighter,Diamond Long,0,no article
fighter,Diamond Rose The Rocket,0,no article
fighter,Diana Avsaragova,8,Diana Avsaragova
fighter,Diana Belbiţă,25,Diana Belbiță
fighter,Diana García,0,no article
fighter,Diana Reyes,0,no article
fighter,Diandra Martin,0,no article
fighter,Dias Yerengaipov,0,no article
fighter,Diego Alemán,0,no article
fighter,Diego Baltazar,0,no article
fighter,Diego Bandu,0,no article
fighter,Diego Barbosa,0,no article
fighter,Diego Bautista,0,no article
fighter,Diego Beristaín,0,no article
fighter,Diego Bianchini,0,no article
fighter,Diego Bigelow,0,no article
fighter,Diego Brandao,54,Diego Brandão
fighter,Diego Brandão,0,same article as another: Diego Brandão
fighter,Diego Dias,0,no article
fighter,Diego Dickson Alves,0,no article
fighter,Diego Freitas,0,no article
fighter,Diego García,0,no article
fighter,Diego Garijo,0,no article
fighter,Diego González,0,no article
fighter,Diego Henrique,0,no article
fighter,Diego Herzog,0,no article
fighter,Diego Illescas,0,no article
fighter,Diego Lopes,36,Diego Lopes (fighter)
fighter,Diego Lopes (c),0,no article
fighter,Diego Marchen,0,no article
fighter,Diego Melendez,0,no article
fighter,Diego Nunes,35,Diego Nunes (fighter)
fighter,Diego Orozco,0,no article
fighter,Diego Ortiz,0,no article
fighter,Diego Ortíz,0,no article
fighter,Diego Paez,0,no article
fighter,Diego Paiva,0,no article
fighter,Diego Pichilingue,0,no article
fighter,Diego Rivas,9,Diego Rivas (fighter)
fighter,Diego Rivera,0,no article
fighter,Diego Sanchez,47,Diego Sanchez
fighter,Diego Saraiva,0,no article
fighter,Diego Silva,0,no article
fighter,Diego Silva Costa,0,no article
fighter,Diego Vazquez,0,no article
fighter,Diego Velazco,0,no article
fighter,Diego Villar,0,no article
fighter,Diego Visanzay,0,no article
fighter,Diego Visanzay Lencina,0,no article
fighter,Diego Vital,0,no article
fighter,Dietter Navarro,0,no article
fighter,Dieye Papa Badara,0,no article
fighter,Dilano Taylor,0,no article
fighter,Dileno Lopes,0,no article
fighter,Dillion Cox,0,no article
fighter,Dillon Danis,3,Dillon Danis
fighter,Dima Gerasimov,0,no article
fighter,Dimitre Ivy,0,no article
fighter,Dimitrios Tzeiranidis,0,no article
fighter,Dimitry Babkin,0,no article
fighter,Dimitry Solimeis,0,no article
fighter,Din Thomas,36,Din Thomas
fighter,Dina Osman,0,no article
fighter,Ding Meng,0,no article
fighter,Dinis Paiva,0,no article
fighter,Dinislam Kamavov,0,no article
fighter,Dinu Bucaleț,0,no article
fighter,Diogo Reis,0,no article
fighter,Diogo Sotero,0,no article
fighter,Dion Staring,0,no article
fighter,Dione Barbosa,0,no article
fighter,Dionisio Ramirez,0,no article
fighter,Diyar Nurgozhay,0,no article
fighter,Djamil Chan,0,no article
fighter,Djatmiko Waluyo,0,no article
fighter,Djeyhun Godjali,0,no article
fighter,Djibril Ehouo,0,no article
fighter,Djorden Ribeiro dos Santos,0,no article
fighter,Djorden Santos,0,no article
fighter,Djulia Ariana,0,no article
fighter,Dmitrii Ceacusta,0,no article
fighter,Dmitrii Kovtun,0,no article
fighter,Dmitriy Aryshev,0,no article
fighter,Dmitriy Sosnovskiy,0,no article
fighter,Dmitriy Vezhenko,0,no article
fighter,Dmitriy Zasinets,0,no article
fighter,Dmitry Aryshev,0,no article
fighter,Dmitry Gerasimov,0,no article
fighter,Dmitry Menshikov,0,no article
fighter,Dmitry Smolyakov,0,no article
fighter,Dmytrii Hrytsenko,0,no article
fighter,Do Hyung Kwon,0,no article
fighter,Do Young Hong,0,no article
fighter,Doan Birawa,0,no article
fighter,Dodi Mardian,0,no article
fighter,Dokmaipa Fairtex,0,no article
fighter,Dokonjonosuke Mishima,30,Dokonjonosuke Mishima
fighter,Dom Clark,0,no article
fighter,Dom Mar Fan,0,no article
fighter,Dom O'Grady,0,no article
fighter,Domen Drnovšek,0,no article
fighter,Domen Vergles,0,no article
fighter,Domenico Lomurno,0,no article
fighter,Domingo Pilarte,12,Domingo Pilarte (fighter)
fighter,Domingos Barros,0,no article
fighter,Dominic Brown,0,no article
fighter,Dominic Clark,0,no article
fighter,Dominic Garcia,0,no article
fighter,Dominic Jones,0,no article
fighter,Dominic Lacroix,0,no article
fighter,Dominic Mazzotta,0,no article
fighter,Dominic Schober,0,no article
fighter,Dominic Sumner,0,no article
fighter,Dominic Waters,0,no article
fighter,Dominick Cruz,28,Dominick Cruz
fighter,Dominick Cruz (c),0,no article
fighter,Dominick Mazzotta,0,no article
fighter,Dominick Reyes,20,Dominick Reyes
fighter,Dominico Salas,0,no article
fighter,Dominik Gabner,0,no article
fighter,Dominik Humburger,0,no article
fighter,Dominik Mazur,0,no article
fighter,Dominik Toporcer,0,no article
fighter,Dominik Zadora,0,no article
fighter,Dominique Chisem,0,no article
fighter,Dominique Robinson,0,no article
fighter,Dominique Steele,32,Dominique Steele
fighter,Dominique Wooding,0,no article
fighter,Dominykas Norkus,0,no article
fighter,Domonic Montoya,0,no article
fighter,Don Carlo-Clauss,0,no article
fighter,Don Frye,31,Don Frye
fighter,Don Madge,0,no article
fighter,Don Shainis,0,no article
fighter,Don'Tale Mayes,22,Don'Tale Mayes
fighter,Donald Bush,0,no article
fighter,Donald Cerrone,5,Donald Cerrone
fighter,Donald Sanchez,58,Donald Sanchez
fighter,Donavon Frelow,0,no article
fighter,Donavon Hedrick,0,no article
fighter,Donegi Abena,1,Donegi Abena
fighter,Dong Gook Shin,0,no article
fighter,Dong Guk Shin,0,no article
fighter,Dong Hwan Lim,0,no article
fighter,Dong Hyeok Ko,0,no article
fighter,Dong Hyuk Ko,0,no article
fighter,Dong Hyun Bae,0,no article
fighter,Dong Hyun Kim,28,Dong Hyun Kim
fighter,Dong Hyun Ma,29,Dong Hyun Ma
fighter,Dong Kook Kang,0,no article
fighter,Dong Sik Yoon,19,Yoon Dong-sik
fighter,Dong Soo Seo,0,no article
fighter,Dong Woo Jang,0,no article
fighter,Dong-wook Kim,0,no article
fighter,Dongi Yang,18,Yang Dongi
fighter,Doniyor Yokubjonov,0,no article
fighter,Donna Cheli,0,no article
fighter,Donnie Ballou,0,no article
fighter,Donnie Liles,0,no article
fighter,Donny Matos,0,no article
fighter,Donny Rider,0,no article
fighter,Donny Walker,25,Donny Walker
fighter,Donny Walker (c),0,no article
fighter,Donovan Beard,0,no article
fighter,Donovan Foley,0,no article
fighter,Donte Johnson,0,no article
fighter,Donyiell Winrow,0,no article
fighter,Doo Je Jung,0,no article
fighter,Doo Kwang Jeon,0,no article
fighter,Doo Seok Oh,0,no article
fighter,Dorian Olivarez,0,no article
fighter,Dorian Price,0,no article
fighter,Dorian Ramos,0,no article
fighter,Dorin Stan,0,no article
fighter,Dorval Jordan,0,no article
fighter,Doug Evans,24,Doug Evans (fighter)
fighter,Doug Frey,0,no article
fighter,Doug Gordon,0,no article
fighter,Doug Hunt,0,no article
fighter,Doug Kay,0,no article
fighter,Doug Marshall,26,Doug Marshall
fighter,Doug Marshall (c),0,no article
fighter,Doug Usher,0,no article
fighter,Douglas Andrew,0,no article
fighter,Douglas Evans,0,no article
fighter,Douglas Henrique Rodrigues,0,no article
fighter,Douglas Lima,45,Douglas Lima
fighter,Douglas Lima (c),0,no article
fighter,Douglas Silva,0,no article
fighter,Douglas Silva de Andrade,37,Douglas Silva de Andrade
fighter,Douglas Williams,0,no article
fighter,Douglas da Lapa,0,no article
fighter,Douglas da Silva,0,no article
fighter,Dovletdzhan Yagshimuradov,36,Dovletdzhan Yagshimuradov
fighter,Dovydas Rimkus,0,no article
fighter,Doyle Childs,0,no article
fighter,Dragan Boț,0,no article
fighter,Dragan Pešić,0,no article
fighter,Dragan Tešanović,10,Dragan Tešanović
fighter,Dragos Zubco,0,no article
fighter,Drakkar Klose,21,Drakkar Klose
fighter,Drako Rodriguez,0,no article
fighter,Drew Bittner,0,no article
fighter,Drew Brokenshire,0,no article
fighter,Drew Chatman,0,no article
fighter,Drew Dimanlig,0,no article
fighter,Drew Dober,45,Drew Dober
fighter,Drew Fickett,66,Drew Fickett
fighter,Drew McFedries,0,Drew McFedries
fighter,Drew Montgomery,0,no article
fighter,Drew Pendleton,0,no article
fighter,Drew Puzon,0,no article
fighter,Drex Zamboanga,0,no article
fighter,Drey Mitchell,0,no article
fighter,Dricus du Plessis,27,Dricus du Plessis
fighter,Dricus du Plessis (c),0,no article
fighter,Drissi Boualem,0,no article
fighter,Duane Bastress,11,Duane Bastress
fighter,Duane Johnson,0,no article
fighter,Duane Ludwig,35,Duane Ludwig
fighter,Duangsompong Jitmuangnon,0,no article
fighter,Duda Santana,0,no article
fighter,Duke Didier,0,no article
fighter,Dulani Perry,0,no article
fighter,Dulat Ayazhanov,0,no article
fighter,Dulce Vázquez,0,no article
fighter,Dumar Roa,0,no article
fighter,Dumitru Bostan,0,no article
fighter,Dumitru Girlean,0,no article
fighter,Dumitru Ţîră,0,no article
fighter,Dupree Stewart,0,no article
fighter,Duque Dupree,0,no article
fighter,Dustin Barca,0,no article
fighter,Dustin Collins-Miles,0,no article
fighter,Dustin Hazelett,19,Dustin Hazelett
fighter,Dustin Holyko,0,no article
fighter,Dustin Jacoby,33,Dustin Jacoby
fighter,Dustin Joynson,0,no article
fighter,Dustin Kempf,0,no article
fighter,Dustin Kimura,17,Dustin Kimura
fighter,Dustin Moore,0,no article
fighter,Dustin Neace,48,Dustin Neace
fighter,Dustin Ortiz,29,Dustin Ortiz
fighter,Dustin Pague,42,Dustin Pague
fighter,Dustin Parman,0,no article
fighter,Dustin Parrish,0,no article
fighter,Dustin Phillips,0,no article
fighter,Dustin Poirier,47,Dustin Poirier
fighter,Dustin Poirier (ic),0,no article
fighter,Dustin Rabiega,0,no article
fighter,Dustin Stoltzfus,24,Dustin Stoltzfus
fighter,Dustin Stusse,0,no article
fighter,Dustin West,0,no article
fighter,Dustin Winter,0,no article
fighter,Dusty Gibbs,0,no article
fighter,Duško Todorović,20,Duško Todorović
fighter,Dwayne Haney,0,no article
fighter,Dwayne Hinds,0,no article
fighter,Dwayne Lewis,0,no article
fighter,Dwight Gipson,0,no article
fighter,Dwight Grant,5,Dwight Grant
fighter,Dwight Joseph,0,no article
fighter,Dylan Andrews,34,Dylan Andrews
fighter,Dylan Booker,0,no article
fighter,Dylan Budka,0,no article
fighter,Dylan Diebitz,0,no article
fighter,Dylan Fussel,0,no article
fighter,Dylan Hazan,0,no article
fighter,Dylan Lockard,0,no article
fighter,Dylan Logan,0,no article
fighter,Dylan Mantello,0,no article
fighter,Dylan Potter,0,no article
fighter,Dylan Romero,0,no article
fighter,Dylan Salvador,11,Dylan Salvador
fighter,Dylan Smerillo,0,no article
fighter,Dylan Smith,0,no article
fighter,Dylan Tuke,0,no article
fighter,Dylan Willey,0,no article
fighter,Dzhabir Dzhabrailov,0,no article
fighter,Dzhaddal Alibekov,0,no article
fighter,Dzhamal Mavliudov,0,no article
fighter,Dzhambulat Medzhidov,0,no article
fighter,Dzhambulat Selimkhanov,0,no article
fighter,Dzhambulat Zelimkhanov,0,no article
fighter,Dávid Dániel Komár,0,no article
fighter,Dževad Poturak,0,no article
fighter,E. J. Brooks,20,E.J. Brooks
fighter,E.J. Brooks,0,same article as another: E.J. Brooks
fighter,Easton Edmond,0,no article
fighter,Ebrahim Hosseinpour,0,no article
fighter,Ed Carpenter,0,no article
fighter,Ed Cline Jr.,0,no article
fighter,Ed Davis,0,no article
fighter,Ed Herman,43,Ed Herman
fighter,Ed Ratcliff,9,Ed Ratcliff
fighter,Ed Ruth,11,Ed Ruth
fighter,Ed Tomaselli,0,no article
fighter,Ed West,36,Ed West (fighter)
fighter,Eddey Kalai,0,no article
fighter,Eddie Abasolo,0,no article
fighter,Eddie Alvarez,43,Eddie Alvarez
fighter,Eddie Alvarez (c),0,no article
fighter,Eddie Brown,0,no article
fighter,Eddie Castillo,0,no article
fighter,Eddie Gordon,19,Eddie Gordon (fighter)
fighter,Eddie Hall,1,Eddie Hall
fighter,Eddie Mendez,0,no article
fighter,Eddie Ng,0,no article
fighter,Eddie Sanchez,23,Eddie Sanchez
fighter,Eddie Wineland,40,Eddie Wineland
fighter,Eddie Wineland (c),0,no article
fighter,Eddie Yagin,0,no article
fighter,Eddy Ellis,0,no article
fighter,Eddy Millis,0,no article
fighter,Edens Charles,0,no article
fighter,Eder Lopes,0,no article
fighter,Ederson Macedo,0,no article
fighter,Edgar Cardenas,0,no article
fighter,Edgar Díaz,0,no article
fighter,Edgar Díaz Guzmán,0,no article
fighter,Edgar Escarrega,0,no article
fighter,Edgar Garcia,0,no article
fighter,Edgar García,19,Edgar García (fighter)
fighter,Edgar García Cabello,0,no article
fighter,Edgar González,0,no article
fighter,Edgar Guardado,0,no article
fighter,Edgar Medina,0,no article
fighter,Edgar Oliveira,0,no article
fighter,Edgar Tabares,0,no article
fighter,Edgar Vera,0,no article
fighter,Edgars Skrīvers,0,no article
fighter,Ediana Andrade da Silva,0,no article
fighter,Ediana Silva,0,no article
fighter,Edil Esengulov,0,no article
fighter,Edilania da Silva,0,no article
fighter,Edilania da Silva (c),0,no article
fighter,Edilberto de Oliveira,0,no article
fighter,Edilson Souza da Silva,0,no article
fighter,Edin Ramdedović,0,no article
fighter,Edinaldo Novaes,0,no article
fighter,Edivan Santos,0,no article
fighter,Ediz Tasci,0,no article
fighter,Edmen Shahbazyan,23,Edmen Shahbazyan
fighter,Edmilson Freitas,0,no article
fighter,Edmon Avagyan,0,no article
fighter,Edmond Xhelili,0,no article
fighter,Edmund Kwan,0,no article
fighter,Edna Oliveira Ajala,0,no article
fighter,Ednaldo Oliveira,0,no article
fighter,Ednilson Santos,0,no article
fighter,Edoardo Caiazza,0,no article
fighter,Edson Barboza,38,Edson Barboza
fighter,Edson Berto,0,no article
fighter,Edson Claas Vieira,0,no article
fighter,Edson Diniz,0,no article
fighter,Edson Drago,0,no article
fighter,Edson Gomez,0,no article
fighter,Edson Machavane,0,no article
fighter,Edson Marques,0,no article
fighter,Edson Marín,0,no article
fighter,Edson dos Anjos,0,no article
fighter,Eduard Demenko,0,no article
fighter,Eduard Folayang,38,Eduard Folayang
fighter,Eduard Gafencu,0,no article
fighter,Eduard Kexel,0,no article
fighter,Eduard Muravitsky,0,no article
fighter,Eduard Vartanyan,32,Eduard Vartanyan
fighter,Eduarda Moura,0,no article
fighter,Eduardo Alvarado,0,no article
fighter,Eduardo Bustillos,0,no article
fighter,Eduardo Cardiel,0,no article
fighter,Eduardo Castro,0,no article
fighter,Eduardo Chapolin,0,no article
fighter,Eduardo Chapolin (c),0,no article
fighter,Eduardo Dantas,31,Eduardo Dantas
fighter,Eduardo Dantas (c),0,no article
fighter,Eduardo Dutra,0,no article
fighter,Eduardo Espinoza,0,no article
fighter,Eduardo Fiuza Dutra,0,no article
fighter,Eduardo García,0,no article
fighter,Eduardo Garvon,0,no article
fighter,Eduardo Granzotto,0,no article
fighter,Eduardo Henrique,0,no article
fighter,Eduardo Henrique (c),0,no article
fighter,Eduardo Matias Torres,0,no article
fighter,Eduardo Meneses,0,no article
fighter,Eduardo Mora,0,no article
fighter,Eduardo Neves,0,no article
fighter,Eduardo Neves (c),0,no article
fighter,Eduardo Pamplona,0,no article
fighter,Eduardo Penha,0,no article
fighter,Eduardo Ramon,0,no article
fighter,Eduardo Ramírez,0,no article
fighter,Eduardo Rodríguez,0,no article
fighter,Eduardo Silva,0,no article
fighter,Eduardo Tejada,0,no article
fighter,Eduardo Terêncio,0,no article
fighter,Eduardo Velásquez,0,no article
fighter,Eduardo Velázquez,0,no article
fighter,Eduardo Vásquez,0,no article
fighter,Eduardo Vázquez,0,no article
fighter,Edukondala Rao,0,no article
fighter,Edward Faaloloto,7,Edward Faaloloto
fighter,Edward Guedes,0,no article
fighter,Edward Kelly,0,no article
fighter,Edward Licona,0,no article
fighter,Edward Longoria,0,no article
fighter,Edward Thommes,0,no article
fighter,Edwin Aguilar,0,no article
fighter,Edwin Chavez,0,no article
fighter,Edwin Cooper Jr.,0,no article
fighter,Edwin De Los Santos,0,no article
fighter,Edwin Dewees,0,no article
fighter,Edwin Figueroa,14,Edwin Figueroa
fighter,Edwin Jimenez,0,no article
fighter,Edwin Louis,0,no article
fighter,Edwin Martínez,0,no article
fighter,Edwin Pantoja,0,no article
fighter,Eemil Kurhela,0,no article
fighter,Efraín Escudero,49,Efraín Escudero
fighter,Efraín Montemayor,0,no article
fighter,Efraín Zamorano,0,no article
fighter,Efren Hernández,0,no article
fighter,Efren Tijerina,0,no article
fighter,Eh Ya Nut,0,no article
fighter,Eiichi Nagaya,0,no article
fighter,Eiji Ishikawa,0,no article
fighter,Eiji Mitsuoka,29,Eiji Mitsuoka
fighter,Eiji Saito,0,no article
fighter,Eimar Hernandez,0,no article
fighter,Eimear Darcy,0,no article
fighter,Einar González,0,no article
fighter,Eisaku Ogasawara,0,no article
fighter,Ekaterina Shakalova,13,Ekaterina Shakalova
fighter,Ekaterina Vandaryeva,0,no article
fighter,Eko Roni Saputra,13,Eko Roni Saputra
fighter,El Hadji Ndiaye,0,no article
fighter,Elaina Maxwell,11,Elaina Maxwell
fighter,Elaine Lopes,0,no article
fighter,Elazar Tariku,0,no article
fighter,Elbek Alyshov,0,no article
fighter,Elbert Lukas Steyn,0,no article
fighter,Elbrus Osmanov,0,no article
fighter,Eldar Kurtanidze,1,Eldar Kurtanidze
fighter,Eldar Munapov,0,no article
fighter,Elder Cruz,0,no article
fighter,Elena Pashnina,0,no article
fighter,Eli Aronov,0,no article
fighter,Eli Mefford,0,no article
fighter,Eli Rodríguez,0,no article
fighter,Eli Rodríguez (c),0,no article
fighter,Eli Tamez,0,no article
fighter,Eliab Evangelista,0,no article
fighter,Elias Anderson,0,no article
fighter,Elias Boudegzdame,0,no article
fighter,Elias Delos Reyes,0,no article
fighter,Elias Farah,0,no article
fighter,Elias Garcia,0,no article
fighter,Elias Ghazali,0,no article
fighter,Elias Jakobi,0,no article
fighter,Elias Mahmoudi,0,no article
fighter,Elias Mamadov,0,no article
fighter,Elias Rodriguez,0,no article
fighter,Elias Silvério,36,Elias Silvério
fighter,Elias Theodorou,23,Elias Theodorou
fighter,Elias Urbina,0,no article
fighter,Eliazar Rodriguez,0,no article
fighter,Elie Farah,0,no article
fighter,Eliel Mota,0,no article
fighter,Eliezer Kubanza,0,no article
fighter,Eliezer Ortega,0,no article
fighter,Elijah Dorsey,0,no article
fighter,Elijah Harris,0,no article
fighter,Elijah Johns,0,no article
fighter,Elijah Johns (c),0,no article
fighter,Elijah Leggett,0,no article
fighter,Elijah Smith,0,no article
fighter,Elina Kallionidou,16,Elina Kallionidou
fighter,Eliot Corley,0,no article
fighter,Eliot Marshall,14,Eliot Marshall
fighter,Elipitua Siregar,0,no article
fighter,Elisandra Ferreira,14,Elisandra Ferreira
fighter,Elise Reed,14,Elise Reed
fighter,Elisha Ellison,0,no article
fighter,Elisha Helsper,0,no article
fighter,Eliu Trujillo,0,no article
fighter,Elizabeth Phillips,0,no article
fighter,Elizabeth Rodríguez,0,no article
fighter,Elizeu Zaleski dos Santos,37,Elizeu Zaleski dos Santos
fighter,Elkhan Hasanov,0,no article
fighter,Ella Tang,0,no article
fighter,Ella Wu,0,no article
fighter,Elliot Compton,0,no article
fighter,Elliot Duff,0,no article
fighter,Ellis Badr Barboza,0,no article
fighter,Elmar Gasanov,0,no article
fighter,Elmar Umarov,0,no article
fighter,Elmehdi El Jamari,0,no article
fighter,Elmir Kulosman,0,no article
fighter,Elmurod Madaminov,0,no article
fighter,Elnur Agaev,0,no article
fighter,Elora Dana,0,no article
fighter,Elsa Cerezo,0,no article
fighter,Elton Armindo,0,no article
fighter,Elton Dedaj,0,no article
fighter,Elves Brener,0,no article
fighter,Elves Oliveira,0,no article
fighter,Elvin Espinoza,0,no article
fighter,Elvis Batista da Silva,0,no article
fighter,Elvis Lebron Quiles,0,no article
fighter,Elvis Mutapčić,23,Elvis Mutapčić
fighter,Elvis Silva,0,no article
fighter,Elvis Sinosic,20,Elvis Sinosic
fighter,Elvis Vukaj,0,no article
fighter,Elías Mendez,0,no article
fighter,Emad Hamdo,0,no article
fighter,Eman Almudhaf,0,no article
fighter,Eman Baraka,0,no article
fighter,Emanuel Caperna,0,no article
fighter,Emanuel Newton,40,Emanuel Newton
fighter,Emanuel Newton (c),0,no article
fighter,Emanuele Palombi,0,no article
fighter,Emanuele Sabatino,0,no article
fighter,Emanuele Tetti,0,no article
fighter,Emanuele Zaccaria,0,no article
fighter,Emeka Ifekandu,0,no article
fighter,Emerson Oliveira Costa,0,no article
fighter,Emerson Richard,0,no article
fighter,Emi Fujino,50,Emi Fujino
fighter,Emi Kuroda,0,no article
fighter,Emi Murata,0,no article
fighter,Emi Sato,0,no article
fighter,Emi Tomimatsu,0,no article
fighter,Emi Tomimatsu (c),0,no article
fighter,Emiko Raika,26,Emiko Raika
fighter,Emil Abasov,0,no article
fighter,Emil Abbasov,0,no article
fighter,Emil Weber Meek,17,Emil Weber Meek
fighter,Emile Vujakovic,0,no article
fighter,Emilee King,0,no article
fighter,Emilia Cuéllar,0,no article
fighter,Emilia Czerwińska,0,no article
fighter,Emiliano Sanvicente,0,no article
fighter,Emiliano Sordi,43,Emiliano Sordi
fighter,Emilio Chavez,0,no article
fighter,Emilio Cuéllar,0,no article
fighter,Emilio Galindo,0,no article
fighter,Emilio Quissua,0,no article
fighter,Emilio Saavedra,0,no article
fighter,Emilio Trevino,0,no article
fighter,Emilio Urrutia,0,no article
fighter,Emilio Vallecillo,0,no article
fighter,Emilio Williams,0,no article
fighter,Emilios Dassi,0,no article
fighter,Emillio Trevino,0,no article
fighter,Emily Ducote,24,Emily Ducote
fighter,Emily Kagan,6,Emily Kagan
fighter,Emily Whitmire,11,Emily Whitmire
fighter,Emir-Can Al,0,no article
fighter,Emmanuel Barajas,0,no article
fighter,Emmanuel Dawa,0,no article
fighter,Emmanuel González,0,no article
fighter,Emmanuel Mukam,0,no article
fighter,Emmanuel Palacio,0,no article
fighter,Emmanuel Palafox Jr.,0,no article
fighter,Emmanuel Rivera,0,no article
fighter,Emmanuel Rivero,0,no article
fighter,Emmanuel Sanchez,37,Emmanuel Sanchez
fighter,Emmanuel Verdier,0,no article
fighter,Emmanuel Walo,0,no article
fighter,Emmanuela Moliere,0,no article
fighter,Emmanueli Adzoh,0,no article
fighter,Emomakhdi Orzuzoda,0,no article
fighter,Emrah Sonmez,0,no article
fighter,Emran Sakhizaada,0,no article
fighter,Enderson Bonat,0,no article
fighter,Endrit Brajshori,0,no article
fighter,Enkh-Orgil Baatarkhuu,18,Enkh-Orgil Baatarkhuu
fighter,Enkhjargal Banzaragch,0,no article
fighter,Enkhtur Bayartsogt,0,no article
fighter,Enrico Cortese,0,no article
fighter,Enrico Di Gangi,0,no article
fighter,Enriko Kehl,0,no article
fighter,Enrique Barzola,36,Enrique Barzola
fighter,Enrique Gonzalez,0,no article
fighter,Enrique González,0,no article
fighter,Enrique Granados,0,no article
fighter,Enrique Granados Farrea,0,no article
fighter,Enrique Granados Farrera,0,no article
fighter,Enrique Lara,0,no article
fighter,Enrique Marín,0,no article
fighter,Enrique Ortega,0,no article
fighter,Enrique Owens,0,no article
fighter,Enrique Pacheco Parra,0,no article
fighter,Enrique Vera,0,no article
fighter,Enrique Watson,0,no article
fighter,Eoghan Masoliver,0,no article
fighter,Eoin McDonald,0,no article
fighter,Eoin Sheridan,0,no article
fighter,Eperaim Ginting,0,no article
fighter,Erasyl Shukataev,0,no article
fighter,Erdem Taha Dincer,0,no article
fighter,Erfan Madadi,0,no article
fighter,Erhan Kartal,0,no article
fighter,Eri Takahashi,0,no article
fighter,Eric Albright,0,no article
fighter,Eric Bedard,0,no article
fighter,Eric Beondo,0,no article
fighter,Eric Bradley,0,no article
fighter,Eric Brown,0,no article
fighter,Eric Castile,0,no article
fighter,Eric Chouinard,0,no article
fighter,Eric Cortez,0,no article
fighter,Eric Ellington,0,no article
fighter,Eric Esch,26,Eric Esch
fighter,Eric Fimbres,0,no article
fighter,Eric Galvan,0,no article
fighter,Eric Grant,0,no article
fighter,Eric Gunha,0,no article
fighter,Eric Hendon,0,no article
fighter,Eric Howser,0,no article
fighter,Eric Huggins,0,no article
fighter,Eric Iman,0,no article
fighter,Eric Irvin,0,no article
fighter,Eric Jacob,0,no article
fighter,Eric Jones,0,no article
fighter,Eric Kelly,0,no article
fighter,Eric Kemper,0,no article
fighter,Eric Kriegermeier,0,no article
fighter,Eric Larkin,0,no article
fighter,Eric Lawson,14,Eric Lawson
fighter,Eric Luke,0,no article
fighter,Eric Lunsford,0,no article
fighter,Eric Magana,0,no article
fighter,Eric Marriott,0,no article
fighter,Eric McConico,0,no article
fighter,Eric McConico Jr.,0,no article
fighter,Eric Moon,0,no article
fighter,Eric Nolan,0,no article
fighter,Eric Olsen,0,no article
fighter,Eric Prindle,23,Eric Prindle
fighter,Eric Ramirez,0,no article
fighter,Eric Regan,0,no article
fighter,Eric Reynolds,28,Eric Reynolds (fighter)
fighter,Eric Scallan,0,no article
fighter,Eric Schafer,25,Eric Schafer
fighter,Eric Schambari,21,Eric Schambari
fighter,Eric Shelton,33,Eric Shelton (fighter)
fighter,Eric Spicely,25,Eric Spicely
fighter,Eric Steans,0,no article
fighter,Eric Wisely,44,Eric Wisely
fighter,Eric Wray,0,no article
fighter,Erick Batista,0,no article
fighter,Erick Gaitán,0,no article
fighter,Erick García,0,no article
fighter,Erick Garibay,0,no article
fighter,Erick Gonzalez,0,no article
fighter,Erick Maia,0,no article
fighter,Erick Montaño,0,no article
fighter,Erick Montelongo,0,no article
fighter,Erick Morales,0,no article
fighter,Erick Murray,0,no article
fighter,Erick Murray Jr.,0,no article
fighter,Erick Rodríguez,0,no article
fighter,Erick Ruano Barrera,0,no article
fighter,Erick Samuel Coyoc,0,no article
fighter,Erick Sanchez,0,no article
fighter,Erick Silva,32,Erick Silva
fighter,Erick Visconde,0,no article
fighter,Erick Viscondi,0,no article
fighter,Erick Washington,0,no article
fighter,Ericka Almeida,0,no article
fighter,Eriglent Prizreni,0,no article
fighter,Erik Apple,13,Erik Apple
fighter,Erik Calvert,0,no article
fighter,Erik Koch,21,Erik Koch
fighter,Erik Lorenz,0,no article
fighter,Erik Neftaly Martínez,0,no article
fighter,Erik Owings,0,no article
fighter,Erik Pletikos,0,no article
fighter,Erik Pérez,33,Erik Pérez
fighter,Erik Radleim,0,no article
fighter,Erik Sianov,0,no article
fighter,Erik Silva,0,no article
fighter,Erik Steenberg,0,no article
fighter,Erik Villalobos,0,no article
fighter,Erika Tomm,0,no article
fighter,Eriko,0,no article
fighter,Erin Beach,0,no article
fighter,Erin Blanchfield,16,Erin Blanchfield
fighter,Erique Owens,0,no article
fighter,Erisson Ferreira,0,no article
fighter,Erisson Ferreira da Silva,0,no article
fighter,Erivan Pereira,0,no article
fighter,Eriya Matsuda,0,no article
fighter,Erkhan Zhumabaev,0,no article
fighter,Erko Jun (c),0,no article
fighter,Ermek Akhmatov,0,no article
fighter,Ermek Tlauov,0,no article
fighter,Ermil Xhaferi,0,no article
fighter,Ernest Chavez,12,Ernest Chavez (fighter)
fighter,Ernest De La Cruz,0,no article
fighter,Ernest James,0,no article
fighter,Ernest Sadykov,0,no article
fighter,Ernesta Kareckaitė,0,no article
fighter,Ernesto Ancona,0,no article
fighter,Ernesto Gaitán,0,no article
fighter,Ernesto Galán,0,no article
fighter,Ernesto Hoost,0,no article
fighter,Ernesto Ibarra,0,no article
fighter,Ernesto Montilla,0,no article
fighter,Ernesto Rodriguez,0,no article
fighter,Ernesto Schisano,0,no article
fighter,Ernie Tiserino,0,no article
fighter,Ernő Stefkó,0,no article
fighter,Errol Zimmerman,3,Errol Zimmerman
fighter,Ershirley Kessy,0,no article
fighter,Erson Yamamoto,0,no article
fighter,Eru Takebayashi,0,no article
fighter,Eryk Anders,28,Eryk Anders
fighter,Eríck Rodriguez,0,no article
fighter,Eríck Rodríguez,0,no article
fighter,Esdo Moises de Paz,0,no article
fighter,Eslam Abdul Baset,0,no article
fighter,Eslam Mostafa,0,no article
fighter,Esmira Mammadova,0,no article
fighter,Esteban Lemus,0,no article
fighter,Esteban Negrete,0,no article
fighter,Esteban Nocelo,0,no article
fighter,Esteban Ribovics,19,Esteban Ribovics
fighter,Esteban Sedano,0,no article
fighter,Esteban Vallejo,0,no article
fighter,Estefani Almeida,0,no article
fighter,Esteferson da Silva,0,no article
fighter,Estevan Payan,0,no article
fighter,Esther Pérez,0,no article
fighter,Ethan Burmingham,0,no article
fighter,Ethan Charlton,0,no article
fighter,Ethan Goss,0,no article
fighter,Ethan Hughes,0,no article
fighter,Ethan Moore,0,no article
fighter,Ethyn Ewing,0,no article
fighter,Eugen Black-Dell,0,no article
fighter,Eugen Mailat,0,no article
fighter,Eugen Preda,0,no article
fighter,Eugene Cacho,0,no article
fighter,Eugene Cancino,0,no article
fighter,Eugene Correa,0,no article
fighter,Eugene Fadiora,0,no article
fighter,Eugene Jackson,25,Eugene Jackson (fighter)
fighter,Eugene Toquero,0,no article
fighter,Eugenio Tan,0,no article
fighter,Eun Ho Chae,0,no article
fighter,Eun Hye Kim,0,no article
fighter,Eun Ji Choi,0,no article
fighter,Eun Jung Lee,0,no article
fighter,Eun Soo Kim,0,no article
fighter,Eun Soo Lee,0,no article
fighter,Eun-Su Lee,0,no article
fighter,Ev Ting,0,no article
fighter,Eva Dourthe,0,no article
fighter,Evan Cutts,0,no article
fighter,Evan Dunham,28,Evan Dunham
fighter,Evan Elder,0,no article
fighter,Evan Esguerra,0,no article
fighter,Evan Gubera,0,no article
fighter,Evan Sanguin,0,no article
fighter,Evan Tanner,39,Evan Tanner
fighter,Evan Tanner (c),0,no article
fighter,Evan Woolsey,0,no article
fighter,Evangelista Santos,39,Evangelista Santos
fighter,Evelyn Martins,0,no article
fighter,Even Jauregui,0,no article
fighter,Everet Desilets,0,no article
fighter,Everett Cummings,0,no article
fighter,Everett Sims,0,no article
fighter,Evers Anderson,0,no article
fighter,Everton Texeira,0,no article
fighter,Evgeniy Galochkin,0,no article
fighter,Evgeniy Goncharov,28,Evgeniy Goncharov
fighter,Evgeniy Ryazanov,0,no article
fighter,Evgeny Bondarev,0,no article
fighter,Evgeny Egemberdiev,0,no article
fighter,Evgeny Erokhin,0,no article
fighter,Evgeny Galochkin,0,no article
fighter,Evgeny Morozov,0,no article
fighter,Evgeny Tabarovsky,0,no article
fighter,Ewelina Woźniak,0,no article
fighter,Ewerton Polaquini,0,no article
fighter,Ewerton Teixeira,4,Ewerton Teixeira
fighter,Ezayah Gomez Oropeza,0,no article
fighter,Ezekiel Latu,0,no article
fighter,Ezequiel de Jesus Peralta,0,no article
fighter,Ezra Elliott,0,no article
fighter,Ezzoubair Bouarsa,0,no article
fighter,Fabacary Diatta,0,no article
fighter,Fabian Albuerne,0,no article
fighter,Fabian Edwards,21,Fabian Edwards
fighter,Fabian Galván,0,no article
fighter,Fabian Gonzalez,0,no article
fighter,Fabian López,0,no article
fighter,Fabian Quintanar,0,no article
fighter,Fabian Ufs,0,no article
fighter,Fabiano Capoani,0,no article
fighter,Fabiano Scherner,25,Fabiano Scherner
fighter,Fabiano Silva,0,no article
fighter,Fabio Aguiar,0,no article
fighter,Fabio Cherant,12,Fabio Cherant
fighter,Fabio Condidorio,0,no article
fighter,Fabio Maldonado,48,Fábio Maldonado
fighter,Fabio Mello,19,Fábio Mello
fighter,Fabio Moraes,0,no article
fighter,Fabio Negao,0,no article
fighter,Fabio Reis,0,no article
fighter,Fabio Russo,0,no article
fighter,Fabio Serrao,0,no article
fighter,Fabio Silva,24,Fábio Silva (fighter)
fighter,Fabio Trindade,0,no article
fighter,Fabiola Nascimento,0,no article
fighter,Fabiola Pidroni,0,no article
fighter,Fabià Sintes,0,no article
fighter,Fabián López,0,no article
fighter,Fabián Quintanar,0,no article
fighter,Fabián Rodríguez,0,no article
fighter,Fabrice Riconneau,0,no article
fighter,Fabricio Andrey,0,no article
fighter,Fabricio Camoes,24,Fabrício Camões
fighter,Fabricio Camões,0,same article as another: Fabrício Camões
fighter,Fabricio Franco,0,no article
fighter,Fabricio Monteiro,0,no article
fighter,Fabricio Nascimento,0,no article
fighter,Fabrizia Ketlinn,0,no article
fighter,Fabrizio Escarrega,0,no article
fighter,Fabrício Andrade,13,Fabrício Andrade
fighter,Fabrício Andrade (c),0,no article
fighter,Fabrício Camões,0,same article as another: Fabrício Camões
fighter,Fabrício Guerreiro,29,Fabrício Guerreiro
fighter,Fabrício Soares,0,no article
fighter,Fabrício Werdum,35,Fabrício Werdum
fighter,Fabrício Werdum (c),0,no article
fighter,Fabrício Werdum (ic),0,no article
fighter,Fadi Haiyadre,0,no article
fighter,Faeez Jacobs,0,no article
fighter,Fahad Eltahawy,0,no article
fighter,Fahdi Khaled,0,no article
fighter,Falaniko Vitale,41,Falaniko Vitale
fighter,Falco Neto,0,no article
fighter,Fan Rong,24,Fan Rong
fighter,Fani Peloumpi,0,no article
fighter,Faramorz Mohammad,0,no article
fighter,Farbod Iran Nezhad,0,no article
fighter,Fard Muhammad,0,no article
fighter,Farid Basharat,16,Farid Basharat
fighter,Faridun Odilov,0,no article
fighter,Faridun Shokhnazarov,0,no article
fighter,Faris Asha Eldawimah,0,no article
fighter,Fariya Aminipour,0,no article
fighter,Fariyar Aminipour,0,Fariyar Aminipour
fighter,Farkhad Kozhantaev,0,no article
fighter,Farkhad Sharipov,0,no article
fighter,Farman Hasanov,0,no article
fighter,Farshad Nazarnia,0,no article
fighter,Farukh Aligadzhiev,0,no article
fighter,Farzad Ghader,0,no article
fighter,Farzad Ghaderi,0,no article
fighter,Farès Ziam,24,Farès Ziam
fighter,Fathy Mahmoud,0,no article
fighter,Fatima Kline,11,Fatima Kline
fighter,Fatima Mallett,0,no article
fighter,Fatmir Gordi,0,no article
fighter,Faudel Bentayeb,0,no article
fighter,Fausto Gómez,0,no article
fighter,Favian Gutierrez,0,no article
fighter,Fazlo Mulabitinovic,0,no article
fighter,Federico Flores,0,no article
fighter,Federico Lopez,0,no article
fighter,Fedor Duric,0,no article
fighter,Fedor Emelianenko,48,Fedor Emelianenko
fighter,Fedor Emelianenko (c),0,no article
fighter,Felice Herrig,26,Felice Herrig
fighter,Felicia Spencer,12,Felicia Spencer
fighter,Felipe Arantes,31,Felipe Arantes
fighter,Felipe Bunes,0,no article
fighter,Felipe Colares,15,Felipe Colares
fighter,Felipe Douglas,0,no article
fighter,Felipe Duarte,0,no article
fighter,Felipe Enomoto,0,no article
fighter,Felipe Esteves,0,no article
fighter,Felipe Franco,0,no article
fighter,Felipe Froes,0,no article
fighter,Felipe Guidani,0,no article
fighter,Felipe Hernández,0,no article
fighter,Felipe Lima,17,Felipe Lima (fighter)
fighter,Felipe Lobo,0,no article
fighter,Felipe Martinez Donis,0,no article
fighter,Felipe Mora,0,no article
fighter,Felipe Nsue,0,no article
fighter,Felipe Oliveira,0,no article
fighter,Felipe Olivieri,0,no article
fighter,Felipe Pereira,0,no article
fighter,Felipe Pimental,0,no article
fighter,Felipe Portela,0,no article
fighter,Felipe Rosa,0,no article
fighter,Felipe Silva,14,Felipe Silva (fighter)
fighter,Felipe dos Santos,0,no article
fighter,Felista Mugo,0,no article
fighter,Felix Klinkhammer,0,no article
fighter,Feng Senwei,0,no article
fighter,Feng Xiaocan,0,no article
fighter,Ferdaws Nayimi,0,no article
fighter,Fernanda Araujo,0,no article
fighter,Fernanda Atômica,0,no article
fighter,Fernanda Díaz,0,no article
fighter,Fernanda Escudero,0,no article
fighter,Fernanda Larios,0,no article
fighter,Fernanda Muñoz,0,no article
fighter,Fernando Alvarado,0,no article
fighter,Fernando Andrade,0,no article
fighter,Fernando Arevalo,0,no article
fighter,Fernando Batista,0,no article
fighter,Fernando Bettega,0,no article
fighter,Fernando Bruno,0,no article
fighter,Fernando Figueroa,0,no article
fighter,Fernando Gonzalez,51,Fernando Gonzalez (fighter)
fighter,Fernando Gonzalez Trevino,0,no article
fighter,Fernando Laurenço,0,no article
fighter,Fernando Martinez,0,no article
fighter,Fernando Martínez,0,no article
fighter,Fernando Moya,0,no article
fighter,Fernando Márquez,0,no article
fighter,Fernando Oliva,0,no article
fighter,Fernando Padilla,22,Fernando Padilla
fighter,Fernando Rodriguez,0,no article
fighter,Fernando Saavedra,0,no article
fighter,Fernando Salas,0,no article
fighter,Fernando Torres,0,no article
fighter,Fernando Velázquez,0,no article
fighter,Fernando Vázquez,0,no article
fighter,Fernie Garcia,0,no article
fighter,Ferrari Fairtex,0,no article
fighter,Feruzbek Ishonkulov,0,no article
fighter,Ferzan Çiçek,0,no article
fighter,Ffion Davies,0,no article
fighter,Filip Pejić,0,no article
fighter,Filip Stawowy,0,no article
fighter,Filip Verlinden,0,Filip Verlinden
fighter,Filip Vidak,0,no article
fighter,Filip Zadruzynski,0,no article
fighter,Filipe Esteves,0,no article
fighter,Filipe Zacaron,0,no article
fighter,Finn Griessmann,0,no article
fighter,Finn Martin,0,no article
fighter,Firas Daud,0,no article
fighter,Firdavs Khasanov,0,no article
fighter,Firdavs Zaripov,0,no article
fighter,Firuz Rakhmatshoev,0,no article
fighter,Flavian Pilgrim,0,no article
fighter,Flavio Luiz Moura,0,no article
fighter,Flavio Tanaka,0,no article
fighter,Flavio de Queiroz,0,no article
fighter,Flaviu Niţă,0,no article
fighter,Flavius Boiciuc,0,no article
fighter,Flavius Predoi,0,no article
fighter,Flobater Fares,0,no article
fighter,Flor Hernandez,0,no article
fighter,Flor Sáenz,0,no article
fighter,Flore Hani,0,no article
fighter,Florenzo Pesare,0,no article
fighter,Florian Doskja,0,no article
fighter,Florian Garel,0,no article
fighter,Florim Zendeli,0,no article
fighter,Florin Adar,0,no article
fighter,Florin Boboc,0,no article
fighter,Florin Gârdan,0,no article
fighter,Florin Gârdan (c),0,no article
fighter,Florin Ivănoaie,0,no article
fighter,Florin Lambagiu,0,Florin Lambagiu
fighter,Florin Lupu,0,no article
fighter,Florin Pîrtea,0,no article
fighter,Florin Stan,0,no article
fighter,Florin Șoimu,0,no article
fighter,Florina Meatu-Moeller,0,no article
fighter,Floyd Sword,0,no article
fighter,Ford Robertson,0,no article
fighter,Forrest Griffin,27,Forrest Griffin
fighter,Forrest Griffin (c),0,no article
fighter,Forrest Petz,36,Forrest Petz
fighter,Fran Breen,0,no article
fighter,Francesco Mazzeo,0,no article
fighter,Francesco Moricca,0,no article
fighter,Francesco Nuzzi,0,no article
fighter,Francesco Patrón,0,no article
fighter,Francesco Tumminello,0,no article
fighter,Francesco Tumminiello,0,no article
fighter,Francimar Barroso,37,Francimar Barroso
fighter,Francis Breen,0,no article
fighter,Francis Carmont,37,Francis Carmont
fighter,Francis D'Sailly Carrillo,0,no article
fighter,Francis Evans,0,no article
fighter,Francis Healy,0,no article
fighter,Francis Marshall,0,no article
fighter,Francis Ngannou,22,Francis Ngannou
fighter,Francis Ngannou (c),0,no article
fighter,Francisca Vera,0,no article
fighter,Francisco Ataliba,0,no article
fighter,Francisco Benitez,0,no article
fighter,Francisco Benítez,0,no article
fighter,Francisco Figueiredo,21,Francisco Figueiredo
fighter,Francisco France,0,no article
fighter,Francisco Hernandez,0,no article
fighter,Francisco Isata,0,no article
fighter,Francisco Javier Magallón,0,no article
fighter,Francisco Lo,0,no article
fighter,Francisco Magallón,0,no article
fighter,Francisco Prado,0,no article
fighter,Francisco Ramírez,0,no article
fighter,Francisco Rivera,32,Francisco Rivera (fighter)
fighter,Francisco Silva,0,no article
fighter,Francisco Soares,0,no article
fighter,Francisco Treviño,16,Francisco Treviño
fighter,Francisco Trinaldo,40,Francisco Trinaldo
fighter,Francisco Villanueva,0,no article
fighter,Franco Tenaglia,0,no article
fighter,Franco Varessy,0,no article
fighter,Francois Ambang,0,no article
fighter,Francois Mozou Ahizi,0,no article
fighter,Franita Gathings,0,no article
fighter,Frank Buenafuente,0,no article
fighter,Frank Camacho,32,Frank Camacho
fighter,Frank Caraballo,23,Frank Caraballo
fighter,Frank Caraballo (ic),0,no article
fighter,Frank Carrillo,0,no article
fighter,Frank Cortez,0,no article
fighter,Frank Gomez,16,Frank Gomez
fighter,Frank Lester,0,no article
fighter,Frank Megallon,0,no article
fighter,Frank Mir,32,Frank Mir
fighter,Frank Mir (ic),0,no article
fighter,Frank Patterson,0,no article
fighter,Frank Posko,0,no article
fighter,Frank Sforza,0,no article
fighter,Frank Shamrock,35,Frank Shamrock
fighter,Frank Shamrock (c),0,no article
fighter,Frank Tate,0,no article
fighter,Frank Trigg,30,Frank Trigg
fighter,Frank da Silva Castro,0,no article
fighter,Frankie Edgar,36,Frankie Edgar
fighter,Frankie Edgar (c),0,no article
fighter,Frankie Orr,0,no article
fighter,Frankie Perez,15,Frankie Perez
fighter,Frankie Saenz,19,Frankie Saenz
fighter,Frankie Sanchez,0,no article
fighter,Frankie Slater,0,no article
fighter,Frans Mlambo,0,no article
fighter,Fransino Tirta,0,no article
fighter,František Fodor,0,no article
fighter,Françesko Xhaja,0,no article
fighter,Fraser Opie,0,no article
fighter,Fraser Patterson,0,no article
fighter,Fred Diaz,0,no article
fighter,Fred Freeman,0,no article
fighter,Fred Sikking,0,no article
fighter,Freddie Espiricueta,0,no article
fighter,Freddie Haggerty,0,no article
fighter,Freddie Johnson,0,no article
fighter,Freddie Rodriguez,0,no article
fighter,Freddy Assuncao,0,no article
fighter,Freddy Assunção,0,no article
fighter,Freddy Emiliano Linares,0,no article
fighter,Freddy May,0,no article
fighter,Freddy Mendez,0,no article
fighter,Freddy Sandoval,0,no article
fighter,Freddy Vidal,0,no article
fighter,Frederic Belleton,0,no article
fighter,Frederic Vosgröne,0,no article
fighter,Frederick Brown,0,no article
fighter,Frederico Moncaio,0,no article
fighter,Frederik Dupras,0,no article
fighter,Fredson Paixao,17,Fredson Paixão
fighter,Fredson Paixão,0,same article as another: Fredson Paixão
fighter,Fredy Serrano,7,Fredy Serrano
fighter,Fredy Villegas,0,no article
fighter,Fritz Biagtan,0,no article
fighter,Fujio Yanagawa,0,no article
fighter,Fukuko Hamada,0,no article
fighter,Furdjel de Windt,0,no article
fighter,Furkan Karabağ,0,no article
fighter,Furkat Komilov,0,no article
fighter,Furkatbek Yokubov,0,no article
fighter,Fábio Maldonado,0,same article as another: Fábio Maldonado
fighter,Fábio Perpetua,0,no article
fighter,Fábio Silva,0,same article as another: Fábio Silva (fighter)
fighter,Gabby Holloway,0,no article
fighter,Gabby Romero,0,no article
fighter,Gabe Carillo,0,no article
fighter,Gabe Carrasco,0,no article
fighter,Gabe Eurit,0,no article
fighter,Gabe Lemley,0,no article
fighter,Gabe Rodriguez,0,no article
fighter,Gabe Ruediger,26,Gabe Ruediger
fighter,Gabe Ruediger (c),0,no article
fighter,Gabe Sagman,0,no article
fighter,Gabe Woods,0,no article
fighter,Gaberial Brown,0,no article
fighter,Gaberiel Solorio,0,no article
fighter,Gabi Garcia,0,Gabi Garcia
fighter,Gable Steveson,5,Gable Steveson
fighter,Gabriel Alves Braga,0,no article
fighter,Gabriel Apreutesei,0,no article
fighter,Gabriel Benítez,35,Gabriel Benítez
fighter,Gabriel Benítez (c),0,no article
fighter,Gabriel Bonfim,21,Gabriel Bonfim
fighter,Gabriel Bozan,0,no article
fighter,Gabriel Braga,0,no article
fighter,Gabriel Carrasco,0,no article
fighter,Gabriel Checco,0,no article
fighter,Gabriel Conea,0,no article
fighter,Gabriel Costa,0,no article
fighter,Gabriel Gideon,0,no article
fighter,Gabriel Gomes,0,no article
fighter,Gabriel Gonzaga,30,Gabriel Gonzaga
fighter,Gabriel Green,16,Gabriel Green (fighter)
fighter,Gabriel Gómez,0,no article
fighter,Gabriel Lorenço,0,no article
fighter,Gabriel Martínez,0,no article
fighter,Gabriel Medina,0,no article
fighter,Gabriel Miglioli,0,no article
fighter,Gabriel Miranda,0,no article
fighter,Gabriel Morales,0,no article
fighter,Gabriel Mota,0,no article
fighter,Gabriel Mănucă,0,no article
fighter,Gabriel Ramos,0,no article
fighter,Gabriel Rea,0,no article
fighter,Gabriel Salinas-Jones,0,no article
fighter,Gabriel Santos,0,no article
fighter,Gabriel Sayeg,0,no article
fighter,Gabriel Silva,0,no article
fighter,Gabriel Solorio,0,no article
fighter,Gabriel Sousa,0,no article
fighter,Gabriel Souza Galindo,0,no article
fighter,Gabriel Souza Galindo de Melo,0,no article
fighter,Gabriel Suller,0,no article
fighter,Gabriel Thimoteo,0,no article
fighter,Gabriel Tinajero,0,no article
fighter,Gabriel Tovar,0,no article
fighter,Gabriel Török,0,no article
fighter,Gabriel Urbino,0,no article
fighter,Gabriel Valdez,0,no article
fighter,Gabriel Varga,7,Gabriel Varga
fighter,Gabriel Varga (c),0,no article
fighter,Gabriel Vinicius,0,no article
fighter,Gabriel de Oliveira Souza,0,no article
fighter,Gabriela Aviña,0,no article
fighter,Gabriela Fujimoto,0,no article
fighter,Gabriela Hristea,0,no article
fighter,Gabriela Iacob,0,no article
fighter,Gabriele Casella,2,Gabriele Casella
fighter,Gabriele Cera,0,no article
fighter,Gabriele Galluccio,0,no article
fighter,Gabriele Lionetti,0,no article
fighter,Gabriele Varesano,0,no article
fighter,Gabriella Fernandes,0,no article
fighter,Gabriella Fernandes Hermogenes,0,no article
fighter,Gabriella Gulfin,0,no article
fighter,Gabriella Hermogenes,0,no article
fighter,Gabriella Hermógenes,0,no article
fighter,Gabrielle Campelo,0,no article
fighter,Gabrielle Holloway,0,no article
fighter,Gabrielle McComb,5,Gabrielle McComb
fighter,Gadzhi Abdulkadirov,0,no article
fighter,Gadzhi Omargadzhiev,0,no article
fighter,Gadzhi Rabadanov,32,Gadzhi Rabadanov
fighter,Gadzhimurad Aliev,0,no article
fighter,Gadzhimurad Antigulov,31,Gadzhimurad Antigulov
fighter,Gadzhimurad Khiramagomedov,0,no article
fighter,Gadzhimurad Magomedov,0,no article
fighter,Gael González,0,no article
fighter,Gael Reséndiz,0,no article
fighter,Gaetano Pirrello,0,no article
fighter,Gage Saunders,0,no article
fighter,Galore Bofando,0,no article
fighter,Gamid Khizriev,0,no article
fighter,Gamlet Aslanov,0,no article
fighter,Gammaliel Escarrega,0,no article
fighter,Gamzat Khiramagomedov,0,no article
fighter,Ganbat Bayasgalan,0,no article
fighter,Gantumur Bayanduuren,0,no article
fighter,Gareth Joseph,0,no article
fighter,Garett Whiteley,10,Garett Whiteley
fighter,Garret Nybakken,0,no article
fighter,Garreth McLellan,20,Garreth McLellan
fighter,Garrett Armfield,0,no article
fighter,Garrett Gross,0,no article
fighter,Garrett Mueller,0,no article
fighter,Garrett Scott,0,no article
fighter,Garrick Evans,0,no article
fighter,Garry Tonon,11,Garry Tonon
fighter,Gary Balletto Jr.,0,no article
fighter,Gary Frazier,0,no article
fighter,Gary Goodridge,46,Gary Goodridge
fighter,Gary Konkol,0,no article
fighter,Gary Padilla,0,no article
fighter,Gary Priestly,0,no article
fighter,Gary Rooney,0,no article
fighter,Gary Tapusoa,0,no article
fighter,Gasan Umalatov,26,Gasan Umalatov
fighter,Gaston Bolanos,0,no article
fighter,Gaston Reyno,0,no article
fighter,Gastón Bolaños,0,no article
fighter,Gastón Reyno,0,no article
fighter,Gauge Young,0,no article
fighter,Gavin Hughes,0,no article
fighter,Gavin Neil,0,no article
fighter,Gavin Teasdale,0,no article
fighter,Gavin Tucker,16,Gavin Tucker
fighter,Geane Herrera,14,Geane Herrera
fighter,Gegam Manavazyan,0,no article
fighter,Gegard Mousasi,60,Gegard Mousasi
fighter,Gegard Mousasi (c),0,no article
fighter,Geje Eustaquio,0,no article
fighter,Gemiyale Adkins,0,no article
fighter,Gemma Auld,0,no article
fighter,Genadi Jorjoliani,0,no article
fighter,Genah Fabian,9,Genah Fabian
fighter,Genair da Silva,21,Genair da Silva
fighter,Genaro Valdez,0,no article
fighter,Genaro Valdèz,0,no article
fighter,Genaro Valdéz,0,no article
fighter,Genil Francisco,0,no article
fighter,Genji Umeno,5,Genji Umeno
fighter,Genki Sudo,21,Genki Sudo
fighter,Gennaro Strangis,0,no article
fighter,Geo Pacurariu,0,no article
fighter,Geochai The Rocket,0,no article
fighter,Geochan The Rocket,0,no article
fighter,Geoff Bumstead,0,no article
fighter,Geoff Neal,22,Geoff Neal
fighter,Geoff Pavey,0,no article
fighter,Geoffrey Mellor,0,no article
fighter,Geoffrey Then,0,no article
fighter,Georg Bilogrevic,0,no article
fighter,George Belanger,0,no article
fighter,George Bucur,0,no article
fighter,George Bush,0,no article
fighter,George Courtney,0,no article
fighter,George Garcia,0,no article
fighter,George Hardwick,0,no article
fighter,George Hardwick (c),0,no article
fighter,George Jarvis,0,no article
fighter,George Mangos,0,no article
fighter,George Marlan,0,no article
fighter,George Martinez,0,no article
fighter,George McManus,0,no article
fighter,George Miller,0,no article
fighter,George Pacurariu,0,no article
fighter,George Peintinger,0,no article
fighter,George Roop,29,George Roop
fighter,George Smith,0,no article
fighter,George Sotiropoulos,22,George Sotiropoulos
fighter,George Staines,0,no article
fighter,George Stork,0,no article
fighter,George Sullivan,29,George Sullivan (fighter)
fighter,George Zuniga,0,no article
fighter,Georges Eid,0,no article
fighter,Georges Sasu,0,no article
fighter,Georges St-Pierre,28,Georges St-Pierre
fighter,Georges St-Pierre (c),0,no article
fighter,Georges St-Pierre (ic),0,no article
fighter,Georgi Karakhanyan,47,Georgi Karakhanyan
fighter,Georgi Karakhanyan (c),0,no article
fighter,Georgi Maisuradze,0,no article
fighter,Georgii Eivas,0,no article
fighter,Georgio Pietrini,0,no article
fighter,Georgios Daskalakis,0,no article
fighter,Georgy Shakhruramazanov,0,no article
fighter,Geovani Cruz,0,no article
fighter,Geovanis Palacios,0,no article
fighter,Ger Harris,0,no article
fighter,Gerald Harris,37,Gerald Harris
fighter,Gerald Lovato,0,no article
fighter,Gerald Meerschaert,59,Gerald Meerschaert
fighter,Gerald Scott,0,no article
fighter,Geraldo Neto,0,no article
fighter,Geraldo Neto (c),0,no article
fighter,Geraldo de Freitas,23,Geraldo de Freitas
fighter,Gerard Burns,0,no article
fighter,Gerardo Aguillón,0,no article
fighter,Gerardo Fanny,0,no article
fighter,Gerardo García Pérez,0,no article
fighter,Gerardo Graniel,0,no article
fighter,Gerardo Sánchez,0,no article
fighter,Gerasimos Sioutis,0,no article
fighter,Germaine de Randamie,15,Germaine de Randamie
fighter,German Barsegyan,0,no article
fighter,Gerric Hayes,0,no article
fighter,Gerrica Trias,0,no article
fighter,Gesias Cavalcante,37,Gesias Cavalcante
fighter,Geysim Derouiche,0,no article
fighter,Ghassan Abdenabi,0,no article
fighter,Gheorghe Grozav,0,no article
fighter,Gheorghe Ignat,5,Gheorghe Ignat
fighter,Gheorghe Neațu,0,no article
fighter,Ghita Chafik,0,no article
fighter,Ghith Ighzawi,0,no article
fighter,Gi Hoon Ryu,0,no article
fighter,Gi Won Go,0,no article
fighter,Gi Won Ko,0,no article
fighter,Giacoma Licheri,0,no article
fighter,Giacomo Michelis,0,no article
fighter,Giada Ghizzo,0,no article
fighter,Gian Franco Cortéz,0,no article
fighter,Gian Maurente,0,no article
fighter,Gian Sarturi,0,no article
fighter,Gian Siqueira,0,no article
fighter,Gian Villante,31,Gian Villante
fighter,Giancarlo Bodoni,0,no article
fighter,Gianluca Rocca,0,no article
fighter,Gianluca Scottoli,0,no article
fighter,Gianni Grippo,0,no article
fighter,Gianni Melillo,0,no article
fighter,Gianni Subba,0,no article
fighter,Gianni Vázquez,0,no article
fighter,Giannis Bachar,0,no article
fighter,Giannis Boukis,0,no article
fighter,Giannis Stoforidis,0,no article
fighter,Giant Gonzalez,0,no article
fighter,Giant Silva,8,Giant Silva
fighter,Gideon Ray,33,Gideon Ray
fighter,Giedrius Karavackas,0,no article
fighter,Giga Chikadze,22,Giga Chikadze
fighter,Gigo Jara,0,no article
fighter,Gil Castillo,16,Gil Castillo
fighter,Gil Guardado,0,no article
fighter,Gil Woo Lee,0,no article
fighter,Gilbert Aldana,0,no article
fighter,Gilbert Burns,32,Gilbert Burns
fighter,Gilbert Jimenez,0,no article
fighter,Gilbert Melendez,30,Gilbert Melendez
fighter,Gilbert Melendez (c),0,no article
fighter,Gilbert Melendez (ic),0,no article
fighter,Gilbert Nakatani,0,no article
fighter,Gilbert Rael,0,no article
fighter,Gilbert Ramírez,0,no article
fighter,Gilbert Salinas,0,no article
fighter,Gilbert Smith,0,no article
fighter,Gilbert Urbina,0,no article
fighter,Gilbert Yvel,58,Gilbert Yvel
fighter,Gilberto Aguilar,0,no article
fighter,Gilberto Galvao,0,no article
fighter,Gilberto Galvão,0,no article
fighter,Gilberto Santos,0,no article
fighter,Gilberto Sousa,0,no article
fighter,Gillian Robertson,27,Gillian Robertson
fighter,Gilsely Perrea,0,no article
fighter,Gina Carano,9,Gina Carano
fighter,Gina Iniong,0,no article
fighter,Gina Mazany,15,Gina Mazany
fighter,Gingsanglek Tor.Laksong,0,no article
fighter,Ginji Arai,0,no article
fighter,Gino van Steenis,0,no article
fighter,Giorgi Gogotchuri,0,no article
fighter,Giorgio Belsanti,0,no article
fighter,Giorgio Petrosyan,0,no article
fighter,Giorgio Pietrini,0,no article
fighter,Giovani López,0,no article
fighter,Giovanna Canuto,0,no article
fighter,Giovanni Fernandez,0,no article
fighter,Giovanni Garcia,0,no article
fighter,Giovanni Guerrero,0,no article
fighter,Giovanni Melillo,0,no article
fighter,Giovanni Sarran,0,no article
fighter,Giovanni Suran,0,no article
fighter,Giovanny Meza,0,no article
fighter,Gisele Libânio,0,no article
fighter,Gisele Moreira,0,no article
fighter,Giuseppe Mastrogiacomo,0,no article
fighter,Giuseppe Ruggeri,0,no article
fighter,Giva Santana,21,Giva Santana
fighter,Givanildo Santana,0,same article as another: Giva Santana
fighter,Gjoni Palokaj,0,no article
fighter,Glaico França,0,no article
fighter,Gleb Khabibulin,0,no article
fighter,Gleb Khabibullin,0,no article
fighter,Gleb Shadrin,0,no article
fighter,Gleidson Cutis,0,no article
fighter,Gleison Tibau,59,Gleison Tibau
fighter,Glen Baker,0,no article
fighter,Glendal Whitney,0,no article
fighter,Gleristone Santos,0,no article
fighter,Gloria Peritore,2,Gloria Peritore
fighter,Gloria Telles,0,no article
fighter,Gloria de Paula,13,Gloria de Paula
fighter,Glover Teixeira,42,Glover Teixeira
fighter,Glover Teixeira (c),0,no article
fighter,Gláucio Eliziário,0,no article
fighter,Go Matsuo,0,no article
fighter,Gocha Shainidze,0,no article
fighter,Godofredo Pepey,25,Godofredo Pepey
fighter,Goga Shamatava,0,no article
fighter,Goiti Yamauchi,38,Goiti Yamauchi
fighter,Gokhan Saricam,0,no article
fighter,Gokhan Sharicam,0,no article
fighter,Goldman Butler,0,no article
fighter,Gonzalo Ponce,0,no article
fighter,Goran Reljic,33,Goran Reljić
fighter,Grace DiFrancesco,0,no article
fighter,Grachik Bozinyan,0,no article
fighter,Grady Hurley,0,no article
fighter,Graham Park,0,no article
fighter,Graham Sheehan,0,no article
fighter,Graham Spencer,0,no article
fighter,Granson Clark,0,no article
fighter,Grant Dawson,28,Grant Dawson
fighter,Grant Neal,0,no article
fighter,Grant Ogborne,0,no article
fighter,Gray Maynard,24,Gray Maynard
fighter,Greg Fischer,0,no article
fighter,Greg Hardy,18,Greg Hardy
fighter,Greg Loughran,0,no article
fighter,Greg Maynard,0,no article
fighter,Greg McIntyre,0,no article
fighter,Greg Nagy,0,no article
fighter,Greg Rebello,0,no article
fighter,Greg Scott,0,no article
fighter,Greg Soto,13,Greg Soto
fighter,Greg Sun,0,no article
fighter,Greg Velasco,0,no article
fighter,Greg Wilson Jr.,0,no article
fighter,Gregg Baker,0,no article
fighter,Gregor Gillespie,15,Gregor Gillespie
fighter,Gregor Gracie,0,no article
fighter,Gregory Babene,0,no article
fighter,Gregory Bouchelaghem,0,no article
fighter,Gregory Milliard,0,no article
fighter,Gregory Rodrigues,26,Gregory Rodrigues
fighter,Gregory Wamytan,0,no article
fighter,Griet Eeckhout,0,no article
fighter,Griffin Parriott,0,no article
fighter,Grigor Matevosyan,0,no article
fighter,Grigory Popov,0,no article
fighter,Grzegorz Stabach,0,no article
fighter,Grégory Babene,0,no article
fighter,Gugun Gusman,0,no article
fighter,Guido Cannetti,19,Guido Cannetti
fighter,Guilherme Bomba,0,no article
fighter,Guilherme Costa,0,no article
fighter,Guilherme Crossi,0,no article
fighter,Guilherme Faria,0,no article
fighter,Guilherme Farias,0,no article
fighter,Guilherme Pat,0,no article
fighter,Guilherme Santos,0,no article
fighter,Guilherme Soares,0,no article
fighter,Guilherme Uriel,0,no article
fighter,Guilherme Vasconcelos,0,no article
fighter,Guilherme Viana,17,Guilherme Viana
fighter,Guillaume DeLorenzi,0,no article
fighter,Guillaume Poulin,0,no article
fighter,Guillermo Smith,0,no article
fighter,Guillermo Torres,0,no article
fighter,Guillermo Vidañez,0,no article
fighter,Guillermo dos Santos,0,no article
fighter,Guillherme Antunes,0,no article
fighter,Guiseppe De Domenico,0,no article
fighter,Gun Oh Shim,0,no article
fighter,Gunnar Nelson,26,Gunnar Nelson (fighter)
fighter,Gunner Coronado,0,no article
fighter,Gunther Kalunda Ngunza,0,no article
fighter,Guram Kutateladze,21,Guram Kutateladze (fighter)
fighter,Gurdarshan Mangat,0,no article
fighter,Gusjung Fairtex,0,no article
fighter,Gustavo Balart,18,Gustavo Balart
fighter,Gustavo Batista,0,no article
fighter,Gustavo Erak,0,no article
fighter,Gustavo Falciroli,26,Gustavo Falciroli
fighter,Gustavo Gabriel,0,no article
fighter,Gustavo Guilherme Canuto,0,no article
fighter,Gustavo Henrique,0,no article
fighter,Gustavo Henrique Silva,0,no article
fighter,Gustavo Kruger,0,no article
fighter,Gustavo Lopez,27,Gustavo Lopez (fighter)
fighter,Gustavo Lopez (ic),0,no article
fighter,Gustavo Machado,34,Gustavo Machado (fighter)
fighter,Gustavo Maldonado,0,no article
fighter,Gustavo Oliveira,0,no article
fighter,Gustavo Picone,0,no article
fighter,Gustavo Pintos,0,no article
fighter,Gustavo Ribeiro,0,no article
fighter,Gustavo Rocha,0,no article
fighter,Gustavo Sousa,0,no article
fighter,Gustavo Trujillo,0,no article
fighter,Gustavo Wurlitzer,0,no article
fighter,Guto Inocente,20,Guto Inocente
fighter,Guyana Carey Vanier,0,no article
fighter,Gvido Šhusts,0,no article
fighter,Gyeong Eui Cho,0,no article
fighter,Gyu Hwa Kim,0,no article
fighter,Győrfi Csaba,0,no article
fighter,Gzim Selmani,7,Rezar
fighter,Gábor Görbics,0,no article
fighter,Gökhan Aksu,0,no article
fighter,Gökhan Saki,3,Gökhan Saki
fighter,Gökhan Saricam,0,no article
fighter,Gökhan Sarıçam,0,no article
fighter,HIROYA,0,no article
fighter,Ha Jun Kim,0,no article
fighter,Ha Jung Park,0,no article
fighter,Haci Akseker,0,no article
fighter,Hacran Dias,43,Hacran Dias
fighter,Hadi Al-Hussaini,0,no article
fighter,Hadi Omar Al Hussaini,0,no article
fighter,Hadley Griffith,0,no article
fighter,Hae In Kim,0,no article
fighter,Hae Jin Park,0,no article
fighter,Hae Jun Yang,0,no article
fighter,Hae-Jin Park,0,no article
fighter,Hafeni Nafuka,0,no article
fighter,Haiat Farag Yousseef,0,no article
fighter,Haider Khan,0,no article
fighter,Haidy Ahmed,0,no article
fighter,Haifa Reso,0,no article
fighter,Hailey Cowan,0,no article
fighter,Haim Gozali,23,Haim Gozali
fighter,Haitham Kiuof,0,no article
fighter,Hakeem Dawodu,19,Hakeem Dawodu
fighter,Halil Amir,0,no article
fighter,Halston Williams,0,no article
fighter,Ham Seo-hee,35,Seo Hee Ham
fighter,Hamad Marhoon,0,no article
fighter,Hamdy Abdelwahab,10,Hamdy Abdelwahab
fighter,Hamilton Ash,0,no article
fighter,Hammer Morton,0,no article
fighter,Hamza Dagdeviren,0,no article
fighter,Hamza Imane,0,no article
fighter,Hamza Kooheji,0,no article
fighter,Hamza Salim,0,no article
fighter,Hamzeh Trad,0,no article
fighter,Han Jiaqiang,0,no article
fighter,Han Seul Kim,0,no article
fighter,Han Yong Lee,0,no article
fighter,Han Zihao,0,no article
fighter,Hana Date,0,no article
fighter,Hanako Kobayashi,0,no article
fighter,Handesson Ferreira,0,no article
fighter,Handong Kong,0,no article
fighter,Hanka Gelnarová,0,no article
fighter,Hannah Brady,0,no article
fighter,Hannah Brobyskov,0,no article
fighter,Hannah Cifers,17,Hannah Cifers
fighter,Hannah Goldy,11,Hannah Goldy
fighter,Hannah Guy,0,no article
fighter,Hannah Ramos,0,no article
fighter,Hannah Regina,0,no article
fighter,Hannah Zeciri,0,no article
fighter,Hans Stringer,33,Hans Stringer
fighter,Haobin Ma,0,no article
fighter,Haolan Jietebusibai,0,no article
fighter,Harda Karim,0,no article
fighter,Harel Cohen,0,no article
fighter,Haris Talundžić,0,no article
fighter,Harold Hubbard,0,no article
fighter,Harris Sarmiento,0,no article
fighter,Harrison Layne,0,no article
fighter,Harry Grech,0,no article
fighter,Harry Hardwick,0,no article
fighter,Harry Hardwick (c),0,no article
fighter,Harry Hunsucker,0,no article
fighter,Harry Johnson,0,no article
fighter,Harry Shaw,0,no article
fighter,Harsh Pandya,0,no article
fighter,Haruka Hasegawa,0,no article
fighter,Harumi Arima,0,no article
fighter,Harumi Harumi,0,no article
fighter,Harun Kurt,0,no article
fighter,Harun Uzun,0,no article
fighter,Haruo Ochi,42,Haruo Ochi
fighter,Haruto,0,no article
fighter,Haruto Sunada,0,no article
fighter,Harvey Park,0,no article
fighter,Hasan Mezhiev,0,no article
fighter,Hascen Neri Gelezi,0,no article
fighter,Hasham Elnamer,0,no article
fighter,Hashem Arkhagha,0,no article
fighter,Hassan Ahmed Moustafa,0,no article
fighter,Hassan Kayani,0,no article
fighter,Hassan Mandour,0,no article
fighter,Hassan Shaaban,0,no article
fighter,Hassna Gaber,0,no article
fighter,Hatef Moeil,0,no article
fighter,Hatice Ozyurt,10,Hatice Özyurt
fighter,Hatsu Hioki,44,Hatsu Hioki
fighter,Hattan Alsaif,0,no article
fighter,Haven Torres,0,no article
fighter,"Hayato ""Mach"" Sakurai",0,no article
fighter,Hayato Kikuchi,0,no article
fighter,Hayato Sakurai,54,Hayato Sakurai
fighter,Hayato Shimizu,0,no article
fighter,Hayato Suzuki,0,no article
fighter,Hayder Hassan,20,Hayder Hassan
fighter,Hayisaer Maheshate,0,no article
fighter,Hayk Kazaryan,0,no article
fighter,Hayward Charles,0,no article
fighter,Hazem Kayyali,0,no article
fighter,He Nannan,0,no article
fighter,He Qun,0,no article
fighter,Heath Herring,45,Heath Herring
fighter,Heath Sims,11,Heath Sims
fighter,Heather Bassett,0,no article
fighter,Heather Hardy,4,Heather Hardy
fighter,Heather Jo Clark,15,Heather Clark (fighter)
fighter,Hecher Sosa,0,no article
fighter,Hector Aldana,9,Hector Aldana
fighter,Hector Garcia,0,no article
fighter,Hector Lombard,54,Héctor Lombard
fighter,Hector Lombard (c),0,no article
fighter,Hector Munoz,0,no article
fighter,Hector Ochoa,0,no article
fighter,Hector Ramirez,0,no article
fighter,Hector Sandoval,19,Hector Sandoval
fighter,Hector Santiago,0,no article
fighter,Hee Eun Kang,0,no article
fighter,Hee Jo Yang,0,no article
fighter,Heinrich Wassmer,0,no article
fighter,Helen Harper,0,no article
fighter,Helen Lucero,0,no article
fighter,Helen Peralta,16,Helen Peralta
fighter,Helisson Cardoso,0,no article
fighter,Hemerson Souza,0,no article
fighter,Henri Lintula,0,no article
fighter,Henrique Barbosa Castro,0,no article
fighter,Henrique Madureira,0,no article
fighter,Henrique Melo,0,no article
fighter,Henrique Shiguemoto,0,no article
fighter,Henrique da Silva,32,Henrique da Silva (fighter)
fighter,Henry Barahona,0,no article
fighter,Henry Briones,25,Henry Briones
fighter,Henry Cejudo,22,Henry Cejudo
fighter,Henry Cejudo (c),0,no article
fighter,Henry Corrales,29,Henry Corrales
fighter,Henry Fadipe,0,no article
fighter,Henry Huff,0,no article
fighter,Henry Lindsay,0,no article
fighter,Henry Martinez,13,Henry Martinez (fighter)
fighter,Henry Miller,23,Sentoryū Henri
fighter,Heraldo Souza,0,no article
fighter,Herbert Batista,0,no article
fighter,Herbert Burns,17,Herbert Burns
fighter,Herbert Goodman,30,Herbert Goodman
fighter,Herbert Rogers-Williams,0,no article
fighter,Herbeth Sousa,0,no article
fighter,Hercules Wor.Chakrawut,0,no article
fighter,Herdem Alacabek,0,no article
fighter,Herdeson Batista,0,no article
fighter,Herman Terrado,23,Herman Terrado
fighter,Hermes Franca,0,no article
fighter,Hermes Franca (c),0,no article
fighter,Hermes França,47,Hermes França
fighter,Hermison Oliveira,0,no article
fighter,Hernani Perpétuo,0,no article
fighter,Herschel Walker,2,Herschel Walker
fighter,Hesdy Gerges,2,Hesdy Gerges
fighter,Hesham Hiba,0,no article
fighter,Hidehiko Hasegawa,0,no article
fighter,Hidehiko Yoshida,18,Hidehiko Yoshida
fighter,Hideki Kadowaki,36,Hideki Kadowaki
fighter,Hideki Sekine,0,no article
fighter,Hideki Suzuki,0,no article
fighter,Hideki Tadao,0,no article
fighter,Hidemi Mihara,0,no article
fighter,Hidenobu Koike,0,no article
fighter,Hideo Tokoro,71,Hideo Tokoro
fighter,Hidetada Irie,0,no article
fighter,Hidetaka Monma,33,Hidetaka Monma
fighter,Hikari Sato,0,no article
fighter,Hikaru Aono,0,no article
fighter,Hikaru Sato,3,Hikaru Sato
fighter,Hikaru Shida,0,Hikaru Shida
fighter,Hikaru Yoshino,0,no article
fighter,Hilarie Rose,0,no article
fighter,Hildred Oliney,0,no article
fighter,Himanshu Kaushik,0,no article
fighter,Hinata Kitano,0,no article
fighter,Hiram Furukawa,0,no article
fighter,Hiroaki Suzuki,13,Hiroaki Suzuki
fighter,Hiroba Minowa,0,no article
fighter,Hirofumi Sakashita,0,no article
fighter,Hirokazu Konno,0,no article
fighter,Hirokazu Nishimura,0,no article
fighter,Hirokazu Takamoto,0,no article
fighter,Hiroki Akimoto,0,Hiroki Akimoto
fighter,Hiroki Akimoto (c),0,no article
fighter,Hiroki Nagaoka,0,no article
fighter,Hiroki Suzuki,0,no article
fighter,Hiroko Kitamura,0,no article
fighter,Hiroko Yamanaka,16,Hiroko Yamanaka
fighter,Hiromasa Ougikubo,57,Hiromasa Ougikubo
fighter,Hiromasa Ougikubo (c),0,no article
fighter,Hiromi Akutsu,0,no article
fighter,Hiromi Wajima,0,no article
fighter,Hiromitsu Kanehara,53,Hiromitsu Kanehara
fighter,Hiromitsu Miura,21,Hiromitsu Miura
fighter,Hiromu Nagado,0,no article
fighter,Hiroshi Arakawa,0,no article
fighter,Hiroshi Izumi,6,Hiroshi Izumi
fighter,Hiroshi Mochizuki,0,no article
fighter,Hiroshi Nakamura,27,Hiroshi Nakamura (fighter)
fighter,Hiroshi Sano,0,no article
fighter,Hiroshi Tomita,0,no article
fighter,Hiroshige Tanaka,0,no article
fighter,Hirosuke Kuboshima,0,no article
fighter,Hirotaka Uehara,0,no article
fighter,Hirotaka Yokoi,16,Hirotaka Yokoi
fighter,Hiroto Uesako,0,no article
fighter,Hirotoshi Saito,0,no article
fighter,Hiroya,0,no article
fighter,Hiroya Kondo,0,no article
fighter,Hiroyuki Abe,28,Hiroyuki Abe (fighter)
fighter,Hiroyuki Nohara,0,no article
fighter,Hiroyuki Nozawa,0,no article
fighter,Hiroyuki Ota,0,no article
fighter,Hiroyuki Takaya,39,Hiroyuki Takaya
fighter,Hiroyuki Takaya (c),0,no article
fighter,Hiroyuki Tetsuka,0,no article
fighter,Hisae Watanabe,0,no article
fighter,Hisaki Kato,12,Hisaki Kato
fighter,Hisato Izawa,0,no article
fighter,Hisham Hiba,0,no article
fighter,Hisyam Samsudin,0,no article
fighter,Hitoki Tsuti,0,no article
fighter,Hitomi Akano,28,Hitomi Akano
fighter,Hitomi Ikemoto,0,no article
fighter,Ho Jun Lee,0,no article
fighter,Ho Yoon Chung,0,no article
fighter,Ho Young Yun,0,no article
fighter,Hojat Khajevand,0,no article
fighter,Holly Holm,23,Holly Holm
fighter,Holly Holm (c),0,no article
fighter,Holly Lawson,0,no article
fighter,Homer Moore,37,Homer Moore
fighter,Hondo Gutierrez,0,no article
fighter,Hong Man Choi,9,Hongman Choi
fighter,Hong Seong-chan,0,no article
fighter,Hong-man Choi,0,same article as another: Hongman Choi
fighter,Honor Kelesh,0,no article
fighter,Honorio Banario,0,no article
fighter,Honorio Banario (c),0,no article
fighter,Hoon Kim,0,no article
fighter,Hope Chase,0,no article
fighter,Hopeton Stewart,0,no article
fighter,Horacio Gutiérrez,0,no article
fighter,Hosein Helali,0,no article
fighter,Houssain Oushani,0,no article
fighter,Houston Alexander,40,Houston Alexander
fighter,Houston Scibek,0,no article
fighter,Hracho Darpinyan,0,no article
fighter,Htit Htit Lay,0,no article
fighter,Hu Rige,0,no article
fighter,Hu Yaozong,9,Hu Yaozong
fighter,Hu Yong,0,no article
fighter,Huang Di Yuan,0,no article
fighter,Hugh McKenna,0,no article
fighter,Hugh O'Donnell,0,no article
fighter,Hugh Pulley,0,no article
fighter,Hugo Cunha,0,no article
fighter,Hugo Cunha (c),0,no article
fighter,Hugo Deux,8,Hugo Deux
fighter,Hugo Flores,0,no article
fighter,Hugo Govea,0,no article
fighter,Hugo Guillon,0,no article
fighter,Hugo Hernando Prada,0,no article
fighter,Hugo Lujan,0,no article
fighter,Hugo Oyarzún,0,no article
fighter,Hugo Paiva,0,no article
fighter,Hugo Pereira,0,no article
fighter,Hugo Rubio,0,no article
fighter,Hugo Sandoval,0,no article
fighter,Hugo Torres,0,no article
fighter,Hugo Vach,0,no article
fighter,Hugo Viana,15,Hugo Viana (fighter)
fighter,Humberto Bandenay,39,Humberto Bandenay
fighter,Humberto Brown,0,no article
fighter,Humberto DeLeon,0,no article
fighter,Humberto Duarte,0,no article
fighter,Hunter Azure,18,Hunter Azure
fighter,Hunter Colvin,0,no article
fighter,Hunter Eweld,0,no article
fighter,Hunter Joffre,0,no article
fighter,Hunter Scott-Gregg,0,no article
fighter,Hunter Smith,0,no article
fighter,Hunter Worsham,0,no article
fighter,Husein Kadimagomaev,0,no article
fighter,Husein Kushagov,0,no article
fighter,Hussain Al Kurdi,0,no article
fighter,Hussain Bakhsh Safari,0,no article
fighter,Hussain Rasouli,0,no article
fighter,Hussein Salem,0,no article
fighter,Hussien Salem,0,no article
fighter,Hwang In-su,0,no article
fighter,Hyago Silva,0,no article
fighter,Hyder Amil,14,Hyder Amil
fighter,Hye In Kim,0,no article
fighter,Hykeem Green,0,no article
fighter,Hyo Kyung Song,0,no article
fighter,Hyo Ryong Kim,0,no article
fighter,Hyu Iwata,0,no article
fighter,Hyuga Miyagawa,0,no article
fighter,Hyun Gyu Lim,21,Lim Hyun-gyu
fighter,Hyun Joo Baek,0,no article
fighter,Hyun Man Myung,0,no article
fighter,Hyun Woo Kim,0,no article
fighter,Hyung Geol Lee,0,no article
fighter,Hyung Geun Park,0,no article
fighter,Hyung Kwang Kim,0,no article
fighter,Hyung Seok Lee,0,no article
fighter,Hyung Soo Kim,0,no article
fighter,Hyung Suk Choi,0,no article
fighter,Héctor Ferral,0,no article
fighter,Héctor Icedo,0,no article
fighter,Héctor Lombard,0,same article as another: Héctor Lombard
fighter,Héctor Martínez,0,no article
fighter,Héctor Pedroza,0,no article
fighter,Héctor Urbina,31,Héctor Urbina
fighter,Héctor Valenzuela,0,no article
fighter,Hélio Hernandez,0,no article
fighter,Iago Silva,0,no article
fighter,Iain Postlethwaite,0,no article
fighter,Iamik Furtado,0,no article
fighter,Ian Butler,0,no article
fighter,Ian Cleary,0,no article
fighter,Ian Coughlan,0,no article
fighter,Ian Engbrock,0,no article
fighter,Ian Entwistle,14,Ian Entwistle
fighter,Ian Escuza,0,no article
fighter,Ian Heinisch,19,Ian Heinisch
fighter,Ian Loveland,27,Ian Loveland
fighter,Ian Machado Garry,19,Ian Machado Garry
fighter,Ian Malone,0,no article
fighter,Ian McCall,21,Ian McCall (fighter)
fighter,Ian Murphy,0,no article
fighter,Ian Nai,0,no article
fighter,Ian Rammel,0,no article
fighter,Iasmin Lucindo,24,Iasmin Lucindo
fighter,Ibo Aslan,18,İbo Aslan
fighter,Ibragim Abdulkadyrov,0,no article
fighter,Ibragim Chuzhigaev,27,Ibragim Chuzhigaev
fighter,Ibragim Dauev,0,no article
fighter,Ibragim Ibragimov,0,no article
fighter,Ibragim Kantaev,0,no article
fighter,Ibragim Magomedov,0,no article
fighter,Ibrahim Al-Faqih Hassan,0,no article
fighter,Ibrahim Mahmoud,0,no article
fighter,Ibrahim Mane,0,no article
fighter,Ibrahim Mané,0,no article
fighter,Ibrahim Telli,0,no article
fighter,Ibrahima Mané,0,no article
fighter,Ibrahimli Toghrul,0,no article
fighter,Icaro Brito,0,no article
fighter,Ichiro Kanai,0,no article
fighter,Ichiro Kudo,0,no article
fighter,Icho Larenas,0,no article
fighter,Idari Sánchez,0,no article
fighter,Ido Pariente,18,Ido Pariente
fighter,Idris Wasi,0,no article
fighter,Ieuan Davies,0,no article
fighter,Ieuan Mackenzie,0,no article
fighter,Ignacio Bahamondes,25,Ignacio Bahamondes
fighter,Ignacio Campos,0,no article
fighter,Ignacio Capella,0,no article
fighter,Ignacio Fernandez,0,no article
fighter,Ignacio Ortiz,0,no article
fighter,Igor Almeida,0,no article
fighter,Igor Araújo,36,Igor Araújo
fighter,Igor Cavalcanti,0,no article
fighter,Igor Gracie,0,no article
fighter,Igor Michaliszyn,16,Igor Michaliszyn
fighter,Igor Olchonov,0,no article
fighter,Igor Pokrajac,45,Igor Pokrajac
fighter,Igor Severino,12,Igor Severino
fighter,Igor Severino (c),0,no article
fighter,Igor Siqueira,0,no article
fighter,Igor Siqueira (ic),0,no article
fighter,Igor Subora,0,no article
fighter,Igor Svirid,0,no article
fighter,Igor Svirid (c),0,no article
fighter,Igor Tanabe,0,no article
fighter,Igor Taylon,0,no article
fighter,Igor Vovchanchyn,67,Igor Vovchanchyn
fighter,Igor Wojtas,0,no article
fighter,Igor Włodarczyk,0,no article
fighter,Igor Zhirkov,0,no article
fighter,Ihor Potieria,0,no article
fighter,Ik Hwan Jang,0,no article
fighter,Ik Tae Jin,0,no article
fighter,Ikaika Choy-Fu,0,no article
fighter,Ike Villanueva,38,Ike Villanueva
fighter,Ikram Aliskerov,20,Ikram Aliskerov
fighter,Ikuhisa Minowa,117,Ikuhisa Minowa
fighter,Ikuo Usuda,0,no article
fighter,Il Gyu Park,0,no article
fighter,Il Hak Oh,0,no article
fighter,Ilara Joanne,0,no article
fighter,Ilay Barzilay,0,no article
fighter,Ildemar Alcantara,44,Ildemar Alcântara
fighter,Ildemar Alcântara,0,same article as another: Ildemar Alcântara
fighter,Iler Bakhtiyar Uulu,0,no article
fighter,Ilia Topuria,18,Ilia Topuria
fighter,Ilia Topuria (c),0,no article
fighter,Ilian Bouafia,0,no article
fighter,Iliarde Santos,49,Iliarde Santos
fighter,Ilias Bulaid,10,Ilias Bulaid
fighter,Ilias Ennahachi,0,no article
fighter,Ilias Faquiri,0,no article
fighter,Ilima-Lei Macfarlane,21,Ilima-Lei Macfarlane
fighter,Ilima-Lei Macfarlane (c),0,no article
fighter,Ilimbek Akylbek uulu,0,no article
fighter,Ilir Latifi,27,Ilir Latifi
fighter,Ilja Stojanov,0,no article
fighter,Ilkhom Nozimov (c),0,no article
fighter,Ilknur Kurt,0,no article
fighter,Illia Hladkii,0,no article
fighter,Ilmiyamin Dzhavatov,0,no article
fighter,Ilra Joanne,0,no article
fighter,Ilya Freymanov,0,no article
fighter,Ilya Kotau,0,no article
fighter,Ilyas Musaev,0,no article
fighter,Ilyor Bakhtiyar Uulu,0,no article
fighter,Imad Bouamri,0,no article
fighter,Imad El Azami,0,no article
fighter,Imam Vitakhanov,0,no article
fighter,Imam-Shapi Mukhtarov,0,no article
fighter,Imamshafi Aliev,0,no article
fighter,Iman Barlow,0,no article
fighter,Imani Lee,0,no article
fighter,Imanol Rodriguez,0,no article
fighter,Imanol Rodríguez,0,no article
fighter,Imomadkhan Iskhakov,0,no article
fighter,Impa Kasanganay,27,Impa Kasanganay
fighter,Imram Magaramov,0,no article
fighter,Imran Bukuev,0,no article
fighter,Imran Daurbekov,0,no article
fighter,Imran Taysultanov,0,no article
fighter,In Ho Cha,0,no article
fighter,In Jae La,0,no article
fighter,In Jae La (c),0,no article
fighter,In Seok Kim,0,no article
fighter,In Seok Yoo,0,no article
fighter,In Soo Hwang,0,no article
fighter,In Su Hwang,0,no article
fighter,Inaildo Santos,0,no article
fighter,Inglesson de Lara,0,no article
fighter,Ingrid Sewa,0,no article
fighter,Ingrid Silva,0,no article
fighter,Inor Valladares,0,no article
fighter,Ioan Harris,0,no article
fighter,Ioan Vrânceanu,0,no article
fighter,Ion Chirilov,0,no article
fighter,Ion Cuțelaba,34,Ion Cutelaba
fighter,Ion Grigore,0,no article
fighter,Ion Pascu,0,no article
fighter,Ion Pop,0,no article
fighter,Ion Surdu,0,no article
fighter,Ion Taburceanu,0,no article
fighter,Ion Vodă,0,no article
fighter,Ionel Bălan,0,no article
fighter,Ionuţ Gelep,0,no article
fighter,Ionuț Atodiresei,5,Ionuț Atodiresei
fighter,Ionuț Busuioc,0,no article
fighter,Ionuț Gelep,0,no article
fighter,Ionuț Iancu,0,no article
fighter,Ionuț Ilie,0,no article
fighter,Ionuț Munteanu,0,no article
fighter,Ionuț Oprea,0,no article
fighter,Iony Lawrence,0,no article
fighter,Iony Razafiarison,0,no article
fighter,Ippo Watanuki,0,no article
fighter,Ira Boyd,0,no article
fighter,Ira Lukowsky,0,no article
fighter,Iraj Azizpour,0,no article
fighter,Irakli Kuchukhidze,0,no article
fighter,Iras Khizriev,0,no article
fighter,Irene Aldana,23,Irene Aldana
fighter,Irene Martins,0,no article
fighter,Irfan Mulbinovic,0,no article
fighter,Irgit Oveenchi,0,no article
fighter,Irina Alekseeva,0,no article
fighter,Irina Mazepa,0,no article
fighter,Irlaine Gasai,0,no article
fighter,Irshaad Sayed,15,Irshaad Sayed
fighter,Irvin Amaya,0,no article
fighter,Irving Cardona,0,no article
fighter,Irving Molina,0,no article
fighter,Irvins Ayala,0,no article
fighter,Irwin Rivera,19,Irwin Rivera
fighter,Iryna Kyselova,0,no article
fighter,Irén Rácz,0,no article
fighter,Isaac Amaya,0,no article
fighter,Isaac Blais,0,no article
fighter,Isaac DeJesus,0,no article
fighter,Isaac Dulgarian,0,no article
fighter,Isaac Gutierrez,0,no article
fighter,Isaac Hopps,0,no article
fighter,Isaac Moreno,0,no article
fighter,Isaac Omeda,0,no article
fighter,Isaac Quintero,0,no article
fighter,Isaac Ruelas,0,no article
fighter,Isaac Samaoya,0,no article
fighter,Isaac Samayoa,0,no article
fighter,Isaac Steele,0,no article
fighter,Isaac Thomson,0,no article
fighter,Isaac Vallie-Flagg,28,Isaac Vallie-Flagg
fighter,Isaac Villanueva,0,same article as another: Ike Villanueva
fighter,Isaac Villegas,0,no article
fighter,Isabela de Pádua,0,no article
fighter,Isabella de Pádua,0,no article
fighter,Isai Cabrera,0,no article
fighter,Isaiah Batin-Gonzalez,0,no article
fighter,Isaiah Chapman,0,no article
fighter,Isaiah Culpepper,0,no article
fighter,Isaiah Diggs,0,no article
fighter,Isaiah Figueroa,0,no article
fighter,Isaiah Flores,0,no article
fighter,Isaiah Gutierrez,0,no article
fighter,Isaiah Hill,0,no article
fighter,Isaiah Hokit,0,no article
fighter,Isaiah Pinson,0,no article
fighter,Isaiah Rocha,0,no article
fighter,Isaiah Watkins,0,no article
fighter,Isaias Alvarado,0,no article
fighter,Isaias Simões,0,no article
fighter,Isao Hirose,0,no article
fighter,Isao Kobayashi,0,no article
fighter,Isi Fitikefu,0,no article
fighter,Isiah Torres,0,no article
fighter,Isidro Gonzalez,0,no article
fighter,Isis Verbeek,0,no article
fighter,Iskandar Mamadaliev,0,no article
fighter,Islam Bialiev,0,no article
fighter,Islam Djabrailov,0,no article
fighter,Islam Dulatov,13,Islam Dulatov
fighter,Islam Isaev,0,no article
fighter,Islam Khapilaev,0,no article
fighter,Islam Makhachev,30,Islam Makhachev
fighter,Islam Makhachev (c),0,no article
fighter,Islam Makoev,0,no article
fighter,Islam Mamedov,0,no article
fighter,Islam Meshev,0,no article
fighter,Islam Murtazaev,1,Islam Murtazaev
fighter,Islam Omarov (c),0,no article
fighter,Islam Rechidov,0,no article
fighter,Islam Reda,0,no article
fighter,Islam Sayed,0,no article
fighter,Islam Youssef,0,no article
fighter,Islam Yusupov,0,no article
fighter,Islem Masraf,0,no article
fighter,Ismael Bonfim,0,no article
fighter,Ismael Leon,0,no article
fighter,Ismael Londt,0,no article
fighter,Ismael Vasquez Segura,0,no article
fighter,Ismael Vásquez Segura,0,no article
fighter,Ismail Israilov,0,no article
fighter,Ismail Khan,13,Ismail Khan (fighter)
fighter,Ismail Naurdiev,33,Ismail Naurdiev
fighter,Isomidin Abdullazhonov,0,no article
fighter,Israel Adesanya,30,Israel Adesanya
fighter,Israel Adesanya (c),0,no article
fighter,Israel Adesanya (ic),0,no article
fighter,Israel Aparicio,0,no article
fighter,Israel Aquino,0,no article
fighter,Israel Delgado,0,no article
fighter,Israel Farfan,0,no article
fighter,Israel Galvan,0,no article
fighter,Israel Giron,0,no article
fighter,Israel Quintero,0,no article
fighter,Israil Gadzhiagaev,0,no article
fighter,Issa Hosokawa,0,no article
fighter,Issa Isakov,0,no article
fighter,Issac de Jesus,0,no article
fighter,Issei Moriyama,0,no article
fighter,Issei Tamura,27,Issei Tamura
fighter,Istela Nunes,0,no article
fighter,Istvan Majoros,1,István Majoros
fighter,Istvan Ruzsinszki,0,no article
fighter,Istvan Ruzsinszky,0,no article
fighter,István Juhász,0,no article
fighter,István Ruzsinszky,0,no article
fighter,István Ștefan Kóródi,0,no article
fighter,Italo Cruz,0,no article
fighter,Italo Gomes,0,no article
fighter,Itay Lipszyc,0,no article
fighter,Itay Tratner,0,no article
fighter,Itso Babulaidze,0,no article
fighter,Itsuki Hirata,16,Itsuki Hirata
fighter,Itzel Esquivel,0,no article
fighter,Itzel Padilla,0,no article
fighter,Itzik Rubinov,0,no article
fighter,Itzik Vakobov,0,no article
fighter,Itzik Yakobov,0,no article
fighter,Iulian Marinescu,0,no article
fighter,Iuri Alcântara,48,Iuri Alcântara
fighter,Iuri Lapicus,0,no article
fighter,Iurie Bejenari,0,no article
fighter,Ivan Alves,0,no article
fighter,Ivan Batinich,0,no article
fighter,Ivan Bogdanov,0,no article
fighter,Ivan Buchinger,0,no article
fighter,Ivan Castillo,0,no article
fighter,Ivan Erslan,0,no article
fighter,Ivan Jorge,34,Ivan Jorge
fighter,Ivan Kiš,0,no article
fighter,Ivan Klevets,0,no article
fighter,Ivan Kondratev,0,no article
fighter,Ivan Lopez,0,no article
fighter,Ivan Menjivar,37,Ivan Menjivar
fighter,Ivan Parshikov,0,no article
fighter,Ivan Romanov,0,no article
fighter,Ivan Salaverry,23,Ivan Salaverry
fighter,Ivan Serati,0,no article
fighter,Ivan Solomatov,0,no article
fighter,Ivan Soloviev,0,no article
fighter,Ivan Tena,0,no article
fighter,Ivan Tereschenko,0,no article
fighter,Ivana Petrović,0,no article
fighter,Ivica Trušček,86,Ivica Trušček
fighter,Ivonne Caro,0,no article
fighter,Iván Brognara,0,no article
fighter,Iván Burgos,0,no article
fighter,Iván Castillo,0,no article
fighter,Iván Díaz,0,no article
fighter,Iván Hernández Flores,0,no article
fighter,Iván Hernández-Flores,0,no article
fighter,Iván López,0,no article
fighter,Iván Maya,0,no article
fighter,Iván Rocka,0,no article
fighter,Iván Rodríguez,0,no article
fighter,Iván Santibañez,0,no article
fighter,Iván Valenzuela,0,no article
fighter,Iván Valenzuela (c),0,no article
fighter,Iván Vásquez,0,no article
fighter,Iwan Tagner,0,no article
fighter,Iwo Baraniewski,10,Iwo Baraniewski
fighter,Izaak Michell,0,no article
fighter,Izabela Badurek,0,no article
fighter,Izidor Bunea,0,no article
fighter,Izumi Noguchi,0,no article
fighter,Izuru Takeuchi,42,Izuru Takeuchi
fighter,Izzeddine Al Derbani,0,no article
fighter,Izzy William,0,no article
fighter,J. Horth Wessels,0,no article
fighter,J. P. Reese,21,J.P. Reese
fighter,J.A. Dudley,0,no article
fighter,J.C. Cottrell,0,no article
fighter,J.C. Pennington,0,no article
fighter,J.J. Ambrose,50,J. J. Ambrose
fighter,J.J. Okanovich,0,no article
fighter,J.J. Williams,0,no article
fighter,J.P. Cole,0,no article
fighter,J.P. Felty,0,no article
fighter,J.P. Reese,0,same article as another: J.P. Reese
fighter,J.P. Saint Louis,0,no article
fighter,J.T. Taylor,0,no article
fighter,J.W. Kiser,0,no article
fighter,J.W. Wright,0,no article
fighter,JC Llamas,0,no article
fighter,JC Pennington,0,no article
fighter,JD Hardwick,0,no article
fighter,JJ Aldrich,23,JJ Aldrich
fighter,JP Buys,15,JP Buys
fighter,JR Cortez,0,no article
fighter,JR Coughran,0,no article
fighter,JT Donaldson,0,no article
fighter,JaCobi Jones,0,no article
fighter,Jaay Ramírez,0,no article
fighter,Jace Crawford,0,no article
fighter,Jacek Gać,0,no article
fighter,Jacen Flynn,0,no article
fighter,Jacinta Austin,0,no article
fighter,Jack Cartwright,0,no article
fighter,Jack Claffey,8,Gentleman Jack Gallagher
fighter,Jack Congdon,0,no article
fighter,Jack Della Maddalena,22,Jack Della Maddalena
fighter,Jack Della Maddalena (c),0,no article
fighter,Jack Duffy,0,no article
fighter,Jack Eglin,0,no article
fighter,Jack Foote,0,no article
fighter,Jack Grant,0,no article
fighter,Jack Hermansson,36,Jack Hermansson
fighter,Jack Humphries,0,no article
fighter,Jack Jenkins,0,no article
fighter,Jack Maguire,0,no article
fighter,Jack Marshman,33,Jack Marshman
fighter,Jack Marshman (c),0,no article
fighter,Jack Mason,0,no article
fighter,Jack May,0,no article
fighter,Jack McCloughlin,0,no article
fighter,Jack McHugh,0,no article
fighter,Jack McLoughlin,0,no article
fighter,Jack Morrison,0,no article
fighter,Jack Shore,20,Jack Shore
fighter,Jackie Buntan,0,no article
fighter,Jackie Cataline,0,no article
fighter,Jackie Gosh,0,no article
fighter,Jackie Vandenburgh,0,no article
fighter,Jackson Clarke,0,no article
fighter,Jackson Filho,0,no article
fighter,Jackson Glass,0,no article
fighter,Jackson McVey,10,Jackson McVey
fighter,Jackson Ross,0,no article
fighter,Jackson Soares,0,no article
fighter,Jacob Akin,0,no article
fighter,Jacob Bohn,0,no article
fighter,Jacob Capelli,0,no article
fighter,Jacob DeVree,0,no article
fighter,Jacob Hadley,0,no article
fighter,Jacob Heavlin,0,no article
fighter,Jacob Hey,0,no article
fighter,Jacob Horton,0,no article
fighter,Jacob Kilburn,0,no article
fighter,Jacob Kirwan,0,no article
fighter,Jacob Landin,0,no article
fighter,Jacob Malkoun,13,Jacob Malkoun
fighter,Jacob McClintock,0,no article
fighter,Jacob Noe,15,Jacob Noe
fighter,Jacob Ortiz,0,no article
fighter,Jacob Pais,0,no article
fighter,Jacob Romero,0,no article
fighter,Jacob Rosales,0,no article
fighter,Jacob Silva,0,no article
fighter,Jacob Smith,0,no article
fighter,Jacob Thrall,0,no article
fighter,Jacob Volkmann,26,Jacob Volkmann
fighter,Jacob Wiggins,0,no article
fighter,Jacob Ycaro,0,no article
fighter,Jacobe Smith,0,no article
fighter,Jacobi Jones,0,no article
fighter,Jacqueline Cavalcanti,12,Jacqueline Cavalcanti
fighter,Jadamba Narantungalag,20,Jadamba Narantungalag
fighter,Jadamba Narantungalag (c),0,no article
fighter,Jade Jorand,0,no article
fighter,Jade Masson-Wong,0,no article
fighter,Jade Moctezuma,0,no article
fighter,Jade Porter,0,no article
fighter,Jaden Ortega,0,no article
fighter,Jae Hoon Kim,0,no article
fighter,Jae Hun Kim,0,no article
fighter,Jae Hwan Shin,0,no article
fighter,Jae Hyuk Heo,0,no article
fighter,Jae Hyun So,0,no article
fighter,Jae Nam Yoo,0,no article
fighter,Jae Suk Lim,0,no article
fighter,Jae Sun Lee,0,no article
fighter,Jae Sung Park,0,no article
fighter,Jae hyuk Heo,0,no article
fighter,Jafel Filho,0,no article
fighter,Jafeth Quiros,0,no article
fighter,Jahaziel Carrillo,0,no article
fighter,Jahreau Shephard,0,no article
fighter,Jai Herbert,21,Jai Herbert
fighter,Jaida Harshman,0,no article
fighter,Jailton Almeida,28,Jailton Almeida
fighter,Jaime Alvarez,0,no article
fighter,Jaime Cordero,0,no article
fighter,Jaime Fletcher,0,no article
fighter,Jaime Flores,0,no article
fighter,Jaime Granados,0,no article
fighter,Jaime Hernandez,0,no article
fighter,Jaime Iracheta,0,no article
fighter,Jaime Jara,0,no article
fighter,Jaime Londoño,0,no article
fighter,Jaime Mora-Muñoz,0,no article
fighter,Jaimelene Nievera,0,no article
fighter,Jair Farias,0,no article
fighter,Jair Jesuino,0,no article
fighter,Jair Junior,0,no article
fighter,Jair Landa,0,no article
fighter,Jair Pérez,0,no article
fighter,Jair de Oliveira,0,no article
fighter,Jairo González,0,no article
fighter,Jairo Pacheco,0,no article
fighter,Jairzinho Rozenstruik,21,Jairzinho Rozenstruik
fighter,Jake Bower,0,no article
fighter,Jake Butler,0,no article
fighter,Jake Childers,0,no article
fighter,Jake Collier,25,Jake Collier
fighter,Jake Ellenberger,46,Jake Ellenberger
fighter,Jake Hadley,0,no article
fighter,Jake Hager,7,Jake Hager
fighter,Jake Hecht,15,Jake Hecht
fighter,Jake Heffernan,0,no article
fighter,Jake Heun,0,no article
fighter,Jake Hixenbaugh,0,no article
fighter,Jake Kozorosky,0,no article
fighter,Jake Lindsey,31,Jake Lindsey (fighter)
fighter,Jake Macdonald,0,no article
fighter,Jake Matthews,31,Jake Matthews (fighter)
fighter,Jake McHugh,0,no article
fighter,Jake Nauracy,0,no article
fighter,Jake Norsworthy,0,no article
fighter,Jake O'Brien,19,Jake O'Brien (fighter)
fighter,Jake Peacock,0,no article
fighter,Jake Quickenden,0,no article
fighter,Jake Roberts,0,no article
fighter,Jake Rosholt,18,Jake Rosholt
fighter,Jake Sebastian,0,no article
fighter,Jake Shields,46,Jake Shields
fighter,Jake Shields (c),0,no article
fighter,Jake Smith,0,no article
fighter,Jake Underwood,0,no article
fighter,Jake Wilkins,0,no article
fighter,Jake Woodley,0,no article
fighter,Jakob Nedoh,0,no article
fighter,Jakori Savage,0,no article
fighter,Jakub Bahník,0,no article
fighter,Jakub Batfalský,0,no article
fighter,Jakub Dohnal,0,no article
fighter,Jakub Kaszuba,16,Jakub Kaszuba (fighter)
fighter,Jakub Tichota,0,no article
fighter,Jakub Wayman,0,no article
fighter,Jakub Wikłacz,23,Jakub Wikłacz
fighter,Jalal Al Daaja,0,no article
fighter,Jaleel Willis,0,no article
fighter,Jalen Fonacier,0,no article
fighter,Jalen Jackson,0,no article
fighter,Jalin Fuller,0,no article
fighter,Jalin Turner,14,Jalin Turner
fighter,Jamahal Hill,15,Jamahal Hill
fighter,Jamal Patterson,0,no article
fighter,Jamal Pogues,0,no article
fighter,Jamal Yusupov,0,no article
fighter,Jamall Emmers,31,Jamall Emmers
fighter,Jamall Johnson,0,no article
fighter,Jamar Ocampo,0,no article
fighter,Jamario Mulder,0,no article
fighter,Jameel Massouh,35,Jameel Massouh
fighter,Jamelle Jones,0,no article
fighter,Jamen Olney,0,no article
fighter,James Adcock,0,no article
fighter,James Ashby Thomas,0,no article
fighter,James Barnes,0,no article
fighter,James Bennett,0,no article
fighter,James Bochnovic,0,no article
fighter,James Boran,0,no article
fighter,James Brasco,0,no article
fighter,James Brum,0,no article
fighter,James Cannon,0,no article
fighter,James Chaney,0,no article
fighter,James Chapman,0,no article
fighter,James Cottrell,0,no article
fighter,James Damien Stelly,0,no article
fighter,James Dixon,0,no article
fighter,James Edson Berto,30,James Edson Berto
fighter,James Esposito,0,no article
fighter,James Gallagher,17,James Gallagher (fighter)
fighter,James Giboo,0,no article
fighter,James Gonzalez,0,no article
fighter,James Gray,0,no article
fighter,James Guidry,0,no article
fighter,James Haddad,0,no article
fighter,James Hammortree,0,no article
fighter,James Hay,0,no article
fighter,James Head,13,James Head (fighter)
fighter,James Hendin,0,no article
fighter,James Irvin,29,James Irvin (fighter)
fighter,James Irvin (c),0,no article
fighter,James Jones,0,no article
fighter,James King,0,no article
fighter,James Kouame,0,no article
fighter,James Krause,39,James Krause (fighter)
fighter,James Lee,0,no article
fighter,James Lewis,0,no article
fighter,James Llontop,0,no article
fighter,James Mancini,0,no article
fighter,James Martin,0,no article
fighter,James McErlean,0,no article
fighter,James McSweeney,37,James McSweeney
fighter,James Moontasri,14,James Moontasri
fighter,James Mulheron,0,no article
fighter,James Munoz,0,no article
fighter,James Nakashima,0,no article
fighter,James Nakashima (c),0,no article
fighter,James Neely,0,no article
fighter,James Pleasant,0,no article
fighter,James Power,0,no article
fighter,James Rodriguez,0,no article
fighter,James Romero,0,no article
fighter,James Settle,0,no article
fighter,James Sharp,0,no article
fighter,James Sheehan,0,no article
fighter,James Sheehan (c),0,no article
fighter,James Simon Opio,0,no article
fighter,James Te Huna,24,James Te Huna
fighter,James Terry,31,James Terry (fighter)
fighter,James Thompson,38,James Thompson (fighter)
fighter,James Toney,1,James Toney
fighter,James Vake,0,no article
fighter,James Vick,26,James Vick
fighter,James Wade,0,no article
fighter,James Wallace,0,no article
fighter,James Warren,0,no article
fighter,James Webb,0,no article
fighter,James Webb (c),0,no article
fighter,James Wilks,14,James Wilks
fighter,James Wilson,0,no article
fighter,James Yang,0,no article
fighter,James “Binky” Jones,0,no article
fighter,Jamese Taylor,0,no article
fighter,Jamey Simmons,0,no article
fighter,Jamey-Lyn Horth,0,no article
fighter,Jamey-Lyn Horth Wessels,0,no article
fighter,Jamiah Williamson,0,no article
fighter,Jamie Abbott-Bissett,0,no article
fighter,Jamie Abdallah,0,no article
fighter,Jamie Colleen,0,no article
fighter,Jamie Cordero,0,no article
fighter,Jamie Faulding,0,no article
fighter,Jamie Fletcher,0,no article
fighter,Jamie Hay,0,no article
fighter,Jamie MacDonald,0,no article
fighter,Jamie McGowan,0,no article
fighter,Jamie Moyle,15,Jamie Moyle
fighter,Jamie Mullarkey,27,Jamie Mullarkey
fighter,Jamie Pickett,24,Jamie Pickett
fighter,Jamie Point,0,no article
fighter,Jamie Powell,0,no article
fighter,Jamie Richardson,0,no article
fighter,Jamie Siraj,0,no article
fighter,Jamie Sloane,0,no article
fighter,Jamie Stephenson,0,no article
fighter,Jamie Thorton,0,no article
fighter,Jamie Toney,0,no article
fighter,Jamie Varner,35,Jamie Varner
fighter,Jamie Varner (c),0,no article
fighter,Jamie Yager,0,no article
fighter,Jamielene Nievara,0,no article
fighter,Jamil Ibragimov,0,no article
fighter,Jan Berus,0,no article
fighter,Jan Błachowicz,43,Jan Błachowicz
fighter,Jan Błachowicz (c),0,no article
fighter,Jan Ciepłowski,11,Jan Ciepłowski
fighter,Jan Fajk,0,no article
fighter,Jan Finney,25,Jan Finney
fighter,Jan Malach,0,no article
fighter,Jan Mašek,0,no article
fighter,Jan Nortje,8,Jan Nortje
fighter,Jan Quaeyhaegens,0,no article
fighter,Jan Stanovský,0,no article
fighter,Jan Široký,0,no article
fighter,Janay Harding,14,Janay Harding
fighter,Janaína Silva,0,no article
fighter,Jander Martínez,0,no article
fighter,Janderson Barreto Correia,0,no article
fighter,Jane Osigwe,0,no article
fighter,Janet Todd,0,no article
fighter,Janet Todd (c),0,no article
fighter,Janet Todd (ic),0,no article
fighter,Janeth Rangel,0,no article
fighter,Janne Elonen-Kulmala,0,no article
fighter,Jansen Gomes,0,no article
fighter,Jansey Silva,0,no article
fighter,Janusz Dylewski,0,no article
fighter,Janz Fuentes,0,no article
fighter,Jaosuayai Mor. Krungthepthonburi,0,no article
fighter,Jaqueline Amorim,0,no article
fighter,Jaqueline Amorim (c),0,no article
fighter,Jared Braun,0,no article
fighter,Jared Brown,0,no article
fighter,Jared Cannonier,30,Jared Cannonier
fighter,Jared Chaffee,0,no article
fighter,Jared Combs,0,no article
fighter,Jared Downing,18,Jared Downing
fighter,Jared Ferrera,0,no article
fighter,Jared Gooden,35,Jared Gooden
fighter,Jared Gordon,31,Jared Gordon
fighter,Jared Hamman,20,Jared Hamman
fighter,Jared Hess,16,Jared Hess (fighter)
fighter,Jared Lopez,0,no article
fighter,Jared McComb,0,no article
fighter,Jared McLoughlin,0,no article
fighter,Jared McMahan,0,no article
fighter,Jared Owen,0,no article
fighter,Jared Papazian,0,no article
fighter,Jared Revel,0,no article
fighter,Jared Rollins,12,Jared Rollins
fighter,Jared Rosholt,28,Jared Rosholt
fighter,Jared Scoggins,0,no article
fighter,Jared Torgeson,0,no article
fighter,Jared Vanderaa,31,Jared Vanderaa
fighter,Jarjis Danho,10,Jarjis Danho
fighter,Jarno Errens,0,no article
fighter,Jarod Trice,0,no article
fighter,Jarom Woodbury,0,no article
fighter,Jaroslav Pokorný,0,no article
fighter,Jarrah Al Silawi,0,no article
fighter,Jarrah Al-Silawi,0,no article
fighter,Jarred Brooks,41,Jarred Brooks
fighter,Jarred Brooks (c),0,no article
fighter,Jarred Brooks (ic),0,no article
fighter,Jarred Gonzales,0,no article
fighter,Jarrett Connor,0,no article
fighter,Jarrod Card,0,no article
fighter,Jarrod Kwitty,0,no article
fighter,Jarrot Lewis,0,no article
fighter,Jashell Ticha Awa,0,no article
fighter,Jasmin Rocha,0,no article
fighter,Jasmine Jasudavicius,19,Jasmine Jasudavicius
fighter,Jasmine Montoya,0,no article
fighter,Jasmine Pouncy,0,no article
fighter,Jason Anderson,0,no article
fighter,Jason Ball,0,no article
fighter,Jason Belyew,0,no article
fighter,Jason Biswell,0,no article
fighter,Jason Black,28,Jason Black
fighter,Jason Blackford,0,no article
fighter,Jason Brilz,30,Jason Brilz
fighter,Jason Butcher,27,Jason Butcher
fighter,Jason Carapelluci,0,no article
fighter,Jason Christeson,0,no article
fighter,Jason Danner,0,no article
fighter,Jason Day,31,Jason Day (fighter)
fighter,Jason Dent,35,Jason Dent
fighter,Jason Edwards,0,no article
fighter,Jason Fischer,18,Jason Fischer (fighter)
fighter,Jason Freeman,0,no article
fighter,Jason García,0,no article
fighter,Jason Geris,0,no article
fighter,Jason Gersis,0,no article
fighter,Jason Gilliam,0,no article
fighter,Jason Glaza,0,no article
fighter,Jason Gonzalez,16,Jason Gonzalez (fighter)
fighter,Jason Graves,0,no article
fighter,Jason Guida,49,Jason Guida
fighter,Jason Heit,0,no article
fighter,Jason High,32,Jason High
fighter,Jason Huntley,0,no article
fighter,Jason Ireland,0,no article
fighter,Jason Jackson,26,Jason Jackson (fighter)
fighter,Jason Jackson (c),0,no article
fighter,Jason King,0,no article
fighter,Jason Knight,34,Jason Knight (fighter)
fighter,Jason Kuchera,0,no article
fighter,Jason Lambert,39,Jason Lambert
fighter,Jason Langellier,0,no article
fighter,Jason MacDonald,41,Jason MacDonald
fighter,Jason Markland,0,no article
fighter,Jason Maxwell,0,no article
fighter,Jason McLean,0,no article
fighter,Jason Miller,34,Jason Miller (fighter)
fighter,Jason Norwood,0,no article
fighter,Jason Novelli,0,no article
fighter,Jason Palacios,0,no article
fighter,Jason Perrotta,0,no article
fighter,Jason Ponet,0,no article
fighter,Jason Powell,0,no article
fighter,Jason Radcliffe,0,no article
fighter,Jason Reinhardt,23,Jason Reinhardt
fighter,Jason Richey,0,no article
fighter,Jason Riley,0,no article
fighter,Jason Rine,0,no article
fighter,Jason Saggo,17,Jason Saggo
fighter,Jason Sampson,13,Jason Sampson
fighter,Jason Sharp,0,no article
fighter,Jason South,0,no article
fighter,Jason Tan,8,Jason Tan
fighter,Jason Thacker,0,no article
fighter,Jason Von Flue,29,Jason Von Flue
fighter,Jason Williams,0,no article
fighter,Jason Witt,28,Jason Witt
fighter,Jason Young,15,Jason Young (fighter)
fighter,Jason Zentgraf,0,no article
fighter,Jason Zorthian,0,no article
fighter,Jasur Mirzamukhamedov,0,no article
fighter,Javi Alanis,0,no article
fighter,Javid Basharat,19,Javid Basharat
fighter,Javier Basurto,0,no article
fighter,Javier Cepeda,0,no article
fighter,Javier Díaz,0,no article
fighter,Javier Garcia,0,no article
fighter,Javier Gil Fernández,0,no article
fighter,Javier Hernández,0,no article
fighter,Javier Obregon,0,no article
fighter,Javier Reyes,0,no article
fighter,Javier Reyes Rugeles,0,no article
fighter,Javier Reyes Saucedo,0,no article
fighter,Javier Rodríguez,0,no article
fighter,Javier Torres,0,no article
fighter,Javier Umaña,0,no article
fighter,Javier Vazquez,21,Javier Vazquez (fighter)
fighter,Javone Duhon,0,no article
fighter,Javy Ayala,19,Javy Ayala
fighter,Jawany Scott,0,no article
fighter,Jawsuayai Sor.Dechaphan,0,no article
fighter,Jay Black,0,no article
fighter,Jay Bogan,0,no article
fighter,Jay Dods,0,no article
fighter,Jay Ellis,129,Jay Ellis (fighter)
fighter,Jay Freeman,0,no article
fighter,Jay Gray,0,no article
fighter,Jay Haas,33,Jay Haas (mixed martial artist)
fighter,Jay Hieron,30,Jay Hieron
fighter,Jay Jay Wilson,0,no article
fighter,Jay Manning,0,no article
fighter,Jay Perrin,0,no article
fighter,Jay Radick,0,no article
fighter,Jay Shaffer,0,no article
fighter,Jay Silva,26,Jay Silva
fighter,Jay Viola,0,no article
fighter,Jay White,0,no article
fighter,Jay Whitford,0,no article
fighter,Jay-Jay Wilson,0,no article
fighter,Jayde Sheeley,0,no article
fighter,Jayden Taulker,0,no article
fighter,Jaylen Patrick Jones,0,no article
fighter,Jaylon Bates,0,no article
fighter,Jayme Hinshaw,0,no article
fighter,Jayme McKinney,0,no article
fighter,Jaymee Nievara,0,no article
fighter,Jayson Margallo,0,no article
fighter,Jazmín Navarrete,0,no article
fighter,Je Hoon Moon,0,no article
fighter,Je Il Jung,0,no article
fighter,Je Woo Yeo,0,no article
fighter,Jean Do Santos,0,no article
fighter,Jean Matos,0,no article
fighter,Jean Matsumoto,0,no article
fighter,Jean N'Doye,0,no article
fighter,Jean Petrick,0,no article
fighter,Jean Sevalho,0,no article
fighter,Jean Silva,21,Jean Silva
fighter,Jean-Francois Lenogue,0,no article
fighter,Jean-François Lenogue,0,no article
fighter,Jean-Jacques Lubaya,0,no article
fighter,Jean-Paul Bosnoyan,0,no article
fighter,Jean-Paul Le-Bosnoyani,0,no article
fighter,Jean-Paul Lebosnoyani,0,no article
fighter,Jean-Pierre Saint Louis,0,no article
fighter,Jeb Chiles,0,no article
fighter,Jeet Toshi,8,Jeet Toshi
fighter,Jeferson Santos Barbosa,0,no article
fighter,Jeff Bedard,0,no article
fighter,Jeff Cox,0,no article
fighter,Jeff Creighton,0,no article
fighter,Jeff Crotty,0,no article
fighter,Jeff Curran,55,Jeff Curran
fighter,Jeff Fletcher,0,no article
fighter,Jeff Fox,0,no article
fighter,Jeff Hougland,16,Jeff Hougland
fighter,Jeff Huang,0,no article
fighter,Jeff Hughes,15,Jeff Hughes (fighter)
fighter,Jeff Hughes (c),0,no article
fighter,Jeff Jepsen,0,no article
fighter,Jeff Jespen,0,no article
fighter,Jeff Joslin,0,no article
fighter,Jeff Kilisolsky,0,no article
fighter,Jeff Lentz,0,no article
fighter,Jeff Molina,13,Jeff Molina
fighter,Jeff Monson,91,Jeff Monson
fighter,Jeff Nader,0,no article
fighter,Jeff Newton,0,no article
fighter,Jeff Nielsen,0,no article
fighter,Jeff Peterson,0,no article
fighter,Jeff Roman,0,no article
fighter,Jeff Smith,0,no article
fighter,Jeff Terry,0,no article
fighter,Jefferson Chaves,0,no article
fighter,Jefferson Nascimento,0,no article
fighter,Jefferson Nascimento (ic),0,no article
fighter,Jefferson Oliveira,0,no article
fighter,Jefferson Pontes,0,no article
fighter,Jefferson Silva,0,no article
fighter,Jefferson Todynho,0,no article
fighter,Jefferson Vargas,0,no article
fighter,Jeffrey Cachia,0,no article
fighter,Jeffrey Craig,0,no article
fighter,Jeffrey Glossner,0,no article
fighter,Jeffrey Hedgepeth,0,no article
fighter,Jeffrey Peterson,0,no article
fighter,Jeimeson Saudino,0,no article
fighter,Jeisla Chaves,0,no article
fighter,Jeka Saragih,19,Jeka Saragih
fighter,Jelle Zeegers,0,no article
fighter,Jelte Blommaert,0,no article
fighter,Jemark Brady,0,no article
fighter,Jena Bishop,14,Jena Bishop
fighter,Jenel Lausa,15,Jenel Lausa
fighter,Jenelyn Olsim,0,no article
fighter,Jeniece Gamez,0,no article
fighter,Jenilto Matos,0,no article
fighter,Jenilton Matos,0,no article
fighter,Jenna Castillo,0,no article
fighter,Jennifer Chieng,3,Jennifer Chieng
fighter,Jennifer González,0,no article
fighter,Jennifer Leigh Norris,0,no article
fighter,Jennifer Maia,34,Jennifer Maia
fighter,Jennifer Tate,7,Jennifer Tate
fighter,Jennifer Trioreau,0,no article
fighter,Jenny Huang,0,no article
fighter,Jenny Line,0,no article
fighter,Jens Pulver,47,Jens Pulver
fighter,Jeong Eun Park,19,Jeong Eun Park
fighter,Jeong Hyeon Lee,0,no article
fighter,Jeong Yeong Lee (c),0,no article
fighter,Jeovanny de Oliveira,0,no article
fighter,Jerald Williams,0,no article
fighter,Jered Gwerder,0,no article
fighter,Jeremey May,0,no article
fighter,Jeremia Siregar,0,no article
fighter,Jeremiah Billington,0,no article
fighter,Jeremiah Castillo,0,no article
fighter,Jeremiah Cullum,0,no article
fighter,Jeremiah Curtright,0,no article
fighter,Jeremiah Huff,0,no article
fighter,Jeremiah Humphrey,0,no article
fighter,Jeremiah Labiano,0,no article
fighter,Jeremiah Metcalf,0,no article
fighter,Jeremiah O'Neal,0,no article
fighter,Jeremiah Riggs,19,Jeremiah Riggs
fighter,Jeremiah Robinson,0,no article
fighter,Jeremiah Wells,19,Jeremiah Wells
fighter,Jeremie Holloway,0,no article
fighter,Jeremy Alba,0,no article
fighter,Jeremy Boczulak,0,no article
fighter,Jeremy Combrink,0,no article
fighter,Jeremy Czarnecki,0,no article
fighter,Jeremy Freitag,0,no article
fighter,Jeremy Hamilton,0,no article
fighter,Jeremy Hardy,0,no article
fighter,Jeremy Henry,0,no article
fighter,Jeremy Horn,120,Jeremy Horn
fighter,Jeremy Jackson,14,Jeremy Jackson (fighter)
fighter,Jeremy Kennedy,30,Jeremy Kennedy
fighter,Jeremy Kimball,33,Jeremy Kimball
fighter,Jeremy Knafo,0,no article
fighter,Jeremy Landowski,0,no article
fighter,Jeremy Lang,0,no article
fighter,Jeremy Larsen,14,Jeremy Larsen
fighter,Jeremy Mahon,0,no article
fighter,Jeremy Malaterre,0,no article
fighter,Jeremy Miado,0,no article
fighter,Jeremy Murphy,0,no article
fighter,Jeremy Myers,0,no article
fighter,Jeremy Norton,0,no article
fighter,Jeremy Pacatiw,0,no article
fighter,Jeremy Petley,0,no article
fighter,Jeremy Puglia,0,no article
fighter,Jeremy Severn,0,no article
fighter,Jeremy Spoon,25,Jeremy Spoon
fighter,Jeremy Stephens,57,Jeremy Stephens
fighter,Jeremy Strobel Jr.,0,no article
fighter,Jeremy Tavares,0,no article
fighter,Jeremy Umphries,0,no article
fighter,Jeremy Wallace,0,no article
fighter,Jeri Sitzes,4,Jeri Sitzes
fighter,Jermaine Edwards,0,no article
fighter,Jermaine McDermott,0,no article
fighter,Jermayne Barnes,0,no article
fighter,Jerod Spoon,0,no article
fighter,Jerome Le Banner,10,Jérôme Le Banner
fighter,Jerome Mickle,0,no article
fighter,Jerome Rivera,16,Jerome Rivera
fighter,Jerome S. Paye,0,no article
fighter,Jeromy Freitag,0,no article
fighter,Jerrell Hodge,0,no article
fighter,Jerrid Burke,0,no article
fighter,Jerrod Sanders,22,Jerrod Sanders
fighter,Jerron Peoples,0,no article
fighter,Jess Bouscal,0,no article
fighter,Jess Liaudin,31,Jess Liaudin
fighter,Jessa Khan,0,no article
fighter,Jessamyn Duke,18,Jessamyn Duke
fighter,Jessdan Dela Pena,0,no article
fighter,Jesse Arnett,0,no article
fighter,Jesse Bazzi,0,no article
fighter,Jesse Bongfeldt,0,no article
fighter,Jesse Bowen,0,no article
fighter,Jesse Brock,0,no article
fighter,Jesse Butler,0,no article
fighter,Jesse Clarke,0,no article
fighter,Jesse Delgado,1,Jesse Delgado
fighter,Jesse Finney,0,no article
fighter,Jesse Forbes,20,Jesse Forbes
fighter,Jesse Fujarczyk,0,no article
fighter,Jesse Gillespie,0,no article
fighter,Jesse Gross,0,no article
fighter,Jesse Hannam,0,no article
fighter,Jesse Jones,0,no article
fighter,Jesse Juarez,36,Jesse Juarez
fighter,Jesse Kosakowski,0,no article
fighter,Jesse Lennox,0,no article
fighter,Jesse Martinelli,0,no article
fighter,Jesse McElligott,0,no article
fighter,Jesse Merritt,0,no article
fighter,Jesse Moreng,0,no article
fighter,Jesse Murray,0,no article
fighter,Jesse Nelson,0,no article
fighter,Jesse Roberts,0,no article
fighter,Jesse Ronson,41,Jesse Ronson
fighter,Jesse Sanders,0,no article
fighter,Jesse Stirn,0,no article
fighter,Jesse Strader,0,no article
fighter,Jesse Taylor,57,Jesse Taylor
fighter,Jesse Tobar,0,no article
fighter,Jesse Veltri,0,no article
fighter,Jesse Wallace,0,no article
fighter,Jesse Wannemacher,0,no article
fighter,Jessen Ramcharan,0,no article
fighter,Jessica Aguilar,30,Jessica Aguilar
fighter,Jessica Aguilar (c),0,no article
fighter,Jessica Borga,11,Jessica Borga
fighter,Jessica Cunha,0,no article
fighter,Jessica Eye,28,Jessica Eye
fighter,Jessica Middleton,0,no article
fighter,Jessica Penne,26,Jessica Penne
fighter,Jessica Rakoczy,10,Jessica Rakoczy
fighter,Jessica Ruiz,0,no article
fighter,Jessica Solís,0,no article
fighter,Jessica Sotack,0,no article
fighter,Jessica-Rose Clark,21,Jessica-Rose Clark
fighter,Jessie Rafols,0,no article
fighter,Jessie Riggleman,0,no article
fighter,Jessie Rosas,0,no article
fighter,Jessie Vasquez,0,no article
fighter,Jessin Ayari,25,Jessin Ayari
fighter,Jessy Joaquim,0,no article
fighter,Jessy Miele,15,Jessy Miele
fighter,Jesus Castro,0,no article
fighter,Jesus Martinez,15,Jesus Martinez (fighter)
fighter,Jesus Pinedo,35,Jesus Pinedo
fighter,Jesus Samuel Chavarría,0,no article
fighter,Jesus Santos Aguilar,0,no article
fighter,Jesus Wong,0,no article
fighter,Jesús Alberto Ramos,0,no article
fighter,Jesús Alberto Rangel,0,no article
fighter,Jesús Garnica,0,no article
fighter,Jesús Gutiérrez,0,no article
fighter,Jesús Martínez,0,no article
fighter,Jesús Navarrete,0,no article
fighter,Jesús Osorno,0,no article
fighter,Jesús Pantoja,0,no article
fighter,Jesús Ramos,0,no article
fighter,Jesús Santos Aguilar,0,no article
fighter,Jesús Servando,0,no article
fighter,Jesús Siller,0,no article
fighter,Jesús Sánchez,0,no article
fighter,Jesús Wong,0,no article
fighter,Jett Shell,0,no article
fighter,Jhanlo Mark Sangiao,0,no article
fighter,Jhoao Ruíz,0,no article
fighter,Jhon Bryan,0,no article
fighter,Jhon Rodríguez Tacha,0,no article
fighter,Jhonata Diniz,11,Jhonata Diniz
fighter,Jhonata Silva,0,no article
fighter,Jhonatan Cordeiro,0,no article
fighter,Jhonatan Peçanha,0,no article
fighter,Jhonatan Santos Cordeiro,0,no article
fighter,Jhonoven Pati,0,no article
fighter,Jhony Gregory,0,no article
fighter,Jhordan Estupiñan,0,no article
fighter,Ji Ho Yang,0,no article
fighter,Ji Hoon Kim,0,no article
fighter,Ji Hwan Lee,0,no article
fighter,Ji Hwan Yang,0,no article
fighter,Ji Hyuk Choi,0,no article
fighter,Ji Niushiyue,0,no article
fighter,Ji Seung Shin,0,no article
fighter,Ji Soo Park,0,no article
fighter,Ji Un Choi,0,no article
fighter,Ji Xian,0,no article
fighter,Ji Yeon Kim,18,Ji Yeon Kim (fighter)
fighter,Ji Yong Yang,0,no article
fighter,Ji Yun Kim,0,no article
fighter,Jian Kai Chee,0,no article
fighter,Jiang Longyun,0,no article
fighter,Jianping Yang,0,no article
fighter,Jianwei He,0,no article
fighter,Jiduo Yibo,0,no article
fighter,Jiduo Yibu,0,no article
fighter,Jie Hao Yi,0,no article
fighter,Jieleyisi Baergeng,0,no article
fighter,Jihin Radzuan,0,no article
fighter,Jim Alers,25,Jim Alers
fighter,Jim Bova,0,no article
fighter,Jim Miller,59,Jim Miller (fighter)
fighter,Jim Wallhead,45,Jim Wallhead
fighter,Jim York,21,Jim York (fighter)
fighter,Jim Yorke,0,no article
fighter,Jimi Manuwa,0,Jimi Manuwa
fighter,Jimi Natividad,0,no article
fighter,Jimmie Rivera,34,Jimmie Rivera
fighter,Jimmy Akishige,0,no article
fighter,Jimmy Ambriz,0,no article
fighter,Jimmy Crute,20,Jimmy Crute
fighter,Jimmy Dexter,0,no article
fighter,Jimmy Drago,0,no article
fighter,Jimmy Flick,0,no article
fighter,Jimmy Jones,0,no article
fighter,Jimmy Lawson,0,no article
fighter,Jimmy Lugo,0,no article
fighter,Jimmy Medrano,0,no article
fighter,Jimmy Meza,0,no article
fighter,Jimmy Pace Jr.,0,no article
fighter,Jimmy Padilla,0,no article
fighter,Jimmy Quinn,0,no article
fighter,Jimmy Scully,0,no article
fighter,Jimmy Spicuzza,0,no article
fighter,Jimmy Van Horn,0,no article
fighter,Jimmy Vienot,4,Jimmy Vienot
fighter,Jimmy Washington,0,no article
fighter,Jimmy Yabo,0,no article
fighter,Jimy Hettes,14,Jimy Hettes
fighter,Jin Chul Oh,0,no article
fighter,Jin Guk Kim,0,no article
fighter,Jin Hee Kang,0,no article
fighter,Jin Hyuk Moon,0,no article
fighter,Jin Hyun Kim,0,no article
fighter,Jin Kuk Kim,0,no article
fighter,Jin Kyu Lee,0,no article
fighter,Jin Park,0,no article
fighter,Jin Soo Seo,0,no article
fighter,Jin Soo Son,0,no article
fighter,Jin Suk Jung,0,no article
fighter,Jin Tae-ho,0,no article
fighter,Jin Woo Han,0,no article
fighter,Jin Yong Kim,0,no article
fighter,Jinh Yu Frey,21,Jinh Yu Frey
fighter,Jinnosuke Kashimura,0,no article
fighter,Jinzaburo Yonezawa,7,Jinzaburo Yonezawa
fighter,Jirka Hlavati,0,no article
fighter,Jixie Molapo,0,no article
fighter,Jiří Procházka,38,Jiří Procházka
fighter,Jo Arai,29,Jo Arai
fighter,Jo Nattawut,0,no article
fighter,Joab Souza Silva,0,no article
fighter,Joabson Alves,0,no article
fighter,Joachim Christensen,24,Joachim Christensen
fighter,Joachim Hansen,38,Joachim Hansen (fighter)
fighter,Joachim Hansen (c),0,no article
fighter,Joan Arastey,0,no article
fighter,Joan Rodriguez,0,no article
fighter,Joana Filipa,0,no article
fighter,Joanderson Brito,26,Joanderson Brito
fighter,Joanna Jędrzejczyk,23,Joanna Jędrzejczyk
fighter,Joanna Jędrzejczyk (c),0,no article
fighter,Joanne Calderwood,27,Joanne Wood
fighter,Joanne Wood,0,same article as another: Joanne Wood
fighter,Joao Faria,0,no article
fighter,Joao Miyao,0,no article
fighter,Joao Paulo de Souza,0,no article
fighter,Joao Zeferino,0,no article
fighter,Joaquim Silva,22,Joaquim Silva (fighter)
fighter,Joaquin Buckley,28,Joaquin Buckley
fighter,Joaquin Garcia,0,no article
fighter,Joaquin Lopez,0,no article
fighter,Joaquín Balderas,0,no article
fighter,Joby Sanchez,0,no article
fighter,Jocelyn Jones-Lybarger,17,Jocelyn Jones-Lybarger
fighter,Jodie Esquibel,13,Jodie Esquibel
fighter,Jody Poff,0,no article
fighter,Joe Aguirre,0,no article
fighter,Joe Ambler,0,no article
fighter,Joe Benoit,0,no article
fighter,Joe Boerschig,0,no article
fighter,Joe Brammer,0,no article
fighter,Joe Camacho,0,no article
fighter,Joe Cason,0,no article
fighter,Joe Christopher,0,no article
fighter,Joe Condon,0,no article
fighter,Joe Cronin,0,no article
fighter,Joe Doerksen,67,Joe Doerksen
fighter,Joe Doyle,0,no article
fighter,Joe Duarte,14,Joe Duarte
fighter,Joe Duffy,0,no article
fighter,Joe Ellenberger,0,same article as another: Jake Ellenberger
fighter,Joe Elmore,0,no article
fighter,Joe Fields,0,no article
fighter,Joe Fulk,0,no article
fighter,Joe Giannetti,0,no article
fighter,Joe Gigliotti,0,no article
fighter,Joe Hamilton,0,no article
fighter,Joe Heiland,0,no article
fighter,Joe Hernandez,0,no article
fighter,Joe Hiramoto,0,no article
fighter,Joe Hurley,0,no article
fighter,Joe Johnson,0,no article
fighter,Joe Jordan,0,no article
fighter,Joe Lamoureux,0,no article
fighter,Joe Lauzon,47,Joe Lauzon
fighter,Joe Madrid,0,no article
fighter,Joe Martin,0,no article
fighter,Joe Merritt,0,no article
fighter,Joe Middleton,0,no article
fighter,Joe Murphy,0,no article
fighter,Joe Neal,0,no article
fighter,Joe Pacheco,12,Joe Pacheco
fighter,Joe Pearson,0,no article
fighter,Joe Proctor,19,Joe Proctor
fighter,Joe Pyfer,19,Joe Pyfer
fighter,Joe Ray,0,no article
fighter,Joe Riggs,81,Joe Riggs
fighter,Joe Rodriguez,0,no article
fighter,Joe Roye,0,no article
fighter,Joe Sampieri,0,no article
fighter,Joe Schilling,12,Joe Schilling
fighter,Joe Solecki,19,Joe Solecki
fighter,Joe Soto,25,Joe Soto
fighter,Joe Soto (c),0,no article
fighter,Joe Stafford,0,no article
fighter,Joe Stevenson,52,Joe Stevenson
fighter,Joe Supino,0,no article
fighter,Joe Taimanglo,34,Joe Taimanglo
fighter,Joe Taylor,0,no article
fighter,Joe Vedepo,30,Joe Vedepo
fighter,Joe Veres,0,no article
fighter,Joe Warren,23,Joe Warren (fighter)
fighter,Joe Warren (c),0,no article
fighter,Joe Warren (ic),0,no article
fighter,Joe Wilk,0,no article
fighter,Joe Williams,11,Joe Williams (fighter)
fighter,Joe Zamora,0,no article
fighter,Joel Batobo,0,no article
fighter,Joel Bauman,0,no article
fighter,Joel Champion,0,no article
fighter,Joel Cooper,0,no article
fighter,Joel Dona Orsoto,0,no article
fighter,Joel Galarza Lopez,0,no article
fighter,Joel Guzman,0,no article
fighter,Joel Gómez,0,no article
fighter,Joel Moore,0,no article
fighter,Joel Peña,0,no article
fighter,Joel Powell,0,no article
fighter,Joel Roberts,0,no article
fighter,Joel Robles,0,no article
fighter,Joel Salviano,0,no article
fighter,Joel Scott,0,no article
fighter,Joel Suprenant,0,no article
fighter,Joel Surprenant,0,no article
fighter,Joel Thomas,0,no article
fighter,Joel Whitney,0,no article
fighter,Joel Álvarez,27,Joel Álvarez
fighter,Joey Armstrong,0,no article
fighter,Joey Beltran,44,Joey Beltran
fighter,Joey Davis,9,Joey Davis
fighter,Joey Diehl,0,no article
fighter,Joey Elzea,0,no article
fighter,Joey Faletagoai,0,no article
fighter,Joey Gambino,0,no article
fighter,Joey Gomez,0,no article
fighter,Joey Gorczynski,0,no article
fighter,Joey Hart,0,no article
fighter,Joey Holt,0,no article
fighter,Joey Kirwan,0,no article
fighter,Joey Miolla,0,no article
fighter,Joey Ruquet,0,no article
fighter,Joey Scanlan,0,no article
fighter,Joey Soto,0,no article
fighter,Joey Villasenor,39,Joey Villaseñor
fighter,Joffie Houlton,0,no article
fighter,Johan Estupiñan,0,no article
fighter,Johan Ghazali,0,no article
fighter,Johan Rodríguez,0,no article
fighter,Johanna Persson,0,no article
fighter,John Adajar,0,no article
fighter,John Albert,12,John Albert (fighter)
fighter,John Alessio,54,John Alessio
fighter,John Allan,29,John Allan (fighter)
fighter,John Beckett,0,no article
fighter,John Beneduce,0,no article
fighter,John Brewin,0,no article
fighter,John Bryant,0,no article
fighter,John Caldone,0,no article
fighter,John Castañeda,31,John Castañeda
fighter,John Chacon,0,no article
fighter,John Chang,0,no article
fighter,John Cholish,11,John Cholish
fighter,John Clarke,0,no article
fighter,John Cofer,0,no article
fighter,John Corstorphine,0,no article
fighter,John DeVall,0,no article
fighter,John Devine,0,no article
fighter,John Dodson,46,John Dodson (fighter)
fighter,John Douma,0,no article
fighter,John Doyle,0,no article
fighter,John Elam,0,no article
fighter,John Felty,0,no article
fighter,John Franchi,9,John Franchi
fighter,John Garza,0,no article
fighter,John Gunderson,53,John Gunderson
fighter,John Gunther,0,no article
fighter,John Halverson,0,no article
fighter,John Harris,0,no article
fighter,John Hathaway,21,John Hathaway (English wrestler)
fighter,John Hawk,0,no article
fighter,John Hosman,0,no article
fighter,John Howard,49,John Howard (fighter)
fighter,John Kelly,0,no article
fighter,John King,0,no article
fighter,John Kirk,0,no article
fighter,John Kolosci,24,John Kolosci
fighter,John Kuhner,0,no article
fighter,John Lineker,49,John Lineker
fighter,John Lopez,0,no article
fighter,John MaCalolooy,0,no article
fighter,John Macapa,0,no article
fighter,John Macapá,45,John Macapá
fighter,John Maguire,39,John Maguire (fighter)
fighter,John Makdessi,27,John Makdessi
fighter,John Marsh,0,no article
fighter,John McLaughlin,0,no article
fighter,John Mercurio,0,no article
fighter,John Meyer,0,no article
fighter,John Mitchell,0,no article
fighter,John Moore,0,no article
fighter,John Moraga,26,John Moraga
fighter,John Nicholls,0,no article
fighter,John Olav Einemo,9,John-Olav Einemo
fighter,John Orr,0,no article
fighter,John Ott,0,no article
fighter,John Painter,0,no article
fighter,John Palaiologos,0,no article
fighter,John Paul Elias,0,no article
fighter,John Pham,0,no article
fighter,John Phillips,35,John Phillips (fighter)
fighter,John Polakowski,0,no article
fighter,John Redmond,0,no article
fighter,John Reedy,0,no article
fighter,John Richard,0,no article
fighter,John Robles,0,no article
fighter,John Ross,0,no article
fighter,John Salgado,0,no article
fighter,John Salter,25,John Salter
fighter,John Schulz,0,no article
fighter,John Shackelford,0,no article
fighter,John Sweeney,0,no article
fighter,John Teixeira,0,same article as another: John Macapá
fighter,John Troyer,0,John Troyer (fighter)
fighter,John Vaughn,0,no article
fighter,John Wayne Parr,0,John Wayne Parr
fighter,John Winter,0,no article
fighter,John Yannis,0,no article
fighter,John Yoo,0,no article
fighter,John de Jesus,0,no article
fighter,John-Martin Fraser,0,no article
fighter,John-Olav Einemo,0,same article as another: John-Olav Einemo
fighter,Johnathan Hill,0,no article
fighter,Johnathan Waid,0,no article
fighter,Johnnie Morton,1,Johnnie Morton
fighter,Johnny Baldridge,0,no article
fighter,Johnny Bedford,49,Johnny Bedford
fighter,Johnny Campbell,0,no article
fighter,Johnny Case,41,Johnny Case
fighter,Johnny Cisneros,21,Johnny Cisneros
fighter,Johnny Eblen,19,Johnny Eblen
fighter,Johnny Eblen (c),0,no article
fighter,Johnny Eduardo,41,Johnny Eduardo
fighter,Johnny Fadella,0,no article
fighter,Johnny Frachey,0,no article
fighter,Johnny Hopper,0,no article
fighter,Johnny Hughes,0,no article
fighter,Johnny James,0,no article
fighter,Johnny Lopez,0,no article
fighter,Johnny Marigo,0,no article
fighter,Johnny Muñoz Jr.,20,Johnny Muñoz Jr.
fighter,Johnny Nunez,0,no article
fighter,Johnny Nuñez,0,no article
fighter,Johnny Rees,0,no article
fighter,Johnny Robles,0,no article
fighter,Johnny Sampaio,0,no article
fighter,Johnny Soto,0,no article
fighter,Johnny Walker,33,Johnny Walker (fighter)
fighter,Johnson Nasona,0,no article
fighter,Johnson Nguyen,0,no article
fighter,Johny Hendricks,26,Johny Hendricks
fighter,Johny Hendricks (c),0,no article
fighter,Joilton Lutterbach,0,no article
fighter,Joji Goto,0,no article
fighter,Jomanz Omanz,0,no article
fighter,Jomary Torres,0,no article
fighter,Jomhod AutoMuayThai,0,no article
fighter,Jon Adams,0,no article
fighter,Jon Barnard,0,no article
fighter,Jon Delos Reyes,13,Jon Delos Reyes
fighter,Jon Fitch,43,Jon Fitch
fighter,Jon Fitch (c),0,no article
fighter,Jon Gover,0,no article
fighter,Jon Hill,0,no article
fighter,Jon Jones,30,Jon Jones
fighter,Jon Jones (c),0,no article
fighter,Jon Kirk,0,no article
fighter,Jon Knutson,0,no article
fighter,Jon Koppenhaver,18,War Machine (mixed martial artist)
fighter,Jon Madsen,10,Jon Madsen
fighter,Jon Manley,0,no article
fighter,Jon McNeil,0,no article
fighter,Jon Murphy,0,no article
fighter,Jon Neal,0,no article
fighter,Jon Queiroz,0,no article
fighter,Jon Sparks,0,no article
fighter,Jon Tabarez,0,no article
fighter,Jon Tuck,17,Jon Tuck
fighter,Jonas Bilharinho,0,no article
fighter,Jonas Billstein,0,no article
fighter,Jonas Flok,0,no article
fighter,Jonas Mågård,0,no article
fighter,Jonas Mågård (c),0,no article
fighter,Jonas Ortega,0,no article
fighter,Jonatan Kujawa,0,no article
fighter,Jonatan Westin,0,no article
fighter,Jonatas Novaes,0,no article
fighter,Jonathan Adams,0,no article
fighter,Jonathan Bosuku,0,no article
fighter,Jonathan Bowman,0,no article
fighter,Jonathan Brookins,27,Jonathan Brookins
fighter,Jonathan Burdine,0,no article
fighter,Jonathan Caetano,0,no article
fighter,Jonathan Contrestano,0,no article
fighter,Jonathan Davis,0,no article
fighter,Jonathan Di Bella,0,no article
fighter,Jonathan Di Bella (c),0,no article
fighter,Jonathan Di Bella (ic),0,no article
fighter,Jonathan Di Lorenzo,0,no article
fighter,Jonathan DiLorenzo,0,no article
fighter,Jonathan Elias Machado,0,no article
fighter,Jonathan Esquivel,0,no article
fighter,Jonathan Gary,0,no article
fighter,Jonathan Goulet,36,Jonathan Goulet
fighter,Jonathan Griffin,0,no article
fighter,Jonathan Haggerty,0,no article
fighter,Jonathan Haggerty (c),0,no article
fighter,Jonathan Hanes,0,no article
fighter,Jonathan Jackson,0,no article
fighter,Jonathan Kunneman,0,no article
fighter,Jonathan Linares,0,no article
fighter,Jonathan Mackles,0,no article
fighter,Jonathan Manley,0,no article
fighter,Jonathan Martin,0,no article
fighter,Jonathan Martinez,25,Jonathan Martinez
fighter,Jonathan Meunier,11,Jonathan Meunier
fighter,Jonathan Micallef,0,no article
fighter,Jonathan Mix,0,no article
fighter,Jonathan Noriega,0,no article
fighter,Jonathan Nunez,0,no article
fighter,Jonathan Pearce,21,Jonathan Pearce (fighter)
fighter,Jonathan Piersma,0,no article
fighter,Jonathan Quiroz,0,no article
fighter,Jonathan Rivera,0,no article
fighter,Jonathan Saavedra,0,no article
fighter,Jonathan Santa Maria,0,no article
fighter,Jonathan Saucedo Castillo,0,no article
fighter,Jonathan Taylor,0,no article
fighter,Jonathan Wiezorek,0,no article
fighter,Jonathan Wilson,14,Jonathan Wilson (fighter)
fighter,Jonathan Wyderko,0,no article
fighter,Jonathon Thomson,0,no article
fighter,Jonavin Webb,0,no article
fighter,Jong Chan Choi,0,no article
fighter,Jong Hwan Lee,0,no article
fighter,Jong Hyun Kwak,0,no article
fighter,Jong Man Kim,38,Kim Jong-man
fighter,Jong Tae Hong,0,no article
fighter,Jong Won Kim,0,no article
fighter,Jonnatas Gracie,0,no article
fighter,Jonny Bonilla-Bowman,0,no article
fighter,Jonny Carson,0,no article
fighter,Jonny Goh,0,no article
fighter,Jonny Parsons,0,no article
fighter,Jonny Quiroz,0,no article
fighter,Jonny Touma,0,no article
fighter,Joon Ho Shin,0,no article
fighter,Joon Il Shin,0,no article
fighter,Jora Ayvazyan,0,no article
fighter,Jordan Bailey,0,no article
fighter,Jordan Barton,0,no article
fighter,Jordan Beecroft,0,no article
fighter,Jordan Beltrán,0,no article
fighter,Jordan Burkholder,0,no article
fighter,Jordan Casterline,0,no article
fighter,Jordan Currie,0,no article
fighter,Jordan Dowdy,0,no article
fighter,Jordan Espinosa,32,Jordan Espinosa
fighter,Jordan Fongno,0,no article
fighter,Jordan Goodwin,0,no article
fighter,Jordan Griffin,36,Jordan Griffin
fighter,Jordan Harris,0,no article
fighter,Jordan Heiderman,0,no article
fighter,Jordan Howard,0,no article
fighter,Jordan Isordia,0,no article
fighter,Jordan Johnson,16,Jordan Johnson (fighter)
fighter,Jordan Leavitt,17,Jordan Leavitt
fighter,Jordan Little,0,no article
fighter,Jordan Lucas,0,no article
fighter,Jordan Mackin,0,no article
fighter,Jordan Mapa,0,no article
fighter,Jordan Mein,49,Jordan Mein
fighter,Jordan Miller,0,no article
fighter,Jordan Molinari,0,no article
fighter,Jordan Murray,0,no article
fighter,Jordan Nandor,0,no article
fighter,Jordan Newman,0,no article
fighter,Jordan O'Neill,0,no article
fighter,Jordan Oliver,3,Jordan Oliver (amateur wrestler)
fighter,Jordan Parsons,13,Jordan Parsons
fighter,Jordan Powell,0,no article
fighter,Jordan Radev,28,Jordan Radev
fighter,Jordan Rinaldi,20,Jordan Rinaldi
fighter,Jordan Smith,27,Jordan Smith (fighter)
fighter,Jordan Stronge,0,no article
fighter,Jordan Titoni,0,no article
fighter,Jordan Vucenic,0,no article
fighter,Jordan Walters,0,no article
fighter,Jordan Watson,0,no article
fighter,Jordan Williams,16,Jordan Williams (fighter)
fighter,Jordan Winski,0,no article
fighter,Jordan Wright,20,Jordan Wright
fighter,Jordan Young,0,no article
fighter,Jordan Zébo,0,no article
fighter,Jordi Maya,0,no article
fighter,Jordin Hinman,0,no article
fighter,Jordon Larson,0,no article
fighter,Jordon Tague,0,no article
fighter,Jordy Bakkes,0,no article
fighter,Jorge Acosta,0,no article
fighter,Jorge Alberto Bustamante,0,no article
fighter,Jorge Apalategui,0,no article
fighter,Jorge Bezerra,0,no article
fighter,Jorge Bouchat,0,no article
fighter,Jorge Bueno,0,no article
fighter,Jorge Calvo Martin,0,no article
fighter,Jorge Calvo Martin (c),0,no article
fighter,Jorge Calvo Martín (c),0,no article
fighter,Jorge DeJesus,0,no article
fighter,Jorge Garcia Urbina,0,no article
fighter,Jorge González,0,no article
fighter,Jorge Gurgel,24,Jorge Gurgel
fighter,Jorge Interiano,0,no article
fighter,Jorge Interianoaz,0,no article
fighter,Jorge Juarez,0,no article
fighter,Jorge Kanella,0,no article
fighter,Jorge Lopez,0,no article
fighter,Jorge López,0,no article
fighter,Jorge López Pérez,0,no article
fighter,Jorge Manzano,0,no article
fighter,Jorge Masvidal,52,Jorge Masvidal
fighter,Jorge Medina,0,no article
fighter,Jorge Moreno,0,no article
fighter,Jorge Olea,0,no article
fighter,Jorge Oliveira,0,no article
fighter,Jorge Ortiz,30,Jorge Ortiz (fighter)
fighter,Jorge Patino,62,Jorge Patino
fighter,Jorge Rivera,29,Jorge Rivera (fighter)
fighter,Jorge Rodríguez,0,no article
fighter,Jorge Santiago,37,Jorge Santiago
fighter,Jorge Velázquez,0,no article
fighter,Jorge de Oliveira,0,no article
fighter,Jorick Montagnac,0,no article
fighter,Jorina Baars,3,Jorina Baars
fighter,Jornel Lugo,0,no article
fighter,Jose Andres Cortes,0,no article
fighter,Jose Antonio Perez,0,no article
fighter,Jose Augusto,0,no article
fighter,Jose Avalos,0,no article
fighter,Jose Cabesas,0,no article
fighter,Jose Caceres,0,no article
fighter,Jose Campos,0,no article
fighter,Jose Canseco,1,Jose Canseco
fighter,Jose Castañeda,0,no article
fighter,Jose Delgado,0,no article
fighter,Jose Diaz,0,no article
fighter,Jose Ferreira,0,no article
fighter,Jose Figueroa,0,no article
fighter,Jose Flores,0,no article
fighter,Jose Guerra,0,no article
fighter,Jose Hernandez,0,no article
fighter,Jose Holguin,0,no article
fighter,Jose Intriago,0,no article
fighter,Jose Johnson,0,no article
fighter,Jose Leon,0,no article
fighter,Jose Maria Tome,0,no article
fighter,Jose Mariscal,0,no article
fighter,Jose Martinez,0,no article
fighter,Jose Medina,0,no article
fighter,Jose Mendez,0,no article
fighter,Jose Miguel Delgado,0,no article
fighter,Jose Ochoa,0,no article
fighter,Jose Palacios,0,no article
fighter,Jose Perez,0,no article
fighter,Jose Rodriguez,0,no article
fighter,Jose Sanchez,0,no article
fighter,Jose Sandoval,0,no article
fighter,Jose Santibanez,0,no article
fighter,Jose Tezanos,0,no article
fighter,Jose Torres,20,Jose Torres (fighter)
fighter,Jose Vasquez-Lopez,0,no article
fighter,Jose Vega,16,Jose Vega (fighter)
fighter,Jose Zarauz,0,no article
fighter,Josef Hála,0,no article
fighter,Josef Štummer,10,Josef Štummer
fighter,Josefine Lindgren Knutsson,11,Josefine Lindgren Knutsson
fighter,Joseilton Santos,0,no article
fighter,Joselin Fuller,0,no article
fighter,Joselyne Edwards,24,Joselyne Edwards
fighter,Josenaldo Silva,0,no article
fighter,Joseph Abercrombie,0,no article
fighter,Joseph Barajas,0,no article
fighter,Joseph Benavidez,36,Joseph Benavidez
fighter,Joseph Calboutin,0,no article
fighter,Joseph Camacho,0,no article
fighter,Joseph Creer,0,no article
fighter,Joseph Daily,0,no article
fighter,Joseph Donkor,0,no article
fighter,Joseph Dorado,0,no article
fighter,Joseph Duffy,23,Joseph Duffy (fighter)
fighter,Joseph Galaviz,0,no article
fighter,Joseph Henle,0,no article
fighter,Joseph Holmes,0,no article
fighter,Joseph Kropschot,0,no article
fighter,Joseph Lasiri,0,no article
fighter,Joseph Lasiri (c),0,no article
fighter,Joseph Lowry,0,no article
fighter,Joseph Luciano,0,no article
fighter,Joseph McCamish,0,no article
fighter,Joseph Morales,18,Joseph Morales (fighter)
fighter,Joseph Parra,0,no article
fighter,Joseph Perez,0,no article
fighter,Joseph Ramirez,0,no article
fighter,Joseph Sandoval,0,no article
fighter,Joseph Yohan,0,no article
fighter,Josh Abraham,0,no article
fighter,Josh Anderson,0,no article
fighter,Josh Appelt,22,Josh Appelt
fighter,Josh Arocho,0,no article
fighter,Josh Augustine,0,no article
fighter,Josh Barnes,0,no article
fighter,Josh Barnett,44,Josh Barnett
fighter,Josh Bennett,0,no article
fighter,Josh Berkovic,0,no article
fighter,Josh Blyden,0,no article
fighter,Josh Bryant,0,no article
fighter,Josh Bumgarner,0,no article
fighter,Josh Burkman,47,Josh Burkman
fighter,Josh Burns,34,Josh Burns (fighter)
fighter,Josh Carrick,0,no article
fighter,Josh Cavan,0,no article
fighter,Josh Clark,0,no article
fighter,Josh Clopton,0,no article
fighter,Josh Copeland,0,no article
fighter,Josh DaSilveira,0,no article
fighter,Josh Davila,0,no article
fighter,Josh Diekmann,24,Josh Diekmann
fighter,Josh Emmett,26,Josh Emmett
fighter,Josh Epps,0,no article
fighter,Josh Ferguson,0,no article
fighter,Josh Fremd,0,no article
fighter,Josh Green,0,no article
fighter,Josh Grispi,19,Josh Grispi
fighter,Josh Harvey,0,no article
fighter,Josh Haynes,28,Josh Haynes
fighter,Josh Hendricks,0,no article
fighter,Josh Herrick,0,no article
fighter,Josh Hill,31,Josh Hill (fighter)
fighter,Josh Hill (kickboxer),0,no article
fighter,Josh Hokit,10,Josh Hokit
fighter,Josh Huber,0,no article
fighter,Josh Islas,0,no article
fighter,Josh Jarvis,0,no article
fighter,Josh Kitchen,0,no article
fighter,Josh Koscheck,28,Josh Koscheck
fighter,Josh LaBerge,18,Josh LaBerge
fighter,Josh Machan,0,no article
fighter,Josh Marsh,0,no article
fighter,Josh Martin,0,no article
fighter,Josh McDonald,0,no article
fighter,Josh Montalvo,0,no article
fighter,Josh Neal,0,no article
fighter,Josh Nealy,0,no article
fighter,Josh Neer,53,Josh Neer
fighter,Josh O'Connor,0,no article
fighter,Josh Paiva,0,no article
fighter,Josh Parisian,25,Josh Parisian
fighter,Josh Pfeifer,0,no article
fighter,Josh Phelps,0,no article
fighter,Josh Pulsifer,0,no article
fighter,Josh Quayhagen,14,Josh Quayhagen
fighter,Josh Quinlan,0,no article
fighter,Josh Rafferty,0,no article
fighter,Josh Rave,0,no article
fighter,Josh Reed,0,no article
fighter,Josh Rettinghouse,0,no article
fighter,Josh Ricci,0,no article
fighter,Josh Russell,0,no article
fighter,Josh Samman,19,Josh Samman
fighter,Josh Sampo,21,Josh Sampo
fighter,Josh San Diego,0,no article
fighter,Josh Schockman,0,no article
fighter,Josh Shaw,0,no article
fighter,Josh Shockley,15,Josh Shockley
fighter,Josh Silveira,0,no article
fighter,Josh Smith,0,no article
fighter,Josh Stansbury,13,Josh Stansbury
fighter,Josh Streacker,0,no article
fighter,Josh Taveirne,0,no article
fighter,Josh Taylor,0,no article
fighter,Josh Thomson,32,Josh Thomson
fighter,Josh Thomson (c),0,no article
fighter,Josh Thornburg,0,no article
fighter,Josh Togo,0,no article
fighter,Josh Tonna,0,no article
fighter,Josh Tyler,0,no article
fighter,Josh Wang-Kim,0,no article
fighter,Josh Watson,0,no article
fighter,Josh Wick,0,no article
fighter,Josh Zuckerman,0,no article
fighter,Joshua Abraham,0,no article
fighter,Joshua Adeboye,0,no article
fighter,Joshua Alvarez,0,no article
fighter,Joshua Cervantes,0,no article
fighter,Joshua Culibao,16,Joshua Culibao
fighter,Joshua Dillon,0,no article
fighter,Joshua Fernández,0,no article
fighter,Joshua Fremd,0,no article
fighter,Joshua Hardwick,0,no article
fighter,Joshua Hewlett,0,no article
fighter,Joshua Jones,0,no article
fighter,Joshua Key,0,no article
fighter,Joshua Kohler,0,no article
fighter,Joshua Moreno,0,no article
fighter,Joshua Onwordi,0,no article
fighter,Joshua Pacio,28,Joshua Pacio
fighter,Joshua Pacio (c),0,no article
fighter,Joshua Pereira,0,no article
fighter,Joshua Perreira,0,no article
fighter,Joshua Silveira,0,no article
fighter,Joshua Simpson,0,no article
fighter,Joshua Van,20,Joshua Van
fighter,Joshua Van (c),0,no article
fighter,Joshua Weems,0,no article
fighter,Josiah Harrell,0,no article
fighter,Josiah Reyes,0,no article
fighter,Josiane Nunes,14,Josiane Nunes
fighter,Josias Musasa,0,no article
fighter,Josie Blaber,0,no article
fighter,Josiel Silva,0,no article
fighter,Josiel Silva (c),0,no article
fighter,Josimar Cuevas,0,no article
fighter,Josivaldo Costa Araújo,0,no article
fighter,Jostin Quilca,0,no article
fighter,Josue Bojorge,0,no article
fighter,Josue Cruz,0,no article
fighter,Josue Hernández,0,no article
fighter,José Aguayo,0,no article
fighter,José Alberto Quiñónez,20,José Alberto Quiñónez
fighter,José Alday,0,no article
fighter,José Aldo,42,José Aldo
fighter,José Aldo (c),0,no article
fighter,José Alejandro Avalos,0,no article
fighter,José Arly,0,no article
fighter,José Armendariz,0,no article
fighter,José Augusto Azevedo,0,no article
fighter,José Carlos Lima,0,no article
fighter,José Daniel Medina,0,no article
fighter,José Delano,0,no article
fighter,José Ferreira Muñoz,0,no article
fighter,José Guardado,0,no article
fighter,José Henrique,0,no article
fighter,José Henrique Souza,0,no article
fighter,José Juan Acuña,0,no article
fighter,José Luis Calvo,0,no article
fighter,José Luis Rodríguez,0,no article
fighter,José Luis Ríos,0,no article
fighter,José Luis Verdugo,0,no article
fighter,José Malacon,0,no article
fighter,José Manuel Lavenant,0,no article
fighter,José Maria Tomé,0,no article
fighter,José Mauro Delano,0,no article
fighter,José Medina,0,no article
fighter,José Montanha,0,no article
fighter,José Novelo,0,no article
fighter,José Ochoa,0,no article
fighter,José Peñaloza,0,no article
fighter,José Quiñónez,0,no article
fighter,José Roura,0,no article
fighter,José Roura (c),0,no article
fighter,José Ruelas,0,no article
fighter,José Ruelas Soto,0,no article
fighter,José Ruetas Soto,0,no article
fighter,José Sanchez,0,no article
fighter,José Sándoval,0,no article
fighter,José Zamorano,0,no article
fighter,José de la Cruz,0,no article
fighter,Jota Ninomiya,0,no article
fighter,Journey Newson,16,Journey Newson
fighter,Jovan Leka,0,no article
fighter,Jovan Zeljkovic,0,no article
fighter,Jovana Đukić,0,no article
fighter,Jozef Chen,0,no article
fighter,Jozef Wittner,0,no article
fighter,Jozette Cotton,0,no article
fighter,João Assonitis,0,no article
fighter,João Camilo,0,no article
fighter,João Dantas,0,no article
fighter,João Elias,0,no article
fighter,João Lucas da Costa,0,no article
fighter,João Menezes,0,no article
fighter,João Moraes,0,no article
fighter,João Paulo Fagundes,0,no article
fighter,João Paulo Santos,0,no article
fighter,João Paulo Silva,0,no article
fighter,João Pedro Dantas,0,no article
fighter,João Pedro Moreira,0,no article
fighter,João Pedro Saldanha,0,no article
fighter,João Pedro dos Santos,0,no article
fighter,João Souza,0,no article
fighter,João Victor Melo,0,no article
fighter,João Vitor Dantas,0,no article
fighter,João Vitor Pereira,0,no article
fighter,João Zeferino,0,no article
fighter,Joël Kouadja,0,no article
fighter,Ju Pyo Hong,0,no article
fighter,Juan Adams,16,Juan Adams
fighter,Juan Alcain,0,no article
fighter,Juan Archuleta,38,Juan Archuleta
fighter,Juan Archuleta (c),0,no article
fighter,Juan Barrantes,0,no article
fighter,Juan Camilo Caicedo,0,no article
fighter,Juan Campos,0,no article
fighter,Juan Cardenas,0,no article
fighter,Juan Carlos Díaz,0,no article
fighter,Juan Carlos Martínez,0,no article
fighter,Juan Carlos Navarro,0,no article
fighter,Juan Carlos Sánchez,0,no article
fighter,Juan Cervantes,0,no article
fighter,Juan Delgado,0,no article
fighter,Juan Díaz,0,no article
fighter,Juan Díaz (c),0,no article
fighter,Juan Echeverria,0,no article
fighter,Juan Espino,14,Juan Espino
fighter,Juan Gonzales,0,no article
fighter,Juan Gonzalez,0,no article
fighter,Juan Manuel Torres,0,no article
fighter,Juan Miranda,0,no article
fighter,Juan Pablo González,0,no article
fighter,Juan Pablo Jiménez Cundapi,0,no article
fighter,Juan Pablo Mendoza,0,no article
fighter,Juan Pablo Vieira,0,no article
fighter,Juan Puerta,0,no article
fighter,Juan Puig,0,no article
fighter,Juan Ramírez,0,no article
fighter,Juan Rayo,0,no article
fighter,Juan Rebollado,0,no article
fighter,Juan Rebolledo,0,no article
fighter,Juan Torres,0,no article
fighter,Juan Voelker,0,no article
fighter,Juan Wen Jie,0,no article
fighter,Juan Zuñiga,0,no article
fighter,Juan Zúñiga,0,no article
fighter,Juan Álvarez,0,no article
fighter,Juancamilo Ronderos,0,no article
fighter,Judith Bolaños,0,no article
fighter,Judith Ruis,0,no article
fighter,Judy Humber,0,no article
fighter,Juilano Coutinho,0,no article
fighter,Jujeath Nagaowa,3,Jujeath Nagaowa
fighter,Jules Bruchez,0,no article
fighter,Julia Avila,13,Julia Avila
fighter,Julia Budd,23,Julia Budd
fighter,Julia Budd (c),0,no article
fighter,Julia Polastri,0,no article
fighter,Julian Erosa,48,Julian Erosa
fighter,Julian Lane,0,no article
fighter,Julian Maloku,0,no article
fighter,Julian Marquez,15,Julian Marquez
fighter,Julian Ruiz,0,no article
fighter,Julian Shore,0,no article
fighter,Juliana Lima,17,Juliana Lima
fighter,Juliana Miller,0,no article
fighter,Juliana Velasquez,19,Juliana Velasquez
fighter,Juliana Velasquez (c),0,no article
fighter,Julianna Peña,23,Julianna Peña
fighter,Julianna Peña (c),0,no article
fighter,Juliano Coutinho,0,no article
fighter,Juliano Prescendo,0,no article
fighter,Julie Kedzie,29,Julie Kedzie
fighter,Julie Merzabarba,0,no article
fighter,Julie Mezabarba,0,no article
fighter,Julien Leblanc,0,no article
fighter,Julien Lopez,0,no article
fighter,Julien Pierre Lopez,0,no article
fighter,Julien Williams,0,no article
fighter,Juliet Ukah,0,no article
fighter,Julieta Hernández,0,no article
fighter,Julieta Martinez,0,no article
fighter,Julieta Martínez,0,no article
fighter,Julija Pajić,0,no article
fighter,Julija Stoliarenko,22,Julija Stoliarenko
fighter,Julio Aguilera,0,no article
fighter,Julio Arce,29,Julio Arce
fighter,Julio Cesar Chaves,0,no article
fighter,Julio Cesar Neves,39,Julio Cesar Neves Jr.
fighter,Julio Cesar Neves Jr.,0,same article as another: Julio Cesar Neves Jr.
fighter,Julio Cesar Spadaccini,0,no article
fighter,Julio Chapa,0,no article
fighter,Julio Hinojosa,0,no article
fighter,Julio Larrave,0,no article
fighter,Julio Paulino,0,no article
fighter,Julio Ruelas,0,no article
fighter,Julio Ruíz,0,no article
fighter,Julio Spadaccini,0,no article
fighter,Julius Anglickas,16,Julius Anglickas
fighter,Julius Trimmeliti,0,no article
fighter,Julius Walker,0,no article
fighter,Jun Yong Park,26,Jun Yong Park
fighter,Jun Young Hong,0,no article
fighter,Juna Koda,0,no article
fighter,Jung Bu-kyung,4,Jung Bu-kyung
fighter,Jung Chan-sung,0,same article as another: The Korean Zombie
fighter,Jung Da-un,0,no article
fighter,Jung Da-woon,0,no article
fighter,Jung Gi Hong,0,no article
fighter,Jung Hwan Cha,0,no article
fighter,Jung Hyuk Jang,0,no article
fighter,Jung Hyun Lee,0,no article
fighter,Jung Kyo Park,0,no article
fighter,Jung Young Lee,0,no article
fighter,Junichi Ota,0,no article
fighter,Junie Browning,0,no article
fighter,Junior Assuncao,25,Júnior Assunção
fighter,Junior Assunção,0,same article as another: Júnior Assunção
fighter,Junior Dos Santos,34,Junior dos Santos
fighter,Junior Duarte,0,no article
fighter,Junior Hernandez,0,no article
fighter,Junior Luiz,0,no article
fighter,Junior Marques,0,no article
fighter,Junior Melo,0,no article
fighter,Junior Morgan,0,no article
fighter,Junior Tafa,13,Junior Tafa
fighter,Junior dos Santos,0,same article as another: Junior dos Santos
fighter,Junior dos Santos (c),0,no article
fighter,Junji Ito,31,Junji Ito (fighter)
fighter,Junpei Hamada,0,no article
fighter,Junsei Hitomi,0,no article
fighter,Juntaro Ami,0,no article
fighter,Junya Kodo,19,Junya Kodo
fighter,Juryoel Cordero,0,no article
fighter,Juscelino Pantoja,0,no article
fighter,Jussier Formiga,32,Jussier Formiga
fighter,Justice Torres,0,no article
fighter,Justin Baesman,50,Justin Baesman
fighter,Justin Buchholz,26,Justin Buchholz
fighter,Justin Budd,0,no article
fighter,Justin Burlinson,0,no article
fighter,Justin Clarke,0,no article
fighter,Justin Davis,0,no article
fighter,Justin DeMoney,0,no article
fighter,Justin Detzel,0,no article
fighter,Justin Edwards,28,Justin Edwards (fighter)
fighter,Justin Eilers,27,Justin Eilers
fighter,Justin Evans,0,no article
fighter,Justin Frazier,16,Justin Frazier
fighter,Justin Gaethje,39,Justin Gaethje
fighter,Justin Gaethje (c),0,no article
fighter,Justin Gaethje (ic),0,no article
fighter,Justin Gonzales,0,no article
fighter,Justin Gonzalez,0,no article
fighter,Justin Governale,0,no article
fighter,Justin Guthrie,0,no article
fighter,Justin Hamm,0,no article
fighter,Justin Hartley,0,no article
fighter,Justin Haskins,0,no article
fighter,Justin Hawes,0,no article
fighter,Justin Houghton,0,no article
fighter,Justin Howard,0,no article
fighter,Justin Hughes,0,no article
fighter,Justin Hugo,0,no article
fighter,Justin James,0,no article
fighter,Justin Jaynes,29,Justin Jaynes
fighter,Justin Jones,0,no article
fighter,Justin Lavertu,0,no article
fighter,Justin Lawrence,16,Justin Lawrence (fighter)
fighter,Justin Ledet,14,Justin Ledet
fighter,Justin Lemke,0,no article
fighter,Justin Levens,17,Justin Levens
fighter,Justin Linn,0,no article
fighter,Justin Lovrich,0,no article
fighter,Justin McCully,18,Justin McCully
fighter,Justin McElfresh,0,no article
fighter,Justin McNally,0,no article
fighter,Justin Montalvo,0,no article
fighter,Justin Moore,0,no article
fighter,Justin Morton,0,no article
fighter,Justin Overton,0,no article
fighter,Justin Patterson,0,no article
fighter,Justin Pennington,0,no article
fighter,Justin Prescott,0,no article
fighter,Justin Rader,0,no article
fighter,Justin Reeser,0,no article
fighter,Justin Robbins,0,no article
fighter,Justin Roswell,0,no article
fighter,Justin Salas,19,Justin Salas
fighter,Justin Sander,0,no article
fighter,Justin Scoggins,24,Justin Scoggins
fighter,Justin Smith,0,no article
fighter,Justin Smitley,0,no article
fighter,Justin Sumter,0,no article
fighter,Justin Tafa,13,Justin Tafa
fighter,Justin Tenedora,0,no article
fighter,Justin Thompson,0,no article
fighter,Justin Torrey,9,Justin Torrey
fighter,Justin Trangsrud,0,no article
fighter,Justin Vargas,0,no article
fighter,Justin Vázquez,0,no article
fighter,Justin Wetzell,0,no article
fighter,Justin Wilcox,0,no article
fighter,Justin Williams-Hugo,0,no article
fighter,Justin Willis,11,Justin Willis
fighter,Justin Wren,15,Justin Wren
fighter,Justine Kish,16,Justine Kish
fighter,Justyna Kulińska,0,no article
fighter,Jutaro Nakao,50,Jutaro Nakao
fighter,Juán Sebastián Medina,0,no article
fighter,János Finfera,0,no article
fighter,Jéssica Andrade,41,Jéssica Andrade
fighter,Jéssica Andrade (c),0,no article
fighter,Jéssica Oliveira,0,no article
fighter,Jéssica Zarate,0,no article
fighter,Júlia Barros,0,no article
fighter,Júlio Vinicius Assunção,0,no article
fighter,Júnior Albini,25,Júnior Albini
fighter,Júnior Assis,0,no article
fighter,Júnior Assunção,0,same article as another: Júnior Assunção
fighter,K. J. Noons,23,K.J. Noons
fighter,K. J. Noons (c),0,no article
fighter,KB Bhullar,0,no article
fighter,Kaan Ofli,0,no article
fighter,Kacper Formela,28,Kacper Formela
fighter,Kacper Fornalski,0,no article
fighter,Kacper Frątczak,0,no article
fighter,Kacper Koziorzębski,0,no article
fighter,Kacper Matyszewski,0,no article
fighter,Kacper Paczóski,0,no article
fighter,Kacper Pakeltys,0,no article
fighter,Kacper Sochacki,0,no article
fighter,Kacper Wróbel,0,no article
fighter,Kade Ruotolo,4,Kade Ruotolo
fighter,Kade Ruotolo (c),0,no article
fighter,Kadeem Perkins,0,no article
fighter,Kadyrbek Shinbaev,0,no article
fighter,Kaeo Meyer,0,no article
fighter,Kafiz Sakibekov,0,no article
fighter,Kaheem Murray,0,no article
fighter,Kai Asakura,39,Kai Asakura
fighter,Kai Kamaka III,27,Kai Kamaka III
fighter,Kai Kara-France,40,Kai Kara-France
fighter,Kaik Brito,0,no article
fighter,Kaila Thompson,0,no article
fighter,Kailan Hill,0,no article
fighter,Kailin Curran,13,Kailin Curran
fighter,Kain Royer,0,no article
fighter,Kaique Modesto,0,no article
fighter,Kairat Akhmetov,30,Kairat Akhmetov
fighter,Kaisei Kuroi,0,no article
fighter,Kaitlin Young,26,Kaitlin Young
fighter,Kajan Johnson,39,Kajan Johnson
fighter,Kaji Ebin,0,no article
fighter,Kala Hose,0,no article
fighter,Kalaked Por.Muangpetch,0,no article
fighter,Kaleio Romero,0,no article
fighter,Kaleo Kwan,0,no article
fighter,Kali Robbins,0,no article
fighter,Kalib Starnes,31,Kalib Starnes
fighter,Kalindra Faria,31,Kalindra Faria
fighter,Kaline Medeiros,15,Kaline Medeiros
fighter,Kallum Parker,0,no article
fighter,Kaloyan Kolev,0,no article
fighter,Kalvin Hackney,0,no article
fighter,Kamal Goigereev,0,no article
fighter,Kamal Mamedov,0,no article
fighter,Kamal Shalorus,16,Kamal Shalorus
fighter,Kamaru Usman,28,Kamaru Usman
fighter,Kamaru Usman (c),0,no article
fighter,Kamil Ataev,0,no article
fighter,Kamil Gawryjołek,0,no article
fighter,Kamil Lebkowski,0,no article
fighter,Kamil Oniszczuk,18,Kamil Oniszczuk
fighter,Kamil Szkaradek,8,Kamil Szkaradek
fighter,Kamil Wojciechowski,0,no article
fighter,Kamila Šimková,0,no article
fighter,Kamuela Kirk,0,no article
fighter,Kana Morimoto,0,no article
fighter,Kana Watanabe,19,Kana Watanabe
fighter,Kanae Yamada,0,no article
fighter,Kanako Murata,17,Kanako Murata
fighter,Kanako Oka,0,no article
fighter,Kanako Takeshita,0,no article
fighter,Kane Mousah,0,no article
fighter,Kang Ji Won,0,no article
fighter,Kang Ji-won,0,no article
fighter,Kang Kyung-ho,31,Kang Kyung-ho
fighter,Kanna Asakura,29,Kanna Asakura
fighter,Kano Kagaya,0,no article
fighter,Kantharaj Agasa,0,no article
fighter,Kanybek Zhanybek Uulu,0,no article
fighter,Karar Rahim Ali,0,no article
fighter,Karate Kinoshita,0,no article
fighter,Karate Komachi,0,no article
fighter,Karei Date,0,no article
fighter,Karen Darabedyan,20,Karen Darabedyan
fighter,Karen Date,0,no article
fighter,Karen Martínez,0,no article
fighter,Karim Bennoui,0,no article
fighter,Karim Ghajji,7,Karim Ghajji
fighter,Karim Ghajji (c),0,no article
fighter,Karim Henniene,0,no article
fighter,Karim Henniène,0,no article
fighter,Karin Horii,0,no article
fighter,Karina Hallinan,0,no article
fighter,Karine Gevorgyan,0,no article
fighter,Karine Silva,26,Karine Silva
fighter,Karl Albrektsson,22,Karl Albrektsson
fighter,Karl Amoussou,40,Karl Amoussou
fighter,Karl Etherington,0,no article
fighter,Karl Moore,16,Karl Moore (fighter)
fighter,Karl Reed,0,no article
fighter,Karl Roberson,19,Karl Roberson
fighter,Karl Williams,0,no article
fighter,Karl Willis,0,no article
fighter,Karla Benitez,0,no article
fighter,Karla Hernandez,0,no article
fighter,Karla Pastrana,0,no article
fighter,Karla Torres,0,no article
fighter,Karlee Pangilinan,0,no article
fighter,Karlos Vemola,48,Karlos Vémola
fighter,Karlos Vemola (c),0,no article
fighter,Karlos Vémola,0,same article as another: Karlos Vémola
fighter,Karlos Vémola (c),0,no article
fighter,Karo Parisyan,37,Karo Parisyan
fighter,Karol Durszlewicz,0,no article
fighter,Karol Jesus Arteaga,0,no article
fighter,Karol Kutyła,0,no article
fighter,Karol Pereira Silva,0,no article
fighter,Karol Rosa,27,Karol Rosa
fighter,Karol Ryšavý,0,no article
fighter,Karol Skrzypek,0,no article
fighter,Karolina Kowalkiewicz,27,Karolina Kowalkiewicz
fighter,Karolina Sobek,0,no article
fighter,Karolina Wójcik,0,no article
fighter,Karoline Martins,0,no article
fighter,Karolína Vaňková,0,no article
fighter,Karshyga Dautbek,0,no article
fighter,Kasey Tanner,0,no article
fighter,Kasim Aras,0,no article
fighter,Kassius Holdorf,0,no article
fighter,Kassius Kayne,0,no article
fighter,Kastriot Xhema,0,no article
fighter,Kasum Kasumov,0,no article
fighter,Kat Pali,0,no article
fighter,Katarina Legorreta,0,no article
fighter,Katarzyna Sadura,0,no article
fighter,Kate Jackson,21,Kate Jackson (fighter)
fighter,Kate Oyama,0,no article
fighter,Katharina Dalisda,0,no article
fighter,Katharina Dalisda (c),0,no article
fighter,Katharina Lehner,19,Katharina Lehner
fighter,Katherine Corogenes,0,no article
fighter,Katherine Roy,0,no article
fighter,Kathryn Paprocki,0,no article
fighter,Kathy Solorzano,0,no article
fighter,Katia Torres,0,no article
fighter,Katie Perez,0,no article
fighter,Katie Rychkova,0,no article
fighter,Katlyn Cerminara,24,Katlyn Cerminara
fighter,Katlyn Chookagian,0,same article as another: Katlyn Cerminara
fighter,Katrine Alendal,0,no article
fighter,Katsuaki Furuki,0,no article
fighter,Katsuhiko Matsutomi,0,no article
fighter,Katsuhiko Nagata,16,Katsuhiko Nagata
fighter,Katsuhiro Hirata,0,no article
fighter,Katsuki Ishida,0,no article
fighter,Katsuki Kitano,0,no article
fighter,Katsunori Kikuno,35,Katsunori Kikuno
fighter,Katsuya Inoue,0,no article
fighter,Katsuya Inoue (c),0,no article
fighter,Katsuya Inoue (ic),0,no article
fighter,Katsuyori Shibata,16,Katsuyori Shibata
fighter,Katy Collins,0,no article
fighter,Kauan Leopoldina,0,no article
fighter,Kaushik Saikumar,0,no article
fighter,Kauã Fernandes,0,no article
fighter,Kauê Fernandes,0,no article
fighter,Kauê Luiz Vaz,0,no article
fighter,Kawehi Wallace,0,no article
fighter,Kay Hansen,15,Kay Hansen
fighter,Kayck Alencar,0,no article
fighter,Kayla Harrison,20,Kayla Harrison
fighter,Kaylan Gorospe,0,no article
fighter,Kaynan Kruschewsky,0,no article
fighter,Kaytlin Neil,0,no article
fighter,Kazakbai Tilenov,0,no article
fighter,Kazbek Saidaliev,0,no article
fighter,Kazim Khan,0,no article
fighter,Kazuhiko Inomata,0,no article
fighter,Kazuhiro Inoue,13,Kazuhiro Inoue
fighter,Kazuhiro Nakamura,34,Kazuhiro Nakamura
fighter,Kazuhisa Watanabe,1,Kazuhisa Watanabe
fighter,Kazuhito Yoshima,0,no article
fighter,Kazuki Okubo,0,no article
fighter,Kazuki Tokudome,33,Kazuki Tokudome
fighter,Kazuki Yamagishi,0,no article
fighter,Kazula Vargas,23,Kazula Vargas
fighter,Kazula Vargas (c),0,no article
fighter,Kazuma Maruyama,0,no article
fighter,Kazuma Murakoshi,0,no article
fighter,Kazumasa Majima,0,no article
fighter,Kazumi Kaneko,0,no article
fighter,Kazunori Yokota,37,Kazunori Yokota
fighter,Kazuo Misaki,39,Kazuo Misaki
fighter,Kazuo Takahashi,61,Kazuo Takahashi
fighter,Kazushi Sakuraba,46,Kazushi Sakuraba
fighter,Kazushi Sakuraba and Katsuyori Shibata,0,no article
fighter,Kazutaka Omigawa,0,no article
fighter,Kazuya Kumakura,0,no article
fighter,Kazuya Otake,0,no article
fighter,Kazuyuki Arimura,0,no article
fighter,Kazuyuki Fujita,32,Kazuyuki Fujita
fighter,Kazuyuki Furukawa,0,no article
fighter,Kazuyuki Miyata,25,Kazuyuki Miyata
fighter,Keali'i Kanekoa,0,no article
fighter,Keanu Fleming,0,no article
fighter,Keanu Subba,0,no article
fighter,Kebrom Neguse,0,no article
fighter,Keegan Blanco,0,no article
fighter,Keegan Witbeck,0,no article
fighter,Keenan Feeney,0,no article
fighter,Keenan Lewis,0,no article
fighter,Keenan Raymond,0,no article
fighter,Keeton Gorton,0,no article
fighter,Kegan Agnew,0,no article
fighter,Kegan Gennrich,0,no article
fighter,Kegan Gennrich (c),0,no article
fighter,Keigo Kunihara,0,no article
fighter,Keiichiro Nakamura,0,no article
fighter,Keiichiro Yamamiya,90,Keiichiro Yamamiya
fighter,Keiko Tamai,27,Keiko Tamai
fighter,Keilen Fantroy,0,no article
fighter,Keinosuke Yoshinaga,0,no article
fighter,Keir Harvie,0,no article
fighter,Keisuke Fujiwara,30,Keisuke Fujiwara
fighter,Keisuke Iwata,0,no article
fighter,Keisuke Sasu,0,no article
fighter,Keita Nakamura,51,Keita Nakamura
fighter,Keith Bach,0,no article
fighter,Keith Berish,0,no article
fighter,Keith Berry,34,Keith Berry (fighter)
fighter,Keith Cutrone,0,no article
fighter,Keith Jardine,31,Keith Jardine
fighter,Keith Johnson,0,no article
fighter,Keith Keogh,0,no article
fighter,Keith Krikorian,0,no article
fighter,Keith Lee,0,no article
fighter,Keith McCabe,0,no article
fighter,Keith Moratuccio,0,no article
fighter,Keith Phathaem,0,no article
fighter,Keith Richardson,40,Keith Richardson (fighter)
fighter,Keith Schneider,0,no article
fighter,Keith Wisnieski,0,no article
fighter,Keith Wisniewski,44,Keith Wisniewski
fighter,Keito Yamakita,14,Keito Yamakita
fighter,Keivan Soleimani,0,no article
fighter,Keizo Nagaya,0,no article
fighter,Kelly Anundson,14,Kelly Anundson
fighter,Kelly Clayton,0,no article
fighter,Kelly D'Angelo,0,no article
fighter,Kelly Faszholz,6,Kelly Faszholz
fighter,Kelly Kobold,0,no article
fighter,Kelly Leo,0,no article
fighter,Kelly McGill,0,no article
fighter,Kelsey Arnesen,0,no article
fighter,Kelsey Arneson,0,no article
fighter,Kelsey DeSantis,0,no article
fighter,Kelton Sneve,0,no article
fighter,Kelvin Doss,0,no article
fighter,Kelvin Gastelum,36,Kelvin Gastelum
fighter,Kelvin Gentapanan,0,no article
fighter,Kelvin Hackney,0,no article
fighter,Kelvin Ong,0,no article
fighter,Kelvin Rayford,0,no article
fighter,Kelvin Sterling,0,no article
fighter,Kelvin Tiller,17,Kelvin Tiller
fighter,Kemmyelle Haley,0,no article
fighter,Kemran Lachinov,0,no article
fighter,Ken Beverly,0,no article
fighter,Ken Burrs,0,no article
fighter,Ken Coulter,0,no article
fighter,Ken DuBose,0,no article
fighter,Ken Kaneko,3,Ken Kaneko
fighter,Ken Orihashi,0,no article
fighter,Ken Porter,0,no article
fighter,Ken Shamrock,47,Ken Shamrock
fighter,Ken Stone,16,Ken Stone (fighter)
fighter,Kenan Jackson,0,no article
fighter,Kendall Carnahan,0,no article
fighter,Kendall Grove,47,Kendall Grove
fighter,Kendall Whited,0,no article
fighter,Kendly St. Louis,0,no article
fighter,Kendra McIntyre,0,no article
fighter,Kendrick Latchman,0,no article
fighter,Kendrick Miree,0,no article
fighter,Kendrick Williams,0,no article
fighter,Kengo Sonoda,0,no article
fighter,Kengo Watanabe,0,no article
fighter,Kenichi Ito,0,no article
fighter,Kenichi Matsuo,0,no article
fighter,Kenichi Ogura,0,no article
fighter,Kenichi Yasunaga,0,no article
fighter,Kenji Arai,0,no article
fighter,Kenji Bortoluzzi,0,no article
fighter,Kenji Ezaki,0,no article
fighter,Kenji Horikiri,0,no article
fighter,Kenji Kubo,0,no article
fighter,Kenji Osawa,33,Kenji Osawa
fighter,Kenji Shimada,0,no article
fighter,Kenji Takeshige,0,no article
fighter,Kenn Glenn,0,no article
fighter,Kennedy Freeman,0,no article
fighter,Kennedy Maciel,0,no article
fighter,Kennedy Nzechukwu,22,Kennedy Nzechukwu
fighter,Kennedy Rayomba,0,no article
fighter,Kenneth Alexander,0,no article
fighter,Kenneth Battle,0,no article
fighter,Kenneth Bergh,0,no article
fighter,Kenneth Cross,0,no article
fighter,Kenneth Glenn,0,no article
fighter,Kenneth Richmond,0,no article
fighter,Kenneth Seegrist,0,no article
fighter,Kenneth Witwicky,0,no article
fighter,Kennth Rosfot-Nees,0,no article
fighter,Kenny Booker,0,no article
fighter,Kenny Champion,0,no article
fighter,Kenny Cross,0,no article
fighter,Kenny Ento,0,no article
fighter,Kenny Florian,20,Kenny Florian
fighter,Kenny Foster,26,Kenny Foster
fighter,Kenny Giddens,0,no article
fighter,Kenny Harrison,0,no article
fighter,Kenny Johnson,0,no article
fighter,Kenny Mokhonoana,0,no article
fighter,Kenny Moss,0,no article
fighter,Kenny Moyston,0,no article
fighter,Kenny Porter,0,no article
fighter,Kenny Rivera,0,no article
fighter,Kenny Robertson,22,Kenny Robertson
fighter,Kenny Wyckoff,0,no article
fighter,Kensei Yamakawa,0,no article
fighter,Kenshin Kodama,0,no article
fighter,Kensuke Higa,0,no article
fighter,Kent Kauppinen,0,no article
fighter,Kent Mafileo,0,no article
fighter,Kenta Kubo,0,no article
fighter,Kenta Nakamura,0,no article
fighter,Kenta Okuyama,0,no article
fighter,Kenta Takizawa,0,no article
fighter,Kentaro Abe,0,no article
fighter,Kentaro Imaizumi,0,no article
fighter,Kentaro Watanabe,0,no article
fighter,Kento Azumi,0,no article
fighter,Kenwa Kanna,0,no article
fighter,Kenya Miranda,0,no article
fighter,Kenyon Jackson,0,no article
fighter,Kenzo Biyong,0,no article
fighter,Keoki Cypriano,0,no article
fighter,Keon Caldwell,0,no article
fighter,Keoni Diggs,0,no article
fighter,Kepa Madeiros,0,no article
fighter,Keremuaili Maimaitatuoheti,0,no article
fighter,Keremuaili Maimaitituoheti,0,no article
fighter,Keri Melendez,0,no article
fighter,Keri Taylor-Melendez,0,no article
fighter,Kerim Engizek,0,no article
fighter,Kerim Engizek (c),0,no article
fighter,Kerry Hughes,0,no article
fighter,Kerry Schall,37,Kerry Schall
fighter,Kerry Vera,0,no article
fighter,Kester Mark,0,no article
fighter,Kestutis Arbocius,0,no article
fighter,Ketlen Souza,23,Ketlen Souza
fighter,Ketlen Vieira,22,Ketlen Vieira
fighter,Kev Hemmorlor,0,no article
fighter,Kevem Felipe,0,no article
fighter,Keven Carrasco,0,no article
fighter,Kevin Abrante,0,no article
fighter,Kevin Aguilar,21,Kevin Aguilar (mixed martial artist)
fighter,Kevin Aguilar (c),0,no article
fighter,Kevin Amador,0,no article
fighter,Kevin Arreola,0,no article
fighter,Kevin Asplund,0,no article
fighter,Kevin Azouz,0,no article
fighter,Kevin Belingon,31,Kevin Belingon
fighter,Kevin Boehm,0,no article
fighter,Kevin Borjas,0,no article
fighter,Kevin Burns,19,Kevin Burns (fighter)
fighter,Kevin Caperna,0,no article
fighter,Kevin Carrier,0,no article
fighter,Kevin Casey,22,Kevin Casey (fighter)
fighter,Kevin Casique,0,no article
fighter,Kevin Christian,0,no article
fighter,Kevin Cordero,0,no article
fighter,Kevin Croom,42,Kevin Croom
fighter,Kevin Del,0,no article
fighter,Kevin Dunsmoor,0,no article
fighter,Kevin Engel,0,no article
fighter,Kevin Enz,0,no article
fighter,Kevin Ferguson Jr.,0,no article
fighter,Kevin Fernandez,0,no article
fighter,Kevin Fregoso,0,no article
fighter,Kevin Fryer,0,no article
fighter,Kevin García,0,no article
fighter,Kevin Goodin,0,no article
fighter,Kevin Gray,0,no article
fighter,Kevin Haley,0,no article
fighter,Kevin Hangs,0,no article
fighter,Kevin Holland,50,Kevin Holland
fighter,Kevin Jordan,20,Kevin Jordan (fighter)
fighter,Kevin Jousset,17,Kevin Jousset
fighter,Kevin Knabjian,20,Kevin Knabjian
fighter,Kevin Lee,29,Kevin Lee
fighter,Kevin Messer,0,no article
fighter,Kevin Morales,0,no article
fighter,Kevin Morris,0,no article
fighter,Kevin Natividad,0,no article
fighter,Kevin Nowaczyk,0,no article
fighter,Kevin Oumar,0,no article
fighter,Kevin Pease,0,no article
fighter,Kevin Petshi,0,no article
fighter,Kevin Randleman,33,Kevin Randleman
fighter,Kevin Robledo,0,no article
fighter,Kevin Roddy,33,Kevin Roddy
fighter,Kevin Rosas,0,no article
fighter,Kevin Ross,0,no article
fighter,Kevin Ross (c),0,no article
fighter,Kevin Ruart,0,no article
fighter,Kevin Simon Cesari,0,no article
fighter,Kevin Smith,0,no article
fighter,Kevin Souza,25,Kevin Souza
fighter,Kevin Syler,0,no article
fighter,Kevin Troyer,0,no article
fighter,Kevin Vallejos,0,Kevin Vallejos
fighter,Kevin Villarreal,0,no article
fighter,Kevin Wirth,0,no article
fighter,Kevin Woltkamp,0,no article
fighter,Kevin Zalac,0,no article
fighter,Keweny Lopes,0,no article
fighter,Keyes Nelson,0,no article
fighter,Keynan Davis,0,no article
fighter,Keyon Mike Jackson,0,no article
fighter,Keyth Dawson,0,no article
fighter,Kfir Eittan,0,no article
fighter,Khabib Gaziev,0,no article
fighter,Khabib Nabiev,0,no article
fighter,Khabib Nurmagomedov,29,Khabib Nurmagomedov
fighter,Khabib Nurmagomedov (c),0,no article
fighter,Khadim Dia,0,no article
fighter,Khadis Ibragimov,19,Khadis Ibragimov
fighter,Khadzhi Bestaev,0,no article
fighter,Khadzhimurat Bestaev,0,no article
fighter,Khadzimurat Bestaev,0,no article
fighter,Khafiz Sakibekov,0,no article
fighter,Khai Wu,0,no article
fighter,Khal Syn Phyo,0,no article
fighter,Khaled Laallam,0,no article
fighter,Khaled Taraf,0,no article
fighter,Khalid Murtazaliev,0,no article
fighter,Khalid Satuev,0,no article
fighter,Khalid Taha,23,Khalid Taha
fighter,Khalifa Janahi,0,no article
fighter,Khalil Rountree Jr.,31,Khalil Rountree Jr.
fighter,Khama Worthy,32,Khama Worthy
fighter,Khamzat Abaev,0,no article
fighter,Khamzat Chimaev,19,Khamzat Chimaev
fighter,Khamzat Chimaev (c),0,no article
fighter,Khamzat Maaev,0,no article
fighter,Khamzat Sakalov,0,no article
fighter,Khaos Williams,21,Khaos Williams
fighter,Khasan Anvarov,0,no article
fighter,Khasan Dadalov,0,no article
fighter,Khasan Esmurziev,0,no article
fighter,Khasan Magomedsharipov,11,Khasan Magomedsharipov
fighter,Khasein Shaikhaev,0,no article
fighter,Khatanbaatar Khuukhenkhuu,0,no article
fighter,Khayal Iskenderov,0,no article
fighter,Khim Dima,0,no article
fighter,Kholmurod Nurmatov,0,no article
fighter,Khomarwut F.A.Group,0,no article
fighter,Khomkrit Niimi,0,no article
fighter,Khon Sichan,0,no article
fighter,Khonry Gracie,0,no article
fighter,Khotam Boynazarov (c),0,no article
fighter,Khun Sichan,0,no article
fighter,Khunharnlek Singha Mawynn,0,no article
fighter,Khunkar Dadaev,0,no article
fighter,Khunsueklek Boomdeksian,0,no article
fighter,Khunsuk Sor.Dechapan,0,no article
fighter,Khurshed Kakhorov,0,no article
fighter,Khusein Askhabov,0,no article
fighter,Khusein Khaliev,0,no article
fighter,Khuukhenkhuu Amartuvshin,0,no article
fighter,Ki Hyun Kim,3,Ki Hyun Kim
fighter,Ki Seok Choi,0,no article
fighter,Ki Won Bin,0,no article
fighter,Ki Won-bin,0,no article
fighter,Kiamrian Abbasov,0,no article
fighter,Kian Phan,0,no article
fighter,Kibedy Gordon,0,no article
fighter,Kiefer Crosbie,0,no article
fighter,Kieran Lister,0,no article
fighter,Kierandip Singh Sahota,0,no article
fighter,Kierre Gooch,0,no article
fighter,Kiichi Kunimoto,38,Kiichi Kunimoto
fighter,Kikadze Bondo,0,no article
fighter,Kike Bonnin,0,no article
fighter,Kike González,0,no article
fighter,Kikuyo Ishikawa,13,Kikuyo Ishikawa
fighter,Kil Woo Lee,0,no article
fighter,Killys Mota,0,no article
fighter,Kim Couture,30,Randy Couture
fighter,Kim Dong-hyun,0,no article
fighter,Kim Han-seul,0,no article
fighter,Kim Hock Quek,0,no article
fighter,Kim Jae Woong,0,no article
fighter,Kim Jae-woong,0,no article
fighter,Kim Ji-yeon,0,no article
fighter,Kim Kyung Pyo,0,no article
fighter,Kim Kyung-lock,0,no article
fighter,Kim Kyung-pyo,0,no article
fighter,Kim Min-soo,0,no article
fighter,Kim Sang-won,0,no article
fighter,Kim Sang-wook,0,no article
fighter,Kim Soo-chul,0,no article
fighter,Kim Tae-kyun,0,no article
fighter,Kim Young-hyun,0,no article
fighter,Kimbo Slice,10,Kimbo Slice
fighter,Kimbo Tinghaugen,0,no article
fighter,Kimo Leopoldo,18,Kimo Leopoldo
fighter,Kimo Luis,0,no article
fighter,Kin Moy,23,Kin Moy
fighter,King Edokpolo,0,no article
fighter,King Green,0,same article as another: King Green
fighter,Kinga Jendrasik,0,no article
fighter,Kinny Spotwood,0,no article
fighter,Kinuka Sasaki,0,no article
fighter,Kiril Gorobets,0,no article
fighter,Kirill Gekkel,0,no article
fighter,Kirill Gorobets,0,no article
fighter,Kirill Grishenko,0,no article
fighter,Kirill Kornilov,0,no article
fighter,Kirill Medvedovsky,0,no article
fighter,Kirill Sidelnikov,0,no article
fighter,Kirstie Gannaway,0,no article
fighter,Kiru Singh Sahota,0,no article
fighter,Kisack Monroy,0,no article
fighter,Kit Cope,13,Kit Cope
fighter,Kiuma Kunioku,68,Kiuma Kunioku
fighter,Kiya O'Sullivan,0,no article
fighter,Kiyoshi Kuwabara,0,no article
fighter,Kiyoshi Tamura,49,Kiyoshi Tamura
fighter,Kiyotaka Shimizu,47,Kiyotaka Shimizu
fighter,Kizaemon Saiga,0,no article
fighter,Klas Akesson,0,no article
fighter,Klaudia Syguła,0,no article
fighter,Klayton Mai,0,no article
fighter,Kleber Koike Erbst,47,Kleber Koike Erbst
fighter,Kleber Silva,0,no article
fighter,Kleberson Sousa,0,no article
fighter,Klemen Fister,0,no article
fighter,Kleydson Rodrigues,0,no article
fighter,Klidson Abreu,28,Klidson Abreu
fighter,Ko Seok-hyeon,0,no article
fighter,Ko Seok-hyun,0,no article
fighter,Kobe Ortiz,0,no article
fighter,Kodai Yamasaki,0,no article
fighter,Kody Steele,0,no article
fighter,Koery Windham,0,no article
fighter,Koetsu Okazaki,15,Koetsu Okazaki
fighter,Kohei Maruyama,0,no article
fighter,Kohei Tokeshi,0,no article
fighter,Kohl Laren,0,no article
fighter,Kohlman Scribner,0,no article
fighter,Koichi Tanaka,15,Koichi Tanaka (fighter)
fighter,Koichiro Matsumoto,0,no article
fighter,Koji Ando,0,no article
fighter,Koji Nakamura,0,no article
fighter,Koji Nohara,0,no article
fighter,Koji Obata,0,no article
fighter,Koji Oishi,0,no article
fighter,Koji Oishi (c),0,no article
fighter,Koji Takeda,0,no article
fighter,Koji Yoshimoto,7,Koji Yoshimoto
fighter,Kojiro Shiba,0,no article
fighter,Koki Akada,0,no article
fighter,Koko Sor.Sommai,0,no article
fighter,Kolton Englund,0,no article
fighter,Kompetch Sitsarawatsuer,0,no article
fighter,Kona Oliveira,0,no article
fighter,Kongchai Chanaidonmuang,0,no article
fighter,Kongklai AnnyMuayThai,0,no article
fighter,Kongthoranee Sor.Sommai,0,no article
fighter,Konmon Deh,0,no article
fighter,Konrad Dyrschka,0,no article
fighter,Konrad Rusiński,0,no article
fighter,Konstantin Andreitsev,0,no article
fighter,Konstantin Erokhin,0,no article
fighter,Konstantin Veselkin,0,no article
fighter,Konstantinos Ntelis,0,no article
fighter,Korey Kuppe,0,no article
fighter,Korey Taylor,0,no article
fighter,Kory Moegenburg,0,no article
fighter,Kosei Fukushima,0,no article
fighter,Kosei Shibuya,0,no article
fighter,Koshen Akanov,0,no article
fighter,Kosuke Nakamoto,0,no article
fighter,Kosuke Sakai,0,no article
fighter,Kosuke Suzuki,0,no article
fighter,Kota Ishibashi,0,no article
fighter,Kota Shimoishi,0,no article
fighter,Kotaro Kotaro,0,no article
fighter,Kotetsu Boku,44,Kotetsu Boku
fighter,Kotetsu Boku (c),0,no article
fighter,Kotori Tamiya,0,no article
fighter,Kouki Nakagawa,0,no article
fighter,Kouya Kanda,0,no article
fighter,Koya Kanda,0,no article
fighter,Koya Saito,0,no article
fighter,Koya Urabe,0,no article
fighter,Koyomi Matsushima,23,Koyomi Matsushima
fighter,Kozo Takeda,0,no article
fighter,Kozo Urita,40,Kozo Urita
fighter,Kozue Nagashima,0,no article
fighter,Krasimir Mladenov,0,no article
fighter,Kris Hocum,0,no article
fighter,Kris McCray,14,Kris McCray
fighter,Kris Moutinho,0,no article
fighter,Kris Oliva,0,no article
fighter,Krishaun Gilmore,0,no article
fighter,Kristi Lopez,0,no article
fighter,Kristian Rothaermel,0,no article
fighter,Kristians Boguzs,0,no article
fighter,Kristin Handel,0,no article
fighter,Kristina Katsikis,0,no article
fighter,Kristina Williams,0,no article
fighter,Kristof Midoux,0,no article
fighter,Kritpetch P.K.Saenchai,0,no article
fighter,Kritsada Kongsrichai,15,Kritsada Kongsrichai
fighter,Kron Gracie,8,Kron Gracie
fighter,Krystian Blezień,0,no article
fighter,Krystian Kaszubowski,0,no article
fighter,Krzysztof Geburek,0,no article
fighter,Krzysztof Głowacki,7,Krzysztof Głowacki
fighter,Krzysztof Jotko,37,Krzysztof Jotko
fighter,Krzysztof Mendlewski,0,no article
fighter,Krzysztof Soszynski,39,Krzysztof Soszynski
fighter,Kuat Khamitov,0,no article
fighter,Kue Htoo,0,no article
fighter,Kulabdam Sor.Jor.Piek-U-Thai,0,no article
fighter,Kultar Gill,0,no article
fighter,Kuniyoshi Hironaka,32,Kuniyoshi Hironaka
fighter,Kunle Lawal,0,no article
fighter,Kunni Kunniev,0,no article
fighter,Kuntap Weerasakreck,0,no article
fighter,Kurban Gadzhiev,0,no article
fighter,Kurban Gadzhiev (c),0,no article
fighter,Kurban Idrisov,0,no article
fighter,Kurban Taigibov,0,no article
fighter,Kurban Taygibov,0,no article
fighter,Kurban Zaynukov,0,no article
fighter,Kurbanali Isabekov,0,no article
fighter,Kurt Holobaugh,34,Kurt Holobaugh
fighter,Kurt Kinser,0,no article
fighter,Kurt Pellegrino,23,Kurt Pellegrino
fighter,Kurt Southern,0,no article
fighter,Kurtis Campbell,0,no article
fighter,Kurtis Ellis,0,no article
fighter,Kurumi,0,no article
fighter,Kwan Bum Lee,0,no article
fighter,Kwan Ho Kwak,0,no article
fighter,Kwang Hoon Lee,0,no article
fighter,Kwanjai Sor.Tawanrung,0,no article
fighter,Kwon Bae-young,0,no article
fighter,Kwon Won Il,21,Kwon Won-il
fighter,Kwon Won-il,0,same article as another: Kwon Won-il
fighter,Ky Bennett,0,no article
fighter,Kyal Linn Aung,0,no article
fighter,Kyal Sin Htoo,0,no article
fighter,Kyal Sin Phyo,0,no article
fighter,Kye Stevens,0,no article
fighter,Kyeong Chil Min,0,no article
fighter,Kyle Baker,0,no article
fighter,Kyle Bochniak,18,Kyle Bochniak
fighter,Kyle Bolt,0,no article
fighter,Kyle Bradley,0,no article
fighter,Kyle Chambers,0,no article
fighter,Kyle Clark,0,no article
fighter,Kyle Crutchmer,12,Kyle Crutchmer
fighter,Kyle Daukaus,23,Kyle Daukaus
fighter,Kyle Dietz,0,no article
fighter,Kyle Driscoll,0,no article
fighter,Kyle Estrada,0,no article
fighter,Kyle Frost,0,no article
fighter,Kyle Gibbons,0,no article
fighter,Kyle Griffin,0,no article
fighter,Kyle Jackson,0,no article
fighter,Kyle Jensen,0,no article
fighter,Kyle Kingsbury,18,Kyle Kingsbury
fighter,Kyle Kurtz,0,no article
fighter,Kyle Levinton,0,no article
fighter,Kyle Miers,0,no article
fighter,Kyle Nelson,24,Kyle Nelson (fighter)
fighter,Kyle Noblitt,0,no article
fighter,Kyle Noke,33,Kyle Noke
fighter,Kyle Olsen,0,no article
fighter,Kyle Prepolec,29,Kyle Prepolec
fighter,Kyle Pufahl,0,no article
fighter,Kyle Sandford,0,no article
fighter,Kyle Seals,0,no article
fighter,Kyle Stewart,0,no article
fighter,Kyle Walker,0,no article
fighter,Kyle Watson,0,no article
fighter,Kyle Weickhardt,0,no article
fighter,Kyle York,0,no article
fighter,Kyle Zimick,0,no article
fighter,Kyler Fairchild,0,no article
fighter,Kyler Phillips,17,Kyler Phillips
fighter,Kyles Vang,0,no article
fighter,Kyo Lin Kim,0,no article
fighter,Kyohei Hagiwara,0,no article
fighter,Kyohei Takagi,0,no article
fighter,Kyoji Horiguchi,43,Kyoji Horiguchi
fighter,Kyoma Akimoto,0,no article
fighter,Kyosuke Sasaki,15,Kyosuke Sasaki (mixed martial artist)
fighter,Kyotaro,0,Kyotaro Fujimoto
fighter,Kyra Batara,0,no article
fighter,Kyron Bowen,0,no article
fighter,Kyu Jin Choi,0,no article
fighter,Kyu Kitano,0,no article
fighter,Kyung Chul Min,0,no article
fighter,Kyung Min Min,0,no article
fighter,Kyung Pyo Kim,0,no article
fighter,Kyung Yui Cho,0,no article
fighter,Kywan Gracie,0,no article
fighter,Kálmán Kovács,0,no article
fighter,Kēstin McClain,0,no article
fighter,Kōji Tanaka,0,no article
fighter,L.C. Davis,31,LC Davis
fighter,L.J. Hermeck,0,no article
fighter,L.J. Portée,0,no article
fighter,LC Davis,0,same article as another: LC Davis
fighter,LJ Hermreck,0,no article
fighter,LJ Schulz,0,no article
fighter,LaRue Burley,15,LaRue Burley
fighter,LaVerne Clark,49,LaVerne Clark
fighter,Lace Pele,0,no article
fighter,Lacey Schuckman,22,Lacey Schuckman
fighter,Lachlan Giles,0,no article
fighter,Lahan Wu,0,no article
fighter,Laid Zerhouni,0,no article
fighter,Laird Anderson,0,no article
fighter,Laisa Silva,0,no article
fighter,Lamar Brown,0,no article
fighter,Lamar Gosey,0,no article
fighter,Lamar Jiles,0,no article
fighter,Lamar Reed,0,no article
fighter,Lamont Stafford,0,no article
fighter,Lan Ming Qiang,0,no article
fighter,Lanc Stefanac,0,no article
fighter,Lance Benoist,9,Lance Benoist
fighter,Lance Everson,0,no article
fighter,Lance Gibson Jr.,0,no article
fighter,Lance Lawrence,0,no article
fighter,Lance Lee,0,no article
fighter,Lance Palmer,31,Lance Palmer
fighter,Lance Palmer (c),0,no article
fighter,Lance Snow,0,no article
fighter,Lance Wright,0,no article
fighter,Lanchana Green,0,no article
fighter,Lando Vannata,22,Lando Vannata
fighter,Landon Elmore,0,no article
fighter,Landon Piercy,0,no article
fighter,Landon Quinones,0,no article
fighter,Landon Quiñones,0,no article
fighter,Landon Showalter,0,no article
fighter,Landry Ward,0,no article
fighter,Lane Roe,0,no article
fighter,Lanny Dardar,0,no article
fighter,Lany Silva,0,no article
fighter,Lara Fernandez,0,no article
fighter,Lara Procópio,11,Lara Procópio
fighter,Larissa Pacheco,30,Larissa Pacheco
fighter,Larkyn Dasch,0,no article
fighter,Larry Crowe,0,no article
fighter,Larry Gonzales,0,no article
fighter,Larry Hopkins,0,no article
fighter,Laryssa Leila,0,no article
fighter,Lasha Abashidze,0,no article
fighter,Lasha Abramishvili,0,no article
fighter,Lashawn Alcocks,0,no article
fighter,Laur Palievici,0,no article
fighter,Laura Grzyb,3,Laura Grzyb
fighter,Laura Kirtzel,0,no article
fighter,Laura Sanchez,0,no article
fighter,Laura Zamora,0,no article
fighter,Laureano Staropoli,22,Laureano Staropoli
fighter,Lauren Mueller,9,Lauren Mueller
fighter,Lauren Murphy,23,Lauren Murphy
fighter,Laurențiu Călugăru,0,no article
fighter,Laurita Cibirite,0,no article
fighter,Laurynas Urbonavicius,0,no article
fighter,Lautaro Ayala,0,no article
fighter,Lavar Johnson,31,Lavar Johnson
fighter,Lawrence DiGiulio,0,no article
fighter,Lawrence DiGuilio,0,no article
fighter,Lawrence Lui,0,no article
fighter,Lawrence Philips,0,no article
fighter,Lazar Stojadinovic,0,no article
fighter,Lazar Todev,0,no article
fighter,Lazaro Dayron,0,no article
fighter,Lazaro Junior,0,no article
fighter,Lazăr Edea,0,no article
fighter,Laïd Zerhouni,0,no article
fighter,Le'Ville Simpson,0,no article
fighter,LeMarcus Tucker,0,no article
fighter,LeRoy Johnson,0,no article
fighter,LeVon Maynard,0,no article
fighter,Lea Bivins,0,no article
fighter,Leah Letson,9,Leah Letson
fighter,Leah McCourt,12,Leah McCourt
fighter,Leandro Antunez,0,no article
fighter,Leandro Ataides,0,no article
fighter,Leandro Camargo,0,no article
fighter,Leandro Carmigo,0,no article
fighter,Leandro Gomes,0,no article
fighter,Leandro Higo,33,Leandro Higo
fighter,Leandro Issa,26,Leandro Issa
fighter,Leandro Silva,44,Leandro Silva (fighter)
fighter,Leandro Sloano,0,no article
fighter,Leandro Soares,0,no article
fighter,Leandro Solano,0,no article
fighter,Leandro Urquiza,0,no article
fighter,Lee Bo-mi,0,no article
fighter,Lee Brousseau,0,no article
fighter,Lee Burns,0,no article
fighter,Lee Chadwick,0,no article
fighter,Lee Chang-ho,0,no article
fighter,Lee Coville,0,no article
fighter,Lee Flores,0,no article
fighter,Lee Gibson,0,no article
fighter,Lee Hammond,0,no article
fighter,Lee Higgins,0,no article
fighter,Lee Jae-hun,0,no article
fighter,Lee Jeong-yeong,0,no article
fighter,Lee Jung-hyun,0,no article
fighter,Lee Mein,0,no article
fighter,Lee Morrison,0,no article
fighter,Lee Percival,0,no article
fighter,Lee Taylor,0,no article
fighter,Lee Ye-ji,0,no article
fighter,Lee Yi-sak,0,no article
fighter,Leeroy Barnes,0,no article
fighter,Leidiane Fernandes,0,no article
fighter,Leigh Cohoon,0,no article
fighter,Leilani Bernales,0,no article
fighter,Leivon Lewis,0,no article
fighter,Leman López,0,no article
fighter,Lemont Davis,0,no article
fighter,Len Bentley,0,no article
fighter,Lena Ovchynnikova,19,Lena Ovchynnikova
fighter,Lena Tkhorevska,0,no article
fighter,Lenin Guerra,0,no article
fighter,Lennin Morales,0,no article
fighter,Lenny Wheeler,0,no article
fighter,Leo Brichta,0,no article
fighter,Leo Krishna,0,no article
fighter,Leo Kuntz,0,no article
fighter,Leo Leite,13,Leonardo Leite
fighter,Leobardo López Caloca,0,no article
fighter,Leomana Martinez,0,no article
fighter,Leon Aliu,0,no article
fighter,Leon Armes,0,no article
fighter,Leon Davis,0,no article
fighter,Leon Duarte,0,no article
fighter,Leon Edwards,29,Leon Edwards
fighter,Leon Edwards (c),0,no article
fighter,Leon Hill,0,no article
fighter,Leon Mackey Jr.,0,no article
fighter,Leon Naumann,0,no article
fighter,Leon Shahbazyan,0,no article
fighter,Leon Soares,0,no article
fighter,Leon Taylor,0,no article
fighter,Leonard Bonțoi,0,no article
fighter,Leonard Garcia,35,Leonard Garcia
fighter,Leonard Smith,0,no article
fighter,Leonardo Augusto Guimarães,0,no article
fighter,Leonardo Blasco,0,no article
fighter,Leonardo Camargo,0,no article
fighter,Leonardo Casotti,0,no article
fighter,Leonardo Cavalheiro da Silva,0,no article
fighter,Leonardo Cerboni,0,no article
fighter,Leonardo Damiani,0,no article
fighter,Leonardo Fraga,0,no article
fighter,Leonardo Genuíno,0,no article
fighter,Leonardo Leite,0,same article as another: Leonardo Leite
fighter,Leonardo Limberger,0,no article
fighter,Leonardo Mafra,22,Leonardo Mafra
fighter,Leonardo Mesquita,0,no article
fighter,Leonardo Morales,0,no article
fighter,Leonardo Pecanha,0,no article
fighter,Leonardo Santos,28,Leonardo Santos (fighter)
fighter,Leonardo Silva,0,no article
fighter,Leonardo da Silva,0,no article
fighter,Leonardo de Oliveira,0,no article
fighter,Leonardos Sinis,0,no article
fighter,Leonel Padilla,0,no article
fighter,Leonel Rojas,0,no article
fighter,Leonid Malozemov,0,no article
fighter,Leopoldo Serao,0,no article
fighter,Lerone Murphy,19,Lerone Murphy
fighter,Leroy Johnson,0,no article
fighter,Lerryan Douglas,0,no article
fighter,Lerryan Douglas (ic),0,no article
fighter,Leslie Hernandez,0,no article
fighter,Leslie Smith,22,Leslie Smith (fighter)
fighter,Leslie de Jesus,0,no article
fighter,Lester Caslow,27,Lester Caslow
fighter,Leticia Baltazar,0,no article
fighter,Levan Chokheli,0,no article
fighter,Levan Khabalaev,0,no article
fighter,Levan Makashvili,35,Levan Makashvili
fighter,Levi Avera,0,no article
fighter,Levi Batchelor,0,no article
fighter,Levi Matan,0,no article
fighter,Levi Mowles,0,no article
fighter,Levi Queen,0,no article
fighter,Levi Rodrigues,0,no article
fighter,Levi Rodrigues Jr.,0,no article
fighter,Levi Steedman,0,no article
fighter,Levon Kinley,0,no article
fighter,Lew Polley,0,no article
fighter,Lewis Byrne,0,no article
fighter,Lewis Cassner,0,no article
fighter,Lewis Gonzalez,0,no article
fighter,Lewis Long,0,no article
fighter,Lewis Mataya,0,no article
fighter,Lewis McGrillen,0,no article
fighter,Lewis McGrillen-Evans,0,no article
fighter,Lewis Monarch,0,no article
fighter,Lewis Rumsey,0,no article
fighter,Lewis Urquhart,0,no article
fighter,Lexi Rook,0,no article
fighter,Li Gen,0,no article
fighter,Li Haojie,0,no article
fighter,Li Jingliang,28,Li Jingliang
fighter,Li Kai Wen,0,no article
fighter,Li Kaiwen,0,no article
fighter,Li Wei Bin,0,no article
fighter,Li Yun Long,0,no article
fighter,Liam Anderson,0,no article
fighter,Liam Etebar,0,no article
fighter,Liam Gittins,0,no article
fighter,Liam Gittins (c),0,no article
fighter,Liam Harrison,0,no article
fighter,Liam Hill,0,no article
fighter,Liam James,0,no article
fighter,Liam McCracken,0,no article
fighter,Liam McCraken,0,no article
fighter,Liam McGeary,17,Liam McGeary
fighter,Liam McGeary (c),0,no article
fighter,Liam Nolan,0,no article
fighter,Liam Pitts,0,no article
fighter,Liana Jojua,14,Liana Jojua
fighter,Liang Na,0,no article
fighter,Lianru Shang,0,no article
fighter,Liao Shixu,0,no article
fighter,Libo López,0,no article
fighter,Liborio López,0,no article
fighter,Lilia Salas,0,no article
fighter,Lilian Grosu,0,no article
fighter,Liliya Shakirova,0,no article
fighter,Lilya Osmani,0,no article
fighter,Lim Hyun-gyu,0,same article as another: Lim Hyun-gyu
fighter,Lin Heqin,0,no article
fighter,Lina Kvokov,0,no article
fighter,Lina Länsberg,18,Lina Länsberg
fighter,Lincoln Henrique,0,no article
fighter,Lincoln Puig,0,no article
fighter,Lincoln Strong,0,no article
fighter,Lincon Santos,0,no article
fighter,Linda Darrow,0,no article
fighter,Linda Martell,0,no article
fighter,Lindsey Payne,0,no article
fighter,Lindsey VanZandt,20,Lindsey VanZandt
fighter,Linsey Williams,0,no article
fighter,Linton Vassell,37,Linton Vassell
fighter,Lionel Abojer,0,no article
fighter,Lionel Lanham,0,no article
fighter,Liron Wilson,0,no article
fighter,Lisa Blaine,0,no article
fighter,Lisa Brierley,0,no article
fighter,Lisa Ellis,27,Lisa Ellis (martial artist)
fighter,Lisa Kyriacou,0,no article
fighter,Lisa Mauldin,0,no article
fighter,Lisa Ward,0,same article as another: Lisa Ellis (martial artist)
fighter,Lisa Zimmo,0,no article
fighter,Lissette Neri,0,no article
fighter,Lito Adiwang,0,no article
fighter,Liu Ce,0,no article
fighter,Liu Pengshuai,0,no article
fighter,Liu Pingyuan,21,Liu Pingyuan
fighter,Liu Xiaoyang,0,no article
fighter,Liu Xu,0,no article
fighter,Liudvik Sholinian,0,no article
fighter,Liviu Popa,0,no article
fighter,Liviu Sugacevschi,0,no article
fighter,Liz Carmouche,34,Liz Carmouche
fighter,Liz Carmouche (c),0,no article
fighter,Lizzy Gevers,0,no article
fighter,Llorrvic Acevedo,0,no article
fighter,Lloyd Carter,0,no article
fighter,Lloyd McKinney,0,no article
fighter,Lloyd Woodard,28,Lloyd Woodard
fighter,Loai Abushaar,0,no article
fighter,Lodune Sincaid,24,Lodune Sincaid
fighter,Lodune Sincaid (c),0,no article
fighter,Logan Clark,0,Logan Clark
fighter,Logan McPadden,0,no article
fighter,Logan Nail,0,no article
fighter,Logan Neal,0,no article
fighter,Logan Paxton,0,no article
fighter,Logan Storley,23,Logan Storley
fighter,Logan Storley (ic),0,no article
fighter,Logan Urban,0,no article
fighter,Logan Woods,0,no article
fighter,Loibe Neto,0,no article
fighter,Loic Pillon,0,no article
fighter,Loik Radzhabov,0,no article
fighter,Lolohea Mahe,16,Lolohea Mahe
fighter,Lom-Ali Eskiev,0,no article
fighter,Lom-Ali Nalgiev,0,no article
fighter,Loma Lookboonmee,16,Loma Lookboonmee
fighter,Lommanee Sor. Tehiran,0,no article
fighter,Lone'er Kavanagh,0,Lone'er Kavanagh
fighter,Long Sophy,0,no article
fighter,Loopy Godinez,20,Loopy Godinez
fighter,Loopy Godínez,0,no article
fighter,Lorawnt-T Nelson,0,no article
fighter,Lorena Cubero,0,no article
fighter,Lorenz Larkin,37,Lorenz Larkin
fighter,Lorenzo Borgomeo,0,no article
fighter,Lorenzo De Nigris,0,no article
fighter,Lorenzo Figueroa,0,no article
fighter,Lorenzo Hood,0,no article
fighter,Lorenzo Parente,0,no article
fighter,Lori Jesekel,0,no article
fighter,Lorrany Santos,0,no article
fighter,Losene Keita,19,Losene Keita
fighter,Losene Keita (ic),0,no article
fighter,Louie Grover,0,no article
fighter,Louie Sutherland,0,no article
fighter,Louis Bricusse,0,no article
fighter,Louis Cosce,0,no article
fighter,Louis Gaudinot,16,Louis Gaudinot
fighter,Louis Glismann,0,no article
fighter,Louis Jourdain,0,no article
fighter,Louis Lee Scott,0,no article
fighter,Louis Smolka,26,Louis Smolka
fighter,Louis Sutherland,0,no article
fighter,Louis Taylor,23,Louis Taylor
fighter,Loveth Young,0,no article
fighter,Lovethpatra Young,0,no article
fighter,Lowen Tynanes,0,no article
fighter,Lu Kai,0,no article
fighter,Luan Chagas,19,Luan Chagas
fighter,Luan Duarte,0,no article
fighter,Luan Lacerda,0,no article
fighter,Luan Luiz Lacerda,0,no article
fighter,Luan Matheus,0,no article
fighter,Luan Pedroso,0,no article
fighter,Luan Sardinha,0,no article
fighter,Luana Carolina,15,Luana Carolina
fighter,Luana Pinheiro,16,Luana Pinheiro
fighter,Luana Santos,13,Luana Santos
fighter,Luann Sardinha,0,no article
fighter,Luc Bondole,0,no article
fighter,Luca Borando,0,no article
fighter,Luca Cecchetti,0,no article
fighter,Luca D'Isanto,0,no article
fighter,Luca Finocchio,0,no article
fighter,Luca Iovine,0,no article
fighter,Luca Lombardo,0,no article
fighter,Luca Luncașu,0,no article
fighter,Luca Mameli,0,no article
fighter,Luca Mele,0,no article
fighter,Luca Novello,0,no article
fighter,Luca Poclit,0,no article
fighter,Luca Tarabori,0,no article
fighter,Luca Vitali,0,no article
fighter,Lucas Alexander,0,no article
fighter,Lucas Almeida,0,no article
fighter,Lucas Almeida Barreto,0,no article
fighter,Lucas Alsina,0,no article
fighter,Lucas Barros,0,no article
fighter,Lucas Barros Oliveira,0,no article
fighter,Lucas Batista,0,no article
fighter,Lucas Borges,0,no article
fighter,Lucas Brennan,14,Lucas Brennan
fighter,Lucas Caio,0,no article
fighter,Lucas Caldas,0,no article
fighter,Lucas Camacho,0,no article
fighter,Lucas Clay,0,no article
fighter,Lucas Escobar,0,no article
fighter,Lucas Faria,0,no article
fighter,Lucas Farias,0,no article
fighter,Lucas Fernando,0,no article
fighter,Lucas Fernando (c),0,no article
fighter,Lucas Gabriel,0,no article
fighter,Lucas Gamaza,0,no article
fighter,Lucas Gouveia,0,no article
fighter,Lucas Lopes,49,Lucas Lopes
fighter,Lucas Macedo Silva,0,no article
fighter,Lucas Martino,0,no article
fighter,Lucas Martins,29,Lucas Martins
fighter,Lucas Matheus Tenorio,0,no article
fighter,Lucas Miletich,0,no article
fighter,Lucas Montoya,0,no article
fighter,Lucas Nascimento Almeida,0,no article
fighter,Lucas Norat,0,no article
fighter,Lucas Pimenta,0,no article
fighter,Lucas Pinheiro,0,no article
fighter,Lucas Rocha,0,no article
fighter,Lucas Rodrigues,0,no article
fighter,Lucas Rodrigues Melo,0,no article
fighter,Lucas Rota,0,no article
fighter,Lucas Seibert,0,no article
fighter,Lucas Silva,0,no article
fighter,Lucas Silva Cruz,0,no article
fighter,Lucas Sousa,0,no article
fighter,Lucas Sousa Andrade,0,no article
fighter,Lucas Stark,0,no article
fighter,Lucas Triverio Camacho,0,no article
fighter,Lucas Valente,0,no article
fighter,Lucia Krajčovič,0,no article
fighter,Lucia Szabová,10,Lucia Szabová
fighter,Lucia Szabová (c),0,no article
fighter,Lucian Dragomir,0,no article
fighter,Lucian Mocănașu,0,no article
fighter,Luciano Azevedo,0,no article
fighter,Luciano Cristovam,0,no article
fighter,Luciano Palhano,0,no article
fighter,Luciano Pereira,0,no article
fighter,Luciano Ramos,0,no article
fighter,Luciano dos Santos,0,no article
fighter,Lucie Bertaud,7,Lucie Bertaud
fighter,Lucie Pudilová,30,Lucie Pudilová
fighter,Lucio Linhares,0,no article
fighter,Lucrezia Ria,0,no article
fighter,Luigi Fioravanti,41,Luigi Fioravanti
fighter,Luigi Vendramini,16,Luigi Vendramini
fighter,Luis Aguirre,0,no article
fighter,Luis Balderas,0,no article
fighter,Luis Cabrera,0,no article
fighter,Luis Cane,25,Luiz Cané
fighter,Luis Carlos Bañuelos,0,no article
fighter,Luis Carlos Dietrich,0,no article
fighter,Luis Cervantes,0,no article
fighter,Luis Duván Rincón,0,no article
fighter,Luis Elías,0,no article
fighter,Luis Erives,0,no article
fighter,Luis Escudero,0,no article
fighter,Luis Felipe Dias,0,no article
fighter,Luis Felipe de Oliveira,0,no article
fighter,Luis Fernando Medina,0,no article
fighter,Luis Francischinelli,0,no article
fighter,Luis García,0,no article
fighter,Luis Gerardo Aguillón,0,no article
fighter,Luis Gomez,0,no article
fighter,Luis Gonzales,0,no article
fighter,Luis González,0,no article
fighter,Luis Guerrero,0,no article
fighter,Luis Gurule,0,no article
fighter,Luis Guzmán,0,no article
fighter,Luis Henrique,29,Luis Henrique (fighter)
fighter,Luis Henrique da Silva,0,no article
fighter,Luis Hernandez,0,no article
fighter,Luis Hernández,0,no article
fighter,Luis Huete,0,no article
fighter,Luis Huitrón,0,no article
fighter,Luis Iniguez,0,no article
fighter,Luis Iván Rodríguez,0,no article
fighter,Luis Iván Rodríguez (c),0,no article
fighter,Luis Jauregui,0,no article
fighter,Luis Kenneth Schwenke,0,no article
fighter,Luis Luna,0,no article
fighter,Luis Martínez,0,no article
fighter,Luis Medrano,0,no article
fighter,Luis Mendoza,0,no article
fighter,Luis Meraz,0,no article
fighter,Luis Meráz,0,no article
fighter,Luis Márquez,0,no article
fighter,Luis Nogueira,35,Luis Nogueira
fighter,Luis Ortíz,0,no article
fighter,Luis Pajuelo,0,no article
fighter,Luis Palomino,56,Luis Palomino
fighter,Luis Peña,23,Luis Peña (fighter)
fighter,Luis Piñango,0,no article
fighter,Luis Pérez,0,no article
fighter,Luis Quintana,0,no article
fighter,Luis Rafael Laurentino,0,no article
fighter,Luis Ramirez,0,no article
fighter,Luis Ramos,32,Luis Ramos (fighter)
fighter,Luis Rey Gallegos,0,no article
fighter,Luis Rodríguez,0,no article
fighter,Luis Saldaña,26,Luis Saldaña
fighter,Luis Santos,79,Luís Santos (fighter)
fighter,Luis Schwenke,0,no article
fighter,Luis Solorzano,0,no article
fighter,Luis Suazo,0,no article
fighter,Luis Unzueta,0,no article
fighter,Luis Vallejo,0,no article
fighter,Luis Vargas,0,no article
fighter,Luis Vega,0,no article
fighter,Luis Zaragoza,0,no article
fighter,Luisa Fernanda Cifuentes,0,no article
fighter,Luiz Andrade I,0,no article
fighter,Luiz Azeredo,25,Luiz Azeredo
fighter,Luiz Cane,0,same article as another: Luiz Cané
fighter,Luiz Cané,0,same article as another: Luiz Cané
fighter,Luiz Dutra Jr.,0,no article
fighter,Luiz Eduardo Garagorri,19,Luiz Eduardo Garagorri
fighter,Luiz Felipe Herculano,0,no article
fighter,Luiz Firmino,30,Luiz Firmino
fighter,Luiz Gustavo,0,no article
fighter,Luiz Henrique Pacífico,0,no article
fighter,Luiz Henrique Tosta,0,no article
fighter,Luiz Rocha,0,no article
fighter,Luka Jelcic,0,no article
fighter,Luka Milidragović,0,no article
fighter,Luka Vrtačić,0,no article
fighter,Lukas Cruz,0,no article
fighter,Lukasz Klinger,0,no article
fighter,Lukasz Les,0,no article
fighter,Luke Barnatt,28,Luke Barnatt
fighter,Luke Caudillo,34,Luke Caudillo
fighter,Luke Cummo,12,Luke Cummo
fighter,Luke Faultersack,0,no article
fighter,Luke Fernandez,0,no article
fighter,Luke Gwaltney,0,no article
fighter,Luke Harris,0,no article
fighter,Luke Hartwig,0,no article
fighter,Luke Jumeau,18,Luke Jumeau
fighter,Luke Lessei,0,no article
fighter,Luke Ord,0,no article
fighter,Luke Riddering,0,no article
fighter,Luke Riley,0,no article
fighter,Luke Roberts,0,no article
fighter,Luke Rockhold,24,Luke Rockhold
fighter,Luke Rockhold (c),0,no article
fighter,Luke Sanders,18,Luke Sanders
fighter,Luke Shanks,0,no article
fighter,Luke Stewart,9,Luke Stewart (fighter)
fighter,Luke Trainer,0,no article
fighter,Luke Westwood,0,no article
fighter,Luke Zachrich,18,Luke Zachrich
fighter,Lukáš Chotěnovský,0,no article
fighter,Lukáš Eliáš,0,no article
fighter,Lukáš Závičák,0,no article
fighter,Lumumba Sayers,0,no article
fighter,Lun Qiu,0,no article
fighter,Lupita Godinez,0,same article as another: Loopy Godinez
fighter,Luthando Biko,0,no article
fighter,Luther Egerson,0,no article
fighter,Luís Aguiar,0,no article
fighter,Luís Martínez,0,no article
fighter,Lydell Poag,0,no article
fighter,Lyle Beerbohm,28,Lyle Beerbohm
fighter,Lyman Good,28,Lyman Good
fighter,Lyman Good (c),0,no article
fighter,Lyndon Knowles,0,no article
fighter,Lynn Alvarez,11,Lynn Alvarez
fighter,Lyoto Machida,37,Lyoto Machida
fighter,Lyoto Machida (c),0,no article
fighter,Lászlò Szögyényi,0,no article
fighter,László Forró,0,no article
fighter,Lázaro Dayron,0,no article
fighter,Lídia Helena,0,no article
fighter,Lívia Renata Souza,18,Lívia Renata Souza
fighter,Lívio Ribeiro,0,no article
fighter,"M, A, Yah II",0,no article
fighter,M. Nandin-Erdene,0,no article
fighter,Ma Hao Bin,0,no article
fighter,Ma Jia Wen,0,no article
fighter,Ma Xing Yu,0,no article
fighter,Mabelly Lima,0,no article
fighter,Mac Danzig,44,Mac Danzig
fighter,Macarena Aragon,0,no article
fighter,Maciej Gierszewski,0,no article
fighter,Maciej Jewtuszko,18,Maciej Jewtuszko
fighter,Maciej Kazieczko,0,no article
fighter,Maciej Różański,0,no article
fighter,Maciej Sosnowski,0,no article
fighter,Mackens Semerzier,13,Mackens Semerzier
fighter,Mackenzie Dern,22,Mackenzie Dern
fighter,Mackenzie Dern (c),0,no article
fighter,Mackenzie Stiller,0,no article
fighter,Macksom Lee,0,no article
fighter,Mackson Lee,0,no article
fighter,Macy Chiasson,18,Macy Chiasson
fighter,Madaline Meacham,0,no article
fighter,Madars Fleminas,0,no article
fighter,Madoka Ebihara,0,no article
fighter,Madoka Ishibashi,0,no article
fighter,Mads Burnell,28,Mads Burnell
fighter,Mafalda Carmona,0,no article
fighter,Magdaléna Šormová,0,no article
fighter,Magdy Tariq,0,no article
fighter,Maged Hammo,0,no article
fighter,Maggie Grindatti,0,no article
fighter,Magno Almeida,0,no article
fighter,Magno Dias,0,no article
fighter,Magnus Cedenblad,21,Magnus Cedenblad
fighter,Magnus Conrado,0,no article
fighter,Magnus Kelly Conrado,0,no article
fighter,Magnus Onyeka Iversen,0,no article
fighter,Magomed Abdulkadirov,0,no article
fighter,Magomed Akaev,0,no article
fighter,Magomed Al-Abdullah,0,no article
fighter,Magomed Aliev,0,no article
fighter,Magomed Ankalaev,25,Magomed Ankalaev
fighter,Magomed Ankalaev (c),0,no article
fighter,Magomed Bayduev,0,no article
fighter,Magomed Bibulatov,25,Magomed Bibulatov
fighter,Magomed Gadzhimuradov,0,no article
fighter,Magomed Gadzhiyasulov,0,no article
fighter,Magomed Gapizov,0,no article
fighter,Magomed Idrisov,0,no article
fighter,Magomed Kabardiev,0,no article
fighter,Magomed Kurbanov,0,no article
fighter,Magomed Magomedkerimov,41,Magomed Magomedkerimov
fighter,Magomed Magomedov,28,Magomed Magomedov (fighter)
fighter,Magomed Mustafaev,17,Magomed Mustafaev
fighter,Magomed Mutaev,0,no article
fighter,Magomed Nazurov,0,no article
fighter,Magomed Saadulaev,0,no article
fighter,Magomed Saidov,0,no article
fighter,Magomed Sardalov,0,no article
fighter,Magomed Shaikhov,0,no article
fighter,Magomed Suleymanov,0,no article
fighter,Magomed Sultanakhmedov,0,no article
fighter,Magomed Sulumov,0,no article
fighter,Magomed Tuchalov,0,no article
fighter,Magomed Umalatov,19,Magomed Umalatov
fighter,Magomed Zakriev,0,no article
fighter,Magomed Zaynukov,9,Magomed Zaynukov
fighter,Magomed-Amin Pirbudakov,0,no article
fighter,Magomedrasul Gadzhiev,0,no article
fighter,Magomedrasul Gasanov (c),0,no article
fighter,Magomedrasul Khasbulaev,42,Magomedrasul Khasbulaev
fighter,Magomedsultan Magomedsultanov,0,no article
fighter,Magomedtagir Mirzalabandov,0,no article
fighter,Maguy Berchel,0,no article
fighter,Mahamed Aly,0,no article
fighter,Maharbek Karginov,0,no article
fighter,Mahatma García,0,no article
fighter,Maheshate Hayisaer,0,no article
fighter,Mahio Campanella,0,no article
fighter,Mahmoud Abdel Raouf,0,no article
fighter,Mahmoud Amr,0,no article
fighter,Mahmoud Atef,0,no article
fighter,Mahmoud Fawzy,9,Mahmoud Fawzy
fighter,Mahmoud Hassan,0,no article
fighter,Mahmoud Mohamed,0,no article
fighter,Mahmoud Salama,0,no article
fighter,Maia Buzaș,0,no article
fighter,Maia Stevenson,0,no article
fighter,Maiara Amanajas dos Santos,0,no article
fighter,Maicon Douglas,0,no article
fighter,Maicon Kobayashi,0,no article
fighter,Maicon Patrício de Jesus,0,no article
fighter,Maiju Kujala,0,no article
fighter,Maikel Pérez,0,no article
fighter,Maikel Pérez (c),0,no article
fighter,Mailton Azavedo,0,no article
fighter,Mailton Azevedo,0,no article
fighter,Maimaitituoheti Keremuaili,0,no article
fighter,Maiquel Falcao,61,Maiquel Falcão
fighter,Maiquel Falcão,0,same article as another: Maiquel Falcão
fighter,Mairbek Taisumov,33,Mairbek Taisumov
fighter,Mairon Santos,0,no article
fighter,Maiwand Hamras,0,no article
fighter,Maja Drnovšek,0,no article
fighter,Majid Sedigh Moridani,0,no article
fighter,Major Overall,0,no article
fighter,Mak Kelleher,0,no article
fighter,Maka Watson,0,no article
fighter,Makhach Solimanov,0,no article
fighter,Makharbek Karginov,0,no article
fighter,Makhmud Muradov,40,Makhmud Muradov
fighter,Maki Pitolo,29,Maki Pitolo
fighter,Makkasharip Zaynukov,0,no article
fighter,Makoa Cooper,0,no article
fighter,Makoto Ehara,0,no article
fighter,Makoto Sumazaki,0,no article
fighter,Makoto Takahashi,30,Makoto Takahashi (fighter)
fighter,Makoto Takimoto,11,Makoto Takimoto
fighter,Maksym Tkachuk,0,no article
fighter,Maksymilian Kowalski,0,no article
fighter,Makwan Amirkhani,31,Makwan Amirkhani
fighter,Malaipet,7,Malaipet Sasiprapa
fighter,Malaipet Sasiprapa,0,same article as another: Malaipet Sasiprapa
fighter,Malcolm Gordon,22,Malcolm Gordon (fighter)
fighter,Malcolm Hill,0,no article
fighter,Malcolm Wellmaker,0,no article
fighter,Malena Garcia,0,no article
fighter,Malichi Edwards,0,no article
fighter,Malick Badiane,0,no article
fighter,Malik Basahel,0,no article
fighter,Malik Lewis,0,no article
fighter,Malik Merad,0,no article
fighter,Malik Thompson,0,no article
fighter,Malin Hermansson,0,no article
fighter,Mallory Martin,17,Mallory Martin
fighter,Mallory Martin (c),0,no article
fighter,Mamadou Kamara,0,no article
fighter,Mamadou Lamine Sene,0,no article
fighter,Mamadou Lamine Sène,0,no article
fighter,Mamed Khalidov,49,Mamed Khalidov
fighter,Mamiko Mizoguchi,0,no article
fighter,Mamoru Yamaguchi,49,Mamoru Yamaguchi
fighter,Mamurjon Khamidov,0,no article
fighter,Mana Martinez,0,no article
fighter,Manabu Chujo,0,no article
fighter,Manabu Inoue,0,no article
fighter,Manaka Shimizu,0,no article
fighter,Manas Imarov,0,no article
fighter,Manas Temirbekov,0,no article
fighter,Manatua Lemaire,0,no article
fighter,Mandel Nallo,0,no article
fighter,Mando Gutierrez,0,no article
fighter,Mandy Böhm,0,no article
fighter,Mandy Polk,0,no article
fighter,Manel Kape,30,Manel Kape
fighter,Manny Bermudez,17,Manny Bermudez
fighter,Manny Gamburyan,29,Manny Gamburyan
fighter,Manny Lara,0,no article
fighter,Manny Lozoya,0,no article
fighter,Manny Meraz,0,no article
fighter,Manny Muro,0,no article
fighter,Manny Tapia,17,Manny Tapia
fighter,Manny Vazquez,0,no article
fighter,Manny Villareal,0,no article
fighter,Manny Villarreal,0,no article
fighter,Manoel Silva,0,no article
fighter,Manoel Sousa,0,no article
fighter,Manolis Kallistis,0,no article
fighter,Manolo Zecchini,0,no article
fighter,Manon Fiorot,22,Manon Fiorot
fighter,Mansour Barnaoui,29,Mansour Barnaoui
fighter,Mansur Abdul-Malik,0,no article
fighter,Mansur Dzhamburaev,0,no article
fighter,Mansur Khatuev,0,no article
fighter,Mansur Malachiev,0,no article
fighter,Mantas Kondratavičius,0,no article
fighter,Manuel Amor Sánchez,0,no article
fighter,Manuel Corral,0,no article
fighter,Manuel Del Valle,0,no article
fighter,Manuel Exposito,0,no article
fighter,Manuel Expósito,0,no article
fighter,Manuel Garcia,0,no article
fighter,Manuel Lancioli,0,no article
fighter,Manuel Medina,0,no article
fighter,Manuel Mena,0,no article
fighter,Manuel Otero,0,no article
fighter,Manuel Ramos Gallareta,0,no article
fighter,Manuel Reyna,0,no article
fighter,Manuel Ribamar,0,no article
fighter,Manuel Robson Minoto,0,no article
fighter,Manuel Rodriguez,0,no article
fighter,Manuel Romero,0,no article
fighter,Manuel Tapía,0,no article
fighter,Manuel Torres,21,Manuel Torres (fighter)
fighter,Manuel del Valle,0,no article
fighter,Manuela Marconetto,0,no article
fighter,Manvel Gamburyan,0,same article as another: Manny Gamburyan
fighter,Mao Sakai,0,no article
fighter,Mao Ueda,0,no article
fighter,Maor Kazalkopy,0,no article
fighter,MarQuel Mederos,0,no article
fighter,Mara Romero Borella,23,Mara Romero Borella
fighter,Maraoune Bellagouit,0,no article
fighter,Marat Balaev,0,no article
fighter,Marat Gafurov,24,Marat Gafurov
fighter,Marat Gafurov (c),0,no article
fighter,Marat Gafurov (ic),0,no article
fighter,Marat Grigorian,0,no article
fighter,Marat Magomedov,0,no article
fighter,Maraya Miller,0,no article
fighter,Marc Cofer,0,no article
fighter,Marc Diakiese,27,Marc Diakiese
fighter,Marc Doussis,0,no article
fighter,Marc Jhingran,0,no article
fighter,Marc Marcellinus,0,no article
fighter,Marc Stevens,0,no article
fighter,Marc-André Barriault,29,Marc-André Barriault
fighter,Marc-Ari Lewis,0,no article
fighter,Marc-Philippe Ngatchou,0,no article
fighter,Marcel Adur,0,no article
fighter,Marcel Caraion,0,no article
fighter,Marcel Fortuna,14,Marcel Fortuna
fighter,Marcel Grabinski,0,no article
fighter,Marcel Mohamed Grabinski,0,no article
fighter,Marcel Máša,0,no article
fighter,Marcel Stamps,0,no article
fighter,Marcelis Edwards,0,no article
fighter,Marcello Morelli,0,no article
fighter,Marcelo Alfaya,0,no article
fighter,Marcelo Brito,0,no article
fighter,Marcelo Garcia,0,no article
fighter,Marcelo Golm,16,Marcelo Golm
fighter,Marcelo Goncalves,0,no article
fighter,Marcelo Guimarães,12,Marcelo Guimarães
fighter,Marcelo Marques,0,no article
fighter,Marcelo Morelli,0,no article
fighter,Marcelo Morrelli,0,no article
fighter,Marcelo Nunes,0,no article
fighter,Marcelo Rojo,0,no article
fighter,Marcelo Waigandt,0,no article
fighter,Marciano Ferreira,0,no article
fighter,Marciea Allen,0,no article
fighter,Marcin Bandel,34,Marcin Bandel
fighter,Marcin Held,42,Marcin Held
fighter,Marcin Krakowiak,0,no article
fighter,Marcin Prachnio,27,Marcin Prachnio
fighter,Marcin Prostko,0,no article
fighter,Marcin Różalski,0,no article
fighter,Marcin Tybura,39,Marcin Tybura
fighter,Marcin Wójcik,34,Marcin Wójcik
fighter,Marcin Zywica,0,no article
fighter,Marcio Augusto Cabral,0,no article
fighter,Marcio Cabral,0,no article
fighter,Marcio Cesar,0,no article
fighter,Marcio Cruz,11,Márcio Cruz
fighter,Marcio Navarro,28,Marcio Navarro
fighter,Marcirley Alves,21,Marcirley Alves
fighter,Marco Antonio Elpidio,0,no article
fighter,Marco Beltrán,30,Marco Beltrán
fighter,Marco Beltrán (c),0,no article
fighter,Marco Bonilla,0,no article
fighter,Marco Doda,0,no article
fighter,Marco González,0,no article
fighter,Marco Hutch,0,no article
fighter,Marco Hutchison,0,no article
fighter,Marco Novák,0,no article
fighter,Marco Pardo,0,no article
fighter,Marco Sanchez,0,no article
fighter,Marco Simmons,0,no article
fighter,Marco Soto,0,no article
fighter,Marco Tulio,0,no article
fighter,Marco Tulio Silva,0,no article
fighter,Marco Vázquez,0,no article
fighter,Marcos Aurélio,0,no article
fighter,Marcos Berinstaín,0,no article
fighter,Marcos Beristaín,0,no article
fighter,Marcos Bernstain,0,no article
fighter,Marcos Bonilla,0,no article
fighter,Marcos Breno,0,no article
fighter,Marcos Brigagão,0,no article
fighter,Marcos Bruno,0,no article
fighter,Marcos Conrado,0,no article
fighter,Marcos Covarrubias,0,no article
fighter,Marcos Degli,0,no article
fighter,Marcos Degli (ic),0,no article
fighter,Marcos Escobar,0,no article
fighter,Marcos Galvao,31,Marcos Galvão
fighter,Marcos Galvão,0,same article as another: Marcos Galvão
fighter,Marcos Galvão (c),0,no article
fighter,Marcos Lopez,0,no article
fighter,Marcos Marquez,0,no article
fighter,Marcos Mendes,0,no article
fighter,Marcos Rezende,0,no article
fighter,Marcos Rodrigues,0,no article
fighter,Marcos Rodríguez,0,no article
fighter,Marcos Rogerio de Lima,37,Marcos Rogério de Lima
fighter,Marcos Rogério de Lima,0,same article as another: Marcos Rogério de Lima
fighter,Marcos Rosa Mariano,0,no article
fighter,Marcos Santana,0,no article
fighter,Marcos Santana dos Santos,0,no article
fighter,Marcos Silva,0,no article
fighter,Marcos Vinicius,36,Marcos Vinicius (fighter)
fighter,Marcos Zinhani,0,no article
fighter,Marcos da Matta,0,no article
fighter,Marcus Almeida,9,Marcus Buchecha
fighter,Marcus Andrusia,0,no article
fighter,Marcus Anthony,0,no article
fighter,Marcus Aurelio,32,Marcus Aurélio
fighter,Marcus Aurélio,0,same article as another: Marcus Aurélio
fighter,Marcus Brimage,17,Marcus Brimage
fighter,Marcus Buchecha,0,same article as another: Marcus Buchecha
fighter,Marcus Davis,35,Marcus Davis
fighter,Marcus Edwards,0,no article
fighter,Marcus Gamble,0,no article
fighter,Marcus Hicks,15,Marcus Hicks
fighter,Marcus Kowal,0,no article
fighter,Marcus LeVesseur,29,Marcus LeVesseur
fighter,Marcus McGhee,18,Marcus McGhee
fighter,Marcus Nash,0,no article
fighter,Marcus Sims,0,no article
fighter,Marcus Surin,0,no article
fighter,Marcus Sursa,0,no article
fighter,Marcus Vanttinen,0,no article
fighter,Marcus Vinicius Ferreira,0,no article
fighter,Marek Bartl,0,no article
fighter,Marek Bujło,8,Marek Bujło
fighter,Marek Jakimowicz,0,no article
fighter,Marek Mazúch,0,no article
fighter,Marek Samociuk,15,Marek Samociuk
fighter,Margarita de la Cruz,0,no article
fighter,Mari Kaneko,19,Mari Kaneko
fighter,Maria Casanova,0,no article
fighter,Maria Clara Andrade,0,no article
fighter,Maria Henderson,0,no article
fighter,Maria Luiza de Abreu,0,no article
fighter,Maria Oliveira,0,no article
fighter,Maria Rios,0,no article
fighter,Maria Santana,0,no article
fighter,Maria Silva,0,no article
fighter,Maria Vaz,0,no article
fighter,Maria de Oliveira Neta,0,no article
fighter,Mariam Torchinava,0,no article
fighter,Marian Bontoș,0,no article
fighter,Marian Constantin,0,no article
fighter,Marian Iordan,0,no article
fighter,Marian Lăpușneanu,0,no article
fighter,Marian Olaru,0,no article
fighter,Marian Rusu,0,no article
fighter,Marian Ziółkowski,0,no article
fighter,Mariana Morais,30,Mariana Morais
fighter,Mariana Picco,0,no article
fighter,Mariana Piccolo,0,no article
fighter,Mariana Poltronieri Piccolo,0,no article
fighter,Mariana Ruíz Avila,0,no article
fighter,Marianna Kheyfets,0,no article
fighter,Marie Loiseau,0,no article
fighter,Marie McManamon,0,no article
fighter,Marie Ruumet,0,no article
fighter,Mariia Molchanova,0,no article
fighter,Marilia Morais,0,no article
fighter,Marilia Santos,0,no article
fighter,Marin Vertlia,0,no article
fighter,Marin Vetrila,0,no article
fighter,Marina Kumagai,0,no article
fighter,Marina Merchuk,0,no article
fighter,Marina Mokhnatkina,15,Marina Mokhnatkina
fighter,Marina Monteiro,0,no article
fighter,Marina Rodriguez,25,Marina Rodriguez
fighter,Marina Spasić,0,no article
fighter,Marinică Bejenaru,0,no article
fighter,Marino Eatman,0,no article
fighter,Mario Bautista,21,Mario Bautista
fighter,Mario Israel,0,no article
fighter,Mario Martínez,0,no article
fighter,Mario Mingaj,0,no article
fighter,Mario Miranda,0,no article
fighter,Mario Muñoz,0,no article
fighter,Mario Navarro,0,no article
fighter,Mario Nelson,0,no article
fighter,Mario Neto,0,no article
fighter,Mario Piazzon,0,no article
fighter,Mario Pinto,13,Mario Pinto
fighter,Mario Rinaldi,0,no article
fighter,Mario Rivera,0,no article
fighter,Mario Satya Wirawan,0,no article
fighter,Mario Sismundo,0,no article
fighter,Mario Soto,0,no article
fighter,Mario Sousa,0,no article
fighter,Mario Sperry,17,Mário Sperry
fighter,Mario Tena,0,no article
fighter,Marion Reneau,18,Marion Reneau
fighter,Maristela Alves,0,no article
fighter,Maritza Sanchez,0,no article
fighter,Marius Cantoneru,0,no article
fighter,Marius Ciocârla,0,no article
fighter,Marius Ciocârlă,0,no article
fighter,Marius Enache,0,no article
fighter,Marius Munteanu,0,no article
fighter,Marius Panin,0,no article
fighter,Marius Pîslariu,0,no article
fighter,Marius Tiţă,0,no article
fighter,Marius Zaromskis,35,Marius Žaromskis
fighter,Marius Žaromskis,0,same article as another: Marius Žaromskis
fighter,Marius Șalaru,0,no article
fighter,Mariusz Joniak,0,no article
fighter,Mariusz Książkiewicz,14,Mariusz Książkiewicz
fighter,Mariusz Mikołajewski,0,no article
fighter,Mariusz Pudzianowski,28,Mariusz Pudzianowski
fighter,Mariya Agapova,16,Mariya Agapova
fighter,Mark Abelardo,0,no article
fighter,Mark Anderson,0,no article
fighter,Mark Antonelli,0,no article
fighter,Mark Bocek,17,Mark Bocek
fighter,Mark Cherico,0,no article
fighter,Mark Choinski,0,no article
fighter,Mark Climaco,0,no article
fighter,Mark Coates,0,no article
fighter,Mark Coleman,26,Mark Coleman
fighter,Mark Currier,0,no article
fighter,Mark De La Rosa,16,Mark De La Rosa
fighter,Mark Dickman,0,no article
fighter,Mark Drummond,0,no article
fighter,Mark Eddiva,9,Mark Eddiva
fighter,Mark Ewen,0,no article
fighter,Mark Gardner,0,no article
fighter,Mark Getto,0,no article
fighter,Mark Godbeer,25,Mark Godbeer
fighter,Mark Griffin,0,no article
fighter,Mark Holata,17,Mark Holata
fighter,Mark Holst,0,no article
fighter,Mark Hominick,32,Mark Hominick
fighter,Mark Hulme,0,no article
fighter,Mark Hunt,29,Mark Hunt
fighter,Mark Johnson,0,no article
fighter,Mark Kempthorne,0,no article
fighter,Mark Kurano,0,no article
fighter,Mark Lemminger,0,no article
fighter,Mark Madsen,14,Mark Madsen (fighter)
fighter,Mark Martin,0,no article
fighter,Mark Muñoz,20,Mark Muñoz
fighter,Mark Oshiro,0,no article
fighter,Mark Platts,0,no article
fighter,Mark Scanlon,0,no article
fighter,Mark Stoddard,0,no article
fighter,Mark Striegl,24,Mark Striegl
fighter,Mark Vologdin,0,no article
fighter,Mark Vorgeas,0,no article
fighter,Mark Weir,40,Mark Weir
fighter,Mark Wiggins,0,no article
fighter,Markhaile Wedderburn,0,no article
fighter,Markhalle Wedderburn,0,no article
fighter,Marko Damiani,0,no article
fighter,Marko Kisic,0,no article
fighter,Marko Pecar,0,no article
fighter,Marko Sarasjärvi,0,no article
fighter,Markus Perez,27,Markus Perez
fighter,Markus Perez Echeimberg,0,same article as another: Markus Perez
fighter,Marlen Magee,0,no article
fighter,Marloes Coenen,31,Marloes Coenen
fighter,Marloes Coenen (c),0,no article
fighter,Marlon Basílio,0,no article
fighter,Marlon Mathias,0,no article
fighter,Marlon Matias,0,no article
fighter,Marlon Moraes,38,Marlon Moraes
fighter,Marlon Moraes (c),0,no article
fighter,Marlon Sandro,38,Marlon Sandro
fighter,Marlon Sims,0,no article
fighter,Marlon Vera,36,Marlon Vera
fighter,Marnic Mann,0,no article
fighter,Marouan Toutouh,0,no article
fighter,Marouane Bellagouit,0,no article
fighter,Marquel Mederos,0,no article
fighter,Marques Daniels,0,no article
fighter,Marquis Smith,0,no article
fighter,Marta Sós,0,no article
fighter,Marta Waliczek,0,no article
fighter,Marthin Hamlet,0,no article
fighter,Martin Batur,0,no article
fighter,Martin Boizik,0,no article
fighter,Martin Bravo,20,Martin Bravo
fighter,Martin Brown,0,no article
fighter,Martin Buday,20,Martin Buday
fighter,Martin Camilo,0,no article
fighter,Martin Chuděj,0,no article
fighter,Martin Day,15,Martin Day (fighter)
fighter,Martin González,0,no article
fighter,Martin Hudson,0,no article
fighter,Martin Kampmann,27,Martin Kampmann
fighter,Martin Kozák,0,no article
fighter,Martin Nguyen,23,Martin Nguyen
fighter,Martin Nguyen (FW/LW c),0,no article
fighter,Martin Sandoval,0,no article
fighter,Martin Sano,0,no article
fighter,Martin Sano Jr.,0,no article
fighter,Martin Stapleton,0,no article
fighter,Martin Svensson,0,no article
fighter,Martin Wojcik,0,no article
fighter,Martin Zawada,0,no article
fighter,Martina Jindrová,0,no article
fighter,Martine Michieletto,0,no article
fighter,Martun Mezhlumyan,0,no article
fighter,Martyna Domińczak,0,no article
fighter,Martyna Kierczyńska,0,no article
fighter,Martín Alvarado,0,no article
fighter,Martín Bravo,0,same article as another: Martin Bravo
fighter,Martín González,0,no article
fighter,Martín Pérez,0,no article
fighter,Martín Reyes,0,no article
fighter,Marvin Belecciu,0,no article
fighter,Marvin Campbell,0,no article
fighter,Marvin Eastman,34,Marvin Eastman
fighter,Marvin Garcia,0,no article
fighter,Marvin Maldonado,0,no article
fighter,Marvin Vettori,28,Marvin Vettori
fighter,Marwan Rahiki,0,no article
fighter,Marwen Houli,0,no article
fighter,Maryam Gaber,0,no article
fighter,Maryna Moroz,17,Maryna Moroz
fighter,María Guédez Jr.,0,no article
fighter,María José Favela,0,no article
fighter,Masaaki Noiri,0,no article
fighter,Masaaki Noiri (ic),0,no article
fighter,Masahiko Uechi,0,no article
fighter,Masahiro Matsuoka,0,no article
fighter,Masahiro Toryu,0,no article
fighter,Masahiro Yamagishi,0,no article
fighter,Masakatsu Funaki,54,Masakatsu Funaki
fighter,Masakatsu Ueda,34,Masakatsu Ueda
fighter,Masakazu Imanari,64,Masakazu Imanari
fighter,Masakazu Kuramochi,18,Masakazu Kuramochi
fighter,Masaki Yanagisawa,0,no article
fighter,Masaki Yokoyama,0,no article
fighter,Masako Yoshida,0,no article
fighter,Masami Tsujiyama,0,no article
fighter,Masanori Kanehara,48,Masanori Kanehara
fighter,Masanori Narita,0,no article
fighter,Masanori Suda,36,Masanori Suda
fighter,Masanori Tonooka,0,no article
fighter,Masaski Yamaji,0,no article
fighter,Masato,0,no article
fighter,Masato Kobayashi,0,no article
fighter,Masato Nishiguchi,0,no article
fighter,Masaya Takita,0,no article
fighter,Masayoshi Ichikawa,0,no article
fighter,Masayuki Kikuiri,0,no article
fighter,Masayuki Kono,8,Masayuki Kono
fighter,Masio Fullen,0,no article
fighter,Maslis Tomer,0,no article
fighter,Mason Fowler,8,Mason Fowler
fighter,Mason Jones,22,Mason Jones (fighter)
fighter,Masumi Tozawa,0,no article
fighter,Masuto Kawana,0,no article
fighter,Mataeo Garner,0,no article
fighter,Matan Levi,0,no article
fighter,Mate Kertesz,0,no article
fighter,Mate Kola,0,no article
fighter,Mate Sanikidze,0,no article
fighter,Mate Sanikidze (c),0,no article
fighter,Mateo Gonzalez,0,no article
fighter,Mateo Vogel,0,no article
fighter,Mateus Brauns,0,no article
fighter,Mateus Mendonça,0,no article
fighter,Mateus Messaros,0,no article
fighter,Mateus Santos,0,no article
fighter,Mateus Soares,0,no article
fighter,Mateusz Balko,0,no article
fighter,Mateusz Duczmal,0,no article
fighter,Mateusz Figlak,0,no article
fighter,Mateusz Gamrot,32,Mateusz Gamrot
fighter,Mateusz Gola,0,no article
fighter,Mateusz Janur,0,no article
fighter,Mateusz Legierski,16,Mateusz Legierski
fighter,Mateusz Legierski (c),0,no article
fighter,Mateusz Makarowski,0,no article
fighter,Mateusz Pawlik,0,no article
fighter,Mateusz Piskorz,0,no article
fighter,Mateusz Rębecki,26,Mateusz Rębecki
fighter,Mateusz Strzelczyk,0,no article
fighter,Mateusz Wieczorek,0,no article
fighter,Matheus Camilo,0,no article
fighter,Matheus Felipe,0,no article
fighter,Matheus Fonseca,0,no article
fighter,Matheus Gabriel,0,no article
fighter,Matheus Malta,0,no article
fighter,Matheus Mattos,0,no article
fighter,Matheus Nicolau,28,Matheus Nicolau
fighter,Matheus Pereira,0,no article
fighter,Matheus Rocha,0,no article
fighter,Matheus Scheffel,0,no article
fighter,Matheus Severino,0,no article
fighter,Matheus da Silva,0,no article
fighter,Matheus da Silva Severino,0,no article
fighter,Mathias Poiron,0,no article
fighter,Mathias Prehofer,0,no article
fighter,Mathieu Charette,0,no article
fighter,Mathys Duragrin,0,no article
fighter,Matias Farinelli,0,no article
fighter,Matias Juarez,0,no article
fighter,Matias Nader,0,no article
fighter,Matiss Zaharovs,0,no article
fighter,Matouš Kohout,0,no article
fighter,Mats Nilsson,16,Mats Nilsson
fighter,Matt Adams,0,no article
fighter,Matt Aragoni,0,no article
fighter,Matt Arroyo,6,Matt Arroyo
fighter,Matt Baker,0,no article
fighter,Matt Bessette,36,Matt Bessette
fighter,Matt Brown,46,Matt Brown (fighter)
fighter,Matt Chapman,0,no article
fighter,Matt Church,0,no article
fighter,Matt Coble,0,no article
fighter,Matt Cooper,0,no article
fighter,Matt Delanoit,0,no article
fighter,Matt Denning,0,no article
fighter,Matt DesRoches,0,no article
fighter,Matt Dixon,0,no article
fighter,Matt Dwyer,20,Matt Dwyer
fighter,Matt Ewin,0,no article
fighter,Matt Foster,0,no article
fighter,Matt Frevola,18,Matt Frevola
fighter,Matt Grice,20,Matt Grice
fighter,Matt Hamill,21,Matt Hamill
fighter,Matt Helm,0,no article
fighter,Matt Hobar,12,Matt Hobar
fighter,Matt Horning,0,no article
fighter,Matt Horwich,56,Matt Horwich
fighter,Matt Hughes,54,Matt Hughes (fighter)
fighter,Matt Hughes (c),0,no article
fighter,Matt Hunt,0,no article
fighter,Matt Jaggers,0,no article
fighter,Matt Jelly,0,no article
fighter,Matt Johnson,0,no article
fighter,Matt Jones,0,no article
fighter,Matt Kovacs,0,no article
fighter,Matt Ladger,0,no article
fighter,Matt Lagler,0,no article
fighter,Matt Lee,0,no article
fighter,Matt Lindland,31,Matt Lindland
fighter,Matt Lozano,0,no article
fighter,Matt Lucas,0,no article
fighter,Matt MacGrath,0,no article
fighter,Matt Major,0,no article
fighter,Matt Makowski,0,no article
fighter,Matt Mazurek,0,no article
fighter,Matt McCook,0,no article
fighter,Matt Mitrione,25,Matt Mitrione
fighter,Matt Murphy,0,no article
fighter,Matt Nice,0,no article
fighter,Matt Paul,0,no article
fighter,Matt Pedro,0,no article
fighter,Matt Perez,0,no article
fighter,Matt Probin,0,no article
fighter,Matt Ramirez,0,no article
fighter,Matt Ricehouse,7,Matt Ricehouse
fighter,Matt Riddle,15,Matt Riddle
fighter,Matt Rizzo,0,no article
fighter,Matt Sayles,0,no article
fighter,Matt Schnell,31,Matt Schnell
fighter,Matt Secor,0,no article
fighter,Matt Serra,19,Matt Serra
fighter,Matt Serra (c),0,no article
fighter,Matt Skibicki,0,no article
fighter,Matt Thomas,0,no article
fighter,Matt Thompson,0,no article
fighter,Matt Turnbull,0,no article
fighter,Matt Uhde,0,no article
fighter,Matt Van Buren,15,Matt Van Buren
fighter,Matt Veach,22,Matt Veach
fighter,Matt Veal,0,no article
fighter,Matt Wagy,0,no article
fighter,Matt Wiman,25,Matt Wiman
fighter,Matteo Martignoni,0,no article
fighter,Matteo Taccini,0,no article
fighter,Matthew Adams,0,no article
fighter,Matthew Barro,0,no article
fighter,Matthew Bonner,0,no article
fighter,Matthew Byfield,0,no article
fighter,Matthew Camilleri,0,no article
fighter,Matthew Colquhoun,0,no article
fighter,Matthew Denning,0,no article
fighter,Matthew Elliott,0,no article
fighter,Matthew Friel,0,no article
fighter,Matthew Frincu,0,no article
fighter,Matthew Jordan,0,no article
fighter,Matthew Leonard,0,no article
fighter,Matthew Lopez,14,Matthew Lopez (fighter)
fighter,Matthew Lozano,0,no article
fighter,Matthew Marsh,0,no article
fighter,Matthew O'Rourke,0,no article
fighter,Matthew Paul,0,no article
fighter,Matthew Perez,0,no article
fighter,Matthew Perry,0,no article
fighter,Matthew Ramirez,0,no article
fighter,Matthew Riddle,0,same article as another: Matt Riddle
fighter,Matthew Semelsberger,19,Matthew Semelsberger
fighter,Matthieu Letho Duclos,0,no article
fighter,Mattia Faraoni,0,no article
fighter,Mattia Giordano,0,no article
fighter,Mattia Loi-Fonda,0,no article
fighter,Matusalém dos Santos,0,no article
fighter,Matyas Viszlay,0,no article
fighter,Matías Gauna,0,no article
fighter,Matías Vásquez,0,no article
fighter,Matúš Juráček,0,no article
fighter,Matěj Daněk,0,no article
fighter,Matěj Kuzník,0,no article
fighter,Matěj Peňáz,0,no article
fighter,Maurice Abévi,0,no article
fighter,Maurice Adorf,0,no article
fighter,Maurice Eazel,0,no article
fighter,Maurice Greene,23,Maurice Greene (fighter)
fighter,Maurice Jackson,0,no article
fighter,Maurice Mitchell,0,no article
fighter,Maurice Morris,0,no article
fighter,Maurice Salazar,0,no article
fighter,Maurice Salmon,0,no article
fighter,Maurice Smith,27,Maurice Smith (fighter)
fighter,Mauricio Alonso,0,no article
fighter,Mauricio Blanco,0,no article
fighter,Mauricio Díaz,0,no article
fighter,Mauricio Eguiluz,0,no article
fighter,Mauricio Nievas,0,no article
fighter,Mauricio Orozco,0,no article
fighter,Mauricio Partida,0,no article
fighter,Mauricio Queiroz,0,no article
fighter,Mauricio Rodriguez,0,no article
fighter,Mauricio Sosa,0,no article
fighter,Maurico Eguiluz,0,no article
fighter,Mauro Cerilli,0,no article
fighter,Mauro Chaulet,0,no article
fighter,Mauro Gutierrez,0,no article
fighter,Mauro Mastromarini,0,no article
fighter,Maurício Rua,42,Maurício Rua
fighter,Maurício Rua (c),0,no article
fighter,Maurício Ruffy,17,Maurício Ruffy
fighter,Mavlet Amiro,0,no article
fighter,Mavlud Tupiev,0,no article
fighter,Max Coga,0,no article
fighter,Max Fuentes,0,no article
fighter,Max Gimenis,0,no article
fighter,Max Griffin,33,Max Griffin
fighter,Max Handanagić,0,no article
fighter,Max Handanagič,0,no article
fighter,Max Holloway,37,Max Holloway
fighter,Max Holloway (c),0,no article
fighter,Max Holloway (ic),0,no article
fighter,Max Holzer,0,no article
fighter,Max Humphrey,0,no article
fighter,Max Martyniouk,0,no article
fighter,Max Metino,0,no article
fighter,Max Mustaki,0,no article
fighter,Max Rohskopf,0,no article
fighter,Max Rojas,0,no article
fighter,Maxim Grishin,49,Maxim Grishin
fighter,Maxim Konovalov,0,no article
fighter,Maxim Radu,0,no article
fighter,Maxim Răilean,0,no article
fighter,Maxime Bacon,0,no article
fighter,Maximo Blanco,22,Maximo Blanco
fighter,Maximus Lally,0,no article
fighter,Maxwell Djantou Nana,0,no article
fighter,May Ooi,0,no article
fighter,Maya Dobashi,0,no article
fighter,Maya Fukuda,0,no article
fighter,Mayana Kellem,0,no article
fighter,Mayara Thays,0,no article
fighter,Maycee Barber,17,Maycee Barber
fighter,Maycon Douglas Siqueira,0,no article
fighter,Maycon Kevin,0,no article
fighter,Maycon Mendonça,0,no article
fighter,Mayra Arce,0,no article
fighter,Mayra Bueno Silva,19,Mayra Bueno Silva
fighter,Mayra Cantuária,0,no article
fighter,Maysara Mohamed,0,no article
fighter,Mayssa Bastos,0,no article
fighter,Mayssa Bastos (c),0,no article
fighter,Mayton Perea,0,no article
fighter,Mayu Kawanishi,0,no article
fighter,Mayu Yamagishi,0,no article
fighter,Mayumi Aoki,0,no article
fighter,Maíra Mazar,0,no article
fighter,Małgorzata Popowicz,0,no article
fighter,Mbaye Gaye,0,no article
fighter,McCoy Tekautz,0,no article
fighter,McKenna Mitchell,0,no article
fighter,Meas Meu,0,no article
fighter,Mefi Monterroso,0,no article
fighter,Megan Anderson,16,Megan Anderson (fighter)
fighter,Megan Morris,0,no article
fighter,Megan Owen,0,no article
fighter,Megumi Fujii,29,Megumi Fujii
fighter,Megumi Sugimoto,0,no article
fighter,Megumi Yabushita,42,Megumi Yabushita
fighter,Mehdi Baghdad,23,Mehdi Baghdad
fighter,Mehdi Barghi,0,no article
fighter,Mehdi Baydulaev,0,no article
fighter,Mehdi Dakaev,0,no article
fighter,Mehdi Saadi,0,no article
fighter,Mehdi Zatout,0,no article
fighter,Mehemmedeli Osmanli,0,no article
fighter,Mehmet Can-Tasdoven,0,no article
fighter,Mehmet Yueksel,0,no article
fighter,Mei Yamaguchi,38,Mei Yamaguchi
fighter,Meijy Portela,0,no article
fighter,Meison Hide Usami,1,Meison Hide Usami
fighter,Mekhroch Mamadshoev,0,no article
fighter,Melanie Lacroix,0,no article
fighter,Melanie McIntyre,0,no article
fighter,Melany Gómez,0,no article
fighter,Melchor Manibusan,0,no article
fighter,Melinda Fábián,14,Melinda Fábián
fighter,Melissa Amaya,0,no article
fighter,Melissa Croden,0,no article
fighter,Melissa Gatto,14,Melissa Gatto
fighter,Melissa Martinez,0,no article
fighter,Melissa Mullins,0,no article
fighter,Melissa Oddessa,0,no article
fighter,Melissa Vasquez,0,no article
fighter,Melquizael Costa,34,Melquizael Costa
fighter,Melsik Baghdasaryan,12,Melsik Baghdasaryan
fighter,Melvin Blumer,0,no article
fighter,Melvin Guillard,70,Melvin Guillard
fighter,Melvin Jordan,0,no article
fighter,Melvin Jovel,0,no article
fighter,Melvin Manhoef,52,Melvin Manhoef
fighter,Melvin Mané,0,no article
fighter,Melvin Yeoh,10,Melvin Yeoh
fighter,Melvin van Suijdam,0,no article
fighter,Meng Bo,0,no article
fighter,Merab Dvalishvili,26,Merab Dvalishvili
fighter,Merab Dvalishvili (c),0,no article
fighter,Merritt Warren,0,no article
fighter,Mervan Gencer,0,no article
fighter,Mervin Miller,0,no article
fighter,Meyram Maquine,0,no article
fighter,Meyrbek Tulegenov,0,no article
fighter,Mhitar Barseghyan,0,no article
fighter,Mia Grawe,0,no article
fighter,Micael de Jesus,0,no article
fighter,Micah Brakefield,0,no article
fighter,Micah Haas,0,no article
fighter,Micah Miller,0,no article
fighter,Micah Peatrowsky,0,no article
fighter,Micah Terrill,0,no article
fighter,Micaias Ureña,0,no article
fighter,Michael Aljarouj,0,no article
fighter,Michael Aquila,0,no article
fighter,Michael Arrant,0,no article
fighter,Michael Asaro,0,no article
fighter,Michael Aswell,0,no article
fighter,Michael Aswell Jr.,0,no article
fighter,Michael Banks,0,no article
fighter,Michael Bisping,40,Michael Bisping
fighter,Michael Bisping (c),0,no article
fighter,Michael Blair,0,no article
fighter,Michael Blockhus,0,no article
fighter,Michael Boylan,0,no article
fighter,Michael Brightmon,0,no article
fighter,Michael Brightmon (c),0,no article
fighter,Michael Byrnes,0,no article
fighter,Michael Chandler,34,Michael Chandler
fighter,Michael Chandler (c),0,no article
fighter,Michael Chiesa,11,Michael Chiesa
fighter,Michael Cora,0,no article
fighter,Michael Costa,0,no article
fighter,Michael Cyr,0,no article
fighter,Michael Deiga-Scheck,0,no article
fighter,Michael Diaz,0,no article
fighter,Michael Dubois,0,no article
fighter,Michael Dufort,0,no article
fighter,Michael Fleniken,0,no article
fighter,Michael Garcia,0,no article
fighter,Michael Graves,17,Michael Graves (fighter)
fighter,Michael Hamida,0,no article
fighter,Michael Hay,0,no article
fighter,Michael Hernandez,0,no article
fighter,Michael Hill,0,no article
fighter,Michael Imperato,0,no article
fighter,Michael Irizarry Ortiz,0,no article
fighter,Michael Jasper,0,no article
fighter,Michael Johnson,46,Michael Johnson (fighter)
fighter,Michael Kimbel,0,no article
fighter,Michael Kuiper,22,Michael Kuiper
fighter,Michael Lawrence,0,no article
fighter,Michael Lombardo,0,no article
fighter,Michael Martinez,0,no article
fighter,Michael McBride,11,Michael McBride (fighter)
fighter,Michael McDonald,23,Michael McDonald (fighter)
fighter,Michael Morales,19,Michael Morales (fighter)
fighter,Michael Murphy,0,no article
fighter,Michael Nakagawa,0,no article
fighter,Michael Obodozie,0,no article
fighter,Michael Oliveira,0,no article
fighter,Michael Osborn,0,no article
fighter,Michael Pagani,0,no article
fighter,Michael Page,30,Michael Page
fighter,Michael Parker,0,no article
fighter,Michael Patt,0,no article
fighter,Michael Pino,0,no article
fighter,Michael Pratt,0,no article
fighter,Michael Quintero,0,no article
fighter,Michael Reyes,0,no article
fighter,Michael Roberts,0,no article
fighter,Michael Sa Jin Kwok,0,no article
fighter,Michael Santos,0,no article
fighter,Michael Shipman,0,no article
fighter,Michael Stack,0,no article
fighter,Michael Tchamou,0,no article
fighter,Michael Trizano,16,Michael Trizano
fighter,Michael Wilcox,0,no article
fighter,Michaela Hlaváčiková,0,no article
fighter,Michail Tsarev,42,Michail Tsarev
fighter,Michal Figlak,0,no article
fighter,Michal Horejsi,0,no article
fighter,Michal Jančuška,0,no article
fighter,Michal Konrád,0,no article
fighter,Michal Kotalík,0,no article
fighter,Michal Martínek,0,no article
fighter,Michal Novotný,0,no article
fighter,Michal Pasternak,0,no article
fighter,Michał Domin,0,no article
fighter,Michał Dreczkowski,0,no article
fighter,Michał Figlak,0,no article
fighter,Michał Folc,0,no article
fighter,Michał Gniady,0,no article
fighter,Michał Guzik,0,no article
fighter,Michał Hawro,0,no article
fighter,Michał Hir,0,no article
fighter,Michał Kita,0,no article
fighter,Michał Materla,43,Michał Materla
fighter,Michał Michalski,0,no article
fighter,Michał Oleksiejczuk,33,Michał Oleksiejczuk
fighter,Michał Piwowarski,0,no article
fighter,Michał Turyński,0,no article
fighter,Michał Wlazło,0,no article
fighter,Micheal Gillmore,0,no article
fighter,Michel Batista,0,no article
fighter,Michel Góes,0,no article
fighter,Michel Lima,0,no article
fighter,Michel Pereira,49,Michel Pereira
fighter,Michel Prazeres,34,Michel Prazeres
fighter,Michel Quiñones,0,no article
fighter,Michel Silva,0,no article
fighter,Michel da Cruz Lima,0,no article
fighter,Michelangelo Lupoli,0,no article
fighter,Michele Clemente,0,no article
fighter,Michele Martignoni,0,no article
fighter,Michele Verginelli,0,no article
fighter,Michele dos Santos Oliveira,0,no article
fighter,Michelle Maher,0,no article
fighter,Michelle Montague,0,no article
fighter,Michelle Nicolini,9,Michelle Nicolini
fighter,Michelle Oliveira,0,no article
fighter,Michelle Ould,0,no article
fighter,Michelle Royer,0,no article
fighter,Michelle Waterson,8,Michelle Waterson-Gomez
fighter,Michelle Waterson-Gomez,0,same article as another: Michelle Waterson-Gomez
fighter,Michihiro Omigawa,35,Michihiro Omigawa
fighter,Michihisa Asano,0,no article
fighter,Michiko Takeda,0,no article
fighter,Michinori Tanaka,20,Michinori Tanaka
fighter,Mick Parkin,11,Mick Parkin
fighter,Mick Stanton,0,no article
fighter,Mickael Bucher,0,no article
fighter,Mickael Groguhe,0,no article
fighter,Mickael Lebout,40,Mickaël Lebout
fighter,Mickaël Groguhe,0,no article
fighter,Mickaël Lebout,0,same article as another: Mickaël Lebout
fighter,Mickey Gall,14,Mickey Gall
fighter,Micol Di Segni,15,Micol Di Segni
fighter,Mido Mohamed,0,no article
fighter,Miesha Tate,30,Miesha Tate
fighter,Miesha Tate (c),0,no article
fighter,Mighty Mo,0,no article
fighter,Mighty Mo (c),0,no article
fighter,Mighty Siliga,0,no article
fighter,Miguel Angel Quintana,0,no article
fighter,Miguel Arizmendi,0,no article
fighter,Miguel Baeza,14,Miguel Baeza
fighter,Miguel Cosio,0,no article
fighter,Miguel Enrique Torres,0,no article
fighter,Miguel Firmino,0,no article
fighter,Miguel Haro,0,no article
fighter,Miguel Jacob,0,no article
fighter,Miguel Linares,0,no article
fighter,Miguel López,0,no article
fighter,Miguel Pardinas,0,no article
fighter,Miguel Peimbert,0,no article
fighter,Miguel Perez,0,no article
fighter,Miguel Porto,0,no article
fighter,Miguel Ramírez,0,no article
fighter,Miguel Rosales,0,no article
fighter,Miguel Sanson,0,no article
fighter,Miguel Torres,53,Miguel Torres (fighter)
fighter,Miguel Torres (c),0,no article
fighter,Miguel Villegas,0,no article
fighter,Miha Frlić,9,Miha Frlić
fighter,Mihaela Keller,0,no article
fighter,Mihai Drăgan,0,no article
fighter,Mihai Iorga,0,no article
fighter,Mihai Joltea,0,no article
fighter,Mihai Laurențiu Iorga,0,no article
fighter,Mihai Leș,0,no article
fighter,Mihai Simion,0,no article
fighter,Mihail Nica,0,no article
fighter,Mihajlo Pajić,0,no article
fighter,Mihajlo Rajic,0,no article
fighter,Mika Arai,0,no article
fighter,Mika Harigai,0,no article
fighter,Mika Nagano,32,Mika Nagano
fighter,Mika Sakamoto,0,no article
fighter,Mikail Dulgher,0,no article
fighter,Mike Adams,0,no article
fighter,Mike Aina,0,no article
fighter,Mike Alirez,0,no article
fighter,Mike Altman,0,no article
fighter,Mike Andaya,0,no article
fighter,Mike Arellano,0,no article
fighter,Mike Arrant,0,no article
fighter,Mike Bannon,0,no article
fighter,Mike Bardsley,0,no article
fighter,Mike Barnett,0,no article
fighter,Mike Bernhard,0,no article
fighter,Mike Bogner,0,no article
fighter,Mike Braswell,0,no article
fighter,Mike Bravo,0,no article
fighter,Mike Breeden,0,no article
fighter,Mike Bronzoulis,33,Mike Bronzoulis
fighter,Mike Brown,35,Mike Brown (fighter)
fighter,Mike Brown (c),0,no article
fighter,Mike Bruno,0,no article
fighter,Mike Budnik,18,Mike Budnik
fighter,Mike Campbell,0,no article
fighter,Mike Ciesnolevicz,0,no article
fighter,Mike Cook,0,no article
fighter,Mike Corey,17,Mike Corey
fighter,Mike Cutting,0,no article
fighter,Mike Davis,16,Mike Davis (fighter)
fighter,Mike De La Torre,24,Mike De La Torre
fighter,Mike DeLaVega,0,no article
fighter,Mike Dexter,0,no article
fighter,Mike DiOrio,0,no article
fighter,Mike Easton,19,Mike Easton
fighter,Mike Ekundayo,0,no article
fighter,Mike Estus,0,no article
fighter,Mike Fleniken,0,no article
fighter,Mike French,0,no article
fighter,Mike Galitello,0,no article
fighter,Mike Gates,0,no article
fighter,Mike Glenn,0,no article
fighter,Mike Gonzales,0,no article
fighter,Mike Groves,0,no article
fighter,Mike Grundy,16,Mike Grundy
fighter,Mike Guidry,0,no article
fighter,Mike Guymon,22,Mike Guymon
fighter,Mike Hackert,0,no article
fighter,Mike Hamel,0,no article
fighter,Mike Hayes,34,Mike Hayes (fighter)
fighter,Mike Jackson,5,Mike Jackson (fighter)
fighter,Mike Jones,0,no article
fighter,Mike Joy,0,no article
fighter,Mike Kennedy,0,no article
fighter,Mike Kent,0,no article
fighter,Mike Kimbel,0,no article
fighter,Mike King,0,no article
fighter,Mike Kubeska,0,no article
fighter,Mike Kyle,47,Mike Kyle
fighter,Mike Lindquist,0,no article
fighter,Mike Lullo,0,no article
fighter,Mike Malott,17,Mike Malott
fighter,Mike Mangan,0,no article
fighter,Mike Massenzio,21,Mike Massenzio
fighter,Mike Mathetha,0,no article
fighter,Mike Mazariego,0,no article
fighter,Mike Messina,0,no article
fighter,Mike Molina,0,no article
fighter,Mike Moreno,0,no article
fighter,Mike Mucitelli,11,Mike Mucitelli
fighter,Mike Murphy,0,no article
fighter,Mike Nickels,0,no article
fighter,Mike O'Donnell,0,no article
fighter,Mike O'Gorman,0,no article
fighter,Mike Ortega,0,no article
fighter,Mike Otwell,0,no article
fighter,Mike Penafiel,0,no article
fighter,Mike Penalber,0,no article
fighter,Mike Perry,30,Mike Perry (fighter)
fighter,Mike Pierce,24,Mike Pierce
fighter,Mike Plotcheck,2,Bart Gunn
fighter,Mike Putnam,0,no article
fighter,Mike Pyle,42,Mike Pyle (fighter)
fighter,Mike Pyle (c),0,no article
fighter,Mike Queen,0,no article
fighter,Mike Quinones,0,no article
fighter,Mike Rebello,0,no article
fighter,Mike Rhodes,20,Mike Rhodes (fighter)
fighter,Mike Ricci,20,Mike Ricci (fighter)
fighter,Mike Richman,39,Mike Richman
fighter,Mike Rio,16,Mike Rio
fighter,Mike Rodríguez,20,Mike Rodríguez (fighter)
fighter,Mike Russow,19,Mike Russow
fighter,Mike Santiago,36,Mike Santiago (fighter)
fighter,Mike Scarcello,0,no article
fighter,Mike Schatz,0,no article
fighter,Mike Seal,31,Mike Seal (fighter)
fighter,Mike Segura,0,no article
fighter,Mike Shepard,0,no article
fighter,Mike Shipman,0,no article
fighter,Mike Sledzion,0,no article
fighter,Mike Sorenson,0,no article
fighter,Mike Stevens,0,no article
fighter,Mike Stumpf,0,no article
fighter,Mike Swick,22,Mike Swick
fighter,Mike Thompson,0,no article
fighter,Mike Treadwell,0,no article
fighter,Mike Trinh,0,no article
fighter,Mike Tseng,0,no article
fighter,Mike Van Arsdale,13,Mike van Arsdale
fighter,Mike Wesel,0,no article
fighter,Mike Wessel,24,Mike Wessel
fighter,Mike Whitehead,35,Mike Whitehead
fighter,Mike Wilkins,0,no article
fighter,Mike Wilkinson,14,Mike Wilkinson (fighter)
fighter,Mike Winters,0,no article
fighter,Mike Zichelle,0,no article
fighter,Mike Zindler,0,no article
fighter,Mike van Arsdale,0,same article as another: Mike van Arsdale
fighter,Mikey Gomez,30,Mikey Gomez
fighter,Mikey Gonzalez,0,no article
fighter,Mikey Musumeci,0,no article
fighter,Mikey Musumeci (c),0,no article
fighter,Mikhail Dolgov,0,no article
fighter,Mikhail Doroshenko,0,no article
fighter,Mikhail Egorov,0,no article
fighter,Mikhail Jamal Abdul-Latif,0,no article
fighter,Mikhail Malyutin,0,no article
fighter,Mikhail Mokhnatkin,25,Mikhail Mokhnatkin
fighter,Mikhail Odintsov,0,no article
fighter,"Miki ""Planet""",0,no article
fighter,Miki Araki,0,no article
fighter,Miki Miki,0,no article
fighter,Miki Morifuji,0,no article
fighter,Miki Motono,16,Miki Motono
fighter,Miki Shida,0,no article
fighter,Mikiko Hiyama,0,no article
fighter,Mikiko Shimizu,0,no article
fighter,Mikiko Shumizu,0,no article
fighter,Mikio Ueda,0,no article
fighter,Mikkel Parlo,18,Mikkel Parlo
fighter,Mikuru Asakura,36,Mikuru Asakura
fighter,Milad Ahady,0,no article
fighter,Milad Sedigh Moridani,0,no article
fighter,Milagros López,0,no article
fighter,Milan Ďatelinka,0,no article
fighter,Milana Dudieva,24,Milana Dudieva
fighter,Mileide Simplicio,0,no article
fighter,Milena Bojić,0,no article
fighter,Milena Galvão,0,no article
fighter,Milena Kaori Sakumoto,0,no article
fighter,Miles Amos,0,no article
fighter,Miles Hunsinger,0,no article
fighter,Miles Johns,22,Miles Johns
fighter,Miles McDonald,0,no article
fighter,Miljan Djukanovic,0,no article
fighter,Milko Tucto,0,no article
fighter,Miloš Janičić,27,Miloš Janičić
fighter,Miloš Petrášek,0,no article
fighter,Milson Castro,0,no article
fighter,Milton Vieira,23,Milton Vieira
fighter,Mim Grubb,0,no article
fighter,Mimi Kutzin,0,no article
fighter,Min Htet Zaw,0,no article
fighter,Min Soo Kim,0,no article
fighter,Min Woo Kim,0,no article
fighter,Min Woo Kim (c),0,no article
fighter,Mina Kurobe,25,Mina Kurobe
fighter,Mina Kurobe (c),0,no article
fighter,Mindaugas Gerve,0,no article
fighter,Minechika Matsumoto,0,no article
fighter,Ming Shi,0,no article
fighter,Ming Yen Sung,0,no article
fighter,Mingwu Wang,0,no article
fighter,Minori Kikuchi,0,no article
fighter,Minoru Chujo,0,no article
fighter,Minoru Kato,0,no article
fighter,Minoru Kimura,7,Minoru Kimura
fighter,Minoru Tanaka,0,no article
fighter,Minoru Tsuiki,0,no article
fighter,Minowaman,0,same article as another: Ikuhisa Minowa
fighter,Miracle Andrew,0,no article
fighter,Miracle Chipito,0,no article
fighter,Mirafzal Akhtamov,0,no article
fighter,Miralem Ahmeti,0,no article
fighter,Miran Ramani,0,no article
fighter,Miranda Barber,0,no article
fighter,Miranda Granger,10,Miranda Granger
fighter,Miranda Maverick,22,Miranda Maverick
fighter,Mirbek Zhenishbekov,0,no article
fighter,Mircea Cristian,0,no article
fighter,Mircea Dumitrescu,0,no article
fighter,Mirco Negrisoli,0,no article
fighter,Mirel Drăgan,0,no article
fighter,Mirela Vargas,0,no article
fighter,Miriam Grubb,0,no article
fighter,Miriam Nazar,0,no article
fighter,Mirko Cro Cop,52,Mirko Cro Cop
fighter,Mirko Jovanović,0,no article
fighter,Mirmehti Miriyev,0,no article
fighter,Miroslav Brož,0,no article
fighter,Miroslav Strbak,0,no article
fighter,Miroslava Cauich Manzanero,0,no article
fighter,Mirsad Bektić,20,Mirsad Bektić
fighter,Misaki Ozawa,0,no article
fighter,Misaki Takimoto,0,no article
fighter,Misaki Takomoto,0,no article
fighter,Misato Tomita,0,no article
fighter,Misha Cirkunov,23,Misha Cirkunov
fighter,Mishal Alfad,0,no article
fighter,Mission Ali,0,no article
fighter,Mitch Aguiar,0,no article
fighter,Mitch Chilson,0,no article
fighter,Mitch Clarke,16,Mitch Clarke
fighter,Mitch Gagnon,16,Mitch Gagnon
fighter,Mitch McKee,0,no article
fighter,Mitch Ramirez,0,Mitch Ramirez
fighter,Mitch Raposo,0,no article
fighter,Mitch White,0,no article
fighter,Mitch Whitesel,0,no article
fighter,Mitchell Chamale,0,no article
fighter,Mitchell Goode,0,no article
fighter,Mitchell McKee,0,no article
fighter,Mitchell Sipe,0,no article
fighter,Mitchell Wilson,0,no article
fighter,Mitsuhiro Ishida,29,Mitsuhiro Ishida
fighter,Mitsuhisa Sunabe,52,Mitsuhisa Sunabe
fighter,Mitsuo Matsumoto,20,Mitsuo Matsumoto
fighter,Mitsuyoshi Sato,0,no article
fighter,Mitzi Merry,0,no article
fighter,Miura Ayaka,0,no article
fighter,Miyoko Kusaka,0,no article
fighter,Miyuki Furusawa,0,no article
fighter,Mizuho Sato,0,no article
fighter,Mizuki Furuse,0,no article
fighter,Mizuki Inoue,22,Mizuki Inoue
fighter,Mizuki Inoue (c),0,no article
fighter,Mizuki Oshiro,0,no article
fighter,Mizuto Hirota,31,Mizuto Hirota
fighter,Mkhitar Barseghyan,0,no article
fighter,Mo De'Reese,0,no article
fighter,Mo DeReese,0,no article
fighter,Mo Miller,0,no article
fighter,Moacir Rocha,0,no article
fighter,Mochamed Machaev,0,no article
fighter,Modestas Bukauskas,28,Modestas Bukauskas
fighter,Modestino Rodrigues,0,no article
fighter,Moe Sasaki,0,no article
fighter,Moeri Suda,23,Moeri Suda
fighter,Moha Jaghdal,0,no article
fighter,Mohamad Walid,0,no article
fighter,Mohamed Ado,0,no article
fighter,Mohamed Ali,0,no article
fighter,Mohamed Alsameea,0,no article
fighter,Mohamed Amine,7,Mohamed Amine
fighter,Mohamed Camara,0,no article
fighter,Mohamed Eldeeb,0,no article
fighter,Mohamed Nabil,0,no article
fighter,Mohamed Said Maalem,0,no article
fighter,Mohamed Salem,0,no article
fighter,Mohamed Younes Rabah,0,no article
fighter,Mohamed Zarey,0,no article
fighter,Mohammad Alaqraa,0,no article
fighter,Mohammad Fahmi,0,no article
fighter,Mohammad Hossein Khorsandi,0,no article
fighter,Mohammad Siasarani,0,no article
fighter,Mohammad Sotounzadeh,0,no article
fighter,Mohammad Usman,0,no article
fighter,Mohammad Yahya,0,no article
fighter,Mohammed Aburumuh,0,no article
fighter,Mohammed Boutasaa,0,no article
fighter,Mohammed Fakhreddine,0,no article
fighter,Mohammed Sadok Trabelsi,0,no article
fighter,Mohammed Usman,0,no article
fighter,Mohammed Walid,0,no article
fighter,Mohd Fouzein Fozi,0,no article
fighter,Mohsen Bahari,0,no article
fighter,Mohsen Mohammadseifi,10,Mohsen Mohammadseifi
fighter,Moise Rimbon,0,no article
fighter,Moishe Katz,0,no article
fighter,Moishi Rand,0,no article
fighter,Moisés López,0,no article
fighter,Mojtaba Nasiri,0,no article
fighter,Moktar Benkaci,0,no article
fighter,Molly McCann,22,Molly McCann
fighter,Momoka Mandokoro,0,no article
fighter,Momoka Yoshikawa,0,no article
fighter,Momoko Yamazaki,0,no article
fighter,Mon Batiz,0,no article
fighter,Mona Bailey,0,no article
fighter,Mona Samir,0,no article
fighter,Mongkhon Wiwasuk,0,same article as another: Malaipet Sasiprapa
fighter,Mongkolkaew Sor.Sommai,0,no article
fighter,Mongkolpetch Petchyindee,0,no article
fighter,Monica Alarcón,0,no article
fighter,Monik Romero,0,no article
fighter,Monika Chochlíková,6,Monika Chochlíková
fighter,Monika Kučinič,0,no article
fighter,Montana De La Rosa,25,Montana De La Rosa
fighter,Montazer Muhammad,0,no article
fighter,Montel Jackson,20,Montel Jackson
fighter,Montserrat Rendon,0,no article
fighter,Montserrat Ruiz,15,Montserrat Ruiz
fighter,Montè Ogbonna-Morrison,0,no article
fighter,Mor Attias,0,no article
fighter,Morgan Black,0,no article
fighter,Morgan Charrière,0,no article
fighter,Morgan Frier,0,no article
fighter,Morgan Sickinger,0,no article
fighter,Morgan Solis,0,no article
fighter,Morgane Manfredi,0,no article
fighter,Moriel Charneski,0,no article
fighter,Moritz Mertens,0,no article
fighter,Moriyuki Yamada,0,no article
fighter,Morquez Forest,0,no article
fighter,Morteza Rezaei,0,no article
fighter,Moses Afoa,0,no article
fighter,Moses Diaz,0,no article
fighter,Moses Murrietta,0,no article
fighter,Moshe Rand,0,no article
fighter,Moshiko Ben Shimol,0,no article
fighter,Mostafa Rashed Nada,0,no article
fighter,Mostafa Rashed Neda,0,no article
fighter,Mostapha al-Turk,12,Mostapha al-Turk
fighter,Motaz Askar,0,no article
fighter,Motohiro Takenawa,0,no article
fighter,Motoki Ejima,0,no article
fighter,Motoki Miyazawa,0,no article
fighter,Motoko Tashiro,0,no article
fighter,Motomare Takahashi,0,no article
fighter,Motonobu Tezuka,0,no article
fighter,Mouhamed Ba,0,no article
fighter,Mouhcine Chafi,0,no article
fighter,Mounir Lazzez,14,Mounir Lazzez
fighter,Mountasser Boutouta,0,no article
fighter,Moustapha Diakhaté,0,no article
fighter,Movlid Khaybulaev,26,Movlid Khaybulaev
fighter,Movsar Baymaskhanov,0,no article
fighter,Movsar Evloev,20,Movsar Evloev
fighter,Movsar Ibragimov,0,no article
fighter,Moyses Gabin,0,no article
fighter,Mridul Saikia,0,no article
fighter,Mu Bae Choi,22,Choi Mu-bae
fighter,Mu Gyeom Choi (c),0,no article
fighter,Muangthai P.K.Saenchai,0,no article
fighter,Mubaraksho Mubarakshoev,0,no article
fighter,Muhamad Haidar,0,no article
fighter,Muhammad Abdullah,0,no article
fighter,Muhammad Aiman,0,no article
fighter,Muhammad Mokaev,42,Muhammad Mokaev
fighter,Muhammad Naimov,16,Muhammad Naimov
fighter,Muhammad Saidov,0,no article
fighter,Muhammadjon Naimov,0,no article
fighter,Muhammed DeReese,0,no article
fighter,Muhammed Dereese,0,no article
fighter,Muhammed Kir Ahmet,0,no article
fighter,Muhammed Lawal,32,Muhammed Lawal
fighter,Muhammed Lawal (c),0,no article
fighter,Muhammed Sadeghi,0,no article
fighter,Muhidin Abubakar,0,no article
fighter,Muhsin Corbbrey,0,no article
fighter,Muin Gafurov,0,no article
fighter,Mukai Maromo,0,no article
fighter,Mukhamad Vakhaev,0,no article
fighter,Mukhamed Berkhamov,21,Mukhamed Berkhamov
fighter,Mukhamed Kokov,0,no article
fighter,Mukhamedali Aliev,0,no article
fighter,Mukhitdin Kholov,0,no article
fighter,Mukhomad Vakhaev,0,no article
fighter,Mukhtar Abdulkerimov,0,no article
fighter,Mumia Abu Dey Ali,0,no article
fighter,Munah Holland,7,Munah Holland
fighter,Murad Abdulaev,0,no article
fighter,Murad Abdurakhmanov,0,no article
fighter,Murad Bilarov,0,no article
fighter,Murad Chunkaiev,0,no article
fighter,Murad Guseinov,0,no article
fighter,Murad Ibragimov,0,no article
fighter,Murad Kalamov,0,no article
fighter,Murad Khasaev,0,no article
fighter,Murad Machaev,25,Murad Machaev
fighter,Murad Magomedov,0,no article
fighter,Murad Ramazanov,0,no article
fighter,Murad Zeinulabidov,25,Murad Zeinulabidov
fighter,Murat Aygün,0,no article
fighter,Murat Tüysüz,0,no article
fighter,Murilo Bustamante,24,Murilo Bustamante
fighter,Murilo Rua,34,Murilo Rua
fighter,Murilo Rua (c),0,no article
fighter,Murrey Fullerton,0,no article
fighter,Murtaza Talha,0,no article
fighter,Murtazali Magomedov,0,no article
fighter,Mus'Aib Baiyina,0,no article
fighter,Musa Kazikhanov,0,no article
fighter,Musa Toliver,0,no article
fighter,Musa Ustarov,0,no article
fighter,Musashi,0,no article
fighter,Mush Aslani,0,no article
fighter,Muslim Ibragimov,0,no article
fighter,Muslim Magomedov,0,no article
fighter,Muslim Magomedov (c),0,no article
fighter,Muslim Salikhov,29,Muslim Salikhov
fighter,Muslim Tulshaev,19,Muslim Tulshaev
fighter,Muso Vistokadamov,0,no article
fighter,Mustafa Al Takreeti,0,no article
fighter,Mustapha Haida,0,no article
fighter,Mutsumi Kasai,0,no article
fighter,Mychal Clark,0,no article
fighter,Myeon Ho Bae,0,no article
fighter,Myktybek Orolbai,20,Myktybek Orolbai
fighter,Myktybek Orolbay,0,no article
fighter,Myles Dillahunty,0,no article
fighter,Myles Jury,33,Myles Jury
fighter,Myles Merola,0,no article
fighter,Myles Price,0,no article
fighter,Myo Man Thit,0,no article
fighter,Myron Dennis,0,no article
fighter,Myron Smith,0,no article
fighter,Márcio Alexandre Jr.,0,no article
fighter,Márcio Barbosa,0,no article
fighter,Márcio Cruz,0,same article as another: Márcio Cruz
fighter,Mário Ferreira,0,no article
fighter,Mário Pinto,0,no article
fighter,Mário Sousa,0,no article
fighter,Máté Kertész,0,no article
fighter,Mélèdje Yedoh,0,no article
fighter,Mônica Carvalho Fontes,0,no article
fighter,Mădălin Pîrvulescu,0,no article
fighter,Na Liang,0,no article
fighter,Na Young Park,0,no article
fighter,Nabil Anane,0,no article
fighter,Nacho Campos,0,no article
fighter,Nacim Belhouachi,0,no article
fighter,Nad Narimani,16,Nad Narimani
fighter,Nada Faheem,0,no article
fighter,Nadaka Yoshinari,0,no article
fighter,Nadeem Kablan,0,no article
fighter,Nadia Kassem,7,Nadia Kassem
fighter,Nadia Vera,0,no article
fighter,Nadine Mandiau,0,no article
fighter,Nae Chul Kim,0,no article
fighter,Naglis Kanišauskas,0,no article
fighter,Nah-Shon Burrell,33,Nah-Shon Burrell
fighter,Naho Sugiyama,17,Naho Sugiyama
fighter,Naho Sugiyama (c),0,no article
fighter,Nahom Wedi,0,no article
fighter,Naiane Silva Sá,0,no article
fighter,Nainoa Dung,0,no article
fighter,Naizi Cantanhede,0,no article
fighter,Najib Idali,0,no article
fighter,Nakrob Fairtex,0,no article
fighter,Nam Chul Seo,0,no article
fighter,Nam Jin Jo,0,no article
fighter,Nam Phan,38,Nam Phan
fighter,Namiki Kawahara,23,Namiki Kawahara
fighter,Namiko Kawabata,13,Namiko Kawabata
fighter,Namo Fazil,0,no article
fighter,Namphongnoi Sor.Sommai,0,no article
fighter,Namsrai Batbayar,0,no article
fighter,Nanaka Kawamura,0,no article
fighter,Nanami Ichikawa,0,no article
fighter,Nandin Erdene,0,no article
fighter,Nandin-Erdene,0,no article
fighter,Nando Calzetta,0,no article
fighter,Nandor Guelmino,0,no article
fighter,Nao Date,0,no article
fighter,Naoji Fujimoto,0,no article
fighter,Naoki Inoue,28,Naoki Inoue
fighter,Naoki Matsushita,39,Naoki Matsushita (mixed martial artist)
fighter,Naoki Miyamoto,0,no article
fighter,Naoki Seki,0,no article
fighter,Naoki Tajima,0,no article
fighter,Naoki Tanaka,0,no article
fighter,Naoki Yoshimura,0,no article
fighter,Naoko Omuro,0,no article
fighter,Naomi Taniyama,0,no article
fighter,Naomie Young,0,no article
fighter,Naoya Ogawa,9,Naoya Ogawa
fighter,Naoyuki Kotani,62,Naoyuki Kotani
fighter,Narcius Răduţ,0,no article
fighter,Nariman Abbasov,0,no article
fighter,Nashkho Galaev,0,no article
fighter,Nasimjon Sharipov,0,no article
fighter,Nasrat Haqparast,25,Nasrat Haqparast
fighter,Nasratullah Akhondzada,0,no article
fighter,Nasrudin Nasrudinov,0,no article
fighter,Nassourdine Imavov,22,Nassourdine Imavov
fighter,Nat Jaroonsak,0,no article
fighter,Natalia Alves,0,no article
fighter,Natalia Diachkova,3,Natalia Diachkova
fighter,Natalia Kuziutina,12,Natalia Kuziutina
fighter,Natalia Kuziutina (ic),0,no article
fighter,Natalie Gonzalez Hills,0,no article
fighter,Natalie Hills,0,no article
fighter,Natalie Salcedo,0,no article
fighter,Natalya Speece,0,no article
fighter,Natan Levy,15,Natan Levy
fighter,Natan Niewiadomski,0,no article
fighter,Natan Schulte,33,Natan Schulte
fighter,Natanael de Souza Mota,0,no article
fighter,Natanel Parisi,0,no article
fighter,Nate Andrews,0,no article
fighter,Nate Diaz,38,Nate Diaz
fighter,Nate Grebb,0,no article
fighter,Nate Hernandez,0,no article
fighter,Nate James,0,no article
fighter,Nate Jennerman,0,no article
fighter,Nate Jolly,0,no article
fighter,Nate Kearsley,0,no article
fighter,Nate Landwehr,25,Nate Landwehr
fighter,Nate Loughran,15,Nate Loughran
fighter,Nate Maness,21,Nate Maness
fighter,Nate Marquardt,58,Nate Marquardt
fighter,Nate Marquardt (c),0,no article
fighter,Nate Mohr,17,Nate Mohr
fighter,Nate Moore,12,Nate Moore
fighter,Nate Morrow,0,no article
fighter,Nate Quarry,16,Nate Quarry
fighter,Nate Richardson,0,no article
fighter,Nate Smith,0,no article
fighter,Nate Togbah,0,no article
fighter,Nate Williams,0,no article
fighter,Nate Yoshimura,0,no article
fighter,Nathan Bendon,0,no article
fighter,Nathan Coy,24,Nathan Coy
fighter,Nathan Fletcher,0,no article
fighter,Nathan Fought,0,no article
fighter,Nathan George,0,no article
fighter,Nathan Ghareeb,0,no article
fighter,Nathan Gilmore,0,no article
fighter,Nathan Greyson,0,no article
fighter,Nathan Gunn,0,no article
fighter,Nathan Haywood,0,no article
fighter,Nathan Jones,0,no article
fighter,Nathan Kelly,0,no article
fighter,Nathan Murdock,0,no article
fighter,Nathan Ng,0,no article
fighter,Nathan Roberts,0,no article
fighter,Nathan Rose,0,no article
fighter,Nathan Stolen,0,no article
fighter,Nathan Trepagnier,0,no article
fighter,Nathan Williams,0,no article
fighter,Nathanael Woods,0,no article
fighter,Nathaniel Grimard,0,no article
fighter,Nathaniel Jessimer,0,no article
fighter,Nathaniel Wood,30,Nathaniel Wood (fighter)
fighter,Nation Gibrick,0,no article
fighter,Natsuki Shimomakise,0,no article
fighter,Natália Silva,26,Natália Silva (fighter)
fighter,Nauzet Trujillo,0,no article
fighter,Navajo Stirling,11,Navajo Stirling
fighter,Navir Gonzalez,0,no article
fighter,Nawira Ferreira,0,no article
fighter,Nawras Abzakh,0,no article
fighter,Nayara Hemily,0,no article
fighter,Nayara Maia,0,no article
fighter,Nayeb Hezam,0,no article
fighter,Nayib Lopez,0,no article
fighter,Nayib López,0,no article
fighter,Nazareno Malegarie,41,Nazareno Malegarie
fighter,Nazim Sadykhov,15,Nazim Sadykhov
fighter,Naziri Daniliuk,0,no article
fighter,Neal Ewing,0,no article
fighter,Neemias Santana,0,no article
fighter,Neftaly Martínez,0,no article
fighter,Neil Grove,21,Neil Grove
fighter,Neil Johnson,0,no article
fighter,Neil Larano,0,no article
fighter,Neil Magny,49,Neil Magny
fighter,Neil Seery,29,Neil Seery
fighter,Neil Wain,0,no article
fighter,Neiman Gracie,19,Neiman Gracie
fighter,Nejra Repp,0,no article
fighter,Nekruz Mirkhojaev,0,no article
fighter,Nell Ariano,0,no article
fighter,Nelly Thompson,0,no article
fighter,Nemanja Milakovic,0,no article
fighter,Nemat Abdrashitov,0,no article
fighter,Nenad Avramović,0,no article
fighter,Nermin Hajdarpašić,0,no article
fighter,Nestor Huerta,0,no article
fighter,Neto Lopes,0,no article
fighter,Neto Oliveira,0,no article
fighter,Neto Pinheiro,0,no article
fighter,Nezar Bahaji,0,no article
fighter,Ngabdi Mulyadi,0,no article
fighter,Nguyễn Trần Duy Nhất,3,Nguyễn Trần Duy Nhất
fighter,Niamh Kinehan,3,Niamh Kinehan
fighter,Nic Herron-Webb,0,no article
fighter,Nicco Montaño,10,Nicco Montaño
fighter,Nicholas Cornejo,0,no article
fighter,Nicholas Gay,0,no article
fighter,Nicholas Gjelaj,0,no article
fighter,Nicholas Hwende,0,no article
fighter,Nicholas Jackson,0,no article
fighter,Nicholas Lee,0,no article
fighter,Nicholas Maglicic,0,no article
fighter,Nicholas Mann,0,no article
fighter,Nicholas Meregali,0,no article
fighter,Nicholas O'Brien,0,no article
fighter,Nicholas Page,0,no article
fighter,Nicholas Pettas,0,no article
fighter,Nicholas Sergiacomi,0,no article
fighter,Nicholi Navarro,0,no article
fighter,Nick Agallar,0,no article
fighter,Nick Aguirre,0,no article
fighter,Nick Alley,0,no article
fighter,Nick Alwag,0,no article
fighter,Nick Ammerman,0,no article
fighter,Nick Badis,0,no article
fighter,Nick Barnes,0,no article
fighter,Nick Beukema,0,no article
fighter,Nick Browne,0,no article
fighter,Nick Bustamante,0,no article
fighter,Nick Campbell,0,no article
fighter,Nick Catone,14,Nick Catone
fighter,Nick Chasteen,0,no article
fighter,Nick Clem,0,no article
fighter,Nick Cottone,0,no article
fighter,Nick Denis,14,Nick Denis
fighter,Nick Diaz,38,Nick Diaz
fighter,Nick Diaz (c),0,no article
fighter,Nick Dupees,0,no article
fighter,Nick Eldridge,0,no article
fighter,Nick Ertl,0,no article
fighter,Nick Fields,0,no article
fighter,Nick Fiore,0,no article
fighter,Nick Galanti,0,no article
fighter,Nick Garcia,0,no article
fighter,Nick Gehrts,0,no article
fighter,Nick Gibbons,0,no article
fighter,Nick Gonzalez,0,no article
fighter,Nick Hein,19,Nick Hein
fighter,Nick Hinchliffe,0,no article
fighter,Nick Honstein,0,no article
fighter,Nick Hrabec,0,no article
fighter,Nick Hrynchyshyn,0,no article
fighter,Nick Jackson,0,no article
fighter,Nick Kirk,0,no article
fighter,Nick Klein,0,no article
fighter,Nick LoBosco,0,no article
fighter,Nick Mamalis,44,Nick Mamalis
fighter,Nick Maximov,17,Nick Maximov
fighter,Nick Meck,0,no article
fighter,Nick Moghaddam,0,no article
fighter,Nick Montez,0,no article
fighter,Nick Newell,20,Nick Newell
fighter,Nick Nichols,0,no article
fighter,Nick Nolte,0,no article
fighter,Nick Osipczak,8,Nick Osipczak
fighter,Nick Pace,11,Nick Pace
fighter,Nick Palea,0,no article
fighter,Nick Penner,0,no article
fighter,Nick Pica,0,no article
fighter,Nick Piccininni,11,Nick Piccininni
fighter,Nick Piedmont,0,no article
fighter,Nick Ring,18,Nick Ring
fighter,Nick Rodrigues,0,no article
fighter,Nick Rodriguez,0,no article
fighter,Nick Roehrick,0,no article
fighter,Nick Rossborough,0,no article
fighter,Nick Serra,0,no article
fighter,Nick Talavera,0,no article
fighter,Nick Thompson,53,Nick Thompson (fighter)
fighter,Nick Urso,0,no article
fighter,Niclas Larsen,0,no article
fighter,Nico Carrillo,0,no article
fighter,Nico Echeverry,0,no article
fighter,Nico Musoke,22,Nico Musoke
fighter,Nico Soe,0,no article
fighter,Nicolae Cury,0,no article
fighter,Nicolae Călin,0,no article
fighter,Nicolae Hantea,0,no article
fighter,Nicolae Mezdrea,0,no article
fighter,Nicolae Negumereanu,14,Nicolae Negumereanu
fighter,Nicolai Salchow,0,no article
fighter,Nicolaj Wagner,0,no article
fighter,Nicolas Alejandro Vigna,0,no article
fighter,Nicolas Barna,0,no article
fighter,Nicolas Dalby,33,Nicolas Dalby
fighter,Nicolas Di Franco,0,no article
fighter,Nicolas Giulietti,0,no article
fighter,Nicolas Leblond,0,no article
fighter,Nicolas Leite Silva,0,no article
fighter,Nicolas Pedneault,0,no article
fighter,Nicolas Sperling,0,no article
fighter,Nicolas Sávio,0,no article
fighter,Nicolas Vigna,0,no article
fighter,Nicole Chua,0,no article
fighter,Nicole Geraldo,0,no article
fighter,Nicole Smith,0,no article
fighter,Nicollas Santos,0,no article
fighter,Nicolle Caliari,0,no article
fighter,Nicolo Bonati,0,no article
fighter,Nicolo Solli,0,no article
fighter,Nicoly Pedroza,0,no article
fighter,Nicolás Bojaca,0,no article
fighter,Nicolás Murdoch,0,no article
fighter,Nicolò Solinas,0,no article
fighter,Nicolò Solli,0,no article
fighter,Nidzhat Imanov,0,no article
fighter,Nieky Holzken,0,no article
fighter,Nigel Crosswell,0,no article
fighter,Nik Bagley,0,no article
fighter,Nik Bagley (c),0,no article
fighter,Nik Fekete,0,no article
fighter,Nik Harris,0,no article
fighter,Nik Lentz,45,Nik Lentz
fighter,Nik Theotiko,0,no article
fighter,Nik Theotikos,0,no article
fighter,Nika Ben Tuashy,0,no article
fighter,Nika Sabanashvili,0,no article
fighter,Nikita Krylov,43,Nikita Krylov
fighter,Nikita Kulshin,0,no article
fighter,Nikita Mikhailov,0,no article
fighter,Nikita Podkovalnikov,0,no article
fighter,Nikk Covert,0,no article
fighter,Nikko Jackson,0,no article
fighter,Niklas Bäckström,18,Niklas Bäckström (fighter)
fighter,Niklas Stolze,24,Niklas Stolze
fighter,Niko Ceraglia,0,no article
fighter,Niko Price,29,Niko Price
fighter,Niko Samsonidse,0,no article
fighter,Nikol Aguirre,0,no article
fighter,Nikola Didov,0,no article
fighter,Nikola Dipchikov,0,no article
fighter,Nikola Ivanovic,0,no article
fighter,Nikola Janković,0,no article
fighter,Nikola Joksović,18,Nikola Joksović
fighter,Nikola Kacperska,0,no article
fighter,Nikola Todorović,3,Nikola Todorović
fighter,Nikolai Aleksakhin,0,no article
fighter,Nikolai Galochkin,0,no article
fighter,Nikolaos Serbezis,0,no article
fighter,Nikolas Motta,0,no article
fighter,Nikolas Vargas,0,no article
fighter,Nikolay Aleksakhin,0,no article
fighter,Nikolay Galochkin,0,no article
fighter,Nikolay Grozdev,0,no article
fighter,Nikolay Kiosse,0,no article
fighter,Nikolay Plazinskiy,0,no article
fighter,Nikolay Veretennikov,0,no article
fighter,Nils Widlund,0,no article
fighter,Nilson Rojas,0,no article
fighter,Nilson de Castro,0,no article
fighter,Nina Ansaroff,21,Nina Nunes
fighter,Nina Nikolija Milošević,0,no article
fighter,Nina Nunes,0,same article as another: Nina Nunes
fighter,Ning Guangyou,12,Ning Guangyou
fighter,Nisim Rozalis,0,no article
fighter,Nissen Osterneck,0,no article
fighter,Nizambek Abdrashitov,0,no article
fighter,Nkazimulo Zulu,0,no article
fighter,Nkemdirim Oti,0,no article
fighter,Nkosi Ndebele,0,no article
fighter,No Joo Gi,0,no article
fighter,Noad Lahat,18,Noad Lahat
fighter,Noah Gasho,0,no article
fighter,Noah Gugnon,0,no article
fighter,Noah Hermosillo,0,no article
fighter,Noah Lindsey,0,no article
fighter,Noah Thomas,0,no article
fighter,Noah Tillis,0,no article
fighter,Noam Voldman,0,no article
fighter,Nobuhiro Obiya,0,no article
fighter,Nobuhiro Tsurumaki,15,Nobuhiro Tsurumaki
fighter,Nobuhiro Yamauchi,0,no article
fighter,Nobuhiro Yoshitake,0,no article
fighter,Nobumasa Koga,0,no article
fighter,Nobumitsu Osawa,0,no article
fighter,Nobutatsu Suzuki,15,Nobutatsu Suzuki
fighter,Nobutatsu Suzuki (c),0,no article
fighter,Nobuya Hasegawa,0,no article
fighter,Nobuyuki Arimura,0,no article
fighter,Nobuyuki Kato,0,no article
fighter,Nobyuki Ono,0,no article
fighter,Noel Ligon,0,no article
fighter,Noel Torres,0,no article
fighter,Noelle Grandjean,0,no article
fighter,Noeru Narita,0,no article
fighter,Nohelin Hernandez,0,no article
fighter,Nolan Clark,0,no article
fighter,Nolan Linebaugh,0,no article
fighter,Nolan Ticman,0,no article
fighter,Nonato Junior,0,no article
fighter,Nong-O Gaiyanghadao (c),0,no article
fighter,Nong-O Hama,0,Nong-O Hama
fighter,Nongpang The Rocket,0,no article
fighter,Nonthachai Jitmuangnon,0,no article
fighter,Nora Cornolle,14,Nora Cornolle
fighter,Norbert Növényi Jr.,12,Norbert Növényi Jr.
fighter,Norbert Pietrzak,0,no article
fighter,Nordine Taleb,23,Nordine Taleb
fighter,Nori Date,0,no article
fighter,"Norifumi ""KID"" Yamamoto",26,Norifumi Yamamoto
fighter,Norifumi Yamamoto,0,same article as another: Norifumi Yamamoto
fighter,Norihiko Hamaguchi,0,no article
fighter,Norihito Yagi,0,no article
fighter,Norik Tadevosyan,0,no article
fighter,Noriyuki Kitaura,0,no article
fighter,Norma Dumont,17,Norma Dumont
fighter,Norman Paraisy,25,Norman Paraisy
fighter,Norman Parke,43,Norman Parke
fighter,Nour Al Fliti,0,no article
fighter,Nour Jopa,0,no article
fighter,Noureddin Hazret,0,no article
fighter,Nozim Kalandarov,0,no article
fighter,Nui Wheeler,0,no article
fighter,Numsurin Chor.Ketwina,0,no article
fighter,Nurbek Abdykadyrov,0,no article
fighter,Nurbek Otar,0,no article
fighter,Nuri Shaklr,0,no article
fighter,Nurkhan Zhumagazy,0,no article
fighter,Nurmukhammad Adamkhonov,0,no article
fighter,Nursultan Asker,0,no article
fighter,Nursulton Ruziboev,51,Nursulton Ruziboev
fighter,Nurullo Aliev,12,Nurullo Aliev
fighter,Nurzhan Zholdybay,0,no article
fighter,Nutsalkhan Magomedov,0,no article
fighter,Nutsalkhan Umakhanov,0,no article
fighter,Nyamjargal Tumendemberel,0,no article
fighter,Nyle Bartling,0,no article
fighter,Néstor Huerta,0,no article
fighter,Néstor Ruíz,0,no article
fighter,O.J. Dominguez,0,no article
fighter,Oban Elliott,0,no article
fighter,Obinwa Ikebunna,0,no article
fighter,Octavian Jurj,0,no article
fighter,Odan Chinchilla,0,no article
fighter,Ode' Osbourne,24,Ode' Osbourne
fighter,Odell Pantin,0,no article
fighter,Odeth Realyvásquez,0,no article
fighter,Odie Delaney,0,no article
fighter,Ofir Leibel,0,no article
fighter,Oganes Voskanyan,0,no article
fighter,Ognjen Dimić,0,no article
fighter,Ognjen Mićović,0,no article
fighter,Oh Ho-taek,0,no article
fighter,Ohata Nagao,0,no article
fighter,Ohtoa Nagao,0,no article
fighter,Ok Rae-yoon,22,Ok Rae-yoon
fighter,Ok Rae-yoon (c),0,no article
fighter,Olaf Alfonso,0,no article
fighter,Ole Hetleflåt,0,no article
fighter,Ole Laursen,12,Ole Laursen
fighter,Ole Magnor,0,no article
fighter,Oleg Borisov,0,no article
fighter,Oleg Crăciun,0,no article
fighter,Oleg Dadonov,0,no article
fighter,Oleg Popov,25,Oleg Popov (fighter)
fighter,Oleksandr Moisa,7,Oleksandr Moisa
fighter,Oleksii Polishchuk,0,no article
fighter,Olena Kolesnyk,16,Olena Kolesnyk
fighter,Olga Rubin,15,Olga Rubin
fighter,Oli Santalahti,0,no article
fighter,Oli Thompson,42,Oli Thompson
fighter,Oliver Enkamp,15,Oliver Enkamp
fighter,Oliver Tero,0,no article
fighter,Olivia Beeskau,0,no article
fighter,Olivia Parker,0,no article
fighter,Olivier Aubin-Mercier,28,Olivier Aubin-Mercier
fighter,Olivier Murad,0,no article
fighter,Olli Santalahti,0,no article
fighter,Ollie Sarwa,0,no article
fighter,Ollie Schmid,0,no article
fighter,Olly Bradstreet,0,no article
fighter,Olutobi Ayodeji Kalejaiye,0,no article
fighter,Oluwale Bamgbose,11,Oluwale Bamgbose
fighter,Omar Benjar,0,no article
fighter,Omar De La Cruz,0,no article
fighter,Omar El Bily,0,no article
fighter,Omar El Dafrawy,0,no article
fighter,Omar Hamodi,0,no article
fighter,Omar Hernández,0,no article
fighter,Omar Hillail,0,no article
fighter,Omar Hussein,0,no article
fighter,Omar Jiménez,0,no article
fighter,Omar Johnson,0,no article
fighter,Omar Morales,15,Omar Morales (fighter)
fighter,Omar Ortíz,0,no article
fighter,Omar Ortíz Robles,0,no article
fighter,Omar Reguigui,0,no article
fighter,Omar Solomanov (ic),0,no article
fighter,Omar Tugarev,0,no article
fighter,Omar Turgarev (ic),0,no article
fighter,Omari Akhmedov,35,Omari Akhmedov
fighter,Omid Kordmanjiri,0,no article
fighter,Omiel Brown,0,no article
fighter,Omiel Brown (c),0,no article
fighter,Omiel Brown (ic),0,no article
fighter,Omoyele Gonzalez,0,no article
fighter,Omran Chaaban,0,no article
fighter,Omri Barel,0,no article
fighter,Ondřej Petrášek,0,no article
fighter,Ondřej Raška,0,no article
fighter,Or Eliov,0,no article
fighter,Orion Cosce,0,no article
fighter,Orkhan Ismatzade,0,no article
fighter,Orlando D’Ambrosio,0,no article
fighter,Orlando Mendoza,0,no article
fighter,Orlando Ortega,0,no article
fighter,Orlando Pacheco,0,no article
fighter,Orlando Sanders,0,no article
fighter,Orlando Sanders Jr.,0,no article
fighter,Orlando Wilson Prins,0,no article
fighter,Oron Kahlon,0,no article
fighter,Ortsa Gudaev,0,no article
fighter,Orville Smith,0,no article
fighter,Osama Awadalla,0,no article
fighter,Osamah Almarwai,0,no article
fighter,Oscar Askar,0,no article
fighter,Oscar García,0,no article
fighter,Oscar Herrera,0,no article
fighter,Oscar Ivan Cota,0,no article
fighter,Oscar Jurado Sánchez,0,no article
fighter,Oscar Mendez,0,no article
fighter,Oscar Ownsworth,0,no article
fighter,Oscar Quintero,0,no article
fighter,Oscar Ramirez,0,no article
fighter,Oscar Ramos,0,no article
fighter,Oscar Ravello,0,no article
fighter,Oscar Rizzo,0,no article
fighter,Oscar Sosa,0,no article
fighter,Oscar Valdez,0,no article
fighter,Oscar Vera,0,no article
fighter,Oseyiomon Oiyemhonlan,0,no article
fighter,Osimkhon Rakhmonov,0,no article
fighter,Osiris Ayala,0,no article
fighter,Oskar Piechota,0,no article
fighter,Oskar Stachura,0,no article
fighter,Oskar Staszczak,0,no article
fighter,Oskar Szczepaniak,0,no article
fighter,Osman Diaz,0,no article
fighter,Osvaldo Benedito,0,no article
fighter,Osvaldo Segura,0,no article
fighter,Oswaldo Castañeda,0,no article
fighter,Otari Tanzilovi,0,no article
fighter,Otavio Lacerda,0,no article
fighter,Otoha Nagao,0,no article
fighter,Oton Jasse,0,no article
fighter,Ottman Azaitar,16,Ottman Azaitar
fighter,Otto Rodrigues,0,no article
fighter,Oualid Gounaine,0,no article
fighter,Oumar Kane,9,Oumar Kane
fighter,Oumar Sy,0,no article
fighter,Ousmane Thomas Diagne,15,Ousmane Thomas Diagne
fighter,Ovidio Bojorquez,0,no article
fighter,Ovidiu Buzulică,0,no article
fighter,Ovince Saint Preux,50,Ovince Saint Preux
fighter,Ovince St. Preux,0,same article as another: Ovince Saint Preux
fighter,Owais Yaqoob,0,Owais Yaqoob
fighter,Owen Carr,0,no article
fighter,Owen Evinger,0,no article
fighter,Oyatullo Muminov,0,no article
fighter,Ozan Aslaner,0,no article
fighter,Oziel Rodríguez,0,no article
fighter,Ozzie Alvarez,0,no article
fighter,Ozzy Diaz,0,no article
fighter,Ozzy Dugulubgov,0,no article
fighter,P. J. Cajigas,0,no article
fighter,P.J. Dean,0,no article
fighter,Paapa Inkumsah,0,no article
fighter,Pablo Alfonso,0,no article
fighter,Pablo Garza,16,Pablo Garza (fighter)
fighter,Pablo Lemus,0,no article
fighter,Pablo Sabori,0,no article
fighter,Pablo Sánchez,0,no article
fighter,Pablo Villaseca,0,no article
fighter,Paddy Holohan,15,Paddy Holohan
fighter,Paddy McCorry,0,no article
fighter,Paddy McCorry (c),0,no article
fighter,Paddy Pimblett,28,Paddy Pimblett
fighter,Paddy Rutledge,0,no article
fighter,Padetsuek Fairtex,0,no article
fighter,Paedsaenlek P.K.Saenchai,0,no article
fighter,Paedsanlek P.K.Saenchai,0,no article
fighter,Paige VanZant,19,Paige VanZant
fighter,Pam Sorenson,15,Pam Sorenson
fighter,Pamela González,0,no article
fighter,Pan Hui,0,no article
fighter,Panna Cotta Minori,0,no article
fighter,Pannie Kianzad,28,Pannie Kianzad
fighter,Panpayak Jitmuangnon,0,no article
fighter,Panrit Lookjaomaesaiwaree,0,no article
fighter,Papis Konez,0,no article
fighter,Papy Abedi,13,Papy Abedi
fighter,Paradise Vaovasa,0,no article
fighter,Parham Gheirati,0,no article
fighter,Paris Moran,0,no article
fighter,Paris Stanford,0,no article
fighter,Park Dae-sung,0,no article
fighter,Park Hyun Sung,0,no article
fighter,Park Hyun-sung,12,Park Hyun-sung
fighter,Park Jae-hyun,0,no article
fighter,Park Jun-yong,0,same article as another: Jun Yong Park
fighter,Park Si-woo,0,no article
fighter,Parker Porter,27,Parker Porter
fighter,Pascal Krauss,13,Pascal Krauss
fighter,Pat Audinwood,0,no article
fighter,Pat Barry,0,Pat Barry (fighter)
fighter,Pat Bennett,0,no article
fighter,Pat Benson,0,no article
fighter,Pat Casey,0,no article
fighter,Pat Curran,32,Pat Curran (fighter)
fighter,Pat Curran (c),0,no article
fighter,Pat Downey,0,no article
fighter,Pat Healy,59,Pat Healy (fighter)
fighter,Pat Healy (c),0,no article
fighter,Pat McCrohan,0,no article
fighter,Pat Pytlik,0,no article
fighter,Pat Sabatini,27,Pat Sabatini
fighter,Pat Schilling,0,no article
fighter,Patchy Mix,25,Patchy Mix
fighter,Patchy Mix (c),0,no article
fighter,Patchy Mix (ic),0,no article
fighter,Patricia Alujas,0,no article
fighter,Patricia Vidonic,0,no article
fighter,Patricio Freire,47,Patrício Pitbull
fighter,Patricio Freire (c),0,no article
fighter,Patrick Benson,0,no article
fighter,Patrick Bittencourt,0,no article
fighter,Patrick Brady,0,no article
fighter,Patrick Castillo,0,no article
fighter,Patrick Cornett,0,no article
fighter,Patrick Cummins,16,Patrick Cummins (fighter)
fighter,Patrick Côté,35,Patrick Côté (fighter)
fighter,Patrick Faeh,0,no article
fighter,Patrick Ferguson,0,no article
fighter,Patrick Gaudio,0,no article
fighter,Patrick Habirora,9,Patrick Habirora
fighter,Patrick Kaase,0,no article
fighter,Patrick Martin,0,no article
fighter,Patrick Murphy,0,no article
fighter,Patrick Ocheme,0,no article
fighter,Patrick Pereša,0,no article
fighter,Patrick Quadros,0,no article
fighter,Patrick Rivera,0,no article
fighter,Patrick Sho Usami,0,no article
fighter,Patrick Speight,0,no article
fighter,Patrick Spirk,0,no article
fighter,Patrick Vespaziani,0,no article
fighter,Patrick Walsh,0,no article
fighter,Patrick Whittington,0,no article
fighter,Patrick Williams,13,Patrick Williams (fighter)
fighter,Patricky Freire,41,Patricky Pitbull
fighter,Patricky Pitbull,0,same article as another: Patricky Pitbull
fighter,Patricky Pitbull (c),0,no article
fighter,Patrik Kincl,0,no article
fighter,Patrik Kincl (c),0,no article
fighter,Patrik Pietilla,0,no article
fighter,Patrik Pietilä,0,no article
fighter,Patrik Szombat,0,no article
fighter,Patrik White,0,no article
fighter,Patrik Šebek,0,no article
fighter,Patryk Dubiela,0,no article
fighter,Patryk Kaczmarczyk,17,Patryk Kaczmarczyk
fighter,Patryk Kaczmarczyk (c),0,no article
fighter,Patryk Surdyn,0,no article
fighter,Patrícia Batista,0,no article
fighter,Patrício Freire (c),0,no article
fighter,Patrício Pitbull,0,same article as another: Patrício Pitbull
fighter,Patrício Pitbull (c),0,no article
fighter,Paul Barrow,0,no article
fighter,Paul Bradley,35,Paul Bradley (fighter)
fighter,Paul Buentello,52,Paul Buentello
fighter,Paul Cahoon,0,no article
fighter,Paul Cheng,0,no article
fighter,Paul Cook,0,no article
fighter,Paul Craig,32,Paul Craig
fighter,Paul Daley,63,Paul Daley
fighter,Paul Elizondo,0,no article
fighter,Paul Elliot,0,no article
fighter,Paul Elliott,0,no article
fighter,Paul Felder,23,Paul Felder
fighter,Paul Georgieff,0,no article
fighter,Paul Grandbois,0,no article
fighter,Paul Grebinski,0,no article
fighter,Paul Hughes,17,Paul Hughes (fighter)
fighter,Paul Jenkins,0,no article
fighter,Paul Kelly,20,Paul Kelly (fighter)
fighter,Paul Kimble,0,no article
fighter,Paul Lopes,0,no article
fighter,Paul Lumihi,0,no article
fighter,Paul Marghitas,0,no article
fighter,Paul McVeigh,0,no article
fighter,Paul Moreno,0,no article
fighter,Paul Márquez,0,no article
fighter,Paul Márquez Moreno,0,no article
fighter,Paul Redmond,0,no article
fighter,Paul Rodriguez,0,no article
fighter,Paul Ruiz,12,Paul Ruiz (mixed martial artist)
fighter,Paul Sass,16,Paul Sass
fighter,Paul Smith,0,no article
fighter,Paul Song,0,no article
fighter,Paul Taylor,19,Paul Taylor (fighter)
fighter,Paul Tolaș,0,no article
fighter,Paul Toma,0,no article
fighter,Paul-Emmanuel Gnaze,0,no article
fighter,Paula Cristina,0,no article
fighter,Paulina Borkowska,0,no article
fighter,Paulina Vargas,0,no article
fighter,Paulina Wiśniewska,8,Paulina Wiśniewska
fighter,Pauline Macias,0,Pauline Macias
fighter,Paulino Siller,0,no article
fighter,Paull McBain,0,no article
fighter,Paulo Cesar Silva,0,same article as another: Giant Silva
fighter,Paulo Costa,21,Paulo Costa
fighter,Paulo Filho,33,Paulo Filho
fighter,Paulo Filho (c),0,no article
fighter,Paulo Henrique Laia,0,no article
fighter,Paulo Henrique da Silva,0,no article
fighter,Paulo Oliveira,0,no article
fighter,Paulo Portillo,0,no article
fighter,Paulo Renato Jr.,0,no article
fighter,Paulo Silva,0,no article
fighter,Paulo Thiago,30,Paulo Thiago
fighter,Paulo Yoshiaki Muraoka,0,no article
fighter,Pav Singh Sahota,0,no article
fighter,Pavel Andrusca,0,no article
fighter,Pavel Dailidko (c),0,no article
fighter,Pavel Gordeev,0,no article
fighter,Pavel Tóth,0,no article
fighter,Pavel Vitruk,0,no article
fighter,Pavel Vitruk (c),0,no article
fighter,Pavel Vladev,0,no article
fighter,Pavel Voronin,0,no article
fighter,Pavlo Kusch,0,no article
fighter,Pavol Langer,0,no article
fighter,Pavol Langer (ic),0,no article
fighter,Pawan Maan Singh,0,no article
fighter,Pawel Nastula,11,Paweł Nastula
fighter,Pawel Pawlak,31,Paweł Pawlak
fighter,Pawel Zymansky,0,no article
fighter,Paweł Jezierski,0,no article
fighter,Paweł Kiełek,0,no article
fighter,Paweł Pawlak,0,same article as another: Paweł Pawlak
fighter,Paweł Pawlak (c),0,no article
fighter,Payam Heydarian,0,no article
fighter,Payton Brezinski,0,no article
fighter,Payton Talbott,17,Payton Talbott
fighter,Peace Nguphane,0,no article
fighter,Pearl Gonzalez,19,Pearl Gonzalez
fighter,Pedro Carvalho,25,Pedro Carvalho (fighter)
fighter,Pedro Doreto,0,no article
fighter,Pedro Falcão,0,no article
fighter,Pedro Henrique Dias,0,no article
fighter,Pedro Henrique Santos,0,no article
fighter,Pedro Lay Jr.,0,no article
fighter,Pedro Lopes,0,no article
fighter,Pedro Machado,0,no article
fighter,Pedro Munhoz,32,Pedro Munhoz
fighter,Pedro Nakano,0,no article
fighter,Pedro Nobre,0,no article
fighter,Pedro Oliveira,0,no article
fighter,Pedro Paulino,0,no article
fighter,Pedro Peña,0,no article
fighter,Pedro Piña,0,no article
fighter,Pedro Ribeiro,0,no article
fighter,Pedro Rizzo,31,Pedro Rizzo
fighter,Pedro Romero,0,no article
fighter,Pedro Rubio,0,no article
fighter,Pedro Silva,0,no article
fighter,Pedro Sousa,0,no article
fighter,Pedro Trujillo,0,no article
fighter,Pedro Victor de Souza,0,no article
fighter,Per Eklund,20,Per Eklund (fighter)
fighter,Percy Herrera,0,no article
fighter,Perry Filkins,10,Perry Filkins
fighter,Perry Stargel,0,no article
fighter,Petchbanrai Singha Mawynn,0,no article
fighter,Petchmanee Sor.Jaruwan,0,no article
fighter,Petchmorakot Petchyindee (c),0,no article
fighter,Petchmuangsri Tded99,0,no article
fighter,Petchtanong Petchfergus,0,no article
fighter,Petchthong Kiatsongrit,0,no article
fighter,Pete Dominguez,0,no article
fighter,Pete Keepers,0,no article
fighter,Pete Martin,0,no article
fighter,Pete Rodriguez,0,no article
fighter,Pete Rogers Jr.,0,no article
fighter,Pete Sell,17,Pete Sell
fighter,Pete Spratt,49,Pete Spratt
fighter,Peter Aerts,3,Peter Aerts
fighter,Peter Balaž,0,no article
fighter,Peter Barrett,0,no article
fighter,Peter Danasoe,0,no article
fighter,Peter Danesoe,0,no article
fighter,Peter Davis,0,no article
fighter,Peter Duncan,0,no article
fighter,Peter Gabal,0,no article
fighter,Peter Graham,21,Peter Graham (fighter)
fighter,Peter Ishiguro,0,no article
fighter,Peter Ligier,0,no article
fighter,Peter Lucitt,0,no article
fighter,Peter Nascimento,0,no article
fighter,Peter Neufeld,0,no article
fighter,Peter Petties,0,no article
fighter,Peter Queally,23,Peter Queally (fighter)
fighter,Peter Sabala,0,no article
fighter,Peter Sobotta,25,Peter Sobotta
fighter,Peter Stanonik,0,no article
fighter,Petklangna Sitphuyainiran,0,no article
fighter,Petr Bartoněk,0,no article
fighter,Petr Kníže,0,no article
fighter,Petr Yan,25,Petr Yan
fighter,Petr Yan (c),0,no article
fighter,Petr Yan (ic),0,no article
fighter,Petra Částková,0,no article
fighter,Petru Buzdugan,0,no article
fighter,Petru Ursachi,0,no article
fighter,Petruţa Nicula,0,no article
fighter,Petsaenkom Yaicheyseafood,0,no article
fighter,Phanrith Lookjaomaesaiwaree,0,no article
fighter,PhetjeeJa Lukjaoporongtom,0,no article
fighter,Phetjeeja Lukjaoporongtom,0,no article
fighter,Phetjeeja Lukjaoporongtom (c),0,no article
fighter,Phetjeeja Lukjaoporongtom (ic),0,no article
fighter,Phetsukumvit Boybangna,0,no article
fighter,Phil Baroni,35,Phil Baroni
fighter,Phil Brown,0,no article
fighter,Phil Caracappa,0,no article
fighter,Phil Cardella,13,Phil Cardella
fighter,Phil Collins,0,no article
fighter,Phil Dace,0,no article
fighter,Phil Davis,34,Phil Davis (fighter)
fighter,Phil Davis (c),0,no article
fighter,Phil De Fries,36,Phil De Fries
fighter,Phil De Fries (c),0,no article
fighter,Phil Gonzalez,0,no article
fighter,Phil Harris,36,Phil Harris (fighter)
fighter,Phil Hawes,19,Phil Hawes
fighter,Philip Latu,0,no article
fighter,Philip Mulpeter,0,no article
fighter,Philip Perez,0,no article
fighter,Philip Rowe,19,Philip Rowe
fighter,Philipe Lins,24,Philipe Lins
fighter,Phillip Latu,0,no article
fighter,Phillip Platt,0,no article
fighter,Phillip Wyman,0,no article
fighter,Phillipe Martins,0,no article
fighter,Phillipe Nover,23,Phillipe Nover
fighter,Phoe Thaw,0,no article
fighter,Phoenix Jones,11,Phoenix Jones
fighter,Phumi Nkuta,0,no article
fighter,Phyan Thway,0,no article
fighter,Piankhi Zimmerman,0,no article
fighter,Piera Rodriguez,0,no article
fighter,Piera Rodríguez,0,no article
fighter,Piergiulio Paolucci,0,no article
fighter,Pierluigi De Prospo,0,no article
fighter,Piero Guaylupo,0,no article
fighter,Pierre Ba,0,no article
fighter,Pierre Daguzan,0,no article
fighter,Pierre Thivierge,0,no article
fighter,Pierre Walters,0,no article
fighter,Pierre-Olivier Bouffard,0,no article
fighter,Pieter Buist,0,no article
fighter,Pietro Menga,0,no article
fighter,Pietro Mochetti,0,no article
fighter,Pietro Penini,0,no article
fighter,Pindi Madahar,0,no article
fighter,Piotr Chudzik,0,no article
fighter,Piotr Hallmann,25,Piotr Hallmann
fighter,Piotr Kacprzak,0,no article
fighter,Piotr Kuberski,19,Piotr Kuberski
fighter,Piotr Kuberski (ic),0,no article
fighter,Piotr Lisek,2,Piotr Lisek
fighter,Piotr Niedzielski,32,Piotr Niedzielski
fighter,Piotr Wawrzyniak,0,no article
fighter,Piotr Wawrzyniak (ic),0,no article
fighter,Plinio Cruz,0,no article
fighter,Ploymuangjan SmileMuayThai,0,no article
fighter,Ploypanlan P.K.Saenchai,0,no article
fighter,Po'ai Suganuma,0,no article
fighter,Poai Suganuma,0,no article
fighter,Poliana Botelho,14,Poliana Botelho
fighter,Polo Reyes,20,Polo Reyes
fighter,Pololu Nakanelua,0,no article
fighter,Polyana Viana,22,Polyana Viana
fighter,Pongsiri Mitsatit,0,no article
fighter,Pongsiri P.K.Saenchai,0,no article
fighter,Poppies Martinez,41,Poppies Martinez
fighter,Posed Man,0,no article
fighter,Pouya Rahmani,0,no article
fighter,Prajanchai P.K.Saenchai,0,no article
fighter,Prajanchai P.K.Saenchai (c),0,no article
fighter,Prajanchai P.K.Saenchai (ic),0,no article
fighter,Prak Chansin,0,no article
fighter,Predrag Bogdanović,0,no article
fighter,Predrag Božović,0,no article
fighter,Preston LaGrange,0,no article
fighter,Preston Parsons,0,no article
fighter,Preston Schick,0,no article
fighter,Princeton Jackson,0,no article
fighter,Priscila Cachoeira,22,Priscila Cachoeira
fighter,Priscilla Hertati Lumban Gaol,12,Priscilla Hertati Lumban Gaol
fighter,Pro Escobedo,0,no article
fighter,Przemysław Górny,0,no article
fighter,Przemysław Mysiala,0,no article
fighter,Puja Tomar,15,Puja Tomar
fighter,Punahele Soriano,18,Punahele Soriano
fighter,Punyajit Likharu,0,no article
fighter,Purev Otgonjargal,0,no article
fighter,Puriya Golpour,0,no article
fighter,Pâmela Mara Assis,0,no article
fighter,Péter Guzsván,0,no article
fighter,Qasim Shafiq,0,no article
fighter,Qendrim Pallata,0,no article
fighter,Qihui Yan,0,no article
fighter,Qiu Jianliang,1,Qiu Jianliang
fighter,Qiu Lun,0,no article
fighter,Quadarrius McGinnis,0,no article
fighter,Quang Le,0,no article
fighter,Qudratullah Babakar Khil,0,no article
fighter,Queila Braga,0,no article
fighter,Quemuel Ottoni,0,no article
fighter,Quentin Pasley,0,no article
fighter,Quest Truxton,0,no article
fighter,Quillan Salkilld,14,Quillan Salkilld
fighter,Quincy Spruill,0,no article
fighter,Quinn Mulhern,22,Quinn Mulhern
fighter,Quinn Williams,0,no article
fighter,Quintin Richards,0,no article
fighter,Quinton Jackson,0,no article
fighter,Quinton Jackson (c),0,no article
fighter,Quinton McCottrell,0,no article
fighter,R'Mandel Cameron,0,no article
fighter,R.J. Clifford,0,no article
fighter,REICA,0,no article
fighter,RJ Harris,0,no article
fighter,Rab Truesdale,0,no article
fighter,Rabin Catalan,0,no article
fighter,Rachael Lippert,0,no article
fighter,Rachael Ostovich,13,Rachael Ostovich
fighter,Rachel Martinez,0,no article
fighter,Rachid El Hazoume,0,no article
fighter,Rachid Haz,0,no article
fighter,Rad Martinez,18,Rad Martinez
fighter,Rade Opačić,0,no article
fighter,Radeem Rahman,0,no article
fighter,Radek Roušal,0,no article
fighter,Radija Aquino,0,no article
fighter,Radley da Silva,0,no article
fighter,Radosław Paczuski,0,no article
fighter,Radovan Úškrt,0,no article
fighter,Radu Dorobanţ,0,no article
fighter,Radu Dorobanț,0,no article
fighter,Radu Mihăiță,0,no article
fighter,Radzhab Ramazanov,0,no article
fighter,Rafa García,23,Rafa García (fighter)
fighter,Rafael Alves,37,Rafael Alves (fighter)
fighter,Rafael Aronov,0,no article
fighter,Rafael Barbosa,0,no article
fighter,Rafael Bravo Beltrán,0,no article
fighter,Rafael Calderón,0,no article
fighter,Rafael Carvalho,26,Rafael Carvalho
fighter,Rafael Carvalho (c),0,no article
fighter,Rafael Cavalcante,21,Rafael Cavalcante
fighter,Rafael Cavalcante (c),0,no article
fighter,Rafael Cerqueira,0,no article
fighter,Rafael Costa,0,no article
fighter,Rafael Davis,0,no article
fighter,Rafael Dias,0,no article
fighter,Rafael Estevam,0,no article
fighter,Rafael Fiziev,19,Rafael Fiziev
fighter,Rafael García,0,no article
fighter,Rafael Hudson,0,no article
fighter,Rafael Hudson Gomes,0,no article
fighter,Rafael Lovato Jr.,11,Rafael Lovato Jr.
fighter,Rafael Macedo,0,no article
fighter,Rafael Natal,31,Rafael Natal
fighter,Rafael Nunes,0,no article
fighter,Rafael Nuñes,0,no article
fighter,Rafael Nuñez,0,no article
fighter,Rafael Pereira,0,no article
fighter,Rafael Pergentino,0,no article
fighter,Rafael Ramos,0,no article
fighter,Rafael Ramos Estevam,0,no article
fighter,Rafael Rebello,13,Rafael Rebello
fighter,Rafael Rios,0,no article
fighter,Rafael Rodríguez,0,no article
fighter,Rafael Salomão,0,no article
fighter,Rafael Saénz,0,no article
fighter,Rafael Silva,39,Rafael Silva (fighter)
fighter,Rafael Sáenz,0,no article
fighter,Rafael Tobias,0,no article
fighter,Rafael Viana,0,no article
fighter,Rafael Xavier,0,no article
fighter,Rafael de la Rosa,0,no article
fighter,Rafael del Real,0,no article
fighter,Rafael do Nascimento,0,no article
fighter,Rafael dos Anjos,49,Rafael dos Anjos
fighter,Rafael dos Anjos (c),0,no article
fighter,Rafaela Guedes,0,no article
fighter,Rafaela Silva,0,no article
fighter,Rafaello Oliveira,25,Rafaello Oliveira
fighter,Rafał Cejrowski,0,no article
fighter,Rafał Haratyk (c),0,no article
fighter,Rafał Raczyński,0,no article
fighter,Rafał Skibiński,0,no article
fighter,Raffael Cerqueira,0,no article
fighter,Raffaele Vitale,0,no article
fighter,Rafik-Bek Omarov,0,no article
fighter,Raheam Forest,0,no article
fighter,Rahul Raju,0,no article
fighter,Raiane Vinuto,0,no article
fighter,Raiden Kovacs,0,no article
fighter,Raika Kamimura,0,no article
fighter,Raika Nagasaki,0,no article
fighter,Raiki Endo,0,no article
fighter,Railson Paixão,0,no article
fighter,Raimond Magomedaliev,0,no article
fighter,Rainn Guerrero,0,no article
fighter,Rajina,0,no article
fighter,Rajinder Singh Meena,0,no article
fighter,Rak Erawan,0,no article
fighter,Rakan Adwan,0,no article
fighter,Rakim Cleveland,0,no article
fighter,Ralek Gracie,0,no article
fighter,Ralph Acosta,0,no article
fighter,Ralph Hernandez III,0,no article
fighter,Ralph Kelly,0,no article
fighter,Ralph Lopez,0,no article
fighter,Ralph Ribeiro,0,no article
fighter,Rama Supandhi,0,no article
fighter,Ramadan Ondash,0,no article
fighter,Ramana Toscanelli,0,no article
fighter,Ramazan Amaev,0,no article
fighter,Ramazan Emeev,29,Ramazan Emeev
fighter,Ramazan Gamzatov,0,no article
fighter,Ramazan Gasanov,0,no article
fighter,Ramazan Gitinov,0,no article
fighter,Ramazan Kishev,0,no article
fighter,Ramazan Kuramagomedov,14,Ramazan Kuramagomedov
fighter,Ramazan Ragimov,0,no article
fighter,Ramazan Temirov,0,no article
fighter,Rambolek Chor.Ajalaboon,0,no article
fighter,Rameau Thierry Sokoudjou,37,Sokoudjou
fighter,Ramfery Gutiérrez,0,no article
fighter,Rami Abuhave,0,no article
fighter,Rami Hamed,0,no article
fighter,Ramico Blackmon,0,no article
fighter,Ramil Mustapayev,0,no article
fighter,Ramin Sultanov,0,no article
fighter,Ramiro Jimenez,0,no article
fighter,Ramiro Jiménez,0,no article
fighter,Ramiro Ruiz,0,no article
fighter,Ramiro Saracho,0,no article
fighter,Ramiz Brahimaj,19,Ramiz Brahimaj
fighter,Ramiz Ismailov,0,no article
fighter,Ramon Costa,0,no article
fighter,Ramon Gonzales,0,no article
fighter,Ramon Mosqueda,0,no article
fighter,Ramon Taveras,0,no article
fighter,Ramona Pascual,0,no article
fighter,Ramsey Nijem,24,Ramsey Nijem
fighter,Ramzan Suleymanov,0,no article
fighter,Ramón Cardozo,0,no article
fighter,Ramón Grano,0,no article
fighter,Ramón Vizcarra,0,no article
fighter,Rana Rudra Pratap Singh,0,no article
fighter,Rana Willink,0,no article
fighter,Rance Foust,0,no article
fighter,Randa Markos,32,Randa Markos
fighter,Randall Wallace,0,no article
fighter,Randi Field,0,no article
fighter,Randy Billiot,0,no article
fighter,Randy Brown,28,Randy Brown (fighter)
fighter,Randy Costa,14,Randy Costa
fighter,Randy Couture,0,same article as another: Randy Couture
fighter,Randy Couture (c),0,no article
fighter,Randy Hauer,0,no article
fighter,Randy Kim,0,no article
fighter,Randy Mboyo,0,no article
fighter,Randy Rivera-Santiago,0,no article
fighter,Randy Shores,0,no article
fighter,Randy Smith,0,no article
fighter,Randy Steinke,0,no article
fighter,Rangel De Sa,0,no article
fighter,Rangel de Sá,0,no article
fighter,Rani Yahya,42,Rani Yahya
fighter,Ranjett Baria,0,no article
fighter,Ranju Date,0,no article
fighter,Ranki Kawana,0,no article
fighter,Rany Saadeh,0,no article
fighter,Raoni Barcelos,28,Raoni Barcelos
fighter,Raoul Romero,0,no article
fighter,Raphael Assunção,38,Raphael Assunção
fighter,Raphael Butler,12,Raphael Butler
fighter,Raphael Davis,16,Raphael Davis
fighter,Raphael Federico,0,no article
fighter,Raphael Ferreira,0,no article
fighter,Raphael Montini,0,no article
fighter,Raphael Montini de Lima,0,no article
fighter,Raphael Pessoa,17,Raphael Pessoa
fighter,Raphael Uchegbu,0,no article
fighter,Raquel Canuto,0,no article
fighter,Raquel Pennington,36,Raquel Pennington
fighter,Raquel Pennington (c),0,no article
fighter,Ras Hylton,0,no article
fighter,Rashaad Robinson,0,no article
fighter,Rashad Coulter,18,Rashad Coulter
fighter,Rashad Evans,32,Rashad Evans
fighter,Rashad Evans (c),0,no article
fighter,Rashard Lovelace,0,no article
fighter,Rashaun Spencer,0,no article
fighter,Rashid Kurbanov,0,no article
fighter,Rashid Magomedov,34,Rashid Magomedov
fighter,Rashid Vagabov,0,no article
fighter,Rashid Yusupov,0,no article
fighter,Rassul Khatayev,0,no article
fighter,Rastislav Zvara,0,no article
fighter,Rasul Albaskhanov,0,no article
fighter,Rasul Magomedov,0,no article
fighter,Rasul Magomedov (ic),0,no article
fighter,Rasul Yakhyaev,0,no article
fighter,Ratavious Thrasher,0,no article
fighter,Rauan Bekbolat,0,no article
fighter,Raufeon Stots,26,Raufeon Stots
fighter,Raufeon Stots (ic),0,no article
fighter,Raul Amaya,14,Raul Amaya
fighter,Raul Bellereza,0,no article
fighter,Raul Boștan,0,no article
fighter,Raul Castillo,8,Raul Castillo (fighter)
fighter,Raul Garcia,0,no article
fighter,Raul Lemberanskij,0,no article
fighter,Raul Navarrette,0,no article
fighter,Raul Rosas Jr.,19,Raul Rosas Jr.
fighter,Raul Sabou,0,no article
fighter,Raul Sandoval,0,no article
fighter,Raulian Paiva,31,Raulian Paiva
fighter,Raush Manfio,26,Raush Manfio
fighter,Raven Seymon,0,no article
fighter,Ravena Oliveira,0,no article
fighter,Ravshan Boymirzoev,0,no article
fighter,Ray Blodgett,0,no article
fighter,Ray Borg,21,Ray Borg
fighter,Ray Cooper III,41,Ray Cooper III
fighter,Ray Hayes,0,no article
fighter,Ray Jones,0,no article
fighter,Ray Lizama,0,no article
fighter,Ray Osborn,0,no article
fighter,Ray Perales,0,no article
fighter,Ray Rodriguez,0,no article
fighter,Ray Routh,0,no article
fighter,Ray Sefo,4,Ray Sefo
fighter,Ray Seraile,0,no article
fighter,Ray Sloan,9,Ray Sloan
fighter,Ray Taylor,0,no article
fighter,Ray Waters,0,no article
fighter,Ray Wood,0,no article
fighter,Rayan Atmani,0,no article
fighter,Rayan Balbali,0,no article
fighter,Rayan Kadosoe,0,no article
fighter,Rayanne Amanda,0,no article
fighter,Rayanne dos Santos,23,Rayanne dos Santos
fighter,Rayimbek Tazhibaev,0,no article
fighter,Rayko Leviţchi,0,no article
fighter,Rayko Levițchi,0,no article
fighter,Rayla Nascimento,0,no article
fighter,Raymond Daniels,0,no article
fighter,Raymond Daniels (c),0,no article
fighter,Raymond Pina,0,no article
fighter,Raymond Tan,0,no article
fighter,Raymond Tiew,0,no article
fighter,Rayner Kinsiong,0,no article
fighter,Raz Bring,0,no article
fighter,Razak Al-Hassan,0,no article
fighter,Razhabali Shaydullaev (c),0,no article
fighter,Raíssa Carvalho,0,no article
fighter,Raúl Bellereza,0,no article
fighter,Raúl Coronado,0,no article
fighter,Raúl Méndez,0,no article
fighter,Raúl Rosete,0,no article
fighter,Raúl Zaragoza,0,no article
fighter,Real Date,0,no article
fighter,Reant Fabriza Rainir,0,no article
fighter,Rebeca Lima,0,no article
fighter,Rebecca Adney,0,no article
fighter,Rebecca Bryggman,0,no article
fighter,Rebecca Heintzman,0,no article
fighter,Rebecca Ruth,0,no article
fighter,Rebin Fazil,0,no article
fighter,Reda Abdellaoui,0,no article
fighter,Redgie Hingston,0,no article
fighter,Reece McEwan,0,no article
fighter,Reece McLaren,0,no article
fighter,Reece Mclaren,0,no article
fighter,Reena Norville,0,no article
fighter,Reese Andy,10,Reese Andy
fighter,Reg Hingston,0,no article
fighter,Reggie Pena,0,no article
fighter,Reggie Peña,0,no article
fighter,Regian Eersel,0,no article
fighter,Regian Eersel (c),0,no article
fighter,Regina Tarin,0,no article
fighter,Regina Tarín,0,no article
fighter,Reginaldo Felix,0,no article
fighter,Reginaldo Geraldo Jr.,0,no article
fighter,Reginaldo Junior,0,no article
fighter,Reginaldo Vieira,0,no article
fighter,Regivaldo Carvalho,0,no article
fighter,Rei Tsuruya,0,no article
fighter,Reina Miura,19,Reina Miura
fighter,Reinaldo Ekson,0,no article
fighter,Reinier de Ridder,26,Reinier de Ridder
fighter,Reinier de Ridder (c),0,no article
fighter,Remigijus Morkevicius,21,Remigijus Morkevičius
fighter,Remo Cardarelli,0,no article
fighter,Remy Bonjasky,0,no article
fighter,Ren Hiramoto,8,Ren Hiramoto
fighter,Ren Sugiyama,0,no article
fighter,Rena Kubota,22,Rena Kubota
fighter,Rena Matsuda,0,no article
fighter,Renan Barão,46,Renan Barão
fighter,Renan Barão (c),0,no article
fighter,Renan Barão (ic),0,no article
fighter,Renan Ferreira,22,Renan Ferreira (fighter)
fighter,Renan Freitas,0,no article
fighter,Renat Khavalov,0,no article
fighter,Renat Khavalov (c),0,no article
fighter,Renat Ondar,0,no article
fighter,Renata Rakoczi,0,no article
fighter,Renato Alves,0,no article
fighter,Renato Canuto,0,no article
fighter,Renato Moicano,28,Renato Moicano
fighter,Renato Sobral,49,Renato Sobral
fighter,Renato Sobral (c),0,no article
fighter,Renato Valente,0,no article
fighter,Renato Verissimo,13,Renato Verissimo
fighter,Rene Catalan,0,no article
fighter,Rene Martinez,0,no article
fighter,Rene Nazare,13,Renê Nazare
fighter,Rene Pessoa,0,no article
fighter,Renee Robinson,0,no article
fighter,Renildo Monteiro,0,no article
fighter,Renzo Cortti,0,no article
fighter,Renzo Gracie,23,Renzo Gracie
fighter,Renáta Cseh-Lantos,0,no article
fighter,Renáta Lantos,0,no article
fighter,René Hernández,0,no article
fighter,Renée Forte,12,Renée Forte
fighter,Renê Nazare,0,same article as another: Renê Nazare
fighter,Rerisson Gabriel,0,no article
fighter,Reshal Malik,0,no article
fighter,Reuben Duran,19,Reuben Duran
fighter,Revo Sor.Sommai,0,no article
fighter,Rex Harris,0,no article
fighter,Rex Holman,0,no article
fighter,Rex Richards,0,no article
fighter,Rey Trujillo,0,no article
fighter,Reydon Romero,0,no article
fighter,Reyes Cortez,0,no article
fighter,Reylan Gracie,0,no article
fighter,Reza Madadi,20,Reza Madadi
fighter,Reza Masoum,0,no article
fighter,Reza Razavi,0,no article
fighter,Rhadi Ferguson,3,Rhadi Ferguson
fighter,Rhalan Gracie,0,no article
fighter,Rhalber Bernardo,0,no article
fighter,Rhi Rhi Hudson,0,no article
fighter,Rhi-Rhi Hudson,0,no article
fighter,Rhys McKee,23,Rhys McKee
fighter,Ricardo Abreu,0,no article
fighter,Ricardo Aguilar,0,no article
fighter,Ricardo Almeida,18,Ricardo Almeida
fighter,Ricardo Antonio Reyes,0,no article
fighter,Ricardo Arona,19,Ricardo Arona
fighter,Ricardo Arreola,0,no article
fighter,Ricardo Barros,0,no article
fighter,Ricardo Bravo,0,no article
fighter,Ricardo Centeno,0,no article
fighter,Ricardo Chávez Villaseñor,0,no article
fighter,Ricardo Deluque,0,no article
fighter,Ricardo Dias,0,no article
fighter,Ricardo Díaz,0,no article
fighter,Ricardo Funch,15,Ricardo Funch
fighter,Ricardo Garza,0,no article
fighter,Ricardo Hurtado,0,no article
fighter,Ricardo Hussein,0,no article
fighter,Ricardo Husseín,0,no article
fighter,Ricardo Jimenez,0,no article
fighter,Ricardo Lamas,28,Ricardo Lamas
fighter,Ricardo Leite de Almeida,0,no article
fighter,Ricardo Lemos,0,no article
fighter,Ricardo Mayorga,2,Ricardo Mayorga
fighter,Ricardo Messino,0,no article
fighter,Ricardo Morais,15,Ricardo Morais
fighter,Ricardo Prasel,0,no article
fighter,Ricardo Ramirez,0,no article
fighter,Ricardo Ramos,25,Ricardo Ramos (fighter)
fighter,Ricardo Ramírez,0,no article
fighter,Ricardo Rea,0,no article
fighter,Ricardo Reyes,0,no article
fighter,Ricardo Romero,14,Ricardo Romero (fighter)
fighter,Ricardo Seixas,0,no article
fighter,Ricardo Tirloni,32,Ricardo Tirloni
fighter,Ricardo Vasquez,0,no article
fighter,Ricards Ozols,0,no article
fighter,Riccardo Cantindig-Stagg,0,no article
fighter,Riccardo Nosiglia,0,no article
fighter,Ricco Rodriguez,83,Ricco Rodriguez
fighter,Rich Attonito,15,Rich Attonito
fighter,Rich Bouphanouvong,0,no article
fighter,Rich Clementi,69,Rich Clementi
fighter,Rich Crunkilton,23,Richard Crunkilton
fighter,Rich De Los Reyes,0,no article
fighter,Rich Franklin,37,Rich Franklin
fighter,Rich Franklin (c),0,no article
fighter,Rich Hale,31,Rich Hale
fighter,Rich Lictawa,0,no article
fighter,Rich Patishnock,0,no article
fighter,Richard Arsenault,0,no article
fighter,Richard Bouphanouvong,0,no article
fighter,Richard Corminal,0,no article
fighter,Richard Crunkilton,0,same article as another: Richard Crunkilton
fighter,Richard Daffron,0,no article
fighter,Richard Dalton,0,no article
fighter,Richard Foster,0,no article
fighter,Richard Godoy,0,no article
fighter,Richard Hale,0,same article as another: Rich Hale
fighter,Richard Harris,0,no article
fighter,Richard Jacobi,0,no article
fighter,Richard Kallos,0,no article
fighter,Richard Kiely,0,no article
fighter,Richard Knepp,0,no article
fighter,Richard Lasher,0,no article
fighter,Richard Mahan,0,no article
fighter,Richard Martins,0,no article
fighter,Richard McCorkel,0,no article
fighter,Richard Montgomery,0,no article
fighter,Richard Montoya,0,no article
fighter,Richard Muzaan,0,no article
fighter,Richard Odoms,0,no article
fighter,Richard Odoms (c),0,no article
fighter,Richard Palencia,0,no article
fighter,Richard Parra III,0,no article
fighter,Richard Patishnock,0,no article
fighter,Richard Silva,0,no article
fighter,Richard Symons,0,no article
fighter,Richard Walsh,14,Richard Walsh (fighter)
fighter,Richard White,0,no article
fighter,Richardson Moreira,0,no article
fighter,Richardson Santos,0,no article
fighter,Richie Hightower,0,no article
fighter,Richie Lewis,0,no article
fighter,Richie Lewis (c),0,no article
fighter,Richie Martinez,0,no article
fighter,Richie Miranda,0,no article
fighter,Richie Miranda (c),0,no article
fighter,Richie Santiago,0,no article
fighter,Richie Smullen,0,no article
fighter,Richie Vaculik,14,Richie Vaculik
fighter,Richie Whitson,0,no article
fighter,Rick Davis,0,no article
fighter,Rick Glenn,33,Ricky Glenn
fighter,Rick Gutierrez,0,no article
fighter,Rick Hawn,28,Rick Hawn
fighter,Rick McCorkell,0,no article
fighter,Rick Reger,0,no article
fighter,Rick Roufus,10,Rick Roufus
fighter,Rick Story,31,Rick Story
fighter,Rickey Furar,0,no article
fighter,Rickson Thai Zenidim,0,no article
fighter,Ricky Abdelaziz,0,no article
fighter,Ricky Bandejas,0,no article
fighter,Ricky Camp,0,no article
fighter,Ricky Esquibel,0,no article
fighter,Ricky Field,0,no article
fighter,Ricky Furar,0,no article
fighter,Ricky Glenn,0,same article as another: Ricky Glenn
fighter,Ricky Glenn (c),0,no article
fighter,Ricky Jackson,0,no article
fighter,Ricky Johnson,0,no article
fighter,Ricky Legere,26,Ricky Legere
fighter,Ricky Maynez,0,no article
fighter,Ricky Murphy,0,no article
fighter,Ricky Musgrave,0,no article
fighter,Ricky Palacios,0,no article
fighter,Ricky Rainey,19,Ricky Rainey
fighter,Ricky Simón,31,Ricky Simón
fighter,Ricky Simón (c),0,no article
fighter,Ricky Steele,0,no article
fighter,Ricky Turcios,0,no article
fighter,Rico Altamirano,0,no article
fighter,Rico DiSciullo,0,no article
fighter,Rico Disciullo,0,no article
fighter,Rico Farrington,0,no article
fighter,Rico Verhoeven,0,Rico Verhoeven
fighter,Rigo Oropeza,0,no article
fighter,Rigoberto Pérez,0,no article
fighter,Rika Ishige,0,no article
fighter,Rikako Yuasa,0,no article
fighter,Riki Fukuda,34,Riki Fukuda
fighter,Rikiya Kawakami,0,no article
fighter,Riku Shibuya,0,no article
fighter,Riku Urholin,0,no article
fighter,Rikuhei Fujii,0,no article
fighter,Riley Dutro,0,no article
fighter,Riley Miller,0,no article
fighter,Riley Wiseman,0,no article
fighter,Rin Nakai,32,Rin Nakai
fighter,Rin Saroth,0,no article
fighter,Rina Tomita,0,no article
fighter,Rinat Fakhretdinov,26,Rinat Fakhretdinov
fighter,Rinat Mingazov,0,no article
fighter,Rinya Nakamura,12,Rinya Nakamura
fighter,Rion Noda,0,no article
fighter,Riski Umar,0,no article
fighter,Ritnaka OrBorJor. NakhonPhanom,0,no article
fighter,Rittewada Petchyindee,0,no article
fighter,Rittidet Kiatsongrit,0,no article
fighter,Rittidet Sor.Sommai,0,no article
fighter,Ritu Phogat,12,Ritu Phogat
fighter,Rivaldo Junior,0,no article
fighter,Rivaldo Pereira,0,no article
fighter,River Daz,0,no article
fighter,Rizvan Abuev,0,no article
fighter,Rizvan Kuniev,19,Rizvan Kuniev
fighter,Rizvan Kuniev (c),0,no article
fighter,Rizwan Ali,0,no article
fighter,Rmandel Cameron,0,no article
fighter,Roan Carneiro,35,Roan Carneiro
fighter,Roan Crocker,0,no article
fighter,Rob Becker,0,no article
fighter,Rob Broughton,24,Rob Broughton
fighter,Rob Earls,0,no article
fighter,Rob Emerson,37,Rob Emerson
fighter,Rob Fenicle,0,no article
fighter,Rob Font,32,Rob Font
fighter,Rob Gooch,0,no article
fighter,Rob Hanna,0,no article
fighter,Rob Kimmons,40,Rob Kimmons
fighter,Rob Lisita,0,no article
fighter,Rob MacDonald,11,Rob MacDonald
fighter,Rob McCullough,27,Rob McCullough
fighter,Rob McCullough (c),0,no article
fighter,Rob Mills,0,no article
fighter,Rob Sinclair,0,no article
fighter,Rob Sinclair (c),0,no article
fighter,Rob Whiteford,23,Rob Whiteford
fighter,Rob Wilkinson,26,Rob Wilkinson
fighter,Rob Yundt,0,no article
fighter,Robb Anderson,0,no article
fighter,Robbie Lawler,47,Robbie Lawler
fighter,Robbie Lawler (c),0,no article
fighter,Robbie LeRoux,0,no article
fighter,Robbie Peralta,35,Robbie Peralta
fighter,Robbie Ring,0,no article
fighter,Robby Malof,0,no article
fighter,Robelis Despaigne,16,Robelis Despaigne
fighter,Robert Breslin,0,no article
fighter,Robert Bryczek,26,Robert Bryczek
fighter,Robert Casper,0,no article
fighter,Robert Constantin,0,no article
fighter,Robert Densley,0,no article
fighter,Robert Devane,0,no article
fighter,Robert Emerson,0,no article
fighter,Robert Escalante,0,no article
fighter,Robert Fazekaș,0,no article
fighter,Robert Fenicle,0,no article
fighter,Robert Gidron,0,no article
fighter,Robert Gontineac,0,no article
fighter,Robert Hale,0,no article
fighter,Robert Krecicki,0,no article
fighter,Robert Lau,0,no article
fighter,Robert McDaniel,0,same article as another: Bubba McDaniel
fighter,Robert McMasters,0,no article
fighter,Robert Morrow,0,no article
fighter,Robert Neal,0,no article
fighter,Robert Orbocea,0,no article
fighter,Robert Orbocea (c),0,no article
fighter,Robert Otani,0,no article
fighter,Robert Pukač,0,no article
fighter,Robert Reed,0,no article
fighter,Robert Ruchała,14,Robert Ruchała
fighter,Robert Ruiz,0,no article
fighter,Robert Turnquest,0,no article
fighter,Robert Valentin,0,no article
fighter,Robert Varricchio,0,no article
fighter,Robert Villegas,0,no article
fighter,Robert Washington,0,no article
fighter,Robert Watley,0,no article
fighter,Robert Watley (c),0,no article
fighter,Robert White,0,no article
fighter,Robert Whiteford,0,same article as another: Rob Whiteford
fighter,Robert Whittaker,30,Robert Whittaker (fighter)
fighter,Robert Whittaker (c),0,no article
fighter,Roberta Rovel,0,no article
fighter,Roberta Samad,0,no article
fighter,Roberto Davidson,0,no article
fighter,Roberto Gheorghiță,0,no article
fighter,Roberto Guerrero,0,no article
fighter,Roberto Hernandez,0,no article
fighter,Roberto Rodríguez,0,no article
fighter,Roberto Romero,0,no article
fighter,Roberto Sanchez,10,Roberto Sanchez (fighter)
fighter,Roberto Soldić,26,Roberto Soldić
fighter,Roberto Vargas,0,no article
fighter,Roberto Villalobos,0,no article
fighter,Roberto Yong,0,no article
fighter,Roberto Zambrano,0,no article
fighter,Roberto de Souza,25,Roberto de Souza
fighter,Robiel Tesfaldet,0,no article
fighter,Robin Catalan,0,no article
fighter,Robin Fošum,0,no article
fighter,Robin Frank,0,no article
fighter,Robin Roos,0,no article
fighter,Robin White,0,no article
fighter,Robson Gracie Jr.,0,no article
fighter,Robson Junior,0,no article
fighter,Rocky Batastini,0,no article
fighter,Rocky Batolbatol,0,no article
fighter,Rocky Edwards,0,no article
fighter,Rocky Lee,0,no article
fighter,Rocky Long,0,no article
fighter,Rod Montoya,0,no article
fighter,Rodney Kealohi,0,no article
fighter,Rodney Mondala,0,no article
fighter,Rodney Wallace,43,Rodney Wallace (fighter)
fighter,Rodolfo Bellato,0,no article
fighter,Rodolfo Marques,0,no article
fighter,Rodolfo Reseck,0,no article
fighter,Rodolfo Rocha,0,no article
fighter,Rodolfo Rubio,0,no article
fighter,Rodolfo Vieira,17,Rodolfo Vieira
fighter,Rodolpho Barcellos,0,no article
fighter,Rodrigo Almeida,0,no article
fighter,Rodrigo Brauna,0,no article
fighter,Rodrigo Capora,0,no article
fighter,Rodrigo Cirino Paiva,0,no article
fighter,Rodrigo Damm,23,Rodrigo Damm
fighter,Rodrigo Gripp de Sousa,0,no article
fighter,Rodrigo Lidio,0,no article
fighter,Rodrigo Lima,21,Rodrigo Lima (fighter)
fighter,Rodrigo Lima Novais,0,no article
fighter,Rodrigo Lídio,0,no article
fighter,Rodrigo Maldonado,0,no article
fighter,Rodrigo Marello,0,no article
fighter,Rodrigo Nascimento,18,Rodrigo Nascimento
fighter,Rodrigo Pinheiro,0,no article
fighter,Rodrigo Ponce,0,no article
fighter,Rodrigo Praia,0,no article
fighter,Rodrigo Praxedes,0,no article
fighter,Rodrigo Reyes,0,no article
fighter,Rodrigo Ribeiro,0,no article
fighter,Rodrigo Rivoin,0,no article
fighter,Rodrigo Roldan,0,no article
fighter,Rodrigo Sezinando,0,no article
fighter,Rodrigo Vera,0,no article
fighter,Rodrigo de Lima,0,no article
fighter,Rodtang Jitmuangnon,0,no article
fighter,Rodtang Jitmuangnon (c),0,no article
fighter,Rogelio Luna,0,no article
fighter,Rogelio Melgoza,0,no article
fighter,Rogent Lloret,0,no article
fighter,Roger Alves,0,no article
fighter,Roger Blanque,0,no article
fighter,Roger Bowling,19,Roger Bowling (fighter)
fighter,Roger Carroll,0,no article
fighter,Roger García,0,no article
fighter,Roger Gracie,10,Roger Gracie
fighter,Roger Hollett,18,Roger Hollett
fighter,Roger Hollett (c),0,no article
fighter,Roger Huerta,40,Roger Huerta
fighter,Roger Narvaez,12,Roger Narvaez
fighter,Roger Pratcher,0,no article
fighter,Roger Severson,0,no article
fighter,Roger Zapata,0,no article
fighter,Rogerio Furtado Ferreira,0,no article
fighter,Roggers Souza,0,no article
fighter,Rogério Bontorin,25,Rogério Bontorin
fighter,Roland Delorme,17,Roland Delorme
fighter,Roland Dunlap,0,no article
fighter,Roland Pruden,0,no article
fighter,Rolando Bedoya,0,no article
fighter,Rolando Delgado,18,Rolando Delgado
fighter,Rolando Dy,36,Rolando Dy
fighter,Rolando Perez,14,Rolando Perez
fighter,Rolando Velasco,0,no article
fighter,Roldan Sangcha-an,0,no article
fighter,Roli Delgado,0,same article as another: Rolando Delgado
fighter,Rolland Parli,0,no article
fighter,Rolles Gracie,12,Rolles Gracie Jr.
fighter,Rolles Gracie Jr.,0,same article as another: Rolles Gracie Jr.
fighter,Roma Kushnir,0,no article
fighter,Romain Debienne,0,no article
fighter,Roman Alcantar,0,no article
fighter,Roman Avdalyan,0,no article
fighter,Roman Bogatov,0,no article
fighter,Roman David,0,no article
fighter,Roman Dolidze,21,Roman Dolidze
fighter,Roman Dzhomart,0,no article
fighter,Roman Faraldo,0,no article
fighter,Roman Kiziuk,0,no article
fighter,Roman Kopylov,20,Roman Kopylov
fighter,Roman Kryklia,0,no article
fighter,Roman Kryklia (c),0,no article
fighter,Roman Kurashvili,0,no article
fighter,Roman Mitichyan,11,Roman Mitichyan
fighter,Roman Ogulchanskiy,0,no article
fighter,Roman Paulus,0,no article
fighter,Roman Pizzolato,0,no article
fighter,Roman Puga,0,no article
fighter,Roman Salazar,25,Roman Salazar
fighter,Roman Szymański,0,no article
fighter,Roman Zentsov,30,Roman Zentsov
fighter,Rome Trinidad,0,no article
fighter,Romello Union,0,no article
fighter,Romero Cotton,0,no article
fighter,Romero dos Reis,0,no article
fighter,Román Cordova,0,no article
fighter,Román Córdova,0,no article
fighter,Román López,0,no article
fighter,Ron Arana,0,no article
fighter,Ron Becker,0,no article
fighter,Ron Faircloth,0,no article
fighter,Ron Fields,0,no article
fighter,Ron Henderson,0,no article
fighter,Ron Humphrey,0,no article
fighter,Ron Keslar,20,Ron Keslar
fighter,Ron Sparks,11,Ron Sparks (fighter)
fighter,Ron Stallings,24,Ron Stallings
fighter,Ron Waterman,24,Ron Waterman
fighter,Ron Waterman (c),0,no article
fighter,Ronal Siahaan,0,no article
fighter,Ronald Carillo,0,no article
fighter,Ronald Coleman,0,no article
fighter,Ronald Humphrey,0,no article
fighter,Ronald Jhun,52,Ronald Jhun
fighter,Ronald Low,0,no article
fighter,Ronald Paradeiser,0,no article
fighter,Ronald Paradeiser (c),0,no article
fighter,Ronaldo Candido,0,no article
fighter,Ronaldo Júnior,0,no article
fighter,Ronaldo Rodríguez,20,Ronaldo Rodríguez
fighter,Ronaldo Souza,37,Ronaldo Souza
fighter,Ronaldo Souza (c),0,no article
fighter,Ronan Deegan,0,no article
fighter,Ronda Rousey,18,Ronda Rousey
fighter,Ronda Rousey (c),0,no article
fighter,Rong Zhu,35,Rong Zhu
fighter,Ronie Arana Leon,0,no article
fighter,Ronnie Gibbs,0,no article
fighter,Ronnie Lawrence,0,no article
fighter,Ronnie Mann,35,Ronnie Mann
fighter,Ronny Hauser,0,no article
fighter,Ronny Markes,37,Ronny Markes
fighter,Rono Junior,0,no article
fighter,Rony Henrique,0,no article
fighter,Rony Jason,34,Rony Jason
fighter,Ronys Torres,0,no article
fighter,Roosevelt Roberts,19,Roosevelt Roberts
fighter,Roque Conceição Moreira Jr.,0,no article
fighter,Roque Martinez,32,Roque Martinez
fighter,Roque Reyes,0,no article
fighter,Rory Evans,0,no article
fighter,Rory MacDonald,34,Rory MacDonald (fighter)
fighter,Rory MacDonald (c),0,no article
fighter,Rory Markham,22,Rory Markham
fighter,Rory Singer,20,Rory Singer
fighter,Rosario Arana,0,no article
fighter,Roscoe Jackson,0,no article
fighter,Rose Conceição,0,no article
fighter,Rose Conceição (c),0,no article
fighter,Rose Namajunas,29,Rose Namajunas
fighter,Rose Namajunas (c),0,no article
fighter,Roshaun Jones,0,no article
fighter,Rosi Sexton,18,Rosi Sexton
fighter,Ross Ebanez,0,no article
fighter,Ross Houston,0,no article
fighter,Ross Pearson,39,Ross Pearson
fighter,Ross Pointon,0,no article
fighter,Ross Richardson,0,no article
fighter,Rostem Akman,0,no article
fighter,Rousimar Palhares,33,Rousimar Palhares
fighter,Rousimar Palhares (c),0,no article
fighter,Rowan Pilger,0,no article
fighter,Roxana Crişan,0,no article
fighter,Roxana Crișan,0,no article
fighter,Roxana Dinescu,0,no article
fighter,Roxanne Modafferi,50,Roxanne Modafferi
fighter,Roy Benavides,0,no article
fighter,Roy Boughton,0,no article
fighter,Roy Docyogen,0,no article
fighter,Roy Doliguez,0,no article
fighter,Roy Jones,0,no article
fighter,Roy Neeman,0,no article
fighter,Roy Nelson,46,Roy Nelson
fighter,Roy Peretez,0,no article
fighter,Roybert Echeverria,0,no article
fighter,Royce Gracie,20,Royce Gracie
fighter,Royce White,1,Royce White
fighter,Royler Gracie,11,Royler Gracie
fighter,Royston Wee,5,Royston Wee
fighter,Ruan Potts,18,Ruan Potts
fighter,Ruben Baraiac,0,no article
fighter,Ruben Crawford,0,no article
fighter,Ruben Esparza,0,no article
fighter,Ruben Garcia,0,no article
fighter,Ruben García,0,no article
fighter,Ruben Onișor,0,no article
fighter,Ruben Rey,0,no article
fighter,Ruben Villareal,0,no article
fighter,Ruben Wolf,0,no article
fighter,Rubin Williams,1,Rubin Williams
fighter,Ruby Mesu,0,no article
fighter,Rubén Lozano,0,no article
fighter,Rudisel Mora,0,no article
fighter,Rudra Pratap Singh,0,no article
fighter,Rudson Caliocane,0,no article
fighter,Rudy Aguilar,0,no article
fighter,Rudy Bears,31,Rudy Bears
fighter,Rudy Lindsay,0,no article
fighter,Rudy Morales,0,no article
fighter,Rudy Schaffroth,0,no article
fighter,Rueben Johnson,0,no article
fighter,Ruel Catalan,0,no article
fighter,Ruel Pañales,0,no article
fighter,Rui Botelho,0,no article
fighter,Rui Kato,0,no article
fighter,Rukiya Anpo,1,Rukiya Anpo
fighter,Rumina Kurihara,0,no article
fighter,Rungnapa Por.Muangphet,0,no article
fighter,Rungrawee Sitsongpeenong,0,no article
fighter,Ruslan Abiltarov,0,no article
fighter,Ruslan Bagdasarian,0,no article
fighter,Ruslan Emilbek Uulu,0,no article
fighter,Ruslan Gabaraev,0,no article
fighter,Ruslan Kolodko,0,no article
fighter,Ruslan Magomedov,19,Ruslan Magomedov
fighter,Ruslan Medzhidov,0,no article
fighter,Ruslan Sariev,0,no article
fighter,Ruslan Serikpulov,0,no article
fighter,Ruslan Shamilov,0,no article
fighter,Ruslan Yamanbaev,0,no article
fighter,Russ Miura,0,no article
fighter,Russell Doane,26,Russell Doane
fighter,Russell Mizuguchi,0,no article
fighter,Russell Patrick,0,no article
fighter,Rustam Asuev,0,no article
fighter,Rustam Kerimov,0,no article
fighter,Rustam Khabilov,28,Rustam Khabilov
fighter,Rustam Serbiev,0,no article
fighter,Rustem Dyshekov,0,no article
fighter,Rustem Kudaibergenov,0,no article
fighter,Ruth Pereira,0,no article
fighter,Ruth Ravena,0,no article
fighter,Ryan Bader,43,Ryan Bader
fighter,Ryan Bader (c),0,no article
fighter,Ryan Ballingall,0,no article
fighter,Ryan Bastianelli,0,no article
fighter,Ryan Benoit,18,Ryan Benoit
fighter,Ryan Burton,0,no article
fighter,Ryan Cafaro,0,no article
fighter,Ryan Campbell,0,no article
fighter,Ryan Castro,0,no article
fighter,Ryan Charlebois,0,no article
fighter,Ryan Chester,0,no article
fighter,Ryan Contaldi,0,no article
fighter,Ryan Couture,17,Ryan Couture
fighter,Ryan Curtis,0,no article
fighter,Ryan DeRocher,0,no article
fighter,Ryan Debelak,0,no article
fighter,Ryan Dela Cruz,0,no article
fighter,Ryan Diaz,0,no article
fighter,Ryan Dickson,0,no article
fighter,Ryan Erickson,0,no article
fighter,Ryan Fathi,0,no article
fighter,Ryan Fillingame,0,no article
fighter,Ryan Firinaiu,0,no article
fighter,Ryan Ford,30,Ryan Ford (fighter)
fighter,Ryan Fortin,0,no article
fighter,Ryan Gandra,0,no article
fighter,Ryan Hall,14,Ryan Hall (fighter)
fighter,Ryan Hardy,0,no article
fighter,Ryan Hardy Evans,0,no article
fighter,Ryan Hayes,0,no article
fighter,Ryan Healy,40,Ryan Healy
fighter,Ryan Heck,0,no article
fighter,Ryan Hewitt,0,no article
fighter,Ryan Hollis,0,no article
fighter,Ryan Hoover,0,no article
fighter,Ryan Janes,12,Ryan Janes
fighter,Ryan Jensen,29,Ryan Jensen (fighter)
fighter,Ryan Jett,0,no article
fighter,Ryan Jimmo,24,Ryan Jimmo
fighter,Ryan Keenan,0,no article
fighter,Ryan Kim,0,no article
fighter,Ryan Kuse,0,no article
fighter,Ryan LaFlare,16,Ryan LaFlare
fighter,Ryan Larson,0,no article
fighter,Ryan Leininger,0,no article
fighter,Ryan Lilley,0,no article
fighter,Ryan Loder,0,no article
fighter,Ryan MacDonald,0,no article
fighter,Ryan Machan,0,no article
fighter,Ryan Madigan,0,no article
fighter,Ryan Martinez,19,Ryan Martinez (fighter)
fighter,Ryan McClain,0,no article
fighter,Ryan McGillivray,0,no article
fighter,Ryan McGivern,0,no article
fighter,Ryan Parker,0,no article
fighter,Ryan Pokryfky,0,no article
fighter,Ryan Quinn,22,Ryan Quinn
fighter,Ryan Roberts,37,Ryan Roberts (fighter)
fighter,Ryan Roddy,0,no article
fighter,Ryan Schultz,38,Ryan Schultz
fighter,Ryan Scope,0,no article
fighter,Ryan Sheehan,0,no article
fighter,Ryan Shell,0,no article
fighter,Ryan Shelley,0,no article
fighter,Ryan Spann,36,Ryan Spann
fighter,Ryan Stonitsch,0,no article
fighter,Ryan Sturdy,0,no article
fighter,Ryan Thomas,28,Ryan Thomas (fighter)
fighter,Ryan Tobar,0,no article
fighter,Ryan Walker,0,no article
fighter,Ryan White,0,no article
fighter,Ryan Williams,0,no article
fighter,Ryder Newman,0,no article
fighter,Ryo Chonan,35,Ryo Chonan
fighter,Ryo Kawamura,34,Ryo Kawamura
fighter,Ryo Murakoshi,0,no article
fighter,Ryo Nakajima,0,no article
fighter,Ryo Sakai,0,no article
fighter,Ryo Taguchi,0,no article
fighter,Ryo Takagi,0,no article
fighter,Ryoga Hirano,0,no article
fighter,Ryogo Takahashi,0,no article
fighter,Ryoji Kudo,0,no article
fighter,Ryoma Shishimoto,0,no article
fighter,Ryosuke Honda,0,no article
fighter,Ryosuke Komori,0,no article
fighter,Ryosuke Shibuya,0,no article
fighter,Ryot Waller,0,no article
fighter,Ryota Oki,0,no article
fighter,Ryota Sasaki,0,no article
fighter,Ryota Uozumi,0,no article
fighter,Ryskulbek Ibraimov,0,no article
fighter,Ryugo Takeuchi,0,no article
fighter,Ryuichi Murata,12,Ryuichi Murata
fighter,Ryuichiro Sumimura,0,no article
fighter,Ryusei Imamura,0,no article
fighter,Ryusei Kumagai,0,no article
fighter,Ryusuke Uemura,0,no article
fighter,Ryuta Noji,0,no article
fighter,Ryuta Sakurai,64,Ryuta Sakurai
fighter,Ryuto Sawada,0,no article
fighter,Ryuya Fukuda,0,no article
fighter,Ryuya Koide,0,no article
fighter,Ryuya Kusakabe,0,no article
fighter,Róbert Kertész,0,no article
fighter,Róbert Micura,0,no article
fighter,Róbert Miczura,0,no article
fighter,Róża Gumienna,0,no article
fighter,Rômulo Oliveira,0,no article
fighter,Răzvan Cercel,0,no article
fighter,Răzvan Duță,0,no article
fighter,Răzvan Macioi,0,no article
fighter,Răzvan Nițu,0,no article
fighter,Răzvan Radu,0,no article
fighter,Răzvan Stinghe,0,no article
fighter,Răzvan Tudora,0,no article
fighter,Răzvan Velcheran,0,no article
fighter,Saad Awad,39,Saad Awad
fighter,Saba Bolaghi,0,no article
fighter,Sabah Fadai,0,no article
fighter,Sabah Homasi,33,Sabah Homasi
fighter,Sabina Mazo,13,Sabina Mazo
fighter,Sabina Mazo (c),0,no article
fighter,Sabit Zhusupov,0,no article
fighter,Sabrina Oliveira,0,no article
fighter,Sabrina de Sousa,0,no article
fighter,Sabrinna de Sousa,0,no article
fighter,Sabriye Sengul,0,no article
fighter,Sabriye Şengül,10,Sabriye Şengül
fighter,Sachiko Fujimori,0,no article
fighter,Sachiko Yamamoto,0,no article
fighter,Sadae Numata,0,no article
fighter,Sadibou Sy,29,Sadibou Sy
fighter,Sado Uçar,0,no article
fighter,Sae Kokuho,0,no article
fighter,Saeksan Or. Kwanmuang,0,no article
fighter,Saemapetch Fairtex,0,no article
fighter,Saensiri Petch Por.Tor.Or,0,no article
fighter,Sage Northcutt,15,Sage Northcutt
fighter,Saher Qasmieh,0,no article
fighter,Sahil Siraj,0,no article
fighter,Said Akhmedkhanov,0,no article
fighter,Said Khatiev,0,no article
fighter,Said Nurmagomedov,23,Said Nurmagomedov
fighter,Said Sowma,0,no article
fighter,Said-Khusein Akhyadov,0,no article
fighter,Said-Magomed Abdulgaziev,0,no article
fighter,Said-Magomed Batukaev,0,no article
fighter,Said-Magomed Gimbatov,0,no article
fighter,Saidyokub Kakharamonov,0,no article
fighter,Saidyokub Kakhramonov,0,no article
fighter,Saiful Merican,0,no article
fighter,Saifulla Dzhabrailov,0,no article
fighter,Saifullah Dzhabrailov,0,no article
fighter,Saimon Oliveira,0,no article
fighter,Sakaengam Jitmuangnon,0,no article
fighter,Saki,0,no article
fighter,Sakura Mori,0,no article
fighter,Sal Guerriero,0,no article
fighter,Sal Woods,0,no article
fighter,Salah Eddine Hamli,0,no article
fighter,Salah Elkas,0,no article
fighter,Salahdine Parnasse,30,Salahdine Parnasse
fighter,Salahdine Parnasse (c),0,no article
fighter,Salaiman Ahmadyar,0,no article
fighter,Salamat Isbulaev,0,no article
fighter,Salamu Abdurakhmanov,0,no article
fighter,Salih Kulucan,0,no article
fighter,Salim El Ouassaidi,0,no article
fighter,Salim Mukhidinov,0,no article
fighter,Salim Touahri,16,Salim Touahri
fighter,Salimgerey Rasulov,0,no article
fighter,Salina Rowland,0,no article
fighter,Sally Krumdiack,0,no article
fighter,Salomão Albuquerque,0,no article
fighter,Salvador Becerra,0,no article
fighter,Salvador Cuevas,0,no article
fighter,Salvador Hernández,0,no article
fighter,Salvador Osorio,0,no article
fighter,Salvador Velásquez,0,no article
fighter,Salvador Woods,0,no article
fighter,Salvatore Bellotta,0,no article
fighter,Salvatore Liga,0,no article
fighter,Salvo Giudice,0,no article
fighter,Sam Alvey,62,Sam Alvey
fighter,Sam Ang Dun,0,no article
fighter,Sam Bracamonte,0,no article
fighter,Sam Creasey,0,no article
fighter,Sam Creasey (c),0,no article
fighter,Sam Fournier,0,no article
fighter,Sam Garrett,0,no article
fighter,Sam Hernandez,0,no article
fighter,Sam Hoger,16,Sam Hoger
fighter,Sam Hughes,18,Sam Hughes (fighter)
fighter,Sam Jones,0,no article
fighter,Sam Kei,0,no article
fighter,Sam Kelly,0,no article
fighter,Sam Liera,0,no article
fighter,Sam McCoy,0,no article
fighter,Sam Morgan,31,Sammy Morgan (fighter)
fighter,Sam Oropeza,18,Sam Oropeza
fighter,Sam Paneitz,0,no article
fighter,Sam Patterson,0,no article
fighter,Sam Robinson,0,no article
fighter,Sam Sicilia,31,Sam Sicilia
fighter,Sam Spengler,0,no article
fighter,Sam Stout,33,Sam Stout
fighter,Sam Toomer,0,no article
fighter,Sam Watford,0,no article
fighter,Sam Watling,0,no article
fighter,Sam Wells,0,no article
fighter,Sam-A Gaiyanghadao,0,Sam-A Gaiyanghadao
fighter,Saman Ashouri,0,no article
fighter,Samandar Murodov,0,no article
fighter,Samang Dun,0,no article
fighter,Samantha Aispuro,0,no article
fighter,Samara Santos,0,no article
fighter,Samarbek Sabyrzhan Uulu,0,no article
fighter,Samat Mamedov,0,no article
fighter,Samba Coulibaly,0,no article
fighter,Samereh Kiani,0,no article
fighter,Samet Agdeve,0,no article
fighter,Sami Amin,0,no article
fighter,Sami Aziz,0,no article
fighter,Sami Yahia,0,no article
fighter,Sami Zarabi,0,no article
fighter,Samingdam Chor.Ajalaboon,0,no article
fighter,Samingdam Looksuan,0,no article
fighter,Samir Aliev,0,no article
fighter,Samir Mrabet,0,no article
fighter,Sammy Morgan,0,same article as another: Sammy Morgan (fighter)
fighter,Sammy-Jo Luxton,0,no article
fighter,Samson Phommabout,0,no article
fighter,Samuel Bark,0,no article
fighter,Samuel Bielen,0,no article
fighter,Samuel Bily,0,no article
fighter,Samuel Blasco,0,no article
fighter,Samuel Bracamonte,0,no article
fighter,Samuel Bílý,0,no article
fighter,Samuel Cortés,0,no article
fighter,Samuel Dias,0,no article
fighter,Samuel Giguere,0,no article
fighter,Samuel Krištofič,0,no article
fighter,Samuel Nagai,0,no article
fighter,Samuel Romero,0,no article
fighter,Samuel Sanches,0,no article
fighter,Samuel Sierra,0,no article
fighter,Samuel Silva,0,no article
fighter,Samuel Silva (c),0,no article
fighter,Samuel Slater,0,no article
fighter,Samuel Toscano,0,no article
fighter,Samuele Di Guardo,0,no article
fighter,Samy Schiavo,0,no article
fighter,San Kim,0,no article
fighter,Sanae Kikuta,45,Sanae Kikuta
fighter,Sanaz Fayazmanesh,0,no article
fighter,Sandor Polik,0,no article
fighter,Sandra Chimeyo,0,no article
fighter,Sandra Lavado,0,no article
fighter,Sandra Peterhoff,0,no article
fighter,Sang Hoon Yoo,0,no article
fighter,Sang Jin Jung,0,no article
fighter,Sangmanee P.K.Saenchai,0,no article
fighter,Sanon Sadeck,0,no article
fighter,Santhiago Paiva da Frota,0,no article
fighter,Santiago Luna,9,Santiago Luna (fighter)
fighter,Santiago Ponzinibbio,42,Santiago Ponzinibbio
fighter,Santiago Prieto,0,no article
fighter,Santo Curatolo,0,no article
fighter,Santos Verdinez,0,no article
fighter,Sanzhar Adilov,0,no article
fighter,Sanzhar Azhibaev,0,no article
fighter,Sanzhar Zakirov,0,no article
fighter,Saori Ishioka,26,Saori Ishioka
fighter,Saori Oshima,28,Saori Oshima
fighter,Saparbek Safarov,13,Saparbek Safarov
fighter,Sara Collins,7,Sara Collins (fighter)
fighter,Sara Cova,0,no article
fighter,Sara Luzar-Smajić,0,no article
fighter,Sara McMann,21,Sara McMann
fighter,Sarah,0,no article
fighter,Sarah Alpar,0,no article
fighter,Sarah Barwick,0,no article
fighter,Sarah Click,0,no article
fighter,Sarah D'Alelio,18,Sarah D'Alelio
fighter,Sarah Frota,0,no article
fighter,Sarah Howell,0,no article
fighter,Sarah Kaufman,28,Sarah Kaufman
fighter,Sarah Kaufman (c),0,no article
fighter,Sarah Mahmood,0,no article
fighter,Sarah Moras,16,Sarah Moras
fighter,Sarah Payant,0,no article
fighter,Sarah Schneider,13,Sarah Schneider (fighter)
fighter,Sarah Shell,0,no article
fighter,Saray Orozco,0,no article
fighter,Saray Orozco (c),0,no article
fighter,Sardor Khudoyberdiev,0,no article
fighter,Sarek Shields,0,no article
fighter,Sari Hleihil,0,no article
fighter,Sarvarjon Khamidov,0,no article
fighter,Sasa Mucnjak,0,no article
fighter,Sasa Perkic,0,no article
fighter,Sascha Weinpolter,0,no article
fighter,Sasha Palatnikov,18,Sasha Palatnikov
fighter,Satomi Takano,35,Satomi Takano
fighter,Satoru Kitaoka,85,Satoru Kitaoka
fighter,Satoru Kitaoka (c),0,no article
fighter,Satoru Suzuki,0,no article
fighter,Satoru Takadaya,0,no article
fighter,Satoru Takahashi,0,no article
fighter,Satoshi Ishii,39,Satoshi Ishii
fighter,Satoshi Kamiyama,8,Takagenji Satoshi
fighter,Satsuki Kodama,0,no article
fighter,Saul Alfredo López,0,no article
fighter,Saul Almeida,35,Saul Almeida
fighter,Saul Elizondo,0,no article
fighter,Saul Rogers,0,no article
fighter,Saulo Cavalari,10,Saulo Cavalari
fighter,Savannah Marshall,1,Savannah Marshall
fighter,Savant Young,20,Savant Young
fighter,Savvas Michael,0,no article
fighter,Saw Ba Oo,4,Saw Ba Oo
fighter,Saw Hla Doe,0,no article
fighter,Saw Llay,0,no article
fighter,Saw Thae Oo,0,no article
fighter,Saw Yan Paing,0,no article
fighter,Sayaka Shioda,5,Sayaka Shioda
fighter,Saygid Abdulaev,0,no article
fighter,Saygid Guseyn Arslanaliev,0,no article
fighter,Saygid Izagakhmaev,0,no article
fighter,Saypulakadi Abdurakhmanov,0,no article
fighter,Sayuri Yamaguchi,0,no article
fighter,Saúl Cabrera,0,no article
fighter,Saúl Tijerina,0,no article
fighter,Saša Dajić,0,no article
fighter,Schyler Sootho,0,no article
fighter,Scott Askham,33,Scott Askham
fighter,Scott Barrett,0,no article
fighter,Scott Calvert,0,no article
fighter,Scott Carson,0,no article
fighter,Scott Cleve,21,Scott Cleve
fighter,Scott Clymer,0,no article
fighter,Scott Ettling,0,no article
fighter,Scott Futrell,0,no article
fighter,Scott Garland,0,no article
fighter,Scott Graham,0,no article
fighter,Scott Harvey,0,no article
fighter,Scott Heckman,0,no article
fighter,Scott Heston,0,no article
fighter,Scott Holtzman,20,Scott Holtzman
fighter,Scott Hudson,0,no article
fighter,Scott Jansen,0,no article
fighter,Scott Jorgensen,27,Scott Jorgensen
fighter,Scott Junk,0,no article
fighter,Scott Lighty,8,Scott Lighty
fighter,Scott Malone,0,no article
fighter,Scott McAfee,0,no article
fighter,Scott McDonald,0,no article
fighter,Scott Norton,0,no article
fighter,Scott O'Shaughnessy,0,no article
fighter,Scott Pedersen,0,no article
fighter,Scott Shaffer,0,no article
fighter,Scott Smith,30,Scott Smith (fighter)
fighter,Scott Smith (c),0,no article
fighter,Scott Stapp,0,no article
fighter,Scott Thometz,0,no article
fighter,Scott Ventimiglia,0,no article
fighter,Scott Writz,0,no article
fighter,Scottie Stockman,0,no article
fighter,Scotty Hao,0,no article
fighter,Sczar Charles,0,no article
fighter,Se Young Kim,0,no article
fighter,Sean Bassett,0,no article
fighter,Sean Brady,21,Sean Brady (fighter)
fighter,Sean Cantor,0,no article
fighter,Sean Clancy Jr.,0,no article
fighter,Sean Clements,0,no article
fighter,Sean Climaco,0,no article
fighter,Sean Connor Fallon,0,no article
fighter,Sean Felton,0,no article
fighter,Sean Gannon,0,no article
fighter,Sean Gauci,0,no article
fighter,Sean Holden,0,no article
fighter,Sean Johnson,0,no article
fighter,Sean King III,0,no article
fighter,Sean Lally,0,no article
fighter,Sean Loeffler,0,no article
fighter,Sean McCorkle,27,Sean McCorkle
fighter,Sean McCormac,0,no article
fighter,Sean McPadden,0,no article
fighter,Sean O'Connell,31,Sean O'Connell (fighter)
fighter,Sean O'Haire,6,Sean O'Haire
fighter,Sean O'Malley,24,Sean O'Malley (fighter)
fighter,Sean O'Malley (c),0,no article
fighter,Sean Pierson,20,Sean Pierson
fighter,Sean Powers,0,no article
fighter,Sean Rose,0,no article
fighter,Sean Salmon,39,Sean Salmon
fighter,Sean Scott,0,no article
fighter,Sean Sharaf,0,no article
fighter,Sean Sherk,41,Sean Sherk
fighter,Sean Sherk (c),0,no article
fighter,Sean Soriano,24,Sean Soriano
fighter,Sean Spencer,19,Sean Spencer (fighter)
fighter,Sean Stebbins,0,no article
fighter,Sean Strickland,38,Sean Strickland
fighter,Sean Strickland (c),0,no article
fighter,Sean Strube,0,no article
fighter,Sean Tobin,0,no article
fighter,Sean Tucker,0,no article
fighter,Sean William Cerveny,0,no article
fighter,Sean Wilson,0,no article
fighter,Sean Woodson,17,Sean Woodson
fighter,Sebas Santana Guedes,0,no article
fighter,Sebastian Ciobanu,0,no article
fighter,Sebastian Cozmâncă,0,no article
fighter,Sebastian Decowski,0,no article
fighter,Sebastian Gaibor,0,no article
fighter,Sebastian Heil,0,no article
fighter,Sebastian Herzberg,0,no article
fighter,Sebastian Horvath,0,no article
fighter,Sebastian Ion,0,no article
fighter,Sebastian Przybysz,0,no article
fighter,Sebastian Przybysz (c),0,no article
fighter,Sebastian Ruiz,0,no article
fighter,Sebastian Santana Guedes,0,no article
fighter,Sebastian Szalay,0,no article
fighter,Sebastien Di Franco,0,no article
fighter,Sedric Richard,0,no article
fighter,Sedriques Dumas,0,no article
fighter,Sei Ikeda,0,no article
fighter,Seichi Ikemoto,45,Seichi Ikemoto
fighter,Seigo Inoue,0,no article
fighter,Seigo Yamamoto,0,no article
fighter,Seiji Ogura,0,no article
fighter,Seiji Takeda,0,no article
fighter,Seika Izawa,18,Seika Izawa
fighter,Seika Izawa (c),0,no article
fighter,Seiki Ryo,0,no article
fighter,Seina,0,no article
fighter,Seiwa Kaneda,0,no article
fighter,Seiya Ameyama,0,no article
fighter,Seiya Inoue,0,no article
fighter,Seiya Kawahara,0,no article
fighter,Selim Topuz,0,no article
fighter,Selina Flores,0,no article
fighter,Semmy Schilt,41,Semmy Schilt
fighter,Senan Coakley,0,no article
fighter,Senzo Ikeda,0,no article
fighter,Seo Hee Ham,0,same article as another: Seo Hee Ham
fighter,Seo Hee Ham (c),0,no article
fighter,Seo Woo Jin,0,no article
fighter,Seo Ye Dam,0,no article
fighter,Seok Chan Jung,0,no article
fighter,Seok Han Park,0,no article
fighter,Seok Mo Kim,0,no article
fighter,Seong Bin Hong,0,no article
fighter,Seong Hyun Yoon,0,no article
fighter,Serge Dancos,0,no article
fighter,Sergei Bilostenniy,0,no article
fighter,Sergei Choi,0,no article
fighter,Sergei Kharitonov,48,Sergei Kharitonov
fighter,Sergei Pavlovich,24,Sergei Pavlovich
fighter,Sergey Alekseevich,0,no article
fighter,Sergey Bilostenniy,0,no article
fighter,Sergey Chmel,0,no article
fighter,Sergey Golyaev,34,Sergey Golyaev
fighter,Sergey Kalinin,0,no article
fighter,Sergey Khandozhko,34,Sergey Khandozhko
fighter,Sergey Morozov,24,Sergey Morozov (fighter)
fighter,Sergey Nekhoroshoev,0,no article
fighter,Sergey Shemetov,0,no article
fighter,Sergey Shirkunov,0,no article
fighter,Sergey Smelov,0,no article
fighter,Sergey Starodub,0,no article
fighter,Serghei Spivac,25,Serghei Spivac
fighter,Sergio Barajas,0,no article
fighter,Sergio Cossio,0,no article
fighter,Sergio Cossio (c),0,no article
fighter,Sergio Fontanellas,0,no article
fighter,Sergio Galindo,0,no article
fighter,Sergio Gavinelli,0,no article
fighter,Sergio Gomez,0,no article
fighter,Sergio Hernández,0,no article
fighter,Sergio Martinez,0,no article
fighter,Sergio Murilo,0,no article
fighter,Sergio Ortiz,0,no article
fighter,Sergio Pettis,33,Sergio Pettis
fighter,Sergio Pettis (c),0,no article
fighter,Sergio Quinones,0,no article
fighter,Sergio Quintero,0,no article
fighter,Sergio Rios,0,no article
fighter,Sergio Vignare,0,no article
fighter,Sergio Villaruel,0,no article
fighter,Sergio Vinagre,0,no article
fighter,Sergio da Silva,0,no article
fighter,Sergio de Bari,0,no article
fighter,Sergio de Jesus Santos,0,no article
fighter,Sergiu Barbarosa,0,no article
fighter,Sergiu Breb,0,no article
fighter,Sergiu Gureu,0,no article
fighter,Sergiusz Zając,11,Sergiusz Zając
fighter,Serhiy Adamchuk,16,Serhii Adamchuk
fighter,Serhiy Sidey,0,no article
fighter,Seri Saito,0,no article
fighter,Serigo Gavinelli,0,no article
fighter,Serik Razgaliev,0,no article
fighter,Serob Minasyan,0,no article
fighter,Seth Baczynski,43,Seth Baczynski
fighter,Seth Bass,0,no article
fighter,Seth Dikun,0,no article
fighter,Seth Humpries,0,no article
fighter,Seth Kleinbeck,0,no article
fighter,Seth Petruzelli,22,Seth Petruzelli
fighter,Seung Deuk Kwak,0,no article
fighter,Seung Ho Yang,0,no article
fighter,Seung Hyuk Hong,0,no article
fighter,Seung Min Baek,0,no article
fighter,Seung Min Shin,0,no article
fighter,Seung Mo Park,0,no article
fighter,Seung Woo Choi,19,Seung Woo Choi
fighter,Seung Yeon Kim,0,no article
fighter,Sevak Khachatryan,0,no article
fighter,Seyed Hossein Mousavi,0,no article
fighter,Seyed Mostafa Salehizadeh,0,no article
fighter,Sha Whittington,0,no article
fighter,Shad Lierley,0,no article
fighter,Shad Walters,0,no article
fighter,Shadi Kabbani,0,no article
fighter,Shadid Abdurazakov,0,no article
fighter,Shadland Walters,0,no article
fighter,Shadow Singha Mawynn,0,no article
fighter,Shadrick Dju Yemba,0,no article
fighter,Shah Bobonis,0,no article
fighter,Shahbulat Shamhalaev,16,Shahbulat Shamhalaev
fighter,Shaheen Santana,0,no article
fighter,Shahid Hussain,0,no article
fighter,Shahram Hotak,0,no article
fighter,Shajidul Haque (c),0,no article
fighter,Shakeem Richardson,0,no article
fighter,Shakh Mammaev,0,no article
fighter,Shakhban Alkhasov,0,no article
fighter,Shakhban Gapizov,0,no article
fighter,Shakhmar Sadygov,0,no article
fighter,Shakhriyor Jurayev,0,no article
fighter,Shakir Al-Tekreeti,0,no article
fighter,Shakir McKillip,0,no article
fighter,Shamar Bailey,27,Shamar Bailey
fighter,Shamar Perez,0,no article
fighter,Shamara Braga,0,no article
fighter,Shamidkhan Magomedov,0,no article
fighter,Shamidkhan Magomedov (ic),0,no article
fighter,Shamil Abdulaev,0,no article
fighter,Shamil Abdulkhamidov,0,no article
fighter,Shamil Abdurakhimov,28,Shamil Abdurakhimov
fighter,Shamil Adukhov,0,no article
fighter,Shamil Basaev,0,no article
fighter,Shamil Boraev,0,no article
fighter,Shamil Erdogan,0,no article
fighter,Shamil Gamzatov,19,Shamil Gamzatov
fighter,Shamil Gasanov,0,no article
fighter,Shamil Gaziev,18,Shamil Gaziev
fighter,Shamil Magomedov,0,no article
fighter,Shamil Musaev,20,Shamil Musaev (fighter)
fighter,Shamil Nikaev,0,no article
fighter,Shamil Ramazanov,0,no article
fighter,Shamil Yamilov,0,no article
fighter,Shamil Zavurov,48,Shamil Zavurov
fighter,Shamir Garcia,0,no article
fighter,Shan Cangelosi,0,no article
fighter,Shana Dobson,11,Shana Dobson
fighter,Shana Nelson,0,no article
fighter,Shane Burgos,21,Shane Burgos
fighter,Shane Campbell,32,Shane Campbell
fighter,Shane Carwin,13,Shane Carwin
fighter,Shane Carwin (ic),0,no article
fighter,Shane Collins,0,no article
fighter,Shane Del Rosario,13,Shane del Rosario
fighter,Shane Faulkner,0,no article
fighter,Shane Howell,23,Shane Howell
fighter,Shane Hutchison,0,no article
fighter,Shane Keefe,0,no article
fighter,Shane Kruchten,0,no article
fighter,Shane Manley,0,no article
fighter,Shane Mitchell,0,no article
fighter,Shane Mullen,0,no article
fighter,Shane Nelson,23,Shane Nelson (fighter)
fighter,Shane Omer,0,no article
fighter,Shane Primm,0,no article
fighter,Shane Roller,18,Shane Roller
fighter,Shane Shapiro,0,no article
fighter,Shane Sobnosky,0,no article
fighter,Shane Sobnosky Jr.,0,no article
fighter,Shane Torres,0,no article
fighter,Shane Young,21,Shane Young
fighter,Shane del Rosario,0,same article as another: Shane del Rosario
fighter,Shanelle Dyer,0,no article
fighter,Shania Arredondo,0,no article
fighter,Shanna Young,20,Shanna Young
fighter,Shannel Butler,0,no article
fighter,Shannon Clark,0,no article
fighter,Shannon Clark (c),0,no article
fighter,Shannon Goughary,0,no article
fighter,Shannon Gugerty,22,Shannon Gugerty
fighter,Shannon Hooper,0,no article
fighter,Shannon Ross,0,no article
fighter,Shannon Sinn,13,Shannon Sinn
fighter,Shannon Wiratchai,19,Shannon Wiratchai
fighter,Shannon van Tonder,0,no article
fighter,Shanon Slack,7,Shanon Slack
fighter,Shaquan Moore,0,no article
fighter,Shaqueme Rock,0,no article
fighter,Sharabutdin Magomedov,18,Sharabutdin Magomedov
fighter,Sharaf Davlatmurodov,0,no article
fighter,Sharapudin Magomedov,0,no article
fighter,Sharapudin Ziyaudinov,0,no article
fighter,Sharaputdin Ataev,0,no article
fighter,Sharif Kushaev,0,no article
fighter,Sharif Mohammed Ali,0,no article
fighter,Sharifzhon Akhmedov,0,no article
fighter,Shaun Asher,0,no article
fighter,Shaun Etchell,0,no article
fighter,Shaun Fraser,0,no article
fighter,Shaun Spath,0,no article
fighter,Shaun Taylor,0,no article
fighter,Shauna Bannon,0,no article
fighter,Shavkat Rakhmonov,19,Shavkat Rakhmonov
fighter,Shawn Albrecht,0,no article
fighter,Shawn Bunch,17,Shawn Bunch
fighter,Shawn Claudino da Silva,0,no article
fighter,Shawn Jordan,30,Shawn Jordan
fighter,Shawn Levesque,0,no article
fighter,Shawn Major,0,no article
fighter,Shawn Marcos da Silva,0,no article
fighter,Shawn Solis,0,no article
fighter,Shawn Stefanelli,0,no article
fighter,Shawn Teed,0,no article
fighter,Shawn West,0,no article
fighter,Shawna Ormsby,0,no article
fighter,Shay Ingram,0,no article
fighter,Shay Montague,0,no article
fighter,Shay Walsh,0,no article
fighter,Shayilan Nuerdanbieke,51,Shayilan Nuerdanbieke
fighter,Shayna Baszler,28,Shayna Baszler
fighter,Shea Conley,0,no article
fighter,Shealor Ladd,0,no article
fighter,Sheila Gaff,20,Sheila Gaff
fighter,Sheila Padilla,0,no article
fighter,Shelda Chipito,0,no article
fighter,Shelden Struble,0,no article
fighter,Sheldon Ryan,0,no article
fighter,Sheldon Westcott,15,Sheldon Westcott
fighter,Shelton Graves,0,no article
fighter,Shelton Sales,0,no article
fighter,Shem Rock,0,no article
fighter,Shergazy Kenjebaev,0,no article
fighter,Shergazy Kenjebekov,0,no article
fighter,Sherilyn Lim,0,no article
fighter,Sherlyn Sánchez,0,no article
fighter,Sherman Pendergarst,0,no article
fighter,Sherrard Blackledge,0,no article
fighter,Sherron Leggett,0,no article
fighter,Sherwin Price,0,no article
fighter,Sherzod Kabutov,0,no article
fighter,Sheymon Moraes,24,Sheymon Moraes
fighter,Shi Ming,0,no article
fighter,Shido Boris Esperanca,0,no article
fighter,Shido Boris Esperança,0,no article
fighter,Shigeki Osawa,24,Shigeki Osawa
fighter,Shigeru Momoi,0,no article
fighter,Shigeyuki Uchiyama,0,no article
fighter,Shiho Harada,0,no article
fighter,Shiho Shiho,0,no article
fighter,Shikhikhlas Dzhamalov,0,no article
fighter,Shimon Gosh,0,no article
fighter,Shimon Smotritsky,0,no article
fighter,Shimon Yoshinari,0,no article
fighter,Shin Haraguchi,0,no article
fighter,Shin Hee Min,0,no article
fighter,Shin Hyuk Kang,0,no article
fighter,Shin Katayama,0,no article
fighter,Shinechagtga Zoltsetseg,0,no article
fighter,Shingo Kohara,0,no article
fighter,Shingo Shibata,0,no article
fighter,Shingo Suzuki,34,Shingo Suzuki (mixed martial artist)
fighter,Shinichi Ishikawa,0,no article
fighter,Shinichi Kojima,25,Shinichi Kojima
fighter,Shinichiro Hattori,0,no article
fighter,Shinji Sasaki,0,no article
fighter,Shinji Sunaga,0,no article
fighter,Shinji Suzuki,0,no article
fighter,Shinobu Ota,14,Shinobu Ota
fighter,Shinpei Sotoyama,0,no article
fighter,Shinsho Anzai,15,Shinsho Anzai
fighter,Shinsuke Shoji,0,no article
fighter,Shintaro Ishiwatari,39,Shintaro Ishiwatari
fighter,Shinya Aoki,64,Shinya Aoki
fighter,Shinya Aoki (c),0,no article
fighter,Shinya Kumazawa,0,no article
fighter,Shiori Hori,0,no article
fighter,Shir Cohen,0,no article
fighter,Shirzad Qadrian,0,no article
fighter,Shizuka Sugiyama,34,Shizuka Sugiyama
fighter,Sho Kazama,0,no article
fighter,Sho Nakaizumi,0,no article
fighter,Sho Nishida,0,no article
fighter,Sho Patrick Usami,0,no article
fighter,Sho Uchida,0,no article
fighter,Shoaib Yousaf,0,no article
fighter,Shohei Mitsuda,0,no article
fighter,Shohei Nose,0,no article
fighter,Shoiatbek Bazarbaev,0,no article
fighter,Shoji Maruyama,0,no article
fighter,Shojin Miki,0,no article
fighter,Shoki Hoshikubo,0,no article
fighter,Shoko Fujita,0,no article
fighter,Shoko Sato,0,no article
fighter,Shoma Shibisai,0,no article
fighter,Shonie Carter,92,Shonie Carter
fighter,Shonte Barnes,0,no article
fighter,Shota,0,no article
fighter,Shota Nagano,0,no article
fighter,Shota Shimada,0,no article
fighter,Shovkhal Churchaev,0,no article
fighter,Shoya Ishiguro,0,no article
fighter,Shozo Isojima,0,no article
fighter,Shuichi Kanda,0,no article
fighter,Shuichiro Katsumura,23,Shuichiro Katsumura
fighter,Shuki Farage,0,no article
fighter,Shun Okamoto,0,no article
fighter,Shungo Oyama,33,Shungo Oyama
fighter,Shunichi Akimoto,0,no article
fighter,Shunichi Shimizu,0,no article
fighter,Shunji Saito,0,no article
fighter,Shunsuke Kimura,0,no article
fighter,Shunta Nomura,0,no article
fighter,Shunya Imai,0,no article
fighter,Shuuichi Shibue,0,no article
fighter,Shuya Arimura,0,no article
fighter,Shuya Kamikubo,0,no article
fighter,Shuya Kimura,0,no article
fighter,Shye Lilly,0,no article
fighter,Si Won Park,0,no article
fighter,Si Woo Park,20,Si Woo Park
fighter,Si Yoon Park,0,no article
fighter,Siala-Mou Siliga,20,Mighty Mo (kickboxer)
fighter,Sid Bice,0,no article
fighter,Sidemar Honorio,0,no article
fighter,Sidiah Parker,0,no article
fighter,Sidney Outlaw,29,Sidney Outlaw
fighter,Sidney Silva,0,no article
fighter,Sidney Trillo,0,no article
fighter,Sierra Dinwoodie,0,no article
fighter,Sigi Pesaleli,0,no article
fighter,Sijara Eubanks,17,Sijara Eubanks
fighter,Silvana Gómez Juárez,18,Silvana Gómez Juárez
fighter,Silvestre Sanchez,0,no article
fighter,Silvestre Sánchez,0,no article
fighter,Silviu Cudalbu,0,no article
fighter,Silviu Ionescu,0,no article
fighter,Silviu Vitez,1,Silviu Vitez
fighter,Sim Bunsrun,0,no article
fighter,Sim Kai Xiong,0,no article
fighter,Simbarashe Hokonya,0,no article
fighter,Simeon Atanasov,0,no article
fighter,Simeon Powell,0,no article
fighter,Simeon Thoresen,24,Simeon Thoresen
fighter,Simeone D'Anna,0,no article
fighter,Simeón Powell,0,no article
fighter,Simon Biyong,0,no article
fighter,Simon Carson,0,no article
fighter,Simon Lagarde,0,no article
fighter,Simon Marini,0,no article
fighter,Simon Ridgway,0,no article
fighter,Simon Smotritsky,0,no article
fighter,Simone D'Anna,0,no article
fighter,Simone La Preziosa,0,no article
fighter,Simone Patrizi,0,no article
fighter,Simone Verlingieri,0,no article
fighter,Sinar Corzo,0,no article
fighter,Sinead Kavanagh,16,Sinead Kavanagh
fighter,Singphayak HamaGym,0,no article
fighter,Sinsamut Klinmee,0,no article
fighter,Sinéadh Ní Nualláin,0,no article
fighter,Sipanhya Koummalasy,0,no article
fighter,Sirazhudin Abdulaev,0,no article
fighter,Sirwan Kakai,0,no article
fighter,Siteu Senghor,0,no article
fighter,Sitik Muduev,0,no article
fighter,Sitthichai Sitsongpeenong,0,no article
fighter,Siyaku Dumiso Nomvemve,0,no article
fighter,Siyar Bahadurzada,33,Siyar Bahadurzada
fighter,Sky Moiseichik,0,no article
fighter,Skyler Hicks,0,no article
fighter,Slava Borshchev,0,no article
fighter,Slim Trabelsi,0,no article
fighter,Slimen Hassaini,0,no article
fighter,Slobodan Djordjević,0,no article
fighter,Slobodan Maksimovic,0,no article
fighter,Slobodan Maksimović,0,no article
fighter,Smealinho Rama,17,Smealinho Rama
fighter,Smealinho Rama (c),0,no article
fighter,Smilla Sundell,2,Smilla Sundell
fighter,Smilla Sundell (c),0,no article
fighter,So Hee Lim,0,no article
fighter,So Yul Kim,0,no article
fighter,Soa Palelei,27,Soa Palelei
fighter,Socrates Hernandez,0,no article
fighter,Sodiq Yusuff,18,Sodiq Yusuff
fighter,Soe Htet Oo,0,no article
fighter,Soe Lin Oo,0,Soe Lin Oo
fighter,Sofia Garza,0,no article
fighter,Sofia Landi,0,no article
fighter,Sofia Montenegro,0,no article
fighter,Sofiane Aïssaoui,19,Sofiane Aïssaoui
fighter,Sofiane Bouafia,0,no article
fighter,Sofiane Boukichou,0,no article
fighter,Sofiia Bagishvili,0,no article
fighter,Sofía Landi,0,no article
fighter,Sojiro Orui,0,no article
fighter,Sol Renato,0,no article
fighter,Solangel Vera,0,no article
fighter,Solo Hatley,0,no article
fighter,Solo Hatley Jr.,0,no article
fighter,Solomon Hutcherson,19,Solomon Hutcherson
fighter,Solomon Renfro,0,no article
fighter,Solomon Simon,0,no article
fighter,Solomon Simon (c),0,no article
fighter,Soma Watanabe,0,Soma Watanabe
fighter,Song Kenan,31,Song Kenan
fighter,Song Min-jong,0,no article
fighter,Song Yadong,35,Song Yadong
fighter,Songchainoi Kiatsongrit,0,no article
fighter,Songchana Tor.Brucelee,0,no article
fighter,Sonny Luque,0,no article
fighter,Sonny Nielsen,0,no article
fighter,Sonny Yohn,0,no article
fighter,Sonrak Fairtex,0,no article
fighter,Sonrak Sit Por.Jor.Wor.,0,no article
fighter,Soo Chul Kim,35,Soo Chul Kim
fighter,Soo Chul Kim (c),0,no article
fighter,Soo Min Kang,0,no article
fighter,Soo Wan Park,0,no article
fighter,Soo Yeon Lee,0,no article
fighter,Sophie Lang,0,no article
fighter,Sor Sey,0,no article
fighter,Soren Bak,0,no article
fighter,Sorin Căliniuc,0,no article
fighter,Sorin Pop,0,no article
fighter,Sorin Tănăsie,0,no article
fighter,Sorinel Grancea,0,no article
fighter,Soslan Abanokov,0,no article
fighter,Soslan Gasiev,0,no article
fighter,Sotaro Yamada,0,no article
fighter,Sotir Kichukov,0,no article
fighter,Soufiane Kabil,0,no article
fighter,Souheil Kaouchen,0,no article
fighter,Souhil Tahiri,0,no article
fighter,Souhil Tahïri,0,no article
fighter,Souhil Taïri,0,no article
fighter,Souris Manfredi,0,no article
fighter,Souru Hamaguchi,0,no article
fighter,Soyoung Park,0,no article
fighter,Soyu Tanabe,0,no article
fighter,Spencer Fisher,33,Spencer Fisher
fighter,Spencer Flores,0,no article
fighter,Spencer Herns,0,no article
fighter,Spencer Hewitt,0,no article
fighter,Spencer Higa,0,no article
fighter,Spencer Jebb,0,no article
fighter,Spencer Rohovie,0,no article
fighter,Spencer Smith,0,no article
fighter,Spike Carlyle,23,Spike Carlyle
fighter,Stamp Fairtex,13,Stamp Fairtex
fighter,Stanislav Nedkov,15,Stanislav Nedkov
fighter,Stanislav Vlasenko,0,no article
fighter,Stanley Dorsainvil,0,no article
fighter,Starling Simmons,0,no article
fighter,Stav Economou,0,no article
fighter,Stav Koren,0,no article
fighter,Stef Murray,0,no article
fighter,Stefan Končar,0,no article
fighter,Stefan Magalhães,0,no article
fighter,Stefan Sekulić,0,no article
fighter,Stefan Struve,42,Stefan Struve
fighter,Stefano Bruno,0,no article
fighter,Stefano Catacoli,0,no article
fighter,Stefano Paterno,0,no article
fighter,Stefano Paternò,0,no article
fighter,Stefany Díaz,0,no article
fighter,Stefer Rahardian,0,no article
fighter,Stella Hemetsberger,0,no article
fighter,Stephan Bonnar,25,Stephan Bonnar
fighter,Stephan Guidea,0,no article
fighter,Stephanie Egger,14,Stephanie Egger
fighter,Stephanie Frausto,17,Stephanie Frausto
fighter,Stephanie Geltmacher,6,Stephanie Geltmacher
fighter,Stephanie Guimaraes,0,no article
fighter,Stephanie Hernandez,0,no article
fighter,Stephanie Ielö Page,0,no article
fighter,Stephanie Luciano,0,no article
fighter,Stephanie Nayen,0,no article
fighter,Stephanie Webber,0,no article
fighter,Stephen Banaszak,0,no article
fighter,Stephen Beaumont,0,no article
fighter,Stephen Costello,0,no article
fighter,Stephen Langdown,0,no article
fighter,Stephen Ledbetter,0,no article
fighter,Stephen Loman,20,Stephen Loman
fighter,Stephen Martinez,0,no article
fighter,Stephen Regman,0,no article
fighter,Stephen Skoch,0,no article
fighter,Stephen Stirewalt,0,no article
fighter,Stephen Thompson,27,Stephen Thompson (fighter)
fighter,Sterling Ford,0,no article
fighter,Stevan Belakov,0,no article
fighter,Steve Berger,47,Steve Berger
fighter,Steve Bossé,14,Steve Bossé
fighter,Steve Bruno,21,Steve Bruno
fighter,Steve Byrnes,0,no article
fighter,Steve Cantwell,13,Steve Cantwell
fighter,Steve Carl,30,Steve Carl
fighter,Steve Carl (c),0,no article
fighter,Steve Collins,0,no article
fighter,Steve Dickey,0,no article
fighter,Steve Erceg,18,Steve Erceg
fighter,Steve Fischetti,0,no article
fighter,Steve Gable,0,no article
fighter,Steve Garcia,25,Steve Garcia
fighter,Steve Hadsel,0,no article
fighter,Steve Harper,0,no article
fighter,Steve Jones,0,no article
fighter,Steve Kennedy,0,no article
fighter,Steve Kozola,13,Steve Kozola
fighter,Steve Lopez,0,no article
fighter,Steve MacDonald,0,no article
fighter,Steve Mocco,6,Steve Mocco
fighter,Steve Montgomery,0,no article
fighter,Steve Mora,0,no article
fighter,Steve Mowry,0,no article
fighter,Steve Ramirez,0,no article
fighter,Steve Skrzat,0,no article
fighter,Steve Steinbeiss,13,Steve Steinbeiss
fighter,Steve Swanson,0,no article
fighter,Steve Vigneault,0,no article
fighter,Steven Almeida,0,no article
fighter,Steven Asplund,0,no article
fighter,Steven Banks,0,no article
fighter,Steven Ciacco,0,no article
fighter,Steven Durr,0,no article
fighter,Steven Graham,0,no article
fighter,Steven Gruber,0,no article
fighter,Steven Hill,0,no article
fighter,Steven Hoffman,0,no article
fighter,Steven Jones,0,no article
fighter,Steven Koslow,0,no article
fighter,Steven Krt,0,no article
fighter,Steven Lontine,0,no article
fighter,Steven Lynch,0,no article
fighter,Steven Mann,0,no article
fighter,Steven Merrill,0,no article
fighter,Steven Newell,0,no article
fighter,Steven Nguyen,0,no article
fighter,Steven Peterson,30,Steven Peterson
fighter,Steven Rodriguez,0,no article
fighter,Steven Siler,60,Steven Siler
fighter,Stevie Lee,0,no article
fighter,Stevie Ray,39,Stevie Ray (fighter)
fighter,Stewart Nicoll,0,no article
fighter,Stipe Brčić,0,no article
fighter,Stipe Miocic,30,Stipe Miocic
fighter,Stipe Miocic (c),0,no article
fighter,Stiven Shehu,0,no article
fighter,Stiven Valencia,0,no article
fighter,Stjepan Bekavac,0,no article
fighter,Stoney Hale,0,no article
fighter,Stuart Austin,0,no article
fighter,Stuart Fontaine,0,no article
fighter,Stuart Gooch,0,no article
fighter,Styve Ngono Essono,0,no article
fighter,Stéphanie Page,0,no article
fighter,Su Mudaerji,28,Su Mudaerji
fighter,Su Yeon Lee,0,no article
fighter,Sua Tuani,0,no article
fighter,Suablack Tor.Pran49,0,no article
fighter,Suakim Sor.Jor.Tongprajin,0,no article
fighter,Suasday Chau,0,no article
fighter,Suayai Chor.Hapayak,0,no article
fighter,Subanbekov Syimyk,0,no article
fighter,Suchika Tariyal,0,no article
fighter,Sudsakorn Sor Klinmee,0,Sudsakorn Sor Klinmee
fighter,Suguru Hayasaka,0,no article
fighter,Suguru Nii,0,no article
fighter,Suhrob Aidarbekov,0,no article
fighter,Sukhrob Iusupov,0,no article
fighter,Sukhrobbek Atazhanov,0,no article
fighter,Sulaiman Looksuan,0,no article
fighter,Sulangrangbo,0,no article
fighter,Sulim Batalov,0,no article
fighter,Sullivan Cauley,11,Sullivan Cauley
fighter,Sulo Hilaj,0,no article
fighter,Sultan Aliev,18,Sultan Aliev
fighter,Sultan Tagiev,0,no article
fighter,Sultan Umar,0,no article
fighter,Suman Mokhtarian,0,no article
fighter,Sumie Yamada,0,no article
fighter,Sumiko Inaba,17,Sumiko Inaba
fighter,Sumio Koyano,0,no article
fighter,Sumire Takahashi,0,no article
fighter,Sumit Kumar,0,no article
fighter,Sun Yoo Cheon,0,no article
fighter,Sung Bin Jo,0,no article
fighter,Sung Chan Kang,0,no article
fighter,Sung Il Son,0,no article
fighter,Sung Jae Kim,0,no article
fighter,Sung Jun Park,0,no article
fighter,Sung Ming Yen,0,no article
fighter,Sung Soo Lee,0,no article
fighter,Sunni Imhotep,0,no article
fighter,Sunoto Peringkat,0,no article
fighter,Superball Tded99,0,no article
fighter,Superbon Singha Mawynn,0,no article
fighter,Superbon Singha Mawynn (c),0,no article
fighter,Supergirl Jaroonsak,0,no article
fighter,Supergirl Jarronsak,0,no article
fighter,Superlek Jitmuangnon,0,no article
fighter,Superlek Kiatmoo9,0,no article
fighter,Superlek Kiatmookao,0,no article
fighter,Superlek Kiatmuu9,0,no article
fighter,Superlek Kiatmuu9 (c),0,no article
fighter,Suriyanlek Por.Yenying,0,no article
fighter,Susovan Ghosh,0,no article
fighter,Susset Gomez,0,no article
fighter,Susset Gómez,0,no article
fighter,Suwanan Boonsorn,11,Suwanan Boonsorn
fighter,Svetlana Gotsyk,0,no article
fighter,Svetlozar Savov,0,no article
fighter,Sviatoslav Matafonov,0,no article
fighter,Swain Cangco,0,no article
fighter,Swayne Lunasco,0,no article
fighter,Sydney Machado,0,no article
fighter,Syimyk Eldiyar Uulu,0,no article
fighter,Sylvain Potard,0,no article
fighter,Sylvester Chipfumbu,0,no article
fighter,Sylvester Terkay,4,Sylvester Terkay
fighter,Syuri Kondo,8,Syuri
fighter,Szymon Bajor,0,no article
fighter,Szymon Broncel,0,no article
fighter,Szymon Karolczyk,0,no article
fighter,Sérgio Moraes,25,Sérgio Moraes
fighter,Sóslenis Carvalho,0,no article
fighter,Søren Bak,0,no article
fighter,Sławomir Szczepański,0,no article
fighter,T. J. Cook,18,T. J. Cook
fighter,T. J. Grant,26,TJ Grant
fighter,T.J Jones,0,no article
fighter,T.J. Barber,0,no article
fighter,T.J. Brown,33,T.J. Brown
fighter,T.J. Dillashaw,24,T.J. Dillashaw
fighter,T.J. Dillashaw (c),0,no article
fighter,T.J. Laramie,0,no article
fighter,T.J. O'Brien,0,no article
fighter,T.J. Sumler,0,no article
fighter,TJ Arcengal,0,no article
fighter,TJ Hepburn,0,no article
fighter,TJ O'Brien,0,no article
fighter,TJ Waldburger,25,TJ Waldburger
fighter,Tabatha Ricci,17,Tabatha Ricci
fighter,Tabatha Watkins,0,no article
fighter,Tadashi Okada,0,no article
fighter,Tadasu Tokita,0,no article
fighter,Tadasuke Yoshida,0,no article
fighter,Tae Gyun Kim,0,no article
fighter,Tae Ho Jin,0,no article
fighter,Tae Hyun Bang,28,Tae Hyun Bang
fighter,Tae Hyun Lee,0,no article
fighter,Tae In Kim,0,no article
fighter,Tae Kyun Kim,0,no article
fighter,Tae Sung Kim,0,no article
fighter,Tae Woong Eom,0,no article
fighter,Tae Young Ahn,0,no article
fighter,Tae Young Yoon,0,no article
fighter,Tafon Nchukwi,13,Tafon Nchukwi
fighter,Tagir Khalilov,0,no article
fighter,Tagir Machmudov,0,no article
fighter,Tagir Magomedov,0,no article
fighter,Tagir Mikailovich Magomedov,0,no article
fighter,Tagir Ulanbekov,20,Tagir Ulanbekov
fighter,Taha Bendaoud,0,no article
fighter,Tahel Sotelo,0,no article
fighter,Tahir Abdullayev,0,no article
fighter,Tai Sor.Jor. Piek-U-Thai,0,no article
fighter,Tai Tuivasa,27,Tai Tuivasa
fighter,Taichi Nakajima,0,no article
fighter,Taiei Kin,7,Taiei Kin
fighter,Taiga Iwasaki,0,no article
fighter,Taiki Naito,0,no article
fighter,Taiki Yahiro,0,no article
fighter,Taila Santos,28,Taila Santos
fighter,Tainara Lisboa,0,no article
fighter,Taio Asahisa,0,no article
fighter,Taisei Mizusugi,0,no article
fighter,Taisei Nishitani,0,no article
fighter,Taisei Sakuraba,0,no article
fighter,Taisha Gandy,0,no article
fighter,Taishi Hiratsuka,0,no article
fighter,Taishi Ikeda,0,no article
fighter,Tait Fletcher,0,no article
fighter,Taiyilake Nueraji,0,no article
fighter,Taiyo Nakahara,0,no article
fighter,Taka Mhandu,0,no article
fighter,Takafumi Ito,0,no article
fighter,Takafumi Otsuka,50,Takafumi Otsuka
fighter,Takafumi Shiroma,0,no article
fighter,Takagi Yamato,0,no article
fighter,Takahiro Ashida,0,no article
fighter,Takahiro Moriizumi,0,no article
fighter,Takahiro Oba,0,no article
fighter,Takahiro Sano,0,no article
fighter,Takaichi Hirayama,0,no article
fighter,Takaki Soya,0,no article
fighter,Takako Lizuka,0,no article
fighter,Takamori Ibu,0,no article
fighter,Takanori Gomi,52,Takanori Gomi
fighter,Takanori Gomi (c),0,no article
fighter,Takanori Saito,0,no article
fighter,Takashi Hasegawa,0,no article
fighter,Takashi Nomiya,0,no article
fighter,Takashi Sato,25,Takashi Sato
fighter,Takashi Sugiura,3,Takashi Sugiura
fighter,Takashi Tachikawa,0,no article
fighter,Takayo Hashi,30,Takayo Hashi
fighter,Takayo Hashi (c),0,no article
fighter,Takayuki Hirayasu,0,no article
fighter,Takayuki Kishi,0,no article
fighter,Takayuki Nakasato,0,no article
fighter,Takeaki Miyakawa,0,no article
fighter,Takeharu Ogawa,0,no article
fighter,Takehiro Iseya,0,no article
fighter,Takemori Ishibashi,0,no article
fighter,Takenori Sato,41,Takenori Sato
fighter,Takeru Segawa,0,no article
fighter,Takeru Uchida,0,no article
fighter,Takeshi Egami,0,no article
fighter,Takeshi Inoue,35,Takeshi Inoue (mixed martial artist)
fighter,Takeshi Izumi,0,no article
fighter,Takeshi Kurotani,0,no article
fighter,Takeshi Numajiri,0,no article
fighter,Takeshi Takano,0,no article
fighter,Takeshi Yamazaki,0,no article
fighter,Taketi Matsuda,0,no article
fighter,Taketo Tomita,0,no article
fighter,Taketoshi Suzuki,0,no article
fighter,Takeya Mizugaki,39,Takeya Mizugaki
fighter,Taku Aramaki,0,no article
fighter,Takumi Murata,0,no article
fighter,Takumi Umehara,0,no article
fighter,Takumi Yano,0,no article
fighter,Takuro Takuro,0,no article
fighter,Takuya Eizumi,0,no article
fighter,Takuya Oniki,0,no article
fighter,Takuya Shibamura,0,no article
fighter,Takuya Wada,41,Takuya Wada (mixed martial artist)
fighter,Talant Musakeev,0,no article
fighter,Talekh Gamidov,0,no article
fighter,Talha Derdiyok,0,no article
fighter,Talia Amanda,0,no article
fighter,Talison Soares,0,no article
fighter,Talita Alencar,10,Talita Alencar
fighter,Talita Bernardo,16,Talita Bernardo
fighter,Talita Nogueira,10,Talita Nogueira
fighter,Tallison Teixeira,11,Tallison Teixeira
fighter,Tamaki Usui,0,no article
fighter,Tamdan McCrory,19,Tamdan McCrory
fighter,Tamerlan Chagaev,0,no article
fighter,Tamerlan Dulatov,0,no article
fighter,Tamerlan Khadzhimuradov,0,no article
fighter,Tamerlan Kulaev,0,no article
fighter,Tamerlan Temirov,0,no article
fighter,Tamires Vidal,0,no article
fighter,Tammi Musumeci,0,no article
fighter,Tammie Schneider,0,no article
fighter,Tamotsu Hayashi,0,no article
fighter,Tamás Hajdu,0,no article
fighter,Tanaphong Khunhankaew,0,no article
fighter,Taneisha Tennant,9,Taneisha Tennant
fighter,Taner Trembley,0,no article
fighter,Tang Da Fen,0,no article
fighter,Tang De Pan,0,no article
fighter,Tang Kai,23,Tang Kai
fighter,Tang Kai (c),0,no article
fighter,Tang Ren Xing,0,no article
fighter,Tania Tapía,0,no article
fighter,Tania Torres,0,no article
fighter,Tanio Pagliariccio,0,no article
fighter,Tanja Hoffman,0,no article
fighter,Tanja Hoffmann,0,no article
fighter,Tank Abbott,0,same article as another: Tank Abbott
fighter,Tanner Arnold,0,no article
fighter,Tanner Boser,34,Tanner Boser
fighter,Tanner Cowan,0,no article
fighter,Tanner Marlow,0,no article
fighter,Tanner Saraceno,0,no article
fighter,Tara Graff,0,no article
fighter,Tara Walker,0,no article
fighter,Taras Hnatchuk,0,no article
fighter,Tarec Saffiedine,23,Tarec Saffiedine
fighter,Tarek Suleiman,0,no article
fighter,Tariel Abbasov,0,no article
fighter,Tarik Hopstock,0,no article
fighter,Tariq Ismail,0,no article
fighter,Tariq Pell,0,no article
fighter,Tashiro Nishiuchi,0,no article
fighter,Tat Romero,0,no article
fighter,Tateki Matsuda,26,Tateki Matsuda
fighter,Tateo Iida,0,no article
fighter,Tatiana Postarnakova,0,no article
fighter,Tatiana Suarez,18,Tatiana Suarez
fighter,Tato Primera,0,no article
fighter,Tatsuhito Satsuma,0,no article
fighter,Tatsuji Sakamoto,0,no article
fighter,Tatsumitsu Wada,0,no article
fighter,Tatsunori Tanaka,0,no article
fighter,Tatsuro Taira,20,Tatsuro Taira
fighter,Tatsuya Kawajiri,53,Tatsuya Kawajiri
fighter,Tatsuya Kawano,0,no article
fighter,Tatsuya Mizuno,44,Tatsuya Mizuno
fighter,Tatsuya Nakama,0,no article
fighter,Tatsuya Nakazawa,0,no article
fighter,Tatsuya Obitsu,0,no article
fighter,Tatsuya Saika,0,no article
fighter,Tatsuya So,0,no article
fighter,Tatuya Kusakabe,0,no article
fighter,Taurean Washington,0,no article
fighter,Tawan Régis Ribeiro,0,no article
fighter,Tawanchai P.K.Saenchai,0,no article
fighter,Tawanchai P.K.Saenchai (c),0,no article
fighter,Tayfun Özcan,0,no article
fighter,Taylan Yuasa,0,no article
fighter,Taylor Alfaro,0,no article
fighter,Taylor Ellis,0,no article
fighter,Taylor Escamilla,0,no article
fighter,Taylor Guardado,0,no article
fighter,Taylor Johnson,0,no article
fighter,Taylor Krahl,0,no article
fighter,Taylor Lapilus,29,Taylor Lapilus
fighter,Taylor Mauldin,0,no article
fighter,Taylor McCorriston,0,no article
fighter,Taylor Meister,0,no article
fighter,Taylor Michels,0,no article
fighter,Taylor Moore,0,no article
fighter,Taylor Roberts,0,no article
fighter,Taylor Solomon,0,no article
fighter,Taylor Sullivan,0,no article
fighter,Taylor Turner,0,no article
fighter,Tayo Odunjo,0,no article
fighter,Tayron Pedro,0,no article
fighter,Te Edwards,0,no article
fighter,Te'Jovan Edwards,0,no article
fighter,Teagan Dooley,0,no article
fighter,Tebaris Gordon,0,no article
fighter,Tecia Pennington,26,Tecia Pennington
fighter,Tecia Torres,0,same article as another: Tecia Pennington
fighter,Teddy Ash,0,no article
fighter,Teddy Holder,0,no article
fighter,Teddy Stringer,0,no article
fighter,Teddy Violet,0,no article
fighter,Tee Cummins,0,no article
fighter,TeeJay Britton,0,no article
fighter,Teejay Britton,0,no article
fighter,Teemu Packalén,11,Teemu Packalén
fighter,Teeyai P.K.Saenchai,0,no article
fighter,Telly Sanders,0,no article
fighter,Temirlan Bekmurzaev,0,no article
fighter,Temuujin Ulzii-Orshikh,0,no article
fighter,Teng LiGe,0,no article
fighter,Tenshin Matsumoto,0,no article
fighter,Tenya Yoshimura,0,no article
fighter,Tenyeh Dixon,0,no article
fighter,Teo Saldaña Smith,0,no article
fighter,Teodor Nikolov,0,no article
fighter,Teodora Kirilova,0,no article
fighter,Teodoras Aukštuolis,0,no article
fighter,Teofil Bădeliţa,0,no article
fighter,Tereza Bledá,0,no article
fighter,Terrance Chatman,0,no article
fighter,Terrance McKinney,27,Terrance McKinney
fighter,Terrell Bosen,0,no article
fighter,Terrell Brown,0,no article
fighter,Terrell Hobbs,0,no article
fighter,Terrence Mitchell,0,no article
fighter,Terrion Ware,30,Terrion Ware
fighter,Terroll Dees,0,no article
fighter,Terry Brazier,0,no article
fighter,Terry Davinney,0,no article
fighter,Terry Etim,21,Terry Etim
fighter,Terry Lemaire,0,no article
fighter,Terry Martin,35,Terry Martin (fighter)
fighter,Terry Van Hoosear,0,no article
fighter,Teruto Ishihara,32,Teruto Ishihara
fighter,Teruyoshi Aoyama,0,no article
fighter,Teshay Gouthro,0,no article
fighter,Tetsuji Kato,30,Tetsuji Kato
fighter,Tetsuo Seto,0,no article
fighter,Tetsuo Uehata,0,no article
fighter,Tetsuya Fukunaga,0,no article
fighter,Tetsuya Ishikawa,0,no article
fighter,Tetsuya Izuchi,7,Tetsuya Izuchi
fighter,Tetsuya Seki,0,no article
fighter,Tetsuya Yamada,0,no article
fighter,Tetsuya Yamato,1,Tetsuya Yamato
fighter,Tetsuya Yoshioka,0,no article
fighter,Tevin Dyce,0,no article
fighter,Teymur Aliyev,0,no article
fighter,Tha Pyay Nyo,0,no article
fighter,Thad Jean,12,Thad Jean
fighter,Thai Clark,0,no article
fighter,Thai-Ngan Le,0,no article
fighter,Thaiany Lopes,0,no article
fighter,Thales Adriel,0,no article
fighter,Thales Leites,37,Thales Leites
fighter,Thales Nakassu,0,no article
fighter,Thalita Diniz,0,no article
fighter,Thalyta Silva,0,no article
fighter,Thanh Le,20,Thanh Le
fighter,Thanh Le (c),0,no article
fighter,Thanh Le (ic),0,no article
fighter,Thanh Vu,0,no article
fighter,Thant Zin,0,no article
fighter,Thar A Thal Ta Pwint,0,no article
fighter,Tharoth Sam,6,Tharoth Sam
fighter,TheStar SitChor.,0,no article
fighter,Theeradet Chor.Hapayak,0,no article
fighter,Themba Gorimbo,21,Themba Gorimbo
fighter,Theo Brisley,0,no article
fighter,Theo Haig,0,no article
fighter,Theo Pino,0,no article
fighter,Theo Rlayang,0,no article
fighter,Theodor Berggren,0,no article
fighter,Theodore Macuka,0,no article
fighter,Thepthaksin Sor.Sornsing,0,no article
fighter,Theron Martin,0,no article
fighter,Thiago Alves,41,Thiago Alves (fighter)
fighter,Thiago Belo,0,no article
fighter,Thiago Gonçalves,0,no article
fighter,Thiago Habib,0,no article
fighter,Thiago Horácio,0,no article
fighter,Thiago Ivan,0,no article
fighter,Thiago Jambo,0,no article
fighter,Thiago Meller,0,no article
fighter,Thiago Michel,15,Thiago Michel
fighter,Thiago Moisés,29,Thiago Moisés
fighter,Thiago Oliveira,0,no article
fighter,Thiago Pereira de Oliveira,0,no article
fighter,Thiago Perpétuo,17,Thiago Perpétuo
fighter,Thiago Rela,0,no article
fighter,Thiago Santos,41,Thiago Santos
fighter,Thiago Silva,33,Thiago Silva (fighter)
fighter,Thiago Tavares,36,Thiago Tavares
fighter,Thiago Taveira,0,no article
fighter,Thiago Vieira,0,no article
fighter,Thibault Gouti,24,Thibault Gouti
fighter,Thimna Mhlauli,0,no article
fighter,Thirayut Khaorat,0,no article
fighter,Thodoris Serdes,0,no article
fighter,Thomas Almeida,28,Thomas Almeida
fighter,Thomas Blair,0,no article
fighter,Thomas Bryan,0,no article
fighter,Thomas Campbell,0,no article
fighter,Thomas Denny,0,no article
fighter,Thomas Diagne,0,same article as another: Ousmane Thomas Diagne
fighter,Thomas English,0,no article
fighter,Thomas Gantt,0,no article
fighter,Thomas Gifford,0,no article
fighter,Thomas Hepburn,0,no article
fighter,Thomas Keenan,0,no article
fighter,Thomas Krenzel,0,no article
fighter,Thomas Longacre,0,no article
fighter,Thomas Lopez,0,no article
fighter,Thomas Narmo,0,no article
fighter,Thomas Nichols-Burton,0,no article
fighter,Thomas Paull,0,no article
fighter,Thomas Petersen,0,no article
fighter,Thomas Petersen (c),0,no article
fighter,Thomas Ponce de Leon,0,no article
fighter,Thomas Powell,0,no article
fighter,Thomas Schulte,0,no article
fighter,Thomas Treadwell,0,no article
fighter,Thomas Vasquez,0,no article
fighter,Thomas Webb,0,no article
fighter,Thongpoon P.K.Saenchai,0,no article
fighter,Thor Skancke,0,no article
fighter,Thway Thit Aung,0,no article
fighter,Thyago Silva,0,no article
fighter,Tiago Trator,33,Tiago Trator
fighter,Tial Thang,0,no article
fighter,Tian Jian She,0,no article
fighter,Tiani Valle,0,no article
fighter,Tiawan Howard,0,no article
fighter,Tibor Balázs,0,no article
fighter,Tiequan Zhang,19,Zhang Tiequan
fighter,Tiffany Masters,0,no article
fighter,Tiffany Teo,0,no article
fighter,Tiki Ghosn,18,Tiki Ghosn
fighter,Tilek Batyrov,0,no article
fighter,Tim Barnett,0,no article
fighter,Tim Bazer,0,no article
fighter,Tim Boetsch,34,Tim Boetsch
fighter,Tim Caron,0,no article
fighter,Tim Carpenter,11,Tim Carpenter (fighter)
fighter,Tim Cho,0,no article
fighter,Tim Credeur,21,Tim Credeur
fighter,Tim Elliott,41,Tim Elliott
fighter,Tim Galluzzi,0,no article
fighter,Tim Gorman,0,no article
fighter,Tim Hague,34,Tim Hague
fighter,Tim Hiley,0,no article
fighter,Tim Kennedy,0,Tim Kennedy (fighter)
fighter,Tim McKenzie,23,Tim McKenzie
fighter,Tim Means,52,Tim Means
fighter,Tim Moore,0,no article
fighter,Tim Newman,0,no article
fighter,Tim Persey,0,no article
fighter,Tim Riscen,0,no article
fighter,Tim Roman,0,no article
fighter,Tim Ruberg,0,no article
fighter,Tim Smith,0,no article
fighter,Tim Stout,0,no article
fighter,Tim Sylvia,42,Tim Sylvia
fighter,Tim Sylvia (c),0,no article
fighter,Tim Welch,0,no article
fighter,Tim Wilde,0,no article
fighter,Tim Williams,0,no article
fighter,Timo Feucht,0,no article
fighter,Timofey Nastyukhin,23,Timofey Nastyukhin
fighter,Timon Huss,0,no article
fighter,Timothy Bender,0,no article
fighter,Timothy Cuamba,0,no article
fighter,Timothy Johnson,33,Timothy Johnson (fighter)
fighter,Timothy Teves,0,no article
fighter,Timothy Wheeler,0,no article
fighter,Timur Chuikov,0,no article
fighter,Timur Khizriev,18,Timur Khizriev
fighter,Timur Valiev,26,Timur Valiev
fighter,Tina Lähdemäki,0,no article
fighter,Tito Castro,0,no article
fighter,Tito Jones,0,no article
fighter,Tito Ortiz,34,Tito Ortiz
fighter,Tiziano Campus,0,no article
fighter,Tiziano Ferranti,0,no article
fighter,Tobiasz Le,0,no article
fighter,Toby Imada,49,Toby Imada
fighter,Toby Misech,0,no article
fighter,Todd Box,0,no article
fighter,Todd Brown,0,no article
fighter,Todd Duffee,15,Todd Duffee
fighter,Todd Moore,23,Todd Moore
fighter,Todd Stoute,0,no article
fighter,Tofiq Musayev,30,Tofiq Musayev
fighter,Tok Sophon,0,no article
fighter,Tokimitsu Ishizawa,7,Kendo Kashin
fighter,Tom Aaron,0,no article
fighter,Tom Angeloff,0,no article
fighter,Tom Aspinall,24,Tom Aspinall
fighter,Tom Aspinall (c),0,no article
fighter,Tom Aspinall (ic),0,no article
fighter,Tom Bagnasco,0,no article
fighter,Tom Blackledge,0,no article
fighter,Tom Breese,29,Tom Breese
fighter,Tom Creasey,0,no article
fighter,Tom Crosby,0,no article
fighter,Tom DeBlass,11,Tom DeBlass
fighter,Tom Duquesnoy,19,Tom Duquesnoy
fighter,Tom East,0,no article
fighter,Tom Egan,0,no article
fighter,Tom English,0,no article
fighter,Tom Gallicchio,0,no article
fighter,Tom Graesser,0,no article
fighter,Tom Green,0,no article
fighter,Tom Holder,0,no article
fighter,Tom Jones,0,no article
fighter,Tom Krenzel,0,no article
fighter,Tom Lawlor,21,Tom Lawlor
fighter,Tom Marcellino,0,no article
fighter,Tom Means,0,no article
fighter,Tom Mearns,0,no article
fighter,Tom Murphy,0,no article
fighter,Tom Ni,0,no article
fighter,Tom Niinimäki,31,Tom Niinimäki
fighter,Tom Nolan,12,Tom Nolan (fighter)
fighter,Tom Pagliarulo,0,no article
fighter,Tom Peterson,0,no article
fighter,Tom Ponce De Leon,0,no article
fighter,Tom Regal,0,no article
fighter,Tom Santos,0,no article
fighter,Tom Shoaff,0,no article
fighter,Tom Speer,28,Tom Speer
fighter,Tom Tuggle,0,no article
fighter,Tom Watson,26,Tom Watson (fighter)
fighter,Tom Watson (c),0,no article
fighter,Tom Wright,0,no article
fighter,Tomasz Czerwiński,0,no article
fighter,Tomasz Drwal,29,Tomasz Drwal
fighter,Tomasz Narkun,28,Tomasz Narkun
fighter,Tomasz Romanowski,0,no article
fighter,Tomasz Zdanowski,0,no article
fighter,Tomasz Łangowski,0,no article
fighter,Tommie Britton,0,no article
fighter,Tommy Aaron,0,no article
fighter,Tommy Brunning,0,no article
fighter,Tommy Burghardt,0,no article
fighter,Tommy Cuozzi,0,no article
fighter,Tommy Espinosa,0,no article
fighter,Tommy Hawthorn,0,no article
fighter,Tommy Hayden,0,no article
fighter,Tommy Langaker,0,Tommy Langaker
fighter,Tommy Lee,0,no article
fighter,Tommy Marcellino,0,no article
fighter,Tommy McMillen,0,no article
fighter,Tommy Mearns,0,no article
fighter,Tommy Quinn,0,no article
fighter,Tommy Vargas,0,no article
fighter,Tomo Maesawa,25,Tomo Maesawa
fighter,Tomo Maesawa (c),0,no article
fighter,Tomoaki Arimatsu,0,no article
fighter,Tomoaki Honda,0,no article
fighter,Tomoaki Ueyama,0,no article
fighter,Tomohiko Sakata,0,no article
fighter,Tomokazu Hitomi,0,no article
fighter,Tomoki Murayama,0,no article
fighter,Tomoko Inoue,0,no article
fighter,Tomoko Morii,0,no article
fighter,Tomoko SP,0,no article
fighter,Tomomi Iwama,0,no article
fighter,Tomomi Souda,0,no article
fighter,Tomomi Sunaba,0,no article
fighter,Tomorrow Kiatsongrit,0,no article
fighter,Tomoya Miyashita,0,no article
fighter,Tomoya Sudo,0,no article
fighter,Tomoyoshi Iwamiya,0,no article
fighter,Tomoyuki Kodama,0,no article
fighter,Tomáš Cigánik,0,no article
fighter,Tomáš Deák,0,no article
fighter,Tomáš Fiala,0,no article
fighter,Tomáš Galko,0,no article
fighter,Tomáš Hron,0,no article
fighter,Tomáš Mudroch,0,no article
fighter,Tomáš Votava,0,no article
fighter,Toni Tauru,0,no article
fighter,Toninho Furia,0,no article
fighter,Toninho Gavinho,0,no article
fighter,Tony Alanis,0,no article
fighter,Tony Bartovich,0,no article
fighter,Tony Biernesser,0,no article
fighter,Tony Bonello,0,no article
fighter,Tony Charles,0,no article
fighter,Tony Darling,0,no article
fighter,Tony DeSouza,15,Tony DeSouza
fighter,Tony Ferguson,39,Tony Ferguson
fighter,Tony Fryklund,24,Tony Fryklund
fighter,Tony Gianopolous Jr.,0,no article
fighter,Tony Grant,0,no article
fighter,Tony Gravely,32,Tony Gravely
fighter,Tony Hervey,41,Tony Hervey
fighter,Tony Jenkins,0,no article
fighter,Tony Johnson,31,Tony Johnson (fighter)
fighter,Tony Johnson Jr.,0,same article as another: Tony Johnson (fighter)
fighter,Tony Juarez,0,no article
fighter,Tony Kelley,10,Tony Kelley
fighter,Tony Laramie,0,no article
fighter,Tony Llamas,0,no article
fighter,Tony Lopez,0,no article
fighter,Tony Louis,0,no article
fighter,Tony Lozano,0,no article
fighter,Tony Mustard,0,no article
fighter,Tony Ortega,0,no article
fighter,Tony Ortiz,0,no article
fighter,Tony Roberts,0,no article
fighter,Tony Rubalcava,0,no article
fighter,Tony Sims,16,Tony Sims
fighter,Tony Way,0,no article
fighter,Tony Zanko,0,no article
fighter,Tonya Evinger,28,Tonya Evinger
fighter,Topnoi Kiwram,0,no article
fighter,Tor Troéng,24,Tor Troéng
fighter,Torepchi Dongak,0,no article
fighter,Torpal Merjoev,0,no article
fighter,Torrance Taylor,0,no article
fighter,Torrez Finney,0,no article
fighter,Toru Akasaki,0,no article
fighter,Toru Arai,0,no article
fighter,Toru Harai,0,no article
fighter,Toru Sakakibara,0,no article
fighter,Tosh Cook,0,no article
fighter,Toshiaki Kitada,0,no article
fighter,Toshikatsu Harada,0,no article
fighter,Toshiki Tanayama,0,no article
fighter,Toshiki Watanabe,0,no article
fighter,Toshiomi Kazama,0,no article
fighter,Tra Telligman,13,Tra Telligman
fighter,Tracy Cortez,16,Tracy Cortez
fighter,Tracy Reeder,0,no article
fighter,Tracy Willis,0,no article
fighter,Trae Cusac,0,no article
fighter,Traian Rus,0,no article
fighter,Travell Miller,0,no article
fighter,Travis Arrellano,0,no article
fighter,Travis Bartlett,0,no article
fighter,Travis Browne,26,Travis Browne
fighter,Travis Calanoc,0,no article
fighter,Travis Crain,0,no article
fighter,Travis Davis,0,no article
fighter,Travis Doerge,0,no article
fighter,Travis Galbraith,0,no article
fighter,Travis Johnson,0,no article
fighter,Travis Lutter,16,Travis Lutter
fighter,Travis Marx,27,Travis Marx
fighter,Travis Perzynski,0,no article
fighter,Travis Quintero,0,no article
fighter,Travis Reddinger,0,no article
fighter,Travis Robertson,0,no article
fighter,Travis Wiuff,101,Travis Wiuff
fighter,Travis Yonkers,0,no article
fighter,Travon Eller,0,no article
fighter,Tre'ston Vines,0,no article
fighter,Tremaine Jackson,0,no article
fighter,Trent Girdham,0,no article
fighter,Trent Meaux,0,no article
fighter,Trent Miller,0,no article
fighter,Trent Nott,0,no article
fighter,Tresean Gore,0,no article
fighter,Trestle Tan,0,no article
fighter,Treston Thomison,20,Treston Thomison
fighter,Treston Vines,0,no article
fighter,Trever Bradshaw,0,no article
fighter,Trever Devestern,0,no article
fighter,Trevin Giles,23,Trevin Giles
fighter,Trevin Jones,28,Trevin Jones
fighter,Trevor Grice,0,no article
fighter,Trevor Gudde,0,no article
fighter,Trevor Harris,0,no article
fighter,Trevor Linderman,0,no article
fighter,Trevor Makengo,0,no article
fighter,Trevor Peek,0,no article
fighter,Trevor Prangley,47,Trevor Prangley
fighter,Trevor Smith,25,Trevor Smith (fighter)
fighter,Trevor Wallace,0,no article
fighter,Trevor Ward,0,no article
fighter,Trevor Wells,0,no article
fighter,Trey Houston,0,no article
fighter,Trey Ogden,0,no article
fighter,Trey Waters,0,no article
fighter,Trey Williams,0,no article
fighter,Trinidad Valdez,0,no article
fighter,Tristan Arenal,0,no article
fighter,Tristan Connelly,23,Tristan Connelly
fighter,Tristan Johnson,0,no article
fighter,Tristan Lindi,0,no article
fighter,Tristan Overvig,0,no article
fighter,Tristan Tate,0,no article
fighter,Tristin Kamaka,0,no article
fighter,Triston Gwaltney,0,no article
fighter,Troy Gerhart,0,no article
fighter,Troy Guerrero,0,no article
fighter,Troy Mandaloniz,0,no article
fighter,Troy Miller,0,no article
fighter,Troy Nawrocki,0,no article
fighter,Troy Sanders,0,no article
fighter,Troy Sorensen,0,no article
fighter,Troy Worthen,0,no article
fighter,Trukon Carson,0,no article
fighter,Tsend-Ayuushiin Naranjargal,3,Naranjargal Tsend-Ayush
fighter,Tsugihito Hase,0,no article
fighter,Tsukasa Fuji,0,no article
fighter,Tsuyoshi Kosaka,53,Tsuyoshi Kosaka
fighter,Tsuyoshi Sudario,14,Takanofuji Sanzō
fighter,Tuan Pham,0,no article
fighter,Tubby Alequin,0,no article
fighter,Tucker Lutz,0,no article
fighter,Tuco Tokkos,17,Tuco Tokkos
fighter,Tulio Quintanila,0,no article
fighter,Tulio Quintanilla,0,no article
fighter,Tuomas Grönvall,0,no article
fighter,Turan Ahmadov,0,no article
fighter,Turbo Fairtex,0,no article
fighter,Turner Williams,0,no article
fighter,Turpal Gediev,0,no article
fighter,Turrell Galloway,0,no article
fighter,Tursunbek Sodikov,0,no article
fighter,Tushara Veerella,0,no article
fighter,Ty Costa,0,no article
fighter,Ty Costlow,0,no article
fighter,Ty Flores,0,no article
fighter,Ty Freeman,0,no article
fighter,Ty Gwerder,0,no article
fighter,Ty Johnson,0,no article
fighter,Ty Lee,0,no article
fighter,Ty Miller,0,no article
fighter,Tycen Lynn,0,no article
fighter,Tye Palmer,0,no article
fighter,Tye Ruotolo,2,Tye Ruotolo
fighter,Tye Ruotolo (c),0,no article
fighter,Tylando Mattress,0,no article
fighter,Tyler Beneke,0,no article
fighter,Tyler Bialecki,0,no article
fighter,Tyler Clausen,0,no article
fighter,Tyler Diamond,0,no article
fighter,Tyler East,0,no article
fighter,Tyler Flores,0,no article
fighter,Tyler Forsythe,0,no article
fighter,Tyler Freeland,0,no article
fighter,Tyler Hamilton,0,no article
fighter,Tyler Hill,0,no article
fighter,Tyler Hufnagle,0,no article
fighter,Tyler Ingram,0,no article
fighter,Tyler Jones,0,no article
fighter,Tyler King,0,no article
fighter,Tyler Lee,0,no article
fighter,Tyler Mathison,0,no article
fighter,Tyler Peterick,0,no article
fighter,Tyler Ray,0,no article
fighter,Tyler Scott,0,no article
fighter,Tyler Shinn,0,no article
fighter,Tyler Sidders,0,no article
fighter,Tyler Stinson,40,Tyler Stinson
fighter,Tyler Stout,0,no article
fighter,Tyler Toner,24,Tyler Toner
fighter,Tyler VanKill,0,no article
fighter,Tyler Vogel,0,no article
fighter,Tyler Wilson,0,no article
fighter,Tymoteusz Łopaczyk,18,Tymoteusz Łopaczyk
fighter,Tyra Parker,0,no article
fighter,Tyree Fortune,0,no article
fighter,Tyree Overton,0,no article
fighter,Tyrell Fortune,24,Tyrell Fortune
fighter,Tyron Woodley,27,Tyron Woodley
fighter,Tyron Woodley (c),0,no article
fighter,Tyrone Pfeifer,0,no article
fighter,Tyrone Spong,4,Tyrone Spong
fighter,Tysen Herken,0,no article
fighter,Tyshawn Williams,0,no article
fighter,Tyson Griffin,0,Tyson Griffin
fighter,Tyson Harrison,0,no article
fighter,Tyson Jeffries,0,no article
fighter,Tyson Miller,0,no article
fighter,Tyson Nam,40,Tyson Nam
fighter,Tyson Pedro,17,Tyson Pedro
fighter,Tyson Steele,0,no article
fighter,Tyus White,0,no article
fighter,Tywan Claxton,11,Tywan Claxton
fighter,Uali Kurzhev,0,no article
fighter,Ueslei Alves,0,no article
fighter,Ueslei Alves Oliveira,0,no article
fighter,Uh Jin Jeon,0,no article
fighter,Ui Jong Kim,0,no article
fighter,Ulises Briones,0,no article
fighter,Ulises Cenicero,0,no article
fighter,Ulises Ceniceros,0,no article
fighter,Ulises Centeros,0,no article
fighter,Ulka Sasaki,36,Ulka Sasaki
fighter,Ullubiy Amirzhanov,0,no article
fighter,Uloomi Karim,0,no article
fighter,Ulugbek Rakhmonov,0,no article
fighter,Ulyses Aguila,0,no article
fighter,Ulysses Gomez,14,Ulysses Gomez
fighter,Umalat Israpilov,0,no article
fighter,Umar Luv,0,no article
fighter,Umar Nurmagomedov,22,Umar Nurmagomedov
fighter,Umberto Di Munno,0,no article
fighter,Umer Kayani,0,no article
fighter,Umidjon Musaev,0,no article
fighter,Umut Birdal,0,no article
fighter,Uran Satybaldiev,0,no article
fighter,Uran Satybaldiev (c),0,no article
fighter,Uriah Hall,35,Uriah Hall
fighter,Uriel Chávez,0,no article
fighter,Uriel Cossio,0,no article
fighter,Uriel Uribe,0,no article
fighter,Urijah Faber,46,Urijah Faber
fighter,Urijah Faber (c),0,no article
fighter,Uros Jurisic,0,no article
fighter,Uroš Medić,17,Uroš Medić
fighter,Ururahy Rodrigues,0,no article
fighter,Uryan Carlos,0,no article
fighter,Usman Nurmagomedov,23,Usman Nurmagomedov
fighter,Usman Nurmagomedov (c),0,no article
fighter,Ustarmagomed Gadzhidaudov,0,no article
fighter,Uwe Schüder,0,no article
fighter,Uyran Carlos,0,no article
fighter,Uzair Abdurakov,0,no article
fighter,Vadim Nemkov,23,Vadim Nemkov
fighter,Vadim Nemkov (c),0,no article
fighter,Vadim Ogar,0,no article
fighter,Vadym Kutsyi,0,no article
fighter,Vagab Vagabov,0,no article
fighter,Vagiz Ismagilov,0,no article
fighter,Vagner Rocha,18,Vagner Rocha
fighter,Val Woodburn,0,no article
fighter,Valanti Atsas,0,no article
fighter,Valdas Pocevicius,0,no article
fighter,Valdir Araujo,0,no article
fighter,Valdrin Istrefi,21,Valdrin Istrefi
fighter,Valentijn Overeem,66,Valentijn Overeem
fighter,Valentin Moldavsky,22,Valentin Moldavsky
fighter,Valentin Moldavsky (ic),0,no article
fighter,Valentina Scatizzi,0,no article
fighter,Valentina Shevchenko,31,Valentina Shevchenko
fighter,Valentina Shevchenko (c),0,no article
fighter,Valentino Greco,0,no article
fighter,Valentino Petrescu,0,no article
fighter,Valentino Riva,0,no article
fighter,Valerie Ann Marie Soto,0,no article
fighter,Valerie Coolbaugh,0,no article
fighter,Valerie Letourneau,18,Valérie Létourneau
fighter,Valerie Loureda,4,Lola Vice
fighter,Valerie Soto,0,no article
fighter,Valerio Anza,0,no article
fighter,Valeriu Mircea,42,Valeriu Mircea
fighter,Valeriy Dashkevich,0,no article
fighter,Valery Dashkevich,0,no article
fighter,Valery Gritsutin,0,no article
fighter,Valesca Machado,21,Valesca Machado
fighter,Validjon Radjabov,0,no article
fighter,Valmir Lazaro,0,no article
fighter,Valmir Lázaro,0,no article
fighter,Valmir da Silva,0,no article
fighter,Valter Walker,17,Valter Walker
fighter,Valérie Létourneau,0,same article as another: Valérie Létourneau
fighter,Van Palacio,0,no article
fighter,Vanderlei Gonçalves,0,no article
fighter,Vanderlei Junior,0,no article
fighter,Vandirson Alves,0,no article
fighter,Vanessa Demopoulos,20,Vanessa Demopoulos
fighter,Vanessa Demopoulos (c),0,no article
fighter,Vanessa Marie Grimes,0,no article
fighter,Vanessa Melo,24,Vanessa Melo
fighter,Vanessa Porto,33,Vanessa Porto
fighter,Vania Caceres,0,no article
fighter,Vanilto Antunes,0,no article
fighter,Vanilton Antunes (c),0,no article
fighter,Vasile Amariței,0,no article
fighter,Vasile Mîrza,0,no article
fighter,Vasile Suprovici,0,no article
fighter,Vaso Bakocevic,0,no article
fighter,Vaughan Lee,29,Vaughan Lee (fighter)
fighter,Vaughn Donayre,0,no article
fighter,Vazha Tsiptauri,0,no article
fighter,Vašek Klimša,0,no article
fighter,Velimir Nestorović,0,no article
fighter,Vener Galiev,53,Vener Galiev
fighter,Vernon Lewis,0,no article
fighter,Vernon Ramos,0,no article
fighter,Vernon White,61,Vernon White (fighter)
fighter,Veronica Hardy,18,Veronica Hardy
fighter,Veronica Macedo,0,same article as another: Veronica Hardy
fighter,Veronica Vernocchi,0,no article
fighter,Veronika Borisova,0,no article
fighter,Veronika Futina,0,no article
fighter,Veronika Smolková,0,no article
fighter,Veta Arteaga,0,no article
fighter,Viacheslav Borshchev,0,no article
fighter,Vicente Luque,39,Vicente Luque
fighter,Vicente Vargas,0,no article
fighter,Victor Altamirano,0,no article
fighter,Victor Bargan,0,no article
fighter,Victor Borrayo,0,no article
fighter,Victor Dias,0,no article
fighter,Victor Firmino Santos,0,no article
fighter,Victor Gabriel,0,no article
fighter,Victor Gallegos,0,no article
fighter,Victor Henry,33,Victor Henry (fighter)
fighter,Victor Hugo,0,no article
fighter,Victor Hugo Madrigal,0,no article
fighter,Victor Hugo Silva,0,no article
fighter,Victor Jones,0,no article
fighter,Victor Kuiks,0,no article
fighter,Victor Martinez,0,no article
fighter,Victor Meza,0,no article
fighter,Victor Moreno,0,no article
fighter,Victor Navarro,0,no article
fighter,Victor Nunes,0,no article
fighter,Victor Nuñez,0,no article
fighter,Victor O'Donnell,0,no article
fighter,Victor Oreamuno,0,no article
fighter,Victor Parfenov,0,no article
fighter,Victor Reyna,0,no article
fighter,Victor Robles,0,no article
fighter,Victor Rodriguez,0,no article
fighter,Victor Romero,0,no article
fighter,Victor Rosa,0,no article
fighter,Victor Santos,0,no article
fighter,Victor Valenzuela,0,no article
fighter,Victor Valimaki,0,no article
fighter,Victor Verchere,0,no article
fighter,Victor Yeo,0,no article
fighter,Victoria Alba,0,no article
fighter,Victoria Alba (c),0,no article
fighter,Victoria Dudakova,0,no article
fighter,Victoria Leonardo,17,Victoria Leonardo
fighter,Victorio Senduk,0,no article
fighter,Victória Souza,0,no article
fighter,Viecheslav Borshchev,0,no article
fighter,Vik Grujic,0,no article
fighter,Vikas Singh Ruhil,0,no article
fighter,Viktor Azatyan,0,no article
fighter,Viktor Bogutzki,0,no article
fighter,Viktor Kiss,0,no article
fighter,Viktor Kolesnik,0,no article
fighter,Viktor Kováč,0,no article
fighter,Viktor Kuiks,0,no article
fighter,Viktor Makarenko,0,no article
fighter,Viktor Nemkov,46,Viktor Nemkov
fighter,Viktor Pešta,30,Viktor Pešta
fighter,Viktor Varga,0,no article
fighter,Viktor Červinský,0,no article
fighter,Viktoria Makarova,0,no article
fighter,Viktoriya Dudakova,0,no article
fighter,Ville Mankinen,0,no article
fighter,Vilson Ndregjoni,0,no article
fighter,Vinc Pichel,23,Vinc Pichel
fighter,Vince Cachero,0,no article
fighter,Vince Fricilone,0,no article
fighter,Vince Guzman,0,no article
fighter,Vince Lucero,0,no article
fighter,Vince Morales,27,Vince Morales
fighter,Vince Murdock,0,no article
fighter,Vincent Arredondo,0,no article
fighter,Vincent Cachero,0,no article
fighter,Vincent Houle,0,no article
fighter,Vincent Latoel,0,no article
fighter,Vincent Majid,0,no article
fighter,Vincent del Guerra,0,no article
fighter,Vincenzo Iannuzzo,0,no article
fighter,Vinicius Cenci,0,no article
fighter,Vinicius Cruz,0,no article
fighter,Vinicius De Jesus,0,no article
fighter,Vinicius Magalhaes,36,Vinny Magalhães
fighter,Vinicius Magalhães,0,no article
fighter,Vinicius Moreira,25,Vinicius Moreira
fighter,Vinicius Oliveira,28,Vinicius Oliveira
fighter,Vinicius Pires,0,no article
fighter,Vinicius Pires (c),0,no article
fighter,Vinicius Queiroz,12,Vinicius Queiroz
fighter,Vinicius Sacchelli Cenci,0,no article
fighter,Vinicius Salvador,0,no article
fighter,Vinicius Silva,0,no article
fighter,Vinicius Zani,0,no article
fighter,Vinicius de Jesus,0,no article
fighter,Vinny Dias,0,no article
fighter,Vinny Magalhaes,0,same article as another: Vinny Magalhães
fighter,Vinny Magalhães,0,same article as another: Vinny Magalhães
fighter,Viorel Ioniță,0,no article
fighter,Virgil Knight,0,no article
fighter,Virgil Lozano,10,Virgil Lozano
fighter,Virgil Munteanu,0,no article
fighter,Virgil Zwicker,25,Virgil Zwicker
fighter,Virna Jandiroba,26,Virna Jandiroba
fighter,Virág Furó,0,no article
fighter,Viscardi Andrade,35,Viscardi Andrade
fighter,Viskhan Kadirov,0,no article
fighter,Viskhan Magomadov,0,no article
fighter,Vitali Krbrsky,0,no article
fighter,Vitalic Maiboroda,0,no article
fighter,Vitalii Yakymenko,13,Vitalii Yakymenko
fighter,Vitaliy Slipenko,0,no article
fighter,Vitaly Bigdash,19,Vitaly Bigdash
fighter,Vitaly Khmeinytsky,0,no article
fighter,Vitaly Kositsyn,0,no article
fighter,Vitaly Minakov,24,Vitaly Minakov
fighter,Vitaly Shemetov,0,Vitaly Shemetov
fighter,Vitaly Slipenko,0,no article
fighter,Vitor Belfort,41,Vitor Belfort
fighter,Vitor Costa,0,no article
fighter,Vitor Miranda,22,Vitor Miranda
fighter,Vitor Petrino,17,Vitor Petrino
fighter,Vitor Vianna,15,Vitor Vianna
fighter,Vittorio Lermano,0,no article
fighter,Viviane Araújo,22,Viviane Araújo (fighter)
fighter,Viviane Pereira,21,Viviane Pereira
fighter,Vlad Popovskiy,0,no article
fighter,Vlad Trif,0,no article
fighter,Vlademir Comorovschi,0,no article
fighter,Vladimir Calvo Marrero,0,no article
fighter,Vladimir Daineko,0,no article
fighter,Vladimir Dayneko,0,no article
fighter,Vladimir Fedin,0,no article
fighter,Vladimir Filipovic,0,no article
fighter,Vladimir Kanunnikov,0,no article
fighter,Vladimir Kuzmin,0,no article
fighter,Vladimir Matyushenko,35,Vladimir Matyushenko
fighter,Vladimir Petrenko,0,no article
fighter,Vladimir Stanca,0,no article
fighter,Vladimir Starcencov,0,no article
fighter,Vladimir Tokov,0,no article
fighter,Vladimir Vasilyev,0,no article
fighter,Vladimir Šikić,0,no article
fighter,Vladimír Lengal,0,no article
fighter,Vladimír Lengál,0,no article
fighter,Vladislav Kanchev,0,no article
fighter,Vladislav Mishkevich,0,no article
fighter,Vladislav Novitskiy,0,no article
fighter,Vladislav Novitsky,0,no article
fighter,Vladislav Yankovskiy,0,no article
fighter,Vladyslav Parubchenko,0,no article
fighter,Vladyslav Rudnev,13,Vladyslav Rudnev
fighter,Vlasto Čepo,0,no article
fighter,Vojtech Garba,0,no article
fighter,Vojto Barborík,0,no article
fighter,Vojtěch Khol,0,no article
fighter,Volkan Oezdemir,29,Volkan Oezdemir
fighter,Vovka Clay,0,no article
fighter,Vugar Karamov,0,no article
fighter,Vugar Keramov,0,no article
fighter,Vuqar Keramov,0,no article
fighter,Vuyisile Colossa,12,Vuyisile Colossa
fighter,Vy Srey Chai,0,no article
fighter,Vy Srey Khouch,0,no article
fighter,Vyacheslav Svischev,0,no article
fighter,Vyacheslav Vasilevsky,47,Vyacheslav Vasilevsky
fighter,Václav Mikulášek,0,no article
fighter,Václav Štěpán,0,no article
fighter,Víctor Manuel Rizzo,0,no article
fighter,Víctor Moreno,0,no article
fighter,Víctor Nuñez,0,no article
fighter,Víctor de Paula,0,no article
fighter,Vítor Ribeiro,25,Vítor Ribeiro
fighter,Waachiim Spiritwolf,28,Waachiim Spiritwolf
fighter,Wade Johnson,0,no article
fighter,Wagner Campos,0,no article
fighter,Wagner Prado,28,Wagner Prado
fighter,Wagner Silva,0,no article
fighter,Wagner da Conceicao Martins,25,Zuluzinho
fighter,Wagnney Fabiano,20,Wagnney Fabiano
fighter,Wahed Nazhand,0,no article
fighter,Wahid Najand,0,no article
fighter,Walaa Abbas Mohamed Kamaly,0,no article
fighter,Walber Brito de Barros,0,no article
fighter,Waldo Cortes-Acosta,21,Waldo Cortes-Acosta
fighter,Walel Watson,30,Walel Watson
fighter,Waleska Sousa,0,no article
fighter,Wallace Lopes,0,no article
fighter,Wallen Del Rosario,0,no article
fighter,Wallison Silva,0,no article
fighter,Wallyson Carvalho,0,no article
fighter,Walt Harris,24,Walt Harris (fighter)
fighter,Walt Hughes,0,no article
fighter,Walt Pels,0,no article
fighter,Walter Cogliandro,0,no article
fighter,Walter Gahadza,0,no article
fighter,Walter Goncalves,1,Walter Goncalves
fighter,Walter Howard,0,no article
fighter,Walter Largaespada,0,no article
fighter,Walter Luna,0,no article
fighter,Walter Pugliesi,0,no article
fighter,Walter Reyes,0,no article
fighter,Walter Saragosa,0,no article
fighter,Walter Smith-Cotito,0,no article
fighter,Walter Zamora,0,no article
fighter,Wan Jianping,0,no article
fighter,Wanderlei Silva,51,Wanderlei Silva
fighter,Wanderlei Silva (c),0,no article
fighter,Wanderley Junior,0,no article
fighter,Wang Cong,11,Wang Cong
fighter,Wang Guan,0,no article
fighter,Wang Sai,0,no article
fighter,Wang Shuo,0,no article
fighter,Wang Wei,0,no article
fighter,Wang Ya Wei,0,no article
fighter,Wang Yayong,0,no article
fighter,Waqar Umar,0,no article
fighter,Warlley Alves,25,Warlley Alves
fighter,Warren Stewart,0,no article
fighter,Wascar Cruz,0,no article
fighter,Washington Nunes da Silva,0,no article
fighter,Wasi Adeshina,0,no article
fighter,Wataru Takahashi,0,no article
fighter,Waylon Bronstrup,0,no article
fighter,Waylon Kennell,0,no article
fighter,Waylon Lowe,25,Waylon Lowe
fighter,Wayman Carter,0,no article
fighter,Wayne Cole,0,no article
fighter,Wayne Phillips,0,no article
fighter,Weber Almeida,0,no article
fighter,Wei Bin Li,0,no article
fighter,Wei Rui,1,Wei Rui
fighter,Welerson Oliveira,0,no article
fighter,Welisson Paiva,0,no article
fighter,Well Oliveira,0,no article
fighter,Wellington Lopes,0,no article
fighter,Wellington Madeira,0,no article
fighter,Wellington Mourão,0,no article
fighter,Wellington Pereira,0,no article
fighter,Wellington Prado,0,no article
fighter,Wellington Turman,26,Wellington Turman
fighter,Wendel Horton,0,no article
fighter,Wendell Giacomo,0,no article
fighter,Wendell Giácomo,0,no article
fighter,Wendell Oliveira,0,no article
fighter,Wender Batista,0,no article
fighter,Wendle Lewis,0,no article
fighter,Wendrio da Silva Chaves,0,no article
fighter,Wendris Patilima,0,no article
fighter,Werick Douglas,0,no article
fighter,Werlleson Martins,0,no article
fighter,Weronika Pietruszka,0,no article
fighter,Wes Combs,0,no article
fighter,Wes Little,0,no article
fighter,Wes Schultz,0,no article
fighter,Wes Shivers,10,Wes Shivers
fighter,Wes Sims,42,Wes Sims
fighter,Wes Swofford,0,no article
fighter,Wesley Correira,37,Wesley Correira
fighter,Wesley Machado,0,no article
fighter,Wesley Schultz,0,no article
fighter,Wesley Sharp,0,no article
fighter,Wesley Tiffer,0,no article
fighter,Weslley Maia,0,no article
fighter,Weslley Álec,0,no article
fighter,Westin Wilson,0,no article
fighter,Weston Ogan,0,no article
fighter,Whitney Brown,0,no article
fighter,Whitney Francois,0,no article
fighter,Whittany Pyles,0,no article
fighter,Wiktor Zalewski,0,no article
fighter,Wiktoria Czyżewska,9,Wiktoria Czyżewska
fighter,Wiktoria Wojciechowska,0,no article
fighter,Wilian Poles,0,no article
fighter,Wilker Barros,0,no article
fighter,Wilker Nsamo,0,no article
fighter,Will Brooks,32,Will Brooks
fighter,Will Brooks (c),0,no article
fighter,Will Brooks (ic),0,no article
fighter,Will Campuzano,20,Will Campuzano
fighter,Will Chope,0,no article
fighter,Will Currie,0,no article
fighter,Will Fleury,22,Will Fleury
fighter,Will Fleury (c),0,no article
fighter,Will Hughes,0,no article
fighter,Will Johnson,0,no article
fighter,Will Kerr,12,Will Kerr
fighter,Will Lavine,0,no article
fighter,Will Martinez,14,Will Martinez
fighter,Will Morris,0,no article
fighter,Will Noland,0,no article
fighter,Will Ribeiro,12,Will Ribeiro
fighter,Will Romero,0,no article
fighter,Will Santiago,0,no article
fighter,Will Smith,0,no article
fighter,Willamy Freire,32,Willamy Freire
fighter,Willer Alves,0,no article
fighter,William Albrecht,0,no article
fighter,William Animal,0,no article
fighter,William Davis,0,no article
fighter,William Elliott,0,no article
fighter,William Florentino,0,no article
fighter,William Gomis,0,no article
fighter,William Jacobson,0,no article
fighter,William Joplin,0,no article
fighter,William Knight,17,William Knight (fighter)
fighter,William Kuhn,0,no article
fighter,William Lavine,0,no article
fighter,William Macário,22,William Macário
fighter,William Penn,0,no article
fighter,William Richey,0,no article
fighter,William Romero,0,no article
fighter,William Sriyapai,0,no article
fighter,William Starks,0,no article
fighter,William Tackett,0,no article
fighter,Willian Batista,0,no article
fighter,Willian Hoffmann,0,no article
fighter,Willie Gates,26,Willie Gates
fighter,Willie Parks,0,no article
fighter,Willie Van Rooyen,0,no article
fighter,Willie Whitehead,0,no article
fighter,Willy Ni,0,no article
fighter,Willyanedson Paiva,0,no article
fighter,Wilmer Martinez,0,no article
fighter,Wilson Gouveia,23,Wilson Gouveia
fighter,Wilson Lopshire,0,no article
fighter,Wilson Reis,43,Wilson Reis
fighter,Wilson Varela,0,no article
fighter,Wily Pereira,0,no article
fighter,Windson Ramos,0,no article
fighter,Wissem Akhmouch,0,no article
fighter,Wladmir Gouvea,0,no article
fighter,Wojciech Janusz,0,no article
fighter,Wojciech Kawa,0,no article
fighter,Wojciech Kazieczko,0,no article
fighter,Won Bin Ki,0,no article
fighter,Won Gi Kim,0,no article
fighter,Won Hee Jeong,0,no article
fighter,Won Hee Jung,0,no article
fighter,Won Jin Eoh,0,no article
fighter,Won Jun Choi,0,no article
fighter,Won Sik Park,0,no article
fighter,Wondergirl Jaroonsak,0,no article
fighter,Woo Been Kim,0,no article
fighter,Woo Hyon Baek,0,no article
fighter,Woo Hyuk Choi,0,no article
fighter,Woo Jae Kim,0,no article
fighter,Woo Sung Hoon,0,no article
fighter,Woo Sung-hoon,0,no article
fighter,Wu Hui Qiang,0,no article
fighter,Wu Ting Shen,0,no article
fighter,Wu Yanan,20,Wu Yanan (fighter)
fighter,Wu Ze,0,no article
fighter,Wuliji Buren,24,Wuliji Buren
fighter,Wuziazibieke Jiahefu,0,no article
fighter,Wyatt Meyer,0,no article
fighter,Xavier Alaoui,0,no article
fighter,Xavier Foupa-Pokam,0,no article
fighter,Xavier Franklin,0,no article
fighter,Xavier Siller,0,no article
fighter,Xavier Vines,0,no article
fighter,Xiao Long,0,no article
fighter,Xiaolong Wu,0,no article
fighter,Xie Bin,0,no article
fighter,Xie Wei,0,no article
fighter,Xiomara Piriz,0,no article
fighter,Xiong Jing Nan,24,Xiong Jingnan
fighter,Xiong Jing Nan (c),0,no article
fighter,Xiong Jingnan,0,same article as another: Xiong Jingnan
fighter,Xiong Piping,0,no article
fighter,Yabna N'Tchalá,0,no article
fighter,Yadier del Valle,0,no article
fighter,Yadwinder Singh,0,no article
fighter,Yago Bryan,0,no article
fighter,Yahaya Yahuza,0,no article
fighter,Yahir Bautista,0,no article
fighter,Yahir Ramírez,0,no article
fighter,Yahir Reyes,22,Yahir Reyes
fighter,Yair Bautista,0,no article
fighter,Yair Rodríguez,28,Yair Rodríguez
fighter,Yair Rodríguez (ic),0,no article
fighter,Yajáira Romo,0,no article
fighter,Yamato Fujita,0,no article
fighter,Yamato Nishikawa,0,no article
fighter,Yan Blasco,0,no article
fighter,Yan Cabral,18,Yan Cabral
fighter,Yan Digilov,0,no article
fighter,Yan Jacolin,0,no article
fighter,Yan Lucas,0,no article
fighter,Yan Naing Aung,0,no article
fighter,Yan Qihui,0,no article
fighter,Yan Teixeira,0,no article
fighter,Yan Xiaonan,26,Yan Xiaonan
fighter,Yana Kunitskaya,25,Yana Santos
fighter,Yana Santos,0,same article as another: Yana Santos
fighter,Yanal Ashmouz,0,no article
fighter,Yancy Medeiros,27,Yancy Medeiros
fighter,Yaneth Vidal,0,no article
fighter,Yang Dongi,0,same article as another: Yang Dongi
fighter,Yang Jianbing,0,no article
fighter,Yang Sen,0,no article
fighter,Yang Seung Ho,0,no article
fighter,Yangdam Sor.Tor. Hiewbangsaen,0,no article
fighter,Yanis Ghemmouri,0,no article
fighter,Yannick Bahati,0,no article
fighter,Yannis Osmani,0,no article
fighter,Yao Zhikui,8,Yao Zhikui
fighter,Yaotzin Meza,34,Yaotzin Meza
fighter,Yaroslav Amosov,31,Yaroslav Amosov
fighter,Yaroslav Amosov (c),0,no article
fighter,Yasmin Castanho,0,no article
fighter,Yasmin Guimarães,0,no article
fighter,Yasser Guzmán,0,no article
fighter,Yasser Pezzat,0,no article
fighter,Yassin Chtatou,0,no article
fighter,Yassin Najid,0,no article
fighter,Yasuaki Miura,0,no article
fighter,Yasubey Enomoto,38,Yasubey Enomoto
fighter,Yasuhiro Urushitani,35,Yasuhiro Urushitani
fighter,Yasuko Mogi,12,Yasuko Mogi
fighter,Yasuko Tamada,35,Yasuko Tamada
fighter,Yasutomo Tanaka,0,no article
fighter,Yazan Hajeh,0,no article
fighter,Yazeed Hasanain,0,no article
fighter,Yazid Chouchane,0,no article
fighter,Yazmin Jauregui,14,Yazmin Jauregui
fighter,Yazmin Nájera,0,no article
fighter,Ye Ji Lee,0,no article
fighter,Ye Jin Jung,0,no article
fighter,Ye Thway Ne,0,no article
fighter,Ye Yint Aung,0,no article
fighter,Yeganeh Boulaghi,0,no article
fighter,Yehya Gheitta,0,no article
fighter,Yemi Oduwole,0,no article
fighter,Yeon Soo Kang,0,no article
fighter,Yeong Han Kim,0,no article
fighter,Yermakhan Oryntaev,0,no article
fighter,Yessica Ortega,0,no article
fighter,Yevgeni Shinkarevsky,0,no article
fighter,Yevhenii Orlov,11,Yevhen Orlov
fighter,Yi Moon Han,0,no article
fighter,Yi Sak Kim,0,no article
fighter,Yi Sak Kim (B),0,no article
fighter,Yi Zha,0,no article
fighter,Yibugele,0,no article
fighter,Yimaz Wildman,0,no article
fighter,Yincang Bao,0,no article
fighter,Yinchang Bao,0,no article
fighter,Yinchuan Wang,0,no article
fighter,Yingchao Jing,0,no article
fighter,Ylies Djiroun,0,no article
fighter,Yo Han Kim,0,no article
fighter,Yo Saito,0,no article
fighter,Yoan Robert-Ramirez,0,no article
fighter,Yod-IQ P.K.Saenchai,0,no article
fighter,Yodbuangarm Luckybuntherng,0,no article
fighter,Yoddoi Kaewsamrit,0,no article
fighter,Yodkaikaew Fairtex,0,no article
fighter,Yodkrisada Sor.Sommai,0,no article
fighter,Yodkritsada Sor.Sommai,0,no article
fighter,Yodlekpet Or. Atchariya,0,no article
fighter,Yodlekpet Or.Atchariya,0,no article
fighter,Yodphupha Tor.Yotha,0,no article
fighter,Yodprabsuk Sor.Ninthai,0,no article
fighter,Yodsanan Sityodtong,5,Yodsanan Sor Nanthachai
fighter,Yoel Romero,29,Yoel Romero
fighter,Yohan Banks,0,no article
fighter,Yohan Lainesse,0,no article
fighter,Yohan Mulia Legowo,0,no article
fighter,Yohan Salvador,0,no article
fighter,Yohei Ota,0,no article
fighter,Yohei Sakamoto,0,no article
fighter,Yoichi Komori,0,no article
fighter,Yoislandy Izquierdo,0,no article
fighter,Yoko Hattori,0,no article
fighter,Yoko Higashi,0,no article
fighter,Yoko Kagoshima,0,no article
fighter,Yoko Oyama,0,no article
fighter,Yoko Takahashi,29,Yoko Takahashi (fighter)
fighter,Yoko Yamada,7,Yoko Yamada
fighter,Yonathan Cardenas,0,no article
fighter,Yong Geun Kim,0,no article
fighter,Yong Joo Lim,0,no article
fighter,Yong Sik Kim,0,no article
fighter,Yoni Sherbatov,0,no article
fighter,Yoo Jin Shin,0,no article
fighter,Yoo Joo-sang,0,no article
fighter,Yoo Sang-hoon,0,no article
fighter,Yoon Chang Min,0,no article
fighter,Yoon Chang-min,0,no article
fighter,Yoon Dong-Sik,0,same article as another: Yoon Dong-sik
fighter,Yoon Dong-sik,0,same article as another: Yoon Dong-sik
fighter,Yoon Ha Hong,0,no article
fighter,Yoon Jae Shim,0,no article
fighter,Yoon Jin Lee,0,no article
fighter,Yoon Joong Kim,0,no article
fighter,Yoon Seo Shin,0,no article
fighter,Yoon Young Kim,0,no article
fighter,Yorgan De Castro,21,Yorgan De Castro
fighter,Yosdenis Cedeno,23,Yosdenis Cedeno
fighter,Yoshihiro Akiyama,26,Yoshihiro Akiyama
fighter,Yoshihiro Koyama,0,no article
fighter,Yoshihiro Nakao,14,Yoshihiro Nakao
fighter,Yoshihiro Sato,0,no article
fighter,Yoshihisa Inoue,0,no article
fighter,Yoshihito Gokita,0,no article
fighter,Yoshiki Nakahara,0,no article
fighter,Yoshiko Hirano,3,Yoshiko (wrestler)
fighter,Yoshinori Horie,0,no article
fighter,Yoshinori Kawada,0,no article
fighter,Yoshio Kawabata,0,no article
fighter,Yoshiro Maeda,63,Yoshiro Maeda
fighter,Yoshitaka Abe,0,no article
fighter,Yoshitaka Naito,26,Yoshitaka Naito
fighter,Yoshiyuki Nakanishi,0,no article
fighter,Yoshiyuki Yoshida,27,Yoshiyuki Yoshida
fighter,Yosmany Cabezas,0,no article
fighter,Yosuke Habu,0,no article
fighter,Yosuke Nishijima,5,Yōsuke Nishijima
fighter,Yosuke Saruta,38,Yosuke Saruta
fighter,Yota Hayashi,0,no article
fighter,You Su-young,0,no article
fighter,Youcef Ouabbas,0,no article
fighter,Younes Najid,0,no article
fighter,Younes Rahmouni,0,no article
fighter,Young Choi,0,no article
fighter,Young Choi (c),0,no article
fighter,Young Geun Kim,0,no article
fighter,Young Gi Hong,0,no article
fighter,Young Han Kim,0,no article
fighter,Young Ji Kim,0,no article
fighter,Young Jin Hwang,0,no article
fighter,Young Joon Lee,0,no article
fighter,Young Jun Cho,0,no article
fighter,Young Jun Lee,0,no article
fighter,Young Ki Hong,0,no article
fighter,Young Min Ji,0,no article
fighter,Young Sam Jung,0,no article
fighter,Young Sang Park,0,no article
fighter,Young Seung Cho,0,no article
fighter,Young Wook Kim,0,no article
fighter,Yousef Adel,0,no article
fighter,Yousri Belgaroui,14,Yousri Belgaroui
fighter,Youssef Assouik,0,no article
fighter,Youssef Boughanem,5,Youssef Boughanem
fighter,Youssef Ibrahem,0,no article
fighter,Youssef Zalal,21,Youssef Zalal
fighter,Yrysbek Tilenov,0,no article
fighter,Ysidro Gutierrez,0,no article
fighter,Yu Iizuka,0,no article
fighter,Yu Jin Shin,0,no article
fighter,Yu Karino,0,no article
fighter,Yu Shiori,0,no article
fighter,Yu Yau Pui,0,no article
fighter,Yuan Chun Bo,0,no article
fighter,Yudai,0,no article
fighter,Yui Chul Nam,32,Yui Chul Nam
fighter,Yuichi Ikari,0,no article
fighter,Yuichi Miyagi,0,no article
fighter,Yuichi Nakanishi,0,no article
fighter,Yuichi Nakanishi (c),0,no article
fighter,Yuichiro Nagashima,9,Yuichiro Nagashima
fighter,Yuichiro Shirai,0,no article
fighter,Yuichiro Yajima,0,no article
fighter,Yuji Fujioka,0,no article
fighter,Yuji Hisamatsu,0,no article
fighter,Yuji Hoshino,0,no article
fighter,Yuji Miyazaki,0,no article
fighter,Yuji Sakuragi,44,Yuji Sakuragi
fighter,Yuji Shiotani,0,no article
fighter,Yukari Nabe,0,no article
fighter,Yukari Yamaguchi,0,no article
fighter,Yukari Yukari,0,no article
fighter,Yuki Inoue,0,no article
fighter,Yuki Ito,0,no article
fighter,Yuki Kawana,0,no article
fighter,Yuki Kondo,117,Yuki Kondo
fighter,Yuki Kondo (c),0,no article
fighter,Yuki Kurotsuchi,0,no article
fighter,Yuki Motoya,0,no article
fighter,Yuki Sasaki,49,Yuki Sasaki (mixed martial artist)
fighter,Yuki Takaya,0,no article
fighter,Yuki Uejima,0,no article
fighter,Yuki Yamasawa,0,no article
fighter,Yuki Yoza,0,no article
fighter,Yukiharu Maejima,0,no article
fighter,Yukiko Ozeki,0,no article
fighter,Yukiko Seki,0,no article
fighter,Yukinari Nabekawa,0,no article
fighter,Yukinari Tamura,0,no article
fighter,Yukio Kawabe,3,Tamakairiki Tsuyoshi
fighter,Yukio Sakaguchi,13,Yukio Sakaguchi
fighter,Yukiya Naito,0,no article
fighter,Yuko Kawabata,0,no article
fighter,Yuko Kiryu,0,no article
fighter,Yuko Oya,0,no article
fighter,Yuko Saito,0,no article
fighter,Yuko Suzuki,0,no article
fighter,Yulia Sachkov,2,Yulia Sachkov
fighter,Yuliana Ivetth,0,no article
fighter,Yuly Alves,0,no article
fighter,Yuma Horiuchi,0,no article
fighter,Yumiko Inoue,0,no article
fighter,Yumitsu Mimura,0,no article
fighter,Yun Ha Hong,0,no article
fighter,Yun Jae Jung,0,no article
fighter,Yuneisy Duben,0,no article
fighter,Yura Naito,0,no article
fighter,Yuri Anselmo,0,no article
fighter,Yuri Bessmertny,0,no article
fighter,Yuri Farcaș,0,no article
fighter,Yuri Gorbenko,0,no article
fighter,Yuri Neles,0,no article
fighter,Yuri Panferov,0,no article
fighter,Yuri Shim,0,no article
fighter,Yuri Simões,2,Yuri Simões
fighter,Yuri Takeda,0,no article
fighter,Yuri Villefort,20,Yuri Villefort
fighter,Yurika Nakakura,0,no article
fighter,Yurina Horiguchi,0,no article
fighter,Yuriy Fedorov,0,no article
fighter,Yusaku Kinoshita,0,no article
fighter,Yusaku Nakamura,0,no article
fighter,Yushi,0,no article
fighter,Yushin Okami,54,Yushin Okami
fighter,Yusuf Ali-Taleb,0,no article
fighter,Yusuf Karakaya,0,no article
fighter,Yusuf Nazokatov,0,no article
fighter,Yusuf Raisov,0,no article
fighter,Yusuke Iwaki,0,no article
fighter,Yusuke Kasuya,0,no article
fighter,Yusuke Kawaguchi,31,Yusuke Kawaguchi
fighter,Yusuke Kawanago,0,no article
fighter,Yusuke Kitagawa,0,no article
fighter,Yusuke Masuda,0,no article
fighter,Yusuke Yachi,0,no article
fighter,Yusup Abukarov,0,no article
fighter,Yusup Saadulaev,0,no article
fighter,Yusup-Khadzhi Zubariev,0,no article
fighter,Yuta Kubo,9,Yuta Kubo
fighter,Yuta Nakamura,0,no article
fighter,Yuta Nezu,0,no article
fighter,Yuta Watanabe,0,no article
fighter,Yutaka Kobayashi,0,no article
fighter,Yutaka Nishikawa,0,no article
fighter,Yutaka Saito,0,no article
fighter,Yuto Hokamura,0,no article
fighter,Yuya Shirai,41,Yuya Shirai
fighter,Yuya Wakamatsu,28,Yuya Wakamatsu
fighter,Yuya Wakamatsu (c),0,no article
fighter,Yve Nelson,0,no article
fighter,Yves Edwards,66,Yves Edwards
fighter,Yves Jabouin,31,Yves Jabouin
fighter,Yves Landu,0,no article
fighter,Yvonne Reis,0,no article
fighter,Zabit Magomedsharipov,1,Zabit Magomedsharipov
fighter,Zac Cavender,0,no article
fighter,Zac Cooper,0,no article
fighter,Zac George,0,no article
fighter,Zac Kelley,0,no article
fighter,Zac Pauga,0,no article
fighter,Zac Riley,0,no article
fighter,Zach Albritton,0,no article
fighter,Zach Andrews,0,no article
fighter,Zach Blaber,0,no article
fighter,Zach Bunnell,0,no article
fighter,Zach Conn,0,no article
fighter,Zach Fears,0,no article
fighter,Zach Freeman,0,no article
fighter,Zach Juusola,0,no article
fighter,Zach Light,0,no article
fighter,Zach Makovsky,33,Zach Makovsky
fighter,Zach Makovsky (c),0,no article
fighter,Zach Micklewright,0,no article
fighter,Zach Rosol,0,no article
fighter,Zach Scroggin,0,no article
fighter,Zach Thumb,0,no article
fighter,Zach Underwood,20,Zach Underwood
fighter,Zach Vaci,0,no article
fighter,Zach Zane,0,no article
fighter,Zachary Borrego,0,no article
fighter,Zachary Buros-Nash,0,no article
fighter,Zachary Hicks,0,no article
fighter,Zachary Reese,15,Zachary Reese
fighter,Zachary Vaci,0,no article
fighter,Zachary Zane,0,no article
fighter,Zack Mwekassa,0,no article
fighter,Zack Skinner,0,no article
fighter,Zafar Mohsen,0,no article
fighter,Zafer Sayik,0,no article
fighter,Zafer Şayik,0,no article
fighter,Zagid Gaidarov,0,no article
fighter,Zaid Varela,0,no article
fighter,Zak Bucia,33,Zak Bucia
fighter,Zak Cummings,33,Zak Cummings
fighter,Zak Flessas,0,no article
fighter,Zak Jensen,0,no article
fighter,Zak Laird,0,no article
fighter,Zak Ottow,28,Zak Ottow
fighter,Zaka Fatullazade,0,no article
fighter,Zakaria El Jamari,0,no article
fighter,Zakaria Laaouatni,0,no article
fighter,Zakhar Ryabov,0,no article
fighter,Zaki Mohsin,0,no article
fighter,Zaman Ismail,0,no article
fighter,Zamir Aripshev,0,no article
fighter,Zamzagul Fayzallanova,0,no article
fighter,Zamzam Al Hammadi,0,no article
fighter,Zane Clerk,0,no article
fighter,Zane Kamaka,0,no article
fighter,Zanyar Kamaran,0,no article
fighter,Zarah Fairn,13,Zarah Fairn
fighter,Zarah Fairn dos Santos,0,same article as another: Zarah Fairn
fighter,Zarrukh Adashev,9,Zarrukh Adashev
fighter,Zaur Gadzhiev,0,no article
fighter,Zaurbek Sabanov,0,no article
fighter,Zayed Alkatheeri,0,no article
fighter,Zayeq Herrera,0,no article
fighter,Zayne Havener,0,no article
fighter,Zdenek Polivka,0,no article
fighter,Zdeněk Polívka,0,no article
fighter,Ze Hao Zhang,0,no article
fighter,Ze Wu,0,no article
fighter,Zeb Vincent,0,no article
fighter,Zeba Bano,0,no article
fighter,Zebaztian Kadestam,0,no article
fighter,Zebenzui Ruiz,0,no article
fighter,Zeilton Rodrigues,0,no article
fighter,Zeke Tuinei-Wily,0,no article
fighter,Zelang Zhaxi,0,no article
fighter,Zelg Galesic,20,Zelg Galešić
fighter,Zelim Imadaev,10,Zelim Imadaev
fighter,Zelimkhan Amirov,0,no article
fighter,Zevan Hunt,0,no article
fighter,Zhakshylyk Myrzabekov,0,no article
fighter,Zhalgas Zhumagulov,29,Zhalgas Zhumagulov
fighter,Zhalgas Zhumagulov (c),0,no article
fighter,Zhang Chenglong,0,no article
fighter,Zhang Jiacai,0,no article
fighter,Zhang Lipeng,53,Zhang Lipeng
fighter,Zhang Mingyang,27,Zhang Mingyang
fighter,Zhang Peimian,0,no article
fighter,Zhang Tiequan,0,same article as another: Zhang Tiequan
fighter,Zhang Weili,30,Zhang Weili
fighter,Zhang Weili (c),0,no article
fighter,Zhang You Liang,0,no article
fighter,Zhanibek Tynyshtyk,0,no article
fighter,Zhanysh Uraimov Uulu,0,no article
fighter,Zhao Xiao Tong,0,no article
fighter,Zhao Ya Fei,0,no article
fighter,Zhao Zhi Kang,0,no article
fighter,Zhasulan Akimzhanov,0,no article
fighter,Zheng Ziaoliang,0,no article
fighter,Zhenyue Huang,0,no article
fighter,Zhifa Shang,0,no article
fighter,Zhora Ayvazyan,0,no article
fighter,Zhou Biao,0,no article
fighter,Zhu Kangjie,0,no article
fighter,Zhumabek Tursyn,34,Zhumabek Tursyn
fighter,Ziad Ayman Mokhtar,0,no article
fighter,Zoe Nowicki,0,no article
fighter,Zoila Frausto,20,Zoila Frausto
fighter,Zoila Frausto Gurgel,0,same article as another: Zoila Frausto
fighter,Zoila Gurgel,0,same article as another: Zoila Frausto
fighter,Zoltán Hegedűs,0,no article
fighter,Zoltán Laszák,0,no article
fighter,Zoltán Laszák (c),0,no article
fighter,Zoltán Turai,0,no article
fighter,Zoltán Turi,0,no article
fighter,Zoran Milić,0,no article
fighter,Zoran Solaja,0,no article
fighter,Zorobabel Moreira,0,no article
fighter,Zsolt Balla,0,no article
fighter,Zsolt Benedek,0,no article
fighter,Zsolt Fényes,0,no article
fighter,Zu Anyanwu,0,no article
fighter,Zubair Zubairov,0,no article
fighter,Zubaira Tukhugov,27,Zubaira Tukhugov
fighter,Zuhayr Al-Qahtani,0,no article
fighter,Zulfiya Kurbashova,0,no article
fighter,Zuli Silawanto,0,no article
fighter,Zuluzinho,0,same article as another: Zuluzinho
fighter,Zumar Archer,0,no article
fighter,Zumarr Archer,0,no article
fighter,Zumso Zuraev,0,no article
fighter,Zura Zarnadze,0,no article
fighter,Zviad Lazishvili,0,no article
fighter,lKim Hock Quek,0,no article
fighter,willian De Souza,0,no article
fighter,Ádám Borics,24,Ádám Borics
fighter,Álvaro Herrera,16,Álvaro Herrera
fighter,Álvaro Torres,0,no article
fighter,Ángel Rodríguez,0,no article
fighter,Ángel Ruíz,0,no article
fighter,Ángel Torres,0,no article
fighter,Ángel Verdin Escobar,0,no article
fighter,Áuero Cruz,0,no article
fighter,Édgar Aválos,0,no article
fighter,Édgar Cháirez,22,Édgar Cháirez
fighter,Édgar Delgado Jimenez,0,no article
fighter,Édgar Delgado Jiménez,0,no article
fighter,Édgar Delgado Jiménez (c),0,no article
fighter,Đani Barbir,0,no article
fighter,İbo Aslan,0,same article as another: İbo Aslan
fighter,İska İsmayilov,0,no article
fighter,Ľudovít Klein,31,Ľudovít Klein
fighter,Łukasz Brzeski,0,no article
fighter,Łukasz Charzewski,0,no article
fighter,Łukasz Kopera,0,no article
fighter,Łukasz Parobiec,0,no article
fighter,Łukasz Rajewski,0,no article
fighter,Łukasz Sajewski,0,no article
fighter,Łukasz Siwiec,0,no article
fighter,Łukasz Sudolski,0,no article
fighter,Šimon Bruknar,0,no article
fighter,Štefan Vojčák,13,Štefan Vojčák
fighter,Žan Boženk,0,no article
fighter,Žygimantas Ramaška,0,no article
fighter,Ștefan Emeldi,0,no article
fighter,Ștefan Lătescu,0,no article
