year,p_model,p_sim,finished,confidence,called_finish,was_wrong,disagreement
2020,0.3180837035179138,0.20266666666666666,0.0,0.36383259296417236,False,0.0,0.11541703685124716
2020,0.7723571062088013,0.954,1.0,0.5447142124176025,True,0.0,0.1816428937911987
2020,0.3747665286064148,0.10066666666666668,0.0,0.2504669427871704,False,0.0,0.2740998619397481
2020,0.9222970604896545,1.0,1.0,0.8445941209793091,True,0.0,0.07770293951034546
2020,0.35553574562072754,0.05466666666666664,1.0,0.2889285087585449,False,1.0,0.3008690789540609
2020,0.5850079655647278,0.2713333333333333,0.0,0.17001593112945557,True,1.0,0.31367463223139447
2020,0.3864837884902954,0.3420000000000001,0.0,0.22703242301940918,False,0.0,0.04448378849029533
2020,0.29270803928375244,0.5666666666666667,1.0,0.4145839214324951,False,1.0,0.2739586273829142
2020,0.41736042499542236,0.21266666666666656,0.0,0.16527915000915527,False,0.0,0.2046937583287558
2020,0.3505634665489197,0.2713333333333334,1.0,0.29887306690216064,False,1.0,0.07923013321558625
2020,0.4629213809967041,0.6333333333333333,1.0,0.0741572380065918,False,1.0,0.1704119523366292
2020,0.5013781189918518,0.15800000000000003,0.0,0.0027562379837036133,True,1.0,0.3433781189918518
2020,0.9129773378372192,0.9173333333333333,1.0,0.8259546756744385,True,0.0,0.004355995496114096
2020,0.6593710780143738,0.4093333333333333,0.0,0.31874215602874756,True,1.0,0.25003774468104045
2020,0.5337644815444946,0.7353333333333334,0.0,0.06752896308898926,True,1.0,0.20156885178883877
2020,0.366757869720459,0.04800000000000004,0.0,0.26648426055908203,False,0.0,0.31875786972045894
2020,0.4612697958946228,0.04066666666666663,0.0,0.0774604082107544,False,0.0,0.4206031292279562
2020,0.45597410202026367,0.32200000000000006,0.0,0.08805179595947266,False,0.0,0.1339741020202636
2020,0.5048925876617432,0.041333333333333444,1.0,0.009785175323486328,True,0.0,0.4635592543284097
2020,0.16621720790863037,0.053333333333333344,0.0,0.6675655841827393,False,0.0,0.11288387457529703
2020,0.5310039520263672,0.42466666666666664,1.0,0.062007904052734375,True,0.0,0.10633728535970055
2020,0.3569064736366272,0.30333333333333323,0.0,0.2861870527267456,False,0.0,0.053573140303293965
2020,0.5380985140800476,0.5706666666666667,0.0,0.07619702816009521,True,1.0,0.03256815258661905
2020,0.5153792500495911,0.2833333333333333,1.0,0.03075850009918213,True,0.0,0.23204591671625774
2020,0.7449610233306885,0.9713333333333334,0.0,0.48992204666137695,True,1.0,0.2263723100026449
2020,0.3214613199234009,0.21266666666666667,0.0,0.35707736015319824,False,0.0,0.10879465325673421
2020,0.4612044095993042,0.06133333333333324,0.0,0.0775911808013916,False,0.0,0.39987107626597096
2020,0.5381996035575867,0.16333333333333344,0.0,0.07639920711517334,True,1.0,0.37486627022425323
2020,0.3946768045425415,0.3440000000000001,1.0,0.210646390914917,False,1.0,0.05067680454254142
2020,0.6803247928619385,0.5873333333333333,1.0,0.36064958572387695,True,0.0,0.09299145952860521
2020,0.46693068742752075,0.03600000000000003,0.0,0.0661386251449585,False,0.0,0.4309306874275207
2020,0.29231512546539307,0.04933333333333334,1.0,0.41536974906921387,False,1.0,0.24298179213205973
2020,0.642427921295166,0.7386666666666667,0.0,0.28485584259033203,True,1.0,0.09623874537150068
2020,0.4022301435470581,0.03533333333333333,0.0,0.1955397129058838,False,0.0,0.3668968102137248
2020,0.24203181266784668,0.06999999999999995,0.0,0.5159363746643066,False,0.0,0.17203181266784673
2020,0.6793971061706543,0.29066666666666663,1.0,0.3587942123413086,True,0.0,0.38873043950398767
2020,0.6416105031967163,0.07000000000000006,0.0,0.2832210063934326,True,1.0,0.5716105031967162
2020,0.6665934324264526,0.29800000000000004,0.0,0.3331868648529053,True,1.0,0.3685934324264526
2020,0.4453924894332886,0.3793333333333333,0.0,0.10921502113342285,False,0.0,0.06605915609995527
2020,0.2751515507698059,0.10133333333333328,1.0,0.4496968984603882,False,1.0,0.17381821743647263
2020,0.18764913082122803,0.1226666666666667,0.0,0.624701738357544,False,0.0,0.06498246415456133
2020,0.6455740928649902,0.6819999999999999,1.0,0.29114818572998047,True,0.0,0.036425907135009705
2020,0.5425267219543457,0.040000000000000036,1.0,0.0850534439086914,True,0.0,0.5025267219543457
2020,0.5498452186584473,0.05066666666666664,1.0,0.09969043731689453,True,0.0,0.49917855199178063
2020,0.6690247058868408,0.3933333333333334,1.0,0.33804941177368164,True,0.0,0.2756913725535074
2020,0.6201856732368469,0.6393333333333333,0.0,0.24037134647369385,True,1.0,0.019147660096486385
2020,0.318070650100708,0.502,1.0,0.363858699798584,False,1.0,0.183929349899292
2020,0.4002645015716553,0.624,1.0,0.19947099685668945,False,1.0,0.22373549842834473
2020,0.5696264505386353,0.4933333333333333,0.0,0.1392529010772705,True,1.0,0.07629311720530196
2020,0.5693238377571106,0.18200000000000005,1.0,0.1386476755142212,True,0.0,0.38732383775711055
2020,0.763332188129425,0.16066666666666662,0.0,0.5266643762588501,True,1.0,0.6026655214627584
2020,0.46601682901382446,0.13933333333333342,1.0,0.06796634197235107,False,1.0,0.32668349568049104
2020,0.5994157195091248,0.42666666666666664,0.0,0.1988314390182495,True,1.0,0.17274905284245812
2020,0.5496435165405273,0.06133333333333335,1.0,0.09928703308105469,True,0.0,0.488310183207194
2020,0.7732807397842407,0.9526666666666667,1.0,0.5465614795684814,True,0.0,0.17938592688242594
2020,0.543299674987793,0.4179999999999999,0.0,0.08659934997558594,True,1.0,0.12529967498779304
2020,0.5778577923774719,0.344,1.0,0.15571558475494385,True,0.0,0.23385779237747195
2020,0.2630738615989685,0.15999999999999992,0.0,0.473852276802063,False,0.0,0.10307386159896859
2020,0.2959521412849426,0.06333333333333335,1.0,0.40809571743011475,False,1.0,0.23261880795160927
2020,0.8884076476097107,1.0,0.0,0.7768152952194214,True,1.0,0.1115923523902893
2020,0.543960690498352,0.16933333333333334,0.0,0.0879213809967041,True,1.0,0.3746273571650187
2020,0.48422950506210327,0.9473333333333334,0.0,0.03154098987579346,False,0.0,0.4631038282712301
2020,0.4903184771537781,0.472,0.0,0.019363045692443848,False,0.0,0.0183184771537781
2020,0.6476120948791504,0.06000000000000005,0.0,0.2952241897583008,True,1.0,0.5876120948791503
2020,0.9262155294418335,0.8426666666666667,1.0,0.852431058883667,True,0.0,0.08354886277516682
2020,0.8029694557189941,0.21266666666666678,1.0,0.6059389114379883,True,0.0,0.5903027890523274
2020,0.4719865322113037,0.1586666666666665,0.0,0.05602693557739258,False,0.0,0.3133198655446372
2020,0.6220382452011108,0.6846666666666668,0.0,0.24407649040222168,True,1.0,0.06262842146555592
2020,0.5400614738464355,0.10333333333333339,1.0,0.0801229476928711,True,0.0,0.43672814051310216
2020,0.7804846167564392,0.906,0.0,0.5609692335128784,True,1.0,0.12551538324356082
2020,0.5601564049720764,0.17133333333333334,1.0,0.12031280994415283,True,0.0,0.3888230716387431
2020,0.7542555928230286,0.97,1.0,0.5085111856460571,True,0.0,0.2157444071769714
2020,0.5059261322021484,0.051999999999999935,0.0,0.011852264404296875,True,1.0,0.4539261322021485
2020,0.6591768264770508,0.5606666666666666,0.0,0.31835365295410156,True,1.0,0.09851015981038413
2020,0.3297275900840759,0.2526666666666666,0.0,0.34054481983184814,False,0.0,0.07706092341740933
2020,0.5409485101699829,0.7753333333333333,0.0,0.08189702033996582,True,1.0,0.2343848231633504
2020,0.45910030603408813,0.12266666666666659,1.0,0.08179938793182373,False,1.0,0.33643363936742154
2020,0.8684958219528198,0.862,1.0,0.7369916439056396,True,0.0,0.006495821952819836
2020,0.5965274572372437,0.6793333333333333,1.0,0.1930549144744873,True,0.0,0.08280587609608969
2020,0.3966306447982788,0.43733333333333324,1.0,0.20673871040344238,False,1.0,0.04070268853505443
2020,0.7165687084197998,0.556,0.0,0.4331374168395996,True,1.0,0.16056870841979975
2020,0.2596445083618164,0.3899999999999999,0.0,0.4807109832763672,False,0.0,0.1303554916381835
2020,0.21918624639511108,0.9273333333333333,0.0,0.5616275072097778,False,0.0,0.7081470869382223
2020,0.9435150623321533,1.0,1.0,0.8870301246643066,True,0.0,0.05648493766784668
2020,0.4228762984275818,0.6839999999999999,1.0,0.15424740314483643,False,1.0,0.26112370157241815
2020,0.2830246686935425,0.3446666666666667,0.0,0.43395066261291504,False,0.0,0.061641997973124196
2020,0.5412573218345642,0.4033333333333333,0.0,0.08251464366912842,True,1.0,0.1379239885012309
2020,0.6137071251869202,0.4953333333333334,0.0,0.22741425037384033,True,1.0,0.11837379185358676
2020,0.5611609816551208,0.31600000000000006,0.0,0.1223219633102417,True,1.0,0.2451609816551208
2020,0.4487875699996948,0.7633333333333333,1.0,0.10242486000061035,False,1.0,0.3145457633336385
2020,0.12007051706314087,0.08933333333333338,1.0,0.7598589658737183,False,1.0,0.030737183729807493
2020,0.7588824033737183,0.44533333333333336,0.0,0.5177648067474365,True,1.0,0.3135490700403849
2020,0.5346939563751221,0.050000000000000044,0.0,0.06938791275024414,True,1.0,0.484693956375122
2020,0.1486615538597107,0.31933333333333336,0.0,0.7026768922805786,False,0.0,0.17067177947362266
2020,0.3582662343978882,0.2240000000000001,1.0,0.28346753120422363,False,1.0,0.1342662343978881
2020,0.3206537961959839,0.04266666666666674,1.0,0.3586924076080322,False,1.0,0.27798712952931715
2020,0.4521738290786743,0.2553333333333334,1.0,0.09565234184265137,False,1.0,0.1968404957453409
2020,0.20821553468704224,0.5026666666666666,1.0,0.5835689306259155,False,1.0,0.29445113197962436
2020,0.47063302993774414,0.04933333333333334,0.0,0.05873394012451172,False,0.0,0.4212996966044108
2020,0.4820709824562073,0.45133333333333325,1.0,0.03585803508758545,False,1.0,0.030737649122874022
2020,0.5373470783233643,0.41866666666666674,0.0,0.07469415664672852,True,1.0,0.11868041165669752
2020,0.45792412757873535,0.21333333333333337,1.0,0.0841517448425293,False,1.0,0.24459079424540198
2020,0.4506995677947998,0.518,0.0,0.09860086441040039,False,0.0,0.06730043220520021
2020,0.5153589248657227,0.552,0.0,0.030717849731445312,True,1.0,0.03664107513427739
2020,0.3576156497001648,0.1373333333333333,1.0,0.2847687005996704,False,1.0,0.2202823163668315
2020,0.3512372374534607,0.9886666666666667,1.0,0.2975255250930786,False,1.0,0.637429429213206
2020,0.3832566738128662,0.7326666666666666,1.0,0.23348665237426758,False,1.0,0.34940999285380037
2020,0.4897040128707886,0.6066666666666667,1.0,0.02059197425842285,False,1.0,0.11696265379587811
2020,0.3497929573059082,0.2353333333333334,0.0,0.3004140853881836,False,0.0,0.11445962397257481
2020,0.5194900035858154,0.2573333333333333,0.0,0.03898000717163086,True,1.0,0.2621566702524821
2020,0.41510629653930664,0.07999999999999996,0.0,0.16978740692138672,False,0.0,0.3351062965393067
2020,0.37275803089141846,0.4686666666666667,0.0,0.2544839382171631,False,0.0,0.09590863577524822
2020,0.5204885005950928,0.55,1.0,0.04097700119018555,True,0.0,0.02951149940490727
2020,0.43464887142181396,0.8706666666666667,1.0,0.13070225715637207,False,1.0,0.43601779524485273
2020,0.4641491174697876,0.5660000000000001,0.0,0.0717017650604248,False,0.0,0.10185088253021246
2020,0.580363392829895,0.21266666666666667,0.0,0.16072678565979004,True,1.0,0.36769672616322835
2020,0.42081671953201294,0.6013333333333333,1.0,0.15836656093597412,False,1.0,0.18051661380132034
2020,0.6374702453613281,0.33466666666666667,1.0,0.27494049072265625,True,0.0,0.30280357869466146
2020,0.32806259393692017,0.048666666666666636,0.0,0.34387481212615967,False,0.0,0.27939592727025353
2020,0.6100940704345703,0.586,0.0,0.22018814086914062,True,1.0,0.024094070434570347
2020,0.08100330829620361,0.1253333333333333,0.0,0.8379933834075928,False,0.0,0.04433002503712968
2020,0.9455736875534058,0.6933333333333334,0.0,0.8911473751068115,True,1.0,0.2522403542200724
2020,0.2346382737159729,0.043333333333333446,0.0,0.5307234525680542,False,0.0,0.19130494038263945
2020,0.8694112300872803,0.40800000000000003,0.0,0.7388224601745605,True,1.0,0.46141123008728024
2020,0.63807213306427,0.974,0.0,0.27614426612854004,True,1.0,0.33592786693572996
2020,0.7613607048988342,0.7746666666666666,1.0,0.5227214097976685,True,0.0,0.013305961767832386
2020,0.6450036764144897,0.20133333333333325,1.0,0.2900073528289795,True,0.0,0.4436703430811565
2020,0.6403790712356567,0.45066666666666666,1.0,0.2807581424713135,True,0.0,0.18971240456899008
2020,0.6174954175949097,0.3546666666666667,0.0,0.23499083518981934,True,1.0,0.262828750928243
2020,0.5669728517532349,0.6626666666666667,0.0,0.13394570350646973,True,1.0,0.09569381491343187
2020,0.5731906890869141,0.6433333333333333,0.0,0.14638137817382812,True,1.0,0.07014264424641925
2020,0.6812429428100586,0.2533333333333334,0.0,0.3624858856201172,True,1.0,0.4279096094767252
2020,0.8387786149978638,0.982,1.0,0.6775572299957275,True,0.0,0.14322138500213621
2020,0.8370468616485596,0.44066666666666665,1.0,0.6740937232971191,True,0.0,0.3963801949818929
2020,0.4649616479873657,0.498,1.0,0.07007670402526855,False,1.0,0.033038352012634276
2020,0.20838713645935059,0.07866666666666666,0.0,0.5832257270812988,False,0.0,0.12972046979268392
2020,0.40386372804641724,0.4806666666666667,1.0,0.19227254390716553,False,1.0,0.07680293862024945
2020,0.4263593554496765,0.02533333333333332,1.0,0.14728128910064697,False,1.0,0.4010260221163432
2020,0.3035234808921814,0.4033333333333333,1.0,0.3929530382156372,False,1.0,0.09980985244115193
2020,0.5754553079605103,0.3813333333333333,0.0,0.1509106159210205,True,1.0,0.19412197462717695
2020,0.5184011459350586,0.43866666666666654,0.0,0.03680229187011719,True,1.0,0.07973447926839206
2020,0.5137518048286438,0.14533333333333331,0.0,0.027503609657287598,True,1.0,0.3684184714953105
2020,0.28685814142227173,0.041999999999999926,0.0,0.42628371715545654,False,0.0,0.2448581414222718
2020,0.594793438911438,0.7653333333333333,1.0,0.18958687782287598,True,0.0,0.17053989442189532
2020,0.5448439121246338,0.1293333333333334,0.0,0.08968782424926758,True,1.0,0.4155105787913004
2020,0.5697119235992432,0.404,1.0,0.13942384719848633,True,0.0,0.16571192359924314
2020,0.35634589195251465,0.10199999999999998,0.0,0.2873082160949707,False,0.0,0.25434589195251467
2020,0.7126467823982239,0.3833333333333333,1.0,0.42529356479644775,True,0.0,0.3293134490648906
2020,0.29466986656188965,0.41200000000000003,0.0,0.4106602668762207,False,0.0,0.11733013343811038
2020,0.7632718682289124,0.6653333333333333,1.0,0.5265437364578247,True,0.0,0.09793853489557902
2020,0.7213718891143799,0.786,0.0,0.44274377822875977,True,1.0,0.06462811088562015
2020,0.42925286293029785,1.0,1.0,0.1414942741394043,False,1.0,0.5707471370697021
2020,0.723985493183136,0.6873333333333334,0.0,0.447970986366272,True,1.0,0.036652159849802635
2020,0.26065927743911743,0.1253333333333333,0.0,0.47868144512176514,False,0.0,0.13532594410578414
2020,0.5589902400970459,0.5933333333333333,0.0,0.1179804801940918,True,1.0,0.03434309323628737
2020,0.405723512172699,0.268,1.0,0.18855297565460205,False,1.0,0.13772351217269896
2020,0.1733003854751587,0.15466666666666673,1.0,0.6533992290496826,False,1.0,0.01863371880849196
2020,0.7347589731216431,0.45066666666666677,1.0,0.46951794624328613,True,0.0,0.2840923064549763
2020,0.400817334651947,0.23199999999999998,0.0,0.19836533069610596,False,0.0,0.16881733465194704
2020,0.4830445647239685,0.041333333333333444,1.0,0.03391087055206299,False,1.0,0.44171123139063506
2020,0.9051483869552612,0.9906666666666667,1.0,0.8102967739105225,True,0.0,0.08551827971140546
2020,0.3658469319343567,0.19666666666666666,0.0,0.2683061361312866,False,0.0,0.16918026526769003
2020,0.6584104299545288,0.4646666666666667,1.0,0.3168208599090576,True,0.0,0.19374376328786214
2020,0.6713809967041016,0.9406666666666667,1.0,0.3427619934082031,True,0.0,0.2692856699625651
2020,0.6257169842720032,0.5806666666666667,0.0,0.25143396854400635,True,1.0,0.04505031760533651
2020,0.6392379999160767,0.46799999999999997,0.0,0.2784759998321533,True,1.0,0.1712379999160767
2020,0.7953484058380127,1.0,1.0,0.5906968116760254,True,0.0,0.2046515941619873
2020,0.909281313419342,0.3933333333333333,0.0,0.8185626268386841,True,1.0,0.5159479800860087
2020,0.22498774528503418,0.2506666666666667,1.0,0.5500245094299316,False,1.0,0.025678921381632525
2020,0.22509312629699707,0.031333333333333324,0.0,0.5498137474060059,False,0.0,0.19375979296366375
2020,0.5346895456314087,0.3400000000000001,1.0,0.06937909126281738,True,0.0,0.1946895456314086
2020,0.2492063045501709,0.026666666666666616,0.0,0.5015873908996582,False,0.0,0.22253963788350428
2020,0.7119337320327759,0.986,1.0,0.42386746406555176,True,0.0,0.2740662679672241
2020,0.32067227363586426,0.4119999999999999,1.0,0.3586554527282715,False,1.0,0.09132772636413566
2020,0.4040237069129944,0.2533333333333334,0.0,0.19195258617401123,False,0.0,0.15069037357966097
2020,0.48676079511642456,1.0,1.0,0.02647840976715088,False,1.0,0.5132392048835754
2020,0.436085045337677,0.03733333333333333,1.0,0.127829909324646,False,1.0,0.3987517120043437
2020,0.34309983253479004,1.0,1.0,0.3138003349304199,False,1.0,0.65690016746521
2020,0.4220850467681885,0.352,0.0,0.15582990646362305,False,0.0,0.0700850467681885
2020,0.47344404458999634,0.04933333333333334,0.0,0.053111910820007324,False,0.0,0.424110711256663
2020,0.44036710262298584,0.7806666666666666,1.0,0.11926579475402832,False,1.0,0.3402995640436808
2020,0.37271809577941895,0.5513333333333332,0.0,0.2545638084411621,False,0.0,0.17861523755391429
2020,0.2717883586883545,0.3573333333333333,0.0,0.456423282623291,False,0.0,0.08554497464497879
2020,0.37537330389022827,0.09533333333333327,1.0,0.24925339221954346,False,1.0,0.280039970556895
2020,0.6453434228897095,0.022666666666666613,1.0,0.29068684577941895,True,0.0,0.6226767562230429
2020,0.42988312244415283,0.09466666666666668,0.0,0.14023375511169434,False,0.0,0.33521645577748616
2020,0.6441172361373901,0.4053333333333333,1.0,0.2882344722747803,True,0.0,0.2387839028040568
2020,0.9435089230537415,0.91,1.0,0.8870178461074829,True,0.0,0.033508923053741424
2020,0.2849835753440857,0.058666666666666645,1.0,0.4300328493118286,False,1.0,0.22631690867741905
2020,0.34196239709854126,0.043333333333333224,0.0,0.3160752058029175,False,0.0,0.29862906376520804
2020,0.8326202630996704,0.812,1.0,0.6652405261993408,True,0.0,0.020620263099670355
2020,0.6108243465423584,0.1226666666666667,1.0,0.2216486930847168,True,0.0,0.4881576798756917
2020,0.3596569299697876,0.04933333333333334,0.0,0.2806861400604248,False,0.0,0.31032359663645426
2020,0.671180009841919,0.49,0.0,0.3423600196838379,True,1.0,0.18118000984191895
2020,0.5747171640396118,0.772,0.0,0.14943432807922363,True,1.0,0.1972828359603882
2020,0.34803467988967896,0.41533333333333333,0.0,0.3039306402206421,False,0.0,0.06729865344365438
2020,0.6444332599639893,0.6859999999999999,1.0,0.2888665199279785,True,0.0,0.041566740036010685
2020,0.268222451210022,0.532,1.0,0.46355509757995605,False,1.0,0.26377754878997806
2020,0.6205297112464905,0.268,1.0,0.24105942249298096,True,0.0,0.35252971124649046
2020,0.6460705995559692,0.32000000000000006,0.0,0.2921411991119385,True,1.0,0.3260705995559692
2020,0.6788164973258972,0.29599999999999993,1.0,0.35763299465179443,True,0.0,0.3828164973258973
2020,0.6663304567337036,0.8566666666666667,1.0,0.3326609134674072,True,0.0,0.19033620993296307
2020,0.7809897661209106,0.8973333333333333,1.0,0.5619795322418213,True,0.0,0.11634356721242267
2020,0.38555437326431274,0.10999999999999999,0.0,0.2288912534713745,False,0.0,0.27555437326431276
2020,0.2741101384162903,0.06000000000000005,0.0,0.45177972316741943,False,0.0,0.21411013841629023
2020,0.26448482275009155,0.5253333333333333,1.0,0.4710303544998169,False,1.0,0.26084851058324177
2020,0.2889137864112854,0.17066666666666663,0.0,0.4221724271774292,False,0.0,0.11824711974461877
2020,0.579720139503479,0.04666666666666652,0.0,0.159440279006958,True,1.0,0.5330534728368125
2020,0.37255096435546875,0.043333333333333335,1.0,0.2548980712890625,False,1.0,0.3292176310221354
2020,0.7896685004234314,0.27,1.0,0.5793370008468628,True,0.0,0.5196685004234314
2020,0.47621649503707886,0.21933333333333338,0.0,0.047567009925842285,False,0.0,0.2568831617037455
2020,0.6319992542266846,0.3846666666666666,1.0,0.26399850845336914,True,0.0,0.24733258756001797
2020,0.5397403240203857,0.9686666666666667,1.0,0.07948064804077148,True,0.0,0.42892634264628093
2020,0.5396095514297485,0.256,1.0,0.07921910285949707,True,0.0,0.28360955142974853
2020,0.6614893674850464,0.03066666666666673,0.0,0.3229787349700928,True,1.0,0.6308227008183797
2020,0.24148601293563843,0.04933333333333334,0.0,0.5170279741287231,False,0.0,0.1921526796023051
2020,0.49216121435165405,0.22799999999999998,0.0,0.015677571296691895,False,0.0,0.2641612143516541
2020,0.6269411444664001,0.2653333333333334,0.0,0.2538822889328003,True,1.0,0.3616078111330667
2020,0.5610941052436829,0.06733333333333336,1.0,0.12218821048736572,True,0.0,0.4937607719103495
2020,0.7486094236373901,0.45400000000000007,1.0,0.4972188472747803,True,0.0,0.29460942363739007
2020,0.46919482946395874,0.07266666666666666,0.0,0.06161034107208252,False,0.0,0.3965281627972921
2020,0.4494326114654541,0.846,0.0,0.1011347770690918,False,0.0,0.3965673885345459
2020,0.8529278635978699,0.5946666666666667,1.0,0.7058557271957397,True,0.0,0.2582611969312032
2020,0.6866792440414429,0.844,1.0,0.37335848808288574,True,0.0,0.1573207559585571
2020,0.695084273815155,0.5046666666666667,0.0,0.39016854763031006,True,1.0,0.19041760714848832
2020,0.36412513256073,0.938,0.0,0.27174973487854004,False,0.0,0.57387486743927
2020,0.5535483956336975,0.9606666666666667,1.0,0.10709679126739502,True,0.0,0.40711827103296916
2020,0.49121469259262085,0.658,0.0,0.0175706148147583,False,0.0,0.16678530740737918
2020,0.3062528967857361,0.238,1.0,0.38749420642852783,False,1.0,0.0682528967857361
2020,0.6547366380691528,0.04600000000000004,0.0,0.30947327613830566,True,1.0,0.6087366380691528
2020,0.6603632569313049,0.246,0.0,0.32072651386260986,True,1.0,0.41436325693130494
2020,0.4605832099914551,0.022666666666666613,0.0,0.07883358001708984,False,0.0,0.43791654332478847
2020,0.8227089643478394,0.904,0.0,0.6454179286956787,True,1.0,0.08129103565216067
2020,0.6548012495040894,0.1326666666666666,1.0,0.3096024990081787,True,0.0,0.5221345828374228
2020,0.4048382639884949,0.6466666666666667,0.0,0.19032347202301025,False,0.0,0.24182840267817185
2020,0.6768578886985779,0.6766666666666667,1.0,0.35371577739715576,True,0.0,0.0001912220319111313
2020,0.6066688299179077,0.9686666666666667,1.0,0.21333765983581543,True,0.0,0.36199783674875896
2020,0.4044230580329895,0.7713333333333333,0.0,0.191153883934021,False,0.0,0.3669102753003438
2020,0.6217012405395508,0.5266666666666666,1.0,0.24340248107910156,True,0.0,0.09503457387288416
2020,0.6819840669631958,0.6313333333333333,1.0,0.3639681339263916,True,0.0,0.0506507336298625
2020,0.605368971824646,0.37,0.0,0.210737943649292,True,1.0,0.235368971824646
2020,0.7487714886665344,0.17133333333333334,1.0,0.49754297733306885,True,0.0,0.5774381553332011
2020,0.4923856258392334,0.4086666666666666,1.0,0.015228748321533203,False,1.0,0.08371895917256678
2020,0.8159330487251282,0.8726666666666667,1.0,0.6318660974502563,True,0.0,0.05673361794153853
2020,0.5213817358016968,0.13733333333333342,1.0,0.042763471603393555,True,0.0,0.38404840246836336
2020,0.7681736946105957,0.608,0.0,0.5363473892211914,True,1.0,0.16017369461059572
2020,0.6776139140129089,0.236,1.0,0.35522782802581787,True,0.0,0.44161391401290895
2020,0.5495116114616394,0.05800000000000005,0.0,0.09902322292327881,True,1.0,0.49151161146163935
2020,0.5449416041374207,0.08533333333333337,1.0,0.08988320827484131,True,0.0,0.4596082708040873
2020,0.15399116277694702,0.05733333333333335,0.0,0.692017674446106,False,0.0,0.09665782944361367
2020,0.6934149265289307,0.8993333333333333,1.0,0.38682985305786133,True,0.0,0.20591840680440265
2020,0.586846113204956,0.3633333333333333,1.0,0.1736922264099121,True,0.0,0.22351277987162277
2020,0.4873889684677124,0.23866666666666658,1.0,0.025222063064575195,False,1.0,0.24872230180104582
2020,0.5452384948730469,0.9666666666666667,1.0,0.09047698974609375,True,0.0,0.4214281717936198
2020,0.3488227128982544,0.276,0.0,0.3023545742034912,False,0.0,0.07282271289825437
2020,0.7403900623321533,0.44066666666666654,1.0,0.48078012466430664,True,0.0,0.2997233956654868
2020,0.6877086162567139,0.01866666666666672,0.0,0.37541723251342773,True,1.0,0.6690419495900471
2020,0.5829145908355713,0.3553333333333333,0.0,0.16582918167114258,True,1.0,0.227581257502238
2020,0.33467918634414673,0.03199999999999992,0.0,0.33064162731170654,False,0.0,0.3026791863441468
2020,0.49823760986328125,0.30333333333333334,0.0,0.0035247802734375,False,0.0,0.1949042765299479
2020,0.543461799621582,0.13666666666666671,1.0,0.08692359924316406,True,0.0,0.4067951329549153
2020,0.3883376717567444,0.03600000000000003,0.0,0.22332465648651123,False,0.0,0.35233767175674435
2020,0.5529800057411194,0.5833333333333334,0.0,0.10596001148223877,True,1.0,0.030353327592213986
2020,0.566620409488678,0.2826666666666666,0.0,0.13324081897735596,True,1.0,0.28395374282201136
2020,0.4671725630760193,0.04733333333333334,1.0,0.06565487384796143,False,1.0,0.41983922974268595
2020,0.5399781465530396,0.46799999999999997,1.0,0.0799562931060791,True,0.0,0.07197814655303958
2020,0.8017696142196655,0.4966666666666667,1.0,0.603539228439331,True,0.0,0.3051029475529988
2020,0.6877360343933105,0.42599999999999993,0.0,0.3754720687866211,True,1.0,0.2617360343933106
2020,0.8690966367721558,0.918,1.0,0.7381932735443115,True,0.0,0.048903363227844276
2020,0.16120564937591553,0.3806666666666666,0.0,0.677588701248169,False,0.0,0.21946101729075107
2020,0.7921050190925598,1.0,1.0,0.5842100381851196,True,0.0,0.20789498090744019
2020,0.405708909034729,0.11133333333333328,1.0,0.188582181930542,False,1.0,0.2943755757013957
2020,0.6172990798950195,0.02533333333333343,1.0,0.23459815979003906,True,0.0,0.5919657465616861
2020,0.55287766456604,0.05600000000000005,1.0,0.10575532913208008,True,0.0,0.49687766456604
2020,0.5280356407165527,0.08133333333333337,0.0,0.05607128143310547,True,1.0,0.44670230738321937
2020,0.44775182008743286,0.17866666666666664,1.0,0.10449635982513428,False,1.0,0.2690851534207662
2020,0.8178077936172485,0.788,1.0,0.6356155872344971,True,0.0,0.0298077936172485
2020,0.585789680480957,0.6333333333333333,0.0,0.17157936096191406,True,1.0,0.04754365285237627
2020,0.6855611205101013,0.5413333333333333,1.0,0.37112224102020264,True,0.0,0.14422778717676799
2020,0.4472867250442505,0.3806666666666666,1.0,0.10542654991149902,False,1.0,0.06662005837758389
2020,0.7408556342124939,0.03733333333333333,0.0,0.4817112684249878,True,1.0,0.7035223008791606
2020,0.939918041229248,0.7433333333333334,0.0,0.8798360824584961,True,1.0,0.19658470789591465
2020,0.7925887703895569,0.8646666666666667,1.0,0.5851775407791138,True,0.0,0.07207789627710981
2020,0.5965246558189392,0.6606666666666667,0.0,0.19304931163787842,True,1.0,0.06414201084772753
2020,0.5182187557220459,0.488,0.0,0.0364375114440918,True,1.0,0.03021875572204591
2020,0.6009357571601868,0.04399999999999993,1.0,0.20187151432037354,True,0.0,0.5569357571601868
2020,0.5799030065536499,0.2686666666666666,1.0,0.1598060131072998,True,0.0,0.3112363398869833
2020,0.3212820887565613,0.9186666666666666,0.0,0.35743582248687744,False,0.0,0.5973845779101054
2020,0.46511203050613403,0.8373333333333333,1.0,0.06977593898773193,False,1.0,0.37222130282719923
2020,0.4211774468421936,0.05800000000000005,0.0,0.1576451063156128,False,0.0,0.36317744684219355
2020,0.4858081340789795,0.31266666666666665,1.0,0.028383731842041016,False,1.0,0.17314146741231284
2020,0.4183218479156494,0.05133333333333323,0.0,0.16335630416870117,False,0.0,0.3669885145823162
2020,0.6567637920379639,0.782,1.0,0.31352758407592773,True,0.0,0.12523620796203616
2020,0.5047909021377563,0.6140000000000001,0.0,0.009581804275512695,True,1.0,0.10920909786224375
2020,0.2895883321762085,0.08200000000000007,0.0,0.420823335647583,False,0.0,0.20758833217620842
2020,0.5232522487640381,0.608,0.0,0.04650449752807617,True,1.0,0.0847477512359619
2020,0.5929334163665771,0.42066666666666674,0.0,0.1858668327331543,True,1.0,0.1722667496999104
2021,0.6294405460357666,0.37,1.0,0.2588810920715332,True,0.0,0.2594405460357666
2021,0.4756730794906616,0.21333333333333337,0.0,0.04865384101867676,False,0.0,0.26233974615732825
2021,0.26176929473876953,0.18533333333333335,0.0,0.47646141052246094,False,0.0,0.07643596140543618
2021,0.5107885599136353,0.504,0.0,0.021577119827270508,True,1.0,0.00678855991363525
2021,0.6997973918914795,0.01533333333333331,0.0,0.399594783782959,True,1.0,0.6844640585581462
2021,0.5315420031547546,0.09199999999999997,1.0,0.06308400630950928,True,0.0,0.43954200315475467
2021,0.5312236547470093,0.2693333333333332,0.0,0.062447309494018555,True,1.0,0.2618903214136761
2021,0.40415167808532715,0.31466666666666665,0.0,0.1916966438293457,False,0.0,0.0894850114186605
2021,0.593381404876709,0.43599999999999994,1.0,0.18676280975341797,True,0.0,0.15738140487670904
2021,0.6345291137695312,1.0,0.0,0.2690582275390625,True,1.0,0.36547088623046875
2021,0.3611546754837036,0.358,1.0,0.2776906490325928,False,1.0,0.0031546754837036284
2021,0.757357656955719,0.20999999999999996,0.0,0.514715313911438,True,1.0,0.547357656955719
2021,0.17494511604309082,0.04599999999999993,0.0,0.6501097679138184,False,0.0,0.1289451160430909
2021,0.5064659714698792,0.6553333333333333,0.0,0.0129319429397583,True,1.0,0.14886736186345417
2021,0.6345477104187012,0.3933333333333333,1.0,0.26909542083740234,True,0.0,0.24121437708536786
2021,0.5940268635749817,0.872,0.0,0.18805372714996338,True,1.0,0.2779731364250183
2021,0.34276682138442993,0.055333333333333234,1.0,0.31446635723114014,False,1.0,0.2874334880510967
2021,0.3466583490371704,0.05666666666666664,0.0,0.3066833019256592,False,0.0,0.28999168237050377
2021,0.32678335905075073,0.09600000000000009,0.0,0.34643328189849854,False,0.0,0.23078335905075065
2021,0.3263738751411438,0.9293333333333333,0.0,0.3472522497177124,False,0.0,0.6029594581921895
2021,0.8432506918907166,1.0,0.0,0.6865013837814331,True,1.0,0.15674930810928345
2021,0.17238783836364746,0.10066666666666668,0.0,0.6552243232727051,False,0.0,0.07172117169698078
2021,0.4291265606880188,0.542,1.0,0.1417468786239624,False,1.0,0.11287343931198124
2021,0.7721028327941895,0.618,1.0,0.5442056655883789,True,0.0,0.15410283279418946
2021,0.6427632570266724,0.12466666666666659,0.0,0.2855265140533447,True,1.0,0.5180965903600058
2021,0.5633056163787842,0.998,0.0,0.12661123275756836,True,1.0,0.4346943836212158
2021,0.31931012868881226,0.07733333333333337,0.0,0.3613797426223755,False,0.0,0.2419767953554789
2021,0.6741754412651062,0.742,0.0,0.3483508825302124,True,1.0,0.06782455873489379
2021,0.7757450938224792,0.07266666666666666,1.0,0.5514901876449585,True,0.0,0.7030784271558126
2021,0.5489795207977295,0.16933333333333334,1.0,0.09795904159545898,True,0.0,0.37964618746439616
2021,0.3549458384513855,0.03533333333333344,0.0,0.290108323097229,False,0.0,0.31961250511805206
2021,0.923051655292511,0.892,1.0,0.846103310585022,True,0.0,0.03105165529251097
2021,0.7380535006523132,1.0,1.0,0.47610700130462646,True,0.0,0.26194649934768677
2021,0.5107108950614929,0.25,1.0,0.02142179012298584,True,0.0,0.2607108950614929
2021,0.4460671544075012,0.3593333333333334,0.0,0.10786569118499756,False,0.0,0.08673382107416783
2021,0.9104565978050232,0.9593333333333334,1.0,0.8209131956100464,True,0.0,0.04887673552831018
2021,0.45948195457458496,0.18199999999999994,0.0,0.08103609085083008,False,0.0,0.277481954574585
2021,0.6309471130371094,0.89,1.0,0.26189422607421875,True,0.0,0.25905288696289064
2021,0.3986627459526062,0.46266666666666667,0.0,0.2026745080947876,False,0.0,0.06400392071406047
2021,0.4019324779510498,0.71,0.0,0.1961350440979004,False,0.0,0.30806752204895016
2021,0.42484140396118164,0.21466666666666656,0.0,0.15031719207763672,False,0.0,0.21017473729451508
2021,0.47790002822875977,0.05266666666666664,0.0,0.04419994354248047,False,0.0,0.4252333615620931
2021,0.7668679356575012,0.8553333333333333,1.0,0.5337358713150024,True,0.0,0.08846539767583206
2021,0.8295683264732361,0.6306666666666667,1.0,0.6591366529464722,True,0.0,0.19890165980656938
2021,0.43017083406448364,0.2433333333333334,0.0,0.13965833187103271,False,0.0,0.18683750073115024
2021,0.3848327398300171,0.1066666666666668,1.0,0.23033452033996582,False,1.0,0.2781660731633503
2021,0.4857978820800781,0.6086666666666667,1.0,0.02840423583984375,False,1.0,0.12286878458658856
2021,0.891517698764801,1.0,1.0,0.783035397529602,True,0.0,0.10848230123519897
2021,0.8523227572441101,0.4826666666666667,0.0,0.7046455144882202,True,1.0,0.3696560905774434
2021,0.4552152752876282,1.0,1.0,0.08956944942474365,False,1.0,0.5447847247123718
2021,0.2273443341255188,0.39,0.0,0.5453113317489624,False,0.0,0.16265566587448121
2021,0.7841143608093262,0.02200000000000002,0.0,0.5682287216186523,True,1.0,0.7621143608093262
2021,0.30565983057022095,0.33266666666666667,0.0,0.3886803388595581,False,0.0,0.02700683609644572
2021,0.5902954339981079,0.20399999999999996,0.0,0.18059086799621582,True,1.0,0.38629543399810795
2021,0.8239641189575195,0.8546666666666667,0.0,0.6479282379150391,True,1.0,0.030702547709147154
2021,0.4708682894706726,0.728,1.0,0.058263421058654785,False,1.0,0.2571317105293274
2021,0.6438342332839966,0.5586666666666666,1.0,0.28766846656799316,True,0.0,0.08516756661732994
2021,0.3068195581436157,0.21266666666666667,0.0,0.38636088371276855,False,0.0,0.09415289147694905
2021,0.6674590110778809,0.5126666666666666,1.0,0.3349180221557617,True,0.0,0.15479234441121426
2021,0.29099714756011963,0.16999999999999993,0.0,0.41800570487976074,False,0.0,0.1209971475601197
2021,0.6175525188446045,0.3733333333333333,0.0,0.23510503768920898,True,1.0,0.2442191855112712
2021,0.43216443061828613,0.052000000000000046,0.0,0.13567113876342773,False,0.0,0.3801644306182861
2021,0.446772038936615,0.31733333333333336,0.0,0.10645592212677002,False,0.0,0.12943870560328163
2021,0.5105575323104858,0.5933333333333334,0.0,0.02111506462097168,True,1.0,0.08277580102284754
2021,0.3586398959159851,0.053333333333333344,1.0,0.2827202081680298,False,1.0,0.30530656258265176
2021,0.27048593759536743,0.2286666666666668,0.0,0.45902812480926514,False,0.0,0.041819270928700636
2021,0.37722212076187134,0.08666666666666667,1.0,0.24555575847625732,False,1.0,0.29055545409520467
2021,0.6643696427345276,0.944,1.0,0.3287392854690552,True,0.0,0.27963035726547236
2021,0.5348252058029175,0.21133333333333337,1.0,0.06965041160583496,True,0.0,0.3234918724695841
2021,0.114429771900177,0.05466666666666664,0.0,0.771140456199646,False,0.0,0.05976310523351036
2021,0.7314954996109009,0.8813333333333333,1.0,0.46299099922180176,True,0.0,0.14983783372243242
2021,0.3992292284965515,0.06599999999999995,0.0,0.20154154300689697,False,0.0,0.33322922849655157
2021,0.4126085638999939,0.1426666666666666,1.0,0.1747828722000122,False,1.0,0.2699418972333273
2021,0.486300528049469,0.12199999999999989,0.0,0.02739894390106201,False,0.0,0.3643005280494691
2021,0.6605898141860962,0.4753333333333333,1.0,0.3211796283721924,True,0.0,0.18525648085276292
2021,0.6337543725967407,0.646,0.0,0.26750874519348145,True,1.0,0.012245627403259296
2021,0.7616593837738037,0.46333333333333326,1.0,0.5233187675476074,True,0.0,0.29832605044047045
2021,0.5299396514892578,0.15733333333333333,1.0,0.059879302978515625,True,0.0,0.3726063181559245
2021,0.5768598318099976,0.7206666666666667,1.0,0.15371966361999512,True,0.0,0.14380683485666912
2021,0.43815624713897705,0.043333333333333335,1.0,0.1236875057220459,False,1.0,0.3948229138056437
2021,0.4617968797683716,0.6206666666666667,1.0,0.07640624046325684,False,1.0,0.15886978689829512
2021,0.5514519214630127,0.654,0.0,0.10290384292602539,True,1.0,0.10254807853698733
2021,0.7717351913452148,0.42399999999999993,0.0,0.5434703826904297,True,1.0,0.3477351913452149
2021,0.4527353048324585,0.4006666666666666,0.0,0.09452939033508301,False,0.0,0.05206863816579188
2021,0.5330595970153809,0.5573333333333332,0.0,0.06611919403076172,True,1.0,0.024273736317952377
2021,0.6327537298202515,0.10666666666666669,1.0,0.26550745964050293,True,0.0,0.5260870631535848
2021,0.5573270320892334,0.45933333333333337,1.0,0.1146540641784668,True,0.0,0.09799369875590003
2021,0.368402361869812,0.1233333333333333,0.0,0.263195276260376,False,0.0,0.24506902853647872
2021,0.39033007621765137,0.54,1.0,0.21933984756469727,False,1.0,0.14966992378234867
2021,0.2829626202583313,0.264,0.0,0.4340747594833374,False,0.0,0.018962620258331286
2021,0.6711670756340027,1.0,0.0,0.34233415126800537,True,1.0,0.3288329243659973
2021,0.7475201487541199,0.9993333333333333,0.0,0.49504029750823975,True,1.0,0.2518131845792134
2021,0.510796070098877,0.5133333333333333,0.0,0.021592140197753906,True,1.0,0.002537263234456355
2021,0.49078136682510376,0.7753333333333333,0.0,0.01843726634979248,False,0.0,0.28455196650822956
2021,0.41778749227523804,0.16866666666666674,0.0,0.16442501544952393,False,0.0,0.2491208256085713
2021,0.16608822345733643,0.036666666666666625,0.0,0.6678235530853271,False,0.0,0.1294215567906698
2021,0.6577978730201721,0.6566666666666666,1.0,0.31559574604034424,True,0.0,0.0011312063535054984
2021,0.4963240623474121,0.18533333333333335,1.0,0.007351875305175781,False,1.0,0.31099072901407876
2021,0.6712205410003662,0.42733333333333323,0.0,0.3424410820007324,True,1.0,0.24388720766703298
2021,0.7960596084594727,0.7426666666666666,1.0,0.5921192169189453,True,0.0,0.05339294179280607
2021,0.7817321419715881,0.714,1.0,0.5634642839431763,True,0.0,0.06773214197158817
2021,0.5325250029563904,0.33333333333333326,1.0,0.06505000591278076,True,0.0,0.19919166962305712
2021,0.5626981258392334,0.7826666666666666,1.0,0.1253962516784668,True,0.0,0.21996854082743322
2021,0.6864171028137207,0.9786666666666667,1.0,0.3728342056274414,True,0.0,0.292249563852946
2021,0.5656285285949707,0.3380000000000001,0.0,0.1312570571899414,True,1.0,0.22762852859497062
2021,0.3811224699020386,0.20533333333333326,0.0,0.23775506019592285,False,0.0,0.17578913656870532
2021,0.27234816551208496,0.3466666666666667,0.0,0.4553036689758301,False,0.0,0.07431850115458172
2021,0.5320438146591187,0.4086666666666666,0.0,0.0640876293182373,True,1.0,0.12337714799245203
2021,0.40205246210098267,0.06133333333333335,1.0,0.19589507579803467,False,1.0,0.3407191287676493
2021,0.12214827537536621,0.04133333333333333,0.0,0.7557034492492676,False,0.0,0.08081494204203288
2021,0.7168300151824951,0.2626666666666666,0.0,0.43366003036499023,True,1.0,0.4541633485158285
2021,0.6283097267150879,0.552,1.0,0.2566194534301758,True,0.0,0.07630972671508784
2021,0.3424723744392395,0.10933333333333328,0.0,0.315055251121521,False,0.0,0.23313904110590622
2021,0.32014721632003784,0.06999999999999995,0.0,0.3597055673599243,False,0.0,0.2501472163200379
2021,0.633617639541626,0.06866666666666665,0.0,0.26723527908325195,True,1.0,0.5649509728749593
2021,0.8488154411315918,0.9913333333333333,0.0,0.6976308822631836,True,1.0,0.1425178922017415
2021,0.3737119436264038,0.7926666666666666,1.0,0.2525761127471924,False,1.0,0.4189547230402628
2021,0.8304413557052612,0.9993333333333333,1.0,0.6608827114105225,True,0.0,0.16889197762807207
2021,0.6013375520706177,0.1419999999999999,1.0,0.20267510414123535,True,0.0,0.45933755207061777
2021,0.626630425453186,0.44266666666666665,0.0,0.25326085090637207,True,1.0,0.18396375878651938
2021,0.778549313545227,0.3426666666666668,1.0,0.5570986270904541,True,0.0,0.43588264687856026
2021,0.4035136103630066,0.534,1.0,0.19297277927398682,False,1.0,0.13048638963699344
2021,0.2011967897415161,0.11066666666666669,0.0,0.5976064205169678,False,0.0,0.09053012307484942
2021,0.5521910190582275,0.5113333333333334,1.0,0.10438203811645508,True,0.0,0.04085768572489412
2021,0.2587537169456482,0.03866666666666674,1.0,0.4824925661087036,False,1.0,0.22008705027898146
2021,0.37668752670288086,0.14933333333333332,0.0,0.24662494659423828,False,0.0,0.22735419336954754
2021,0.2551494240760803,1.0,1.0,0.48970115184783936,False,1.0,0.7448505759239197
2021,0.5690966248512268,0.21733333333333327,0.0,0.1381932497024536,True,1.0,0.35176329151789354
2021,0.8662841320037842,0.8986666666666666,0.0,0.7325682640075684,True,1.0,0.032382534662882434
2021,0.24901968240737915,0.12,1.0,0.5019606351852417,False,1.0,0.12901968240737915
2021,0.5124405026435852,0.7546666666666666,1.0,0.02488100528717041,True,0.0,0.2422261640230814
2021,0.3444133400917053,0.07266666666666666,0.0,0.31117331981658936,False,0.0,0.27174667342503867
2021,0.6336652040481567,0.05799999999999994,0.0,0.2673304080963135,True,1.0,0.5756652040481568
2021,0.3933083415031433,0.10533333333333339,1.0,0.21338331699371338,False,1.0,0.2879750081698099
2021,0.8324376940727234,0.4693333333333334,1.0,0.6648753881454468,True,0.0,0.36310436073939
2021,0.5656223297119141,0.3913333333333333,0.0,0.13124465942382812,True,1.0,0.17428899637858075
2021,0.4303879141807556,0.798,0.0,0.13922417163848877,False,0.0,0.3676120858192444
2021,0.6067197322845459,0.4099999999999999,0.0,0.2134394645690918,True,1.0,0.19671973228454598
2021,0.5588060617446899,0.126,0.0,0.11761212348937988,True,1.0,0.43280606174468994
2021,0.27818763256073,0.04066666666666663,0.0,0.44362473487854004,False,0.0,0.23752096589406335
2021,0.7046667337417603,0.2400000000000001,0.0,0.4093334674835205,True,1.0,0.46466673374176015
2021,0.45364153385162354,0.17733333333333334,0.0,0.09271693229675293,False,0.0,0.2763082005182902
2021,0.41469961404800415,0.05133333333333323,0.0,0.1706007719039917,False,0.0,0.3633662807146709
2021,0.7347428798675537,0.1120000000000001,1.0,0.4694857597351074,True,0.0,0.6227428798675536
2021,0.8296193480491638,0.9573333333333334,1.0,0.6592386960983276,True,0.0,0.12771398528416955
2021,0.5079325437545776,0.04799999999999993,0.0,0.015865087509155273,True,1.0,0.4599325437545777
2021,0.5362173318862915,0.20600000000000007,0.0,0.07243466377258301,True,1.0,0.33021733188629143
2021,0.3085559010505676,0.1373333333333333,0.0,0.38288819789886475,False,0.0,0.17122256771723432
2021,0.6155605912208557,0.2813333333333333,0.0,0.23112118244171143,True,1.0,0.3342272578875224
2021,0.47817766666412354,0.29666666666666663,0.0,0.04364466667175293,False,0.0,0.1815109999974569
2021,0.47026151418685913,0.05599999999999994,0.0,0.05947697162628174,False,0.0,0.4142615141868592
2021,0.4095255136489868,0.06866666666666665,1.0,0.18094897270202637,False,1.0,0.34085884698232016
2021,0.6396860480308533,0.684,1.0,0.27937209606170654,True,0.0,0.04431395196914678
2021,0.7229676246643066,0.6953333333333334,0.0,0.4459352493286133,True,1.0,0.027634291330973282
2021,0.6295627355575562,0.03866666666666674,0.0,0.2591254711151123,True,1.0,0.5908960688908894
2021,0.15712380409240723,0.5393333333333333,1.0,0.6857523918151855,False,1.0,0.3822095292409261
2021,0.7038427591323853,0.7033333333333334,0.0,0.4076855182647705,True,1.0,0.000509425799051888
2021,0.7642541527748108,0.8746666666666667,1.0,0.5285083055496216,True,0.0,0.11041251389185591
2021,0.4852728247642517,0.17400000000000004,1.0,0.029454350471496582,False,1.0,0.31127282476425167
2021,0.9169703722000122,0.8173333333333334,0.0,0.8339407444000244,True,1.0,0.09963703886667885
2021,0.5668044090270996,0.6619999999999999,1.0,0.13360881805419922,True,0.0,0.09519559097290031
2021,0.7110508680343628,0.9993333333333333,1.0,0.4221017360687256,True,0.0,0.2882824652989705
2021,0.6011958122253418,0.3753333333333333,1.0,0.2023916244506836,True,0.0,0.2258624788920085
2021,0.261494517326355,0.43799999999999994,0.0,0.47701096534729004,False,0.0,0.17650548267364496
2021,0.3355042338371277,0.19799999999999984,0.0,0.32899153232574463,False,0.0,0.13750423383712784
2021,0.6353315711021423,0.6080000000000001,0.0,0.27066314220428467,True,1.0,0.027331571102142238
2021,0.4811369776725769,0.9326666666666666,1.0,0.03772604465484619,False,1.0,0.45152968899408974
2021,0.6018848419189453,0.91,0.0,0.20376968383789062,True,1.0,0.3081151580810547
2021,0.5272241830825806,0.033333333333333326,1.0,0.05444836616516113,True,0.0,0.49389084974924724
2021,0.6410443782806396,0.41600000000000004,1.0,0.2820887565612793,True,0.0,0.2250443782806396
2021,0.3867380619049072,0.4686666666666667,0.0,0.22652387619018555,False,0.0,0.08192860476175945
2021,0.7423204183578491,0.678,1.0,0.48464083671569824,True,0.0,0.06432041835784907
2021,0.22374439239501953,0.30333333333333334,1.0,0.5525112152099609,False,1.0,0.07958894093831381
2021,0.12241595983505249,0.057333333333333236,0.0,0.755168080329895,False,0.0,0.06508262650171925
2021,0.6080429553985596,0.3666666666666666,1.0,0.21608591079711914,True,0.0,0.24137628873189299
2021,0.271101176738739,0.31666666666666665,1.0,0.457797646522522,False,1.0,0.04556548992792764
2021,0.40849244594573975,0.2453333333333334,0.0,0.1830151081085205,False,0.0,0.16315911261240634
2021,0.3549495339393616,0.17999999999999994,0.0,0.29010093212127686,False,0.0,0.17494953393936163
2021,0.5122042894363403,0.20733333333333337,1.0,0.024408578872680664,True,0.0,0.30487095610300696
2021,0.6815093755722046,0.4893333333333333,1.0,0.3630187511444092,True,0.0,0.1921760422388713
2021,0.5682352781295776,0.036666666666666736,0.0,0.13647055625915527,True,1.0,0.5315686114629109
2021,0.6712994575500488,0.02400000000000002,1.0,0.34259891510009766,True,0.0,0.6472994575500488
2021,0.5659294128417969,0.08999999999999997,1.0,0.13185882568359375,True,0.0,0.4759294128417969
2021,0.4535622000694275,0.06266666666666665,0.0,0.09287559986114502,False,0.0,0.39089553340276084
2021,0.5214051008224487,0.043333333333333335,1.0,0.04281020164489746,True,0.0,0.4780717674891154
2021,0.49637651443481445,0.28733333333333333,1.0,0.007246971130371094,False,1.0,0.20904318110148112
2021,0.7232379913330078,0.19266666666666654,0.0,0.4464759826660156,True,1.0,0.5305713246663413
2021,0.6380952596664429,1.0,0.0,0.27619051933288574,True,1.0,0.36190474033355713
2021,0.3014059066772461,0.06599999999999995,0.0,0.3971881866455078,False,0.0,0.23540590667724615
2021,0.7180052399635315,0.5033333333333334,0.0,0.436010479927063,True,1.0,0.21467190663019808
2021,0.6657378077507019,0.07800000000000007,1.0,0.3314756155014038,True,0.0,0.5877378077507018
2021,0.7465665340423584,0.4106666666666666,1.0,0.4931330680847168,True,0.0,0.3358998673756918
2021,0.451574444770813,0.04133333333333333,1.0,0.09685111045837402,False,1.0,0.41024111143747966
2021,0.40097886323928833,0.018000000000000016,1.0,0.19804227352142334,False,1.0,0.3829788632392883
2021,0.5346837043762207,1.0,0.0,0.0693674087524414,True,1.0,0.4653162956237793
2021,0.15478605031967163,0.03266666666666673,0.0,0.6904278993606567,False,0.0,0.1221193836530049
2021,0.6168344020843506,0.896,0.0,0.23366880416870117,True,1.0,0.27916559791564943
2021,0.8073381781578064,0.5606666666666666,0.0,0.6146763563156128,True,1.0,0.24667151149113975
2021,0.18888616561889648,0.27,1.0,0.622227668762207,False,1.0,0.08111383438110353
2021,0.5754579901695251,0.6593333333333333,1.0,0.1509159803390503,True,0.0,0.08387534316380818
2021,0.7360162138938904,0.758,0.0,0.47203242778778076,True,1.0,0.021983786106109626
2021,0.6497187614440918,0.40666666666666673,0.0,0.2994375228881836,True,1.0,0.24305209477742507
2021,0.4793158769607544,0.30266666666666664,0.0,0.04136824607849121,False,0.0,0.17664921029408776
2021,0.15957820415496826,0.10866666666666658,0.0,0.6808435916900635,False,0.0,0.050911537488301684
2021,0.44210439920425415,0.05933333333333335,1.0,0.1157912015914917,False,1.0,0.3827710658709208
2021,0.23709380626678467,1.0,0.0,0.5258123874664307,False,0.0,0.7629061937332153
2021,0.4166567921638489,0.3713333333333334,1.0,0.16668641567230225,False,1.0,0.04532345883051547
2021,0.6573456525802612,0.3666666666666666,1.0,0.31469130516052246,True,0.0,0.29067898591359465
2021,0.831453800201416,0.772,0.0,0.662907600402832,True,1.0,0.059453800201415996
2021,0.4265381693840027,0.5386666666666666,0.0,0.14692366123199463,False,0.0,0.11212849728266394
2021,0.4491163492202759,0.08733333333333326,0.0,0.10176730155944824,False,0.0,0.3617830158869426
2021,0.556915819644928,0.03400000000000003,0.0,0.11383163928985596,True,1.0,0.522915819644928
2021,0.6107910871505737,0.8133333333333334,0.0,0.22158217430114746,True,1.0,0.20254224618275962
2021,0.509942889213562,0.19599999999999995,0.0,0.019885778427124023,True,1.0,0.31394288921356206
2021,0.726029634475708,0.021333333333333426,1.0,0.452059268951416,True,0.0,0.7046963011423746
2021,0.7737863659858704,0.9673333333333334,1.0,0.5475727319717407,True,0.0,0.19354696734746302
2021,0.514925479888916,0.33599999999999997,1.0,0.02985095977783203,True,0.0,0.17892547988891605
2021,0.5117149353027344,0.29200000000000004,1.0,0.02342987060546875,True,0.0,0.21971493530273434
2021,0.6459293365478516,0.19866666666666666,1.0,0.2918586730957031,True,0.0,0.4472626698811849
2021,0.6307703852653503,0.4673333333333334,0.0,0.2615407705307007,True,1.0,0.16343705193201696
2021,0.5905668139457703,0.5146666666666666,0.0,0.18113362789154053,True,1.0,0.07590014727910366
2021,0.7830778360366821,0.6913333333333334,1.0,0.5661556720733643,True,0.0,0.09174450270334877
2021,0.5875743627548218,0.7513333333333333,0.0,0.17514872550964355,True,1.0,0.16375897057851152
2021,0.62632817029953,0.9613333333333334,1.0,0.25265634059906006,True,0.0,0.33500516303380334
2021,0.8696405291557312,0.9266666666666666,1.0,0.7392810583114624,True,0.0,0.05702613751093544
2021,0.3302142024040222,0.05466666666666664,0.0,0.33957159519195557,False,0.0,0.2755475357373556
2021,0.5419211387634277,1.0,0.0,0.08384227752685547,True,1.0,0.45807886123657227
2021,0.8312662243843079,0.9673333333333334,1.0,0.6625324487686157,True,0.0,0.13606710894902552
2021,0.37303483486175537,0.3920000000000001,1.0,0.25393033027648926,False,1.0,0.018965165138244755
2021,0.8103718161582947,0.43533333333333335,0.0,0.6207436323165894,True,1.0,0.37503848282496133
2021,0.4511023759841919,0.5046666666666666,1.0,0.09779524803161621,False,1.0,0.0535642906824747
2021,0.47347086668014526,0.28600000000000003,1.0,0.05305826663970947,False,1.0,0.18747086668014523
2021,0.33204036951065063,0.2726666666666667,0.0,0.33591926097869873,False,0.0,0.05937370284398391
2021,0.6270456314086914,0.5273333333333334,0.0,0.2540912628173828,True,1.0,0.09971229807535797
2021,0.7875185608863831,0.898,0.0,0.5750371217727661,True,1.0,0.11048143911361696
2021,0.3922674059867859,0.3513333333333334,1.0,0.21546518802642822,False,1.0,0.0409340726534525
2021,0.22707581520080566,0.03200000000000003,0.0,0.5458483695983887,False,0.0,0.19507581520080564
2021,0.3045780658721924,0.5766666666666667,1.0,0.39084386825561523,False,1.0,0.2720886007944743
2021,0.4761772155761719,0.44799999999999995,1.0,0.04764556884765625,False,1.0,0.02817721557617192
2021,0.5885398387908936,0.2673333333333334,1.0,0.1770796775817871,True,0.0,0.32120650545756013
2021,0.40042638778686523,0.06666666666666654,1.0,0.19914722442626953,False,1.0,0.3337597211201987
2021,0.7665472030639648,0.5833333333333333,0.0,0.5330944061279297,True,1.0,0.18321386973063158
2021,0.6836127638816833,0.33733333333333326,0.0,0.3672255277633667,True,1.0,0.3462794305483501
2021,0.34735459089279175,0.020000000000000018,1.0,0.3052908182144165,False,1.0,0.32735459089279173
2021,0.6577346324920654,0.33466666666666667,1.0,0.31546926498413086,True,0.0,0.32306796582539876
2021,0.4402461051940918,0.9273333333333333,0.0,0.1195077896118164,False,0.0,0.48708722813924155
2021,0.5694969892501831,0.474,1.0,0.1389939785003662,True,0.0,0.09549698925018313
2021,0.49214601516723633,0.028000000000000025,1.0,0.015707969665527344,False,1.0,0.4641460151672363
2021,0.7756529450416565,0.8733333333333333,0.0,0.551305890083313,True,1.0,0.0976803882916768
2021,0.6577881574630737,0.1313333333333333,0.0,0.31557631492614746,True,1.0,0.5264548241297404
2021,0.807659387588501,1.0,0.0,0.615318775177002,True,1.0,0.19234061241149902
2021,0.18138760328292847,0.2426666666666667,0.0,0.6372247934341431,False,0.0,0.06127906338373823
2021,0.5322104692459106,0.3853333333333333,0.0,0.06442093849182129,True,1.0,0.14687713591257734
2021,0.7280570864677429,0.4179999999999999,0.0,0.45611417293548584,True,1.0,0.310057086467743
2021,0.5131043195724487,0.16999999999999993,0.0,0.02620863914489746,True,1.0,0.3431043195724488
2021,0.3777051568031311,0.888,1.0,0.2445896863937378,False,1.0,0.5102948431968689
2021,0.561202883720398,0.1286666666666667,0.0,0.1224057674407959,True,1.0,0.43253621705373124
2021,0.7200520634651184,0.7853333333333333,1.0,0.4401041269302368,True,0.0,0.06528126986821492
2021,0.3672529458999634,0.2486666666666667,1.0,0.26549410820007324,False,1.0,0.11858627923329668
2021,0.44746941328048706,0.43799999999999994,0.0,0.10506117343902588,False,0.0,0.009469413280487116
2021,0.5059267282485962,0.5326666666666666,0.0,0.011853456497192383,True,1.0,0.02673993841807043
2021,0.462138295173645,0.20933333333333337,0.0,0.07572340965270996,False,0.0,0.25280496184031165
2021,0.566933274269104,0.9253333333333333,1.0,0.133866548538208,True,0.0,0.35840005906422934
2021,0.5268287658691406,0.29466666666666663,1.0,0.05365753173828125,True,0.0,0.232162099202474
2021,0.649612307548523,0.238,1.0,0.2992246150970459,True,0.0,0.41161230754852296
2021,0.6713156700134277,0.4713333333333334,0.0,0.34263134002685547,True,1.0,0.19998233668009435
2021,0.7997493147850037,0.9966666666666667,1.0,0.5994986295700073,True,0.0,0.19691735188166304
2021,0.2367226481437683,0.04800000000000004,0.0,0.5265547037124634,False,0.0,0.18872264814376827
2021,0.42098575830459595,0.30999999999999994,0.0,0.1580284833908081,False,0.0,0.110985758304596
2021,0.4483686685562134,0.5660000000000001,0.0,0.10326266288757324,False,0.0,0.11763133144378668
2021,0.32813745737075806,0.6933333333333334,0.0,0.3437250852584839,False,0.0,0.3651958759625753
2021,0.6272972822189331,0.7646666666666666,1.0,0.2545945644378662,True,0.0,0.1373693844477335
2021,0.6738525629043579,0.04866666666666675,1.0,0.3477051258087158,True,0.0,0.6251858962376912
2021,0.6258264780044556,0.35599999999999987,1.0,0.25165295600891113,True,0.0,0.2698264780044557
2021,0.4941672086715698,0.3553333333333333,1.0,0.011665582656860352,False,1.0,0.13883387533823655
2021,0.4308527112007141,0.05133333333333345,1.0,0.13829457759857178,False,1.0,0.37951937786738066
2021,0.7145552635192871,0.3533333333333334,0.0,0.4291105270385742,True,1.0,0.3612219301859537
2021,0.5122089385986328,0.43733333333333335,1.0,0.024417877197265625,True,0.0,0.07487560526529946
2021,0.6749730706214905,0.31799999999999995,0.0,0.34994614124298096,True,1.0,0.35697307062149053
2021,0.7616331577301025,0.47,0.0,0.5232663154602051,True,1.0,0.29163315773010257
2021,0.4951959252357483,1.0,0.0,0.009608149528503418,False,0.0,0.5048040747642517
2021,0.5803638696670532,0.15866666666666673,1.0,0.16072773933410645,True,0.0,0.4216972030003865
2021,0.37694883346557617,0.19999999999999996,1.0,0.24610233306884766,False,1.0,0.17694883346557622
2021,0.7138519883155823,0.17133333333333334,1.0,0.42770397663116455,True,0.0,0.5425186549822489
2021,0.8557893633842468,0.4833333333333333,0.0,0.7115787267684937,True,1.0,0.37245603005091354
2021,0.8255259990692139,0.031333333333333324,0.0,0.6510519981384277,True,1.0,0.7941926657358805
2021,0.6712707281112671,0.376,1.0,0.3425414562225342,True,0.0,0.2952707281112671
2021,0.28067660331726074,0.06999999999999995,1.0,0.4386467933654785,False,1.0,0.2106766033172608
2021,0.5697942972183228,0.9213333333333333,1.0,0.1395885944366455,True,0.0,0.3515390361150106
2021,0.4514482021331787,0.2879999999999999,1.0,0.09710359573364258,False,1.0,0.1634482021331788
2021,0.45578503608703613,0.31000000000000005,1.0,0.08842992782592773,False,1.0,0.14578503608703608
2021,0.40534400939941406,0.09333333333333327,1.0,0.18931198120117188,False,1.0,0.3120106760660808
2021,0.4532729983329773,0.2646666666666666,0.0,0.09345400333404541,False,0.0,0.1886063316663107
2021,0.7432131767272949,0.552,1.0,0.48642635345458984,True,0.0,0.19121317672729488
2021,0.4324128031730652,0.7813333333333333,1.0,0.13517439365386963,False,1.0,0.34892053016026814
2021,0.4613175392150879,0.8140000000000001,0.0,0.07736492156982422,False,0.0,0.35268246078491217
2021,0.1863434910774231,0.05400000000000005,1.0,0.6273130178451538,False,1.0,0.13234349107742305
2021,0.3647804856300354,0.4600000000000001,0.0,0.2704390287399292,False,0.0,0.09521951436996468
2021,0.21938437223434448,0.038000000000000034,0.0,0.561231255531311,False,0.0,0.18138437223434445
2021,0.4911801218986511,0.061999999999999944,0.0,0.017639756202697754,False,0.0,0.4291801218986512
2021,0.6712276935577393,0.43733333333333335,0.0,0.3424553871154785,True,1.0,0.2338943602244059
2021,0.7371963262557983,0.644,1.0,0.4743926525115967,True,0.0,0.09319632625579832
2021,0.916994571685791,0.40466666666666673,1.0,0.833989143371582,True,0.0,0.5123279050191243
2021,0.7218296527862549,0.20066666666666655,1.0,0.44365930557250977,True,0.0,0.5211629861195883
2021,0.4166754484176636,0.42666666666666664,1.0,0.16664910316467285,False,1.0,0.009991218249003064
2021,0.4322572946548462,0.7526666666666667,0.0,0.13548541069030762,False,0.0,0.3204093720118205
2021,0.7241606712341309,0.29933333333333334,0.0,0.4483213424682617,True,1.0,0.4248273379007975
2021,0.2592655420303345,0.04600000000000004,1.0,0.48146891593933105,False,1.0,0.21326554203033443
2021,0.6053647398948669,0.43866666666666676,0.0,0.2107294797897339,True,1.0,0.16669807322820018
2021,0.5972880721092224,0.3786666666666666,1.0,0.19457614421844482,True,0.0,0.21862140544255582
2021,0.5460125207901001,0.5073333333333334,0.0,0.0920250415802002,True,1.0,0.038679187456766684
2021,0.2859841585159302,0.29200000000000004,0.0,0.42803168296813965,False,0.0,0.0060158414840698615
2021,0.6483270525932312,0.4993333333333334,1.0,0.2966541051864624,True,0.0,0.1489937192598978
2021,0.5527151823043823,0.7453333333333334,1.0,0.10543036460876465,True,0.0,0.19261815102895108
2021,0.9460982084274292,0.8466666666666667,1.0,0.8921964168548584,True,0.0,0.09943154176076252
2021,0.852346658706665,0.5913333333333333,0.0,0.7046933174133301,True,1.0,0.2610133253733318
2021,0.7263854742050171,0.742,1.0,0.4527709484100342,True,0.0,0.015614525794982903
2021,0.5180758237838745,0.33466666666666667,1.0,0.03615164756774902,True,0.0,0.18340915711720784
2021,0.6380864381790161,0.5106666666666667,0.0,0.2761728763580322,True,1.0,0.1274197715123494
2021,0.7607611417770386,0.03733333333333322,1.0,0.5215222835540771,True,0.0,0.7234278084437054
2021,0.4905664920806885,0.6866666666666666,1.0,0.018867015838623047,False,1.0,0.19610017458597817
2021,0.553413450717926,0.2586666666666667,0.0,0.10682690143585205,True,1.0,0.2947467840512593
2021,0.5090596079826355,0.33066666666666666,1.0,0.018119215965270996,True,0.0,0.17839294131596883
2021,0.3228330612182617,0.832,1.0,0.35433387756347656,False,1.0,0.5091669387817382
2021,0.5050274133682251,0.4826666666666666,0.0,0.010054826736450195,True,1.0,0.02236074670155852
2021,0.6579943895339966,0.06533333333333324,1.0,0.31598877906799316,True,0.0,0.5926610562006633
2021,0.20435363054275513,0.05799999999999994,1.0,0.5912927389144897,False,1.0,0.1463536305427552
2021,0.2494845986366272,0.17999999999999994,0.0,0.5010308027267456,False,0.0,0.06948459863662726
2021,0.5060030221939087,0.32266666666666666,1.0,0.012006044387817383,True,0.0,0.18333635552724203
2021,0.45923829078674316,0.3806666666666667,1.0,0.08152341842651367,False,1.0,0.07857162412007646
2022,0.550463080406189,0.08733333333333337,0.0,0.10092616081237793,True,1.0,0.4631297470728556
2022,0.16861945390701294,0.09133333333333327,0.0,0.6627610921859741,False,0.0,0.07728612057367967
2022,0.6154803037643433,0.8926666666666667,0.0,0.23096060752868652,True,1.0,0.27718636290232346
2022,0.4029105305671692,0.22799999999999998,0.0,0.19417893886566162,False,0.0,0.1749105305671692
2022,0.6084853410720825,0.61,1.0,0.21697068214416504,True,0.0,0.0015146589279174671
2022,0.4468410611152649,0.29933333333333334,0.0,0.10631787776947021,False,0.0,0.14750772778193155
2022,0.6873061656951904,0.5306666666666666,0.0,0.37461233139038086,True,1.0,0.1566394990285238
2022,0.22290396690368652,0.043333333333333335,1.0,0.554192066192627,False,1.0,0.1795706335703532
2022,0.42886459827423096,0.050000000000000044,1.0,0.14227080345153809,False,1.0,0.3788645982742309
2022,0.5213963389396667,0.4793333333333333,1.0,0.042792677879333496,True,0.0,0.04206300560633347
2022,0.5405991673469543,0.04933333333333323,0.0,0.08119833469390869,True,1.0,0.4912658340136211
2022,0.4983103275299072,0.8613333333333333,1.0,0.003379344940185547,False,1.0,0.36302300580342606
2022,0.6328822374343872,0.7206666666666667,0.0,0.2657644748687744,True,1.0,0.08778442923227947
2022,0.48512202501296997,0.5753333333333334,0.0,0.02975594997406006,False,0.0,0.09021130832036339
2022,0.3903955817222595,0.31533333333333324,0.0,0.21920883655548096,False,0.0,0.07506224838892628
2022,0.3397352695465088,0.05399999999999994,1.0,0.3205294609069824,False,1.0,0.28573526954650885
2022,0.5171634554862976,0.5,0.0,0.034326910972595215,True,1.0,0.017163455486297607
2022,0.7928450703620911,0.794,1.0,0.5856901407241821,True,0.0,0.0011549296379089746
2022,0.29617780447006226,0.05066666666666664,0.0,0.4076443910598755,False,0.0,0.24551113780339562
2022,0.42345237731933594,0.404,0.0,0.15309524536132812,False,0.0,0.019452377319335912
2022,0.5857906937599182,0.04133333333333333,0.0,0.17158138751983643,True,1.0,0.5444573604265849
2022,0.31535065174102783,0.15333333333333332,0.0,0.36929869651794434,False,0.0,0.1620173184076945
2022,0.6816178560256958,0.6386666666666667,1.0,0.3632357120513916,True,0.0,0.042951189359029085
2022,0.49216628074645996,0.7973333333333333,1.0,0.015667438507080078,False,1.0,0.3051670525868734
2022,0.27605777978897095,0.038000000000000034,1.0,0.4478844404220581,False,1.0,0.2380577797889709
2022,0.4435752034187317,0.15400000000000003,1.0,0.11284959316253662,False,1.0,0.28957520341873166
2022,0.6461591720581055,0.69,0.0,0.29231834411621094,True,1.0,0.04384082794189448
2022,0.903782069683075,0.9986666666666667,1.0,0.8075641393661499,True,0.0,0.09488459698359175
2022,0.30225348472595215,0.8886666666666667,0.0,0.3954930305480957,False,0.0,0.5864131819407146
2022,0.5984336733818054,0.5413333333333333,1.0,0.19686734676361084,True,0.0,0.05710034004847209
2022,0.5872545838356018,0.4073333333333333,1.0,0.1745091676712036,True,0.0,0.17992125050226848
2022,0.3358566164970398,0.16066666666666662,1.0,0.3282867670059204,False,1.0,0.17518994983037317
2022,0.5418074131011963,0.30800000000000005,1.0,0.08361482620239258,True,0.0,0.23380741310119624
2022,0.6001060605049133,0.07400000000000007,0.0,0.20021212100982666,True,1.0,0.5261060605049133
2022,0.49120163917541504,0.3726666666666667,0.0,0.017596721649169922,False,0.0,0.11853497250874834
2022,0.48840582370758057,0.6413333333333333,1.0,0.023188352584838867,False,1.0,0.15292750962575274
2022,0.5212675333023071,0.23533333333333328,1.0,0.04253506660461426,True,0.0,0.28593419996897385
2022,0.6793323755264282,0.5173333333333333,1.0,0.35866475105285645,True,0.0,0.1619990421930949
2022,0.7690481543540955,0.83,1.0,0.5380963087081909,True,0.0,0.0609518456459045
2022,0.7068777680397034,0.14866666666666672,0.0,0.41375553607940674,True,1.0,0.5582111013730366
2022,0.6912682056427002,0.21800000000000008,0.0,0.3825364112854004,True,1.0,0.4732682056427001
2022,0.4502078890800476,0.2913333333333332,0.0,0.09958422183990479,False,0.0,0.15887455574671439
2022,0.4890841245651245,0.41133333333333333,1.0,0.021831750869750977,False,1.0,0.07775079123179118
2022,0.6978673934936523,0.5053333333333333,1.0,0.3957347869873047,True,0.0,0.19253406016031904
2022,0.6827492713928223,0.28333333333333344,0.0,0.36549854278564453,True,1.0,0.39941593805948883
2022,0.1940295696258545,0.09999999999999987,0.0,0.611940860748291,False,0.0,0.09402956962585463
2022,0.40263617038726807,0.906,0.0,0.19472765922546387,False,0.0,0.503363829612732
2022,0.555192232131958,0.904,1.0,0.11038446426391602,True,0.0,0.348807767868042
2022,0.4528160095214844,0.030000000000000027,0.0,0.09436798095703125,False,0.0,0.42281600952148435
2022,0.634038507938385,0.896,0.0,0.26807701587677,True,1.0,0.261961492061615
2022,0.22424083948135376,0.052000000000000046,1.0,0.5515183210372925,False,1.0,0.1722408394813537
2022,0.33802884817123413,0.372,1.0,0.32394230365753174,False,1.0,0.033971151828765866
2022,0.4652339816093445,0.06666666666666665,1.0,0.06953203678131104,False,1.0,0.39856731494267783
2022,0.686111330986023,0.7426666666666666,1.0,0.3722226619720459,True,0.0,0.05655533568064364
2022,0.6620565056800842,0.5773333333333333,0.0,0.32411301136016846,True,1.0,0.08472317234675097
2022,0.47148120403289795,0.2513333333333334,0.0,0.0570375919342041,False,0.0,0.22014787069956454
2022,0.44888901710510254,0.28133333333333344,1.0,0.10222196578979492,False,1.0,0.1675556837717691
2022,0.6467835903167725,0.9853333333333333,1.0,0.2935671806335449,True,0.0,0.3385497430165608
2022,0.21022236347198486,0.5333333333333333,0.0,0.5795552730560303,False,0.0,0.32311096986134846
2022,0.6470834612846375,0.5773333333333333,1.0,0.2941669225692749,True,0.0,0.0697501279513042
2022,0.6117243766784668,0.033333333333333326,0.0,0.2234487533569336,True,1.0,0.5783910433451335
2022,0.8755324482917786,0.6913333333333334,0.0,0.7510648965835571,True,1.0,0.1841991149584452
2022,0.8472551703453064,0.9946666666666667,1.0,0.6945103406906128,True,0.0,0.1474114963213603
2022,0.8090379238128662,0.9326666666666666,1.0,0.6180758476257324,True,0.0,0.12362874285380043
2022,0.5172991752624512,0.756,1.0,0.034598350524902344,True,0.0,0.23870082473754883
2022,0.5837432742118835,0.18800000000000006,1.0,0.1674865484237671,True,0.0,0.3957432742118835
2022,0.3149335980415344,0.05466666666666675,1.0,0.37013280391693115,False,1.0,0.26026693137486767
2022,0.5605604648590088,0.08799999999999997,1.0,0.12112092971801758,True,0.0,0.4725604648590088
2022,0.5073978304862976,0.2686666666666666,0.0,0.014795660972595215,True,1.0,0.238731163819631
2022,0.5187827944755554,0.2659999999999999,0.0,0.03756558895111084,True,1.0,0.2527827944755555
2022,0.7808466553688049,0.6133333333333333,0.0,0.5616933107376099,True,1.0,0.16751332203547165
2022,0.5420992374420166,0.05400000000000005,1.0,0.0841984748840332,True,0.0,0.48809923744201655
2022,0.41112905740737915,0.43799999999999994,0.0,0.1777418851852417,False,0.0,0.026870942592620795
2022,0.6757728457450867,0.04466666666666674,0.0,0.35154569149017334,True,1.0,0.6311061790784199
2022,0.3498077392578125,0.4666666666666667,0.0,0.300384521484375,False,0.0,0.11685892740885417
2022,0.3234899640083313,0.18400000000000005,0.0,0.3530200719833374,False,0.0,0.13948996400833125
2022,0.39773446321487427,0.30600000000000005,0.0,0.20453107357025146,False,0.0,0.09173446321487422
2022,0.5435935258865356,0.31333333333333335,1.0,0.08718705177307129,True,0.0,0.2302601925532023
2022,0.6283813714981079,0.5066666666666666,1.0,0.2567627429962158,True,0.0,0.12171470483144131
2022,0.2925788164138794,0.04733333333333334,0.0,0.4148423671722412,False,0.0,0.24524548308054606
2022,0.5129870176315308,0.642,0.0,0.025974035263061523,True,1.0,0.12901298236846925
2022,0.318498432636261,0.29000000000000004,0.0,0.363003134727478,False,0.0,0.02849843263626095
2022,0.35456007719039917,0.06600000000000006,0.0,0.29087984561920166,False,0.0,0.2885600771903991
2022,0.6788299083709717,0.6779999999999999,0.0,0.35765981674194336,True,1.0,0.0008299083709717436
2022,0.7845398187637329,0.7733333333333333,1.0,0.5690796375274658,True,0.0,0.011206485430399593
2022,0.48501521348953247,0.20466666666666666,0.0,0.02996957302093506,False,0.0,0.2803485468228658
2022,0.43923914432525635,0.3673333333333333,1.0,0.1215217113494873,False,1.0,0.07190581099192306
2022,0.30115967988967896,0.04133333333333322,1.0,0.3976806402206421,False,1.0,0.25982634655634573
2022,0.3112978935241699,0.3546666666666667,1.0,0.37740421295166016,False,1.0,0.043368773142496764
2022,0.7955793142318726,0.816,0.0,0.5911586284637451,True,1.0,0.02042068576812739
2022,0.4124367833137512,0.2526666666666667,0.0,0.17512643337249756,False,0.0,0.15977011664708451
2022,0.38329529762268066,0.2366666666666667,0.0,0.23340940475463867,False,0.0,0.14662863095601397
2022,0.3799316883087158,0.033333333333333326,1.0,0.24013662338256836,False,1.0,0.3465983549753825
2022,0.4708629846572876,0.3846666666666667,0.0,0.058274030685424805,False,0.0,0.08619631799062089
2022,0.3789790868759155,0.061999999999999944,0.0,0.24204182624816895,False,0.0,0.3169790868759156
2022,0.5487695932388306,0.5646666666666667,1.0,0.09753918647766113,True,0.0,0.015897073427836084
2022,0.392617404460907,0.33666666666666667,1.0,0.21476519107818604,False,1.0,0.05595073779424031
2022,0.749371349811554,0.8686666666666667,0.0,0.4987426996231079,True,1.0,0.11929531685511274
2022,0.6133495569229126,0.6573333333333333,1.0,0.2266991138458252,True,0.0,0.04398377641042073
2022,0.7148317098617554,0.87,1.0,0.42966341972351074,True,0.0,0.15516829013824462
2022,0.4737401008605957,0.33666666666666667,1.0,0.052519798278808594,False,1.0,0.13707343419392903
2022,0.4454563856124878,0.6593333333333333,0.0,0.10908722877502441,False,0.0,0.21387694772084553
2022,0.7530515789985657,0.784,1.0,0.5061031579971313,True,0.0,0.030948421001434356
2022,0.4568176865577698,0.3806666666666667,1.0,0.08636462688446045,False,1.0,0.07615101989110307
2022,0.3363187313079834,0.2393333333333334,1.0,0.3273625373840332,False,1.0,0.09698539797465
2022,0.5019032955169678,0.15000000000000002,1.0,0.003806591033935547,True,0.0,0.35190329551696775
2022,0.5917205214500427,0.7733333333333333,0.0,0.18344104290008545,True,1.0,0.1816128118832906
2022,0.2961012125015259,0.03733333333333333,1.0,0.40779757499694824,False,1.0,0.25876787916819255
2022,0.4859701991081238,0.6826666666666668,0.0,0.02805960178375244,False,0.0,0.19669646755854298
2022,0.44616466760635376,0.11266666666666669,0.0,0.10767066478729248,False,0.0,0.33349800093968707
2022,0.5655958652496338,0.5086666666666667,0.0,0.13119173049926758,True,1.0,0.05692919858296708
2022,0.7808057069778442,0.19933333333333336,0.0,0.5616114139556885,True,1.0,0.5814723736445109
2022,0.6908524036407471,0.6846666666666668,0.0,0.38170480728149414,True,1.0,0.006185736974080314
2022,0.4315411448478699,0.8653333333333333,1.0,0.13691771030426025,False,1.0,0.4337921884854634
2022,0.1783679723739624,0.45333333333333337,0.0,0.6432640552520752,False,0.0,0.27496536095937096
2022,0.685356616973877,0.5466666666666666,0.0,0.3707132339477539,True,1.0,0.13868995030721032
2022,0.612335205078125,0.7626666666666666,1.0,0.22467041015625,True,0.0,0.1503314615885416
2022,0.9277781248092651,0.9933333333333333,1.0,0.8555562496185303,True,0.0,0.06555520852406815
2022,0.6481885313987732,0.656,0.0,0.2963770627975464,True,1.0,0.007811468601226834
2022,0.1819016933441162,0.15933333333333333,0.0,0.6361966133117676,False,0.0,0.022568360010782884
2022,0.14366114139556885,0.19799999999999995,0.0,0.7126777172088623,False,0.0,0.054338858604431106
2022,0.21533578634262085,0.7046666666666668,0.0,0.5693284273147583,False,0.0,0.4893308803240459
2022,0.3399001359939575,0.45400000000000007,1.0,0.32019972801208496,False,1.0,0.11409986400604255
2022,0.52152419090271,0.3426666666666667,1.0,0.04304838180541992,True,0.0,0.17885752423604329
2022,0.6898646354675293,0.41999999999999993,1.0,0.3797292709350586,True,0.0,0.26986463546752937
2022,0.8227024674415588,0.9606666666666667,1.0,0.6454049348831177,True,0.0,0.13796419922510783
2022,0.23552703857421875,0.1413333333333333,0.0,0.5289459228515625,False,0.0,0.09419370524088544
2022,0.8124188184738159,1.0,1.0,0.6248376369476318,True,0.0,0.18758118152618408
2022,0.5225316286087036,0.29866666666666675,1.0,0.04506325721740723,True,0.0,0.22386496194203687
2022,0.3508772850036621,0.33666666666666667,1.0,0.2982454299926758,False,1.0,0.01421061833699544
2022,0.5277658700942993,0.42066666666666674,0.0,0.05553174018859863,True,1.0,0.10709920342763257
2022,0.3997763395309448,0.7513333333333333,0.0,0.20044732093811035,False,0.0,0.3515569938023885
2022,0.5212857127189636,0.040000000000000036,1.0,0.042571425437927246,True,0.0,0.4812857127189636
2022,0.780066967010498,0.29266666666666674,1.0,0.5601339340209961,True,0.0,0.4874003003438313
2022,0.5146561861038208,0.1213333333333333,0.0,0.0293123722076416,True,1.0,0.3933228527704875
2022,0.4575132727622986,0.4766666666666667,0.0,0.08497345447540283,False,0.0,0.0191533939043681
2022,0.7108733654022217,0.32466666666666677,1.0,0.42174673080444336,True,0.0,0.3862066987355549
2022,0.39061373472213745,0.2719999999999999,0.0,0.2187725305557251,False,0.0,0.11861373472213754
2022,0.23677510023117065,0.04800000000000004,0.0,0.5264497995376587,False,0.0,0.1887751002311706
2022,0.6486524343490601,0.9926666666666667,0.0,0.2973048686981201,True,1.0,0.34401423231760664
2022,0.19703227281570435,0.44466666666666665,1.0,0.6059354543685913,False,1.0,0.2476343938509623
2022,0.39943933486938477,0.4053333333333333,1.0,0.20112133026123047,False,1.0,0.005893998463948558
2022,0.7486971020698547,0.46333333333333326,1.0,0.4973942041397095,True,0.0,0.2853637687365215
2022,0.8843278288841248,0.7166666666666667,1.0,0.7686556577682495,True,0.0,0.16766116221745808
2022,0.780093789100647,0.19066666666666665,1.0,0.560187578201294,True,0.0,0.5894271224339803
2022,0.4963359832763672,0.05999999999999994,1.0,0.007328033447265625,False,1.0,0.43633598327636725
2022,0.42924022674560547,0.3973333333333333,1.0,0.14151954650878906,False,1.0,0.03190689341227215
2022,0.5022817850112915,0.16400000000000003,0.0,0.004563570022583008,True,1.0,0.33828178501129147
2022,0.32357895374298096,0.046666666666666634,0.0,0.3528420925140381,False,0.0,0.2769122870763143
2022,0.4799051284790039,0.852,0.0,0.04018974304199219,False,0.0,0.3720948715209961
2022,0.1422206163406372,0.15733333333333321,1.0,0.7155587673187256,False,1.0,0.015112716992696007
2022,0.571823000907898,0.053333333333333344,0.0,0.1436460018157959,True,1.0,0.5184896675745646
2022,0.5824334621429443,0.6773333333333333,0.0,0.16486692428588867,True,1.0,0.094899871190389
2022,0.35566091537475586,0.1566666666666665,1.0,0.2886781692504883,False,1.0,0.19899424870808935
2022,0.47498053312301636,0.20866666666666667,0.0,0.050038933753967285,False,0.0,0.2663138664563497
2022,0.24658209085464478,0.18466666666666665,0.0,0.5068358182907104,False,0.0,0.06191542418797813
2022,0.3798336386680603,0.08733333333333326,1.0,0.2403327226638794,False,1.0,0.29250030533472704
2022,0.3208239674568176,0.4053333333333333,1.0,0.35835206508636475,False,1.0,0.0845093658765157
2022,0.4515843987464905,0.21600000000000008,1.0,0.09683120250701904,False,1.0,0.2355843987464904
2022,0.6975301504135132,0.5693333333333334,1.0,0.39506030082702637,True,0.0,0.12819681708017983
2022,0.42849230766296387,0.5786666666666667,0.0,0.14301538467407227,False,0.0,0.1501743590037028
2022,0.7657075524330139,0.2539999999999999,1.0,0.5314151048660278,True,0.0,0.511707552433014
2022,0.2634028196334839,0.728,0.0,0.4731943607330322,False,0.0,0.4645971803665161
2022,0.680444598197937,0.43000000000000005,1.0,0.360889196395874,True,0.0,0.25044459819793696
2022,0.6254689693450928,0.3733333333333333,0.0,0.25093793869018555,True,1.0,0.2521356360117595
2022,0.563277006149292,0.7393333333333334,1.0,0.12655401229858398,True,0.0,0.1760563271840414
2022,0.4588506817817688,0.041333333333333444,0.0,0.0822986364364624,False,0.0,0.41751734844843535
2022,0.5742342472076416,0.5406666666666666,1.0,0.1484684944152832,True,0.0,0.03356758054097497
2022,0.6303068399429321,0.758,0.0,0.26061367988586426,True,1.0,0.12769316005706788
2022,0.5249864459037781,0.06800000000000006,0.0,0.04997289180755615,True,1.0,0.456986445903778
2022,0.7838239669799805,0.4013333333333333,1.0,0.5676479339599609,True,0.0,0.38249063364664715
2022,0.42645978927612305,0.7793333333333333,0.0,0.1470804214477539,False,0.0,0.3528735440572103
2022,0.5320492386817932,0.13866666666666672,0.0,0.06409847736358643,True,1.0,0.3933825720151265
2022,0.7802445292472839,0.40466666666666673,1.0,0.5604890584945679,True,0.0,0.3755778625806172
2022,0.2199234962463379,0.1326666666666666,0.0,0.5601530075073242,False,0.0,0.08725682957967129
2022,0.14696449041366577,0.06066666666666665,0.0,0.7060710191726685,False,0.0,0.08629782374699912
2022,0.5861536264419556,0.3466666666666667,1.0,0.17230725288391113,True,0.0,0.2394869597752889
2022,0.3629210591316223,0.03733333333333333,1.0,0.27415788173675537,False,1.0,0.325587725798289
2022,0.6331363916397095,0.14800000000000002,1.0,0.26627278327941895,True,0.0,0.48513639163970945
2022,0.4016146659851074,0.45066666666666666,0.0,0.19677066802978516,False,0.0,0.04905200068155924
2022,0.8135140538215637,0.4666666666666667,1.0,0.6270281076431274,True,0.0,0.34684738715489705
2022,0.5832830667495728,0.5313333333333333,0.0,0.1665661334991455,True,1.0,0.05194973341623943
2022,0.4376668334007263,0.41000000000000003,1.0,0.12466633319854736,False,1.0,0.027666833400726287
2022,0.4708985686302185,0.40800000000000003,0.0,0.05820286273956299,False,0.0,0.06289856863021848
2022,0.6846429705619812,0.046666666666666634,0.0,0.3692859411239624,True,1.0,0.6379763038953146
2022,0.630824089050293,0.6106666666666667,1.0,0.26164817810058594,True,0.0,0.020157422383626278
2022,0.4446907043457031,0.5013333333333333,1.0,0.11061859130859375,False,1.0,0.05664262898763017
2022,0.5087459087371826,0.4726666666666667,0.0,0.017491817474365234,True,1.0,0.03607924207051594
2022,0.6536954641342163,0.6013333333333333,1.0,0.3073909282684326,True,0.0,0.05236213080088303
2022,0.5473632216453552,0.6253333333333333,1.0,0.09472644329071045,True,0.0,0.07797011168797807
2022,0.40539276599884033,0.16933333333333322,1.0,0.18921446800231934,False,1.0,0.2360594326655071
2022,0.43743443489074707,0.5706666666666667,0.0,0.12513113021850586,False,0.0,0.13323223177591959
2022,0.6017764806747437,0.352,1.0,0.2035529613494873,True,0.0,0.24977648067474367
2022,0.6850540637969971,0.7473333333333334,1.0,0.37010812759399414,True,0.0,0.062279269536336335
2022,0.5986684560775757,0.16600000000000004,1.0,0.19733691215515137,True,0.0,0.43266845607757565
2022,0.3912438154220581,0.4633333333333334,1.0,0.2175123691558838,False,1.0,0.07208951791127527
2022,0.6072986125946045,0.3966666666666667,1.0,0.21459722518920898,True,0.0,0.21063194592793777
2022,0.38479626178741455,0.1326666666666667,0.0,0.2304074764251709,False,0.0,0.25212959512074784
2022,0.6378812789916992,0.12266666666666659,0.0,0.27576255798339844,True,1.0,0.5152146123250326
2022,0.34644579887390137,0.3706666666666667,1.0,0.30710840225219727,False,1.0,0.024220867792765333
2022,0.5899890661239624,0.29133333333333333,0.0,0.1799781322479248,True,1.0,0.29865573279062907
2022,0.35401469469070435,0.1379999999999999,0.0,0.2919706106185913,False,0.0,0.21601469469070445
2022,0.39454716444015503,0.06600000000000006,0.0,0.21090567111968994,False,0.0,0.32854716444015497
2022,0.8585212230682373,0.8466666666666667,0.0,0.7170424461364746,True,1.0,0.011854556401570626
2022,0.5643342137336731,0.3706666666666667,1.0,0.1286684274673462,True,0.0,0.1936675470670064
2022,0.8442061543464661,0.87,0.0,0.6884123086929321,True,1.0,0.02579384565353393
2022,0.652136504650116,0.11933333333333329,1.0,0.30427300930023193,True,0.0,0.5328031713167827
2022,0.7863702774047852,0.828,1.0,0.5727405548095703,True,0.0,0.0416297225952148
2022,0.35265958309173584,0.043333333333333335,0.0,0.2946808338165283,False,0.0,0.3093262497584025
2022,0.4824174642562866,0.784,1.0,0.03516507148742676,False,1.0,0.3015825357437134
2022,0.637424886226654,0.7666666666666667,0.0,0.2748497724533081,True,1.0,0.12924178044001267
2022,0.6310667991638184,0.046666666666666634,0.0,0.2621335983276367,True,1.0,0.5844001324971517
2022,0.32493072748184204,0.42066666666666663,1.0,0.3501385450363159,False,1.0,0.09573593918482459
2022,0.5607104301452637,0.7706666666666666,1.0,0.12142086029052734,True,0.0,0.20995623652140294
2022,0.8190609216690063,0.996,1.0,0.6381218433380127,True,0.0,0.17693907833099365
2022,0.4697366952896118,0.07866666666666655,0.0,0.06052660942077637,False,0.0,0.39107002862294526
2022,0.5935107469558716,0.6473333333333333,1.0,0.18702149391174316,True,0.0,0.053822586377461734
2022,0.32236170768737793,0.07333333333333325,0.0,0.35527658462524414,False,0.0,0.24902837435404468
2022,0.42001187801361084,0.15266666666666673,0.0,0.15997624397277832,False,0.0,0.2673452113469441
2022,0.6305515766143799,0.5506666666666666,1.0,0.26110315322875977,True,0.0,0.07988490994771325
2022,0.478934109210968,0.03866666666666674,1.0,0.042131781578063965,False,1.0,0.4402674425443013
2022,0.7674760818481445,0.7966666666666666,1.0,0.5349521636962891,True,0.0,0.029190584818522103
2022,0.45129990577697754,0.3966666666666666,1.0,0.09740018844604492,False,1.0,0.05463323911031093
2022,0.5398737192153931,0.41933333333333334,1.0,0.07974743843078613,True,0.0,0.12054038588205973
2022,0.6139370203018188,0.636,1.0,0.2278740406036377,True,0.0,0.022062979698181162
2022,0.7167825698852539,0.45999999999999996,1.0,0.4335651397705078,True,0.0,0.25678256988525394
2022,0.47206932306289673,0.33866666666666667,1.0,0.05586135387420654,False,1.0,0.13340265639623006
2022,0.6480858325958252,0.8713333333333333,0.0,0.2961716651916504,True,1.0,0.2232475007375081
2022,0.5091075301170349,0.6753333333333333,1.0,0.018215060234069824,True,0.0,0.16622580321629843
2022,0.135631263256073,0.5813333333333334,0.0,0.728737473487854,False,0.0,0.44570207007726037
2022,0.7377926111221313,0.99,1.0,0.4755852222442627,True,0.0,0.25220738887786864
2022,0.585512638092041,0.4913333333333333,1.0,0.17102527618408203,True,0.0,0.09417930475870773
2022,0.20283061265945435,0.5966666666666667,0.0,0.5943387746810913,False,0.0,0.39383605400721233
2022,0.5658687353134155,0.7706666666666666,1.0,0.13173747062683105,True,0.0,0.20479793135325108
2022,0.43845003843307495,0.1173333333333334,0.0,0.1230999231338501,False,0.0,0.32111670509974155
2022,0.31367528438568115,0.07000000000000006,0.0,0.3726494312286377,False,0.0,0.2436752843856811
2022,0.2845299243927002,0.6766666666666666,1.0,0.4309401512145996,False,1.0,0.39213674227396644
2022,0.8185102343559265,1.0,1.0,0.637020468711853,True,0.0,0.1814897656440735
2022,0.39573514461517334,0.14866666666666672,1.0,0.20852971076965332,False,1.0,0.24706847794850662
2022,0.2624184489250183,0.1366666666666666,0.0,0.4751631021499634,False,0.0,0.1257517822583517
2022,0.5257967710494995,0.4893333333333334,0.0,0.05159354209899902,True,1.0,0.036463437716166114
2022,0.4472346305847168,0.5046666666666666,1.0,0.1055307388305664,False,1.0,0.0574320360819498
2022,0.672087550163269,0.994,0.0,0.3441751003265381,True,1.0,0.32191244983673095
2022,0.2800554037094116,0.10399999999999998,0.0,0.43988919258117676,False,0.0,0.17605540370941164
2022,0.42428964376449585,0.5586666666666666,0.0,0.1514207124710083,False,0.0,0.1343770229021708
2022,0.6631250381469727,0.7446666666666666,1.0,0.3262500762939453,True,0.0,0.08154162851969393
2022,0.6300634741783142,0.18799999999999994,1.0,0.2601269483566284,True,0.0,0.44206347417831426
2022,0.4682719111442566,0.20133333333333325,0.0,0.06345617771148682,False,0.0,0.26693857781092334
2022,0.5859240293502808,0.21733333333333327,0.0,0.17184805870056152,True,1.0,0.3685906960169475
2022,0.518782377243042,0.262,1.0,0.037564754486083984,True,0.0,0.256782377243042
2022,0.7061053514480591,0.952,1.0,0.41221070289611816,True,0.0,0.24589464855194088
2022,0.4702446460723877,0.33666666666666656,0.0,0.05951070785522461,False,0.0,0.13357797940572114
2022,0.701403021812439,0.5146666666666666,1.0,0.40280604362487793,True,0.0,0.18673635514577236
2022,0.6218429207801819,0.32866666666666666,1.0,0.24368584156036377,True,0.0,0.2931762541135152
2022,0.4523632526397705,0.20066666666666666,1.0,0.09527349472045898,False,1.0,0.25169658597310385
2022,0.31381332874298096,0.03733333333333333,0.0,0.3723733425140381,False,0.0,0.2764799954096476
2022,0.5562776327133179,0.6859999999999999,0.0,0.11255526542663574,True,1.0,0.12972236728668207
2022,0.47531604766845703,0.2853333333333333,0.0,0.04936790466308594,False,0.0,0.1899827143351237
2022,0.3978627920150757,0.4806666666666667,1.0,0.20427441596984863,False,1.0,0.082803874651591
2022,0.5253444314002991,0.4106666666666666,1.0,0.050688862800598145,True,0.0,0.11467776473363245
2022,0.6501814126968384,0.8633333333333333,1.0,0.30036282539367676,True,0.0,0.2131519206364949
2022,0.7100521922111511,0.7933333333333333,1.0,0.42010438442230225,True,0.0,0.08328114112218221
2022,0.6044541001319885,0.604,1.0,0.20890820026397705,True,0.0,0.00045410013198854404
2022,0.7115991115570068,0.8713333333333333,0.0,0.42319822311401367,True,1.0,0.15973422177632646
2022,0.646634042263031,0.9646666666666667,0.0,0.293268084526062,True,1.0,0.31803262440363567
2022,0.43598026037216187,0.09333333333333327,0.0,0.12803947925567627,False,0.0,0.3426469270388286
2022,0.5414521098136902,0.492,1.0,0.08290421962738037,True,0.0,0.04945210981369019
2022,0.23149102926254272,0.10266666666666668,0.0,0.5370179414749146,False,0.0,0.12882436259587604
2022,0.6759282350540161,0.2673333333333333,0.0,0.3518564701080322,True,1.0,0.4085949017206828
2022,0.48291075229644775,0.544,0.0,0.03417849540710449,False,0.0,0.061089247703552285
2022,0.6588088870048523,0.056666666666666754,0.0,0.3176177740097046,True,1.0,0.6021422203381855
2022,0.5896493792533875,0.606,1.0,0.1792987585067749,True,0.0,0.016350620746612532
2022,0.15822690725326538,0.2493333333333334,0.0,0.6835461854934692,False,0.0,0.09110642608006803
2022,0.5182340145111084,0.05133333333333323,1.0,0.0364680290222168,True,0.0,0.46690068117777517
2022,0.5318827033042908,0.272,0.0,0.06376540660858154,True,1.0,0.25988270330429075
2022,0.5527148246765137,0.3340000000000001,1.0,0.10542964935302734,True,0.0,0.2187148246765136
2022,0.30858075618743896,0.41866666666666674,0.0,0.38283848762512207,False,0.0,0.11008591047922778
2022,0.21338677406311035,0.09599999999999997,0.0,0.5732264518737793,False,0.0,0.11738677406311038
2022,0.7409675121307373,0.8886666666666667,1.0,0.4819350242614746,True,0.0,0.1476991545359294
2022,0.4488130211830139,0.22066666666666657,1.0,0.10237395763397217,False,1.0,0.22814635451634735
2022,0.3694021701812744,0.14400000000000002,1.0,0.26119565963745117,False,1.0,0.2254021701812744
2022,0.6815690994262695,0.03533333333333333,0.0,0.36313819885253906,True,1.0,0.6462357660929362
2022,0.6254575252532959,0.5646666666666667,0.0,0.2509150505065918,True,1.0,0.06079085858662925
2022,0.4426729679107666,0.14200000000000002,0.0,0.1146540641784668,False,0.0,0.3006729679107666
2022,0.5715291500091553,0.91,1.0,0.14305830001831055,True,0.0,0.33847084999084476
2022,0.6214715838432312,0.6746666666666667,0.0,0.2429431676864624,True,1.0,0.05319508282343555
2022,0.543330729007721,0.03866666666666674,0.0,0.0866614580154419,True,1.0,0.5046640623410542
2022,0.1593344807624817,0.11466666666666658,0.0,0.6813310384750366,False,0.0,0.044667814095815106
2022,0.5471762418746948,0.29733333333333334,1.0,0.09435248374938965,True,0.0,0.24984290854136149
2022,0.5799050331115723,0.9926666666666667,1.0,0.15981006622314453,True,0.0,0.41276163355509443
2022,0.6904693841934204,0.04466666666666663,0.0,0.3809387683868408,True,1.0,0.6458027175267538
2022,0.5634167194366455,0.21199999999999997,0.0,0.12683343887329102,True,1.0,0.35141671943664554
2022,0.41640233993530273,0.5946666666666667,1.0,0.16719532012939453,False,1.0,0.17826432673136394
2022,0.4194299578666687,0.21933333333333327,0.0,0.1611400842666626,False,0.0,0.20009662453333543
2022,0.3487127423286438,0.3653333333333333,1.0,0.3025745153427124,False,1.0,0.01662059100468949
2022,0.5926566123962402,0.18666666666666665,1.0,0.18531322479248047,True,0.0,0.4059899457295736
2022,0.7595580220222473,0.6913333333333334,1.0,0.5191160440444946,True,0.0,0.06822468868891396
2022,0.7916900515556335,0.4706666666666667,0.0,0.5833801031112671,True,1.0,0.32102338488896687
2022,0.4771438241004944,0.4059999999999999,0.0,0.04571235179901123,False,0.0,0.07114382410049447
2022,0.3394809365272522,0.008000000000000118,1.0,0.3210381269454956,False,1.0,0.3314809365272521
2022,0.4028767943382263,0.3946666666666666,1.0,0.19424641132354736,False,1.0,0.008210127671559708
2022,0.37933021783828735,0.8213333333333334,1.0,0.2413395643234253,False,1.0,0.442003115495046
2022,0.45519590377807617,0.2806666666666666,1.0,0.08960819244384766,False,1.0,0.17452923711140955
2022,0.4732774496078491,0.07733333333333337,0.0,0.05344510078430176,False,0.0,0.39594411627451576
2022,0.2737363576889038,0.13000000000000012,1.0,0.4525272846221924,False,1.0,0.1437363576889037
2022,0.6421359777450562,0.6293333333333333,1.0,0.2842719554901123,True,0.0,0.012802644411722852
2022,0.5584059953689575,0.09333333333333338,1.0,0.11681199073791504,True,0.0,0.46507266203562414
2022,0.40257489681243896,0.4633333333333334,1.0,0.19485020637512207,False,1.0,0.06075843652089441
2022,0.5238218307495117,0.5780000000000001,0.0,0.04764366149902344,True,1.0,0.05417816925048835
2022,0.4804363250732422,0.45466666666666666,1.0,0.039127349853515625,False,1.0,0.025769658406575524
2022,0.527167797088623,0.18866666666666665,1.0,0.054335594177246094,True,0.0,0.3385011304219564
2022,0.5896276235580444,0.3613333333333334,1.0,0.17925524711608887,True,0.0,0.22829429022471104
2022,0.4507519602775574,0.6933333333333334,1.0,0.09849607944488525,False,1.0,0.24258137305577598
2022,0.670456051826477,0.3513333333333333,0.0,0.3409121036529541,True,1.0,0.3191227184931438
2022,0.7419478893280029,0.9726666666666667,1.0,0.48389577865600586,True,0.0,0.23071877733866375
2022,0.6081634759902954,0.632,1.0,0.21632695198059082,True,0.0,0.023836524009704596
2022,0.3594457507133484,0.2453333333333334,1.0,0.2811084985733032,False,1.0,0.11411241738001499
2022,0.759161114692688,0.10533333333333328,1.0,0.518322229385376,True,0.0,0.6538277813593547
2022,0.751418948173523,0.9766666666666667,1.0,0.5028378963470459,True,0.0,0.22524771849314373
2022,0.8299267888069153,1.0,1.0,0.6598535776138306,True,0.0,0.17007321119308472
2022,0.7703071236610413,0.382,1.0,0.5406142473220825,True,0.0,0.38830712366104125
2022,0.6271582245826721,0.6746666666666666,1.0,0.25431644916534424,True,0.0,0.04750844208399452
2022,0.2610451579093933,0.374,0.0,0.4779096841812134,False,0.0,0.11295484209060669
2022,0.3438568711280823,0.2553333333333333,0.0,0.31228625774383545,False,0.0,0.08852353779474897
2022,0.33182787895202637,0.03399999999999992,0.0,0.33634424209594727,False,0.0,0.29782787895202645
2022,0.28732937574386597,0.22199999999999998,0.0,0.42534124851226807,False,0.0,0.06532937574386599
2022,0.4332587718963623,0.4686666666666667,0.0,0.1334824562072754,False,0.0,0.03540789477030437
2022,0.795737624168396,0.9973333333333333,1.0,0.591475248336792,True,0.0,0.2015957091649373
2022,0.452949583530426,0.30466666666666664,1.0,0.09410083293914795,False,1.0,0.14828291686375938
2022,0.4118044972419739,0.86,1.0,0.17639100551605225,False,1.0,0.4481955027580261
2022,0.5778709650039673,0.2493333333333334,0.0,0.15574193000793457,True,1.0,0.3285376316706339
2022,0.507059633731842,0.33333333333333337,1.0,0.014119267463684082,True,0.0,0.17372630039850867
2022,0.34182441234588623,0.16666666666666652,1.0,0.31635117530822754,False,1.0,0.1751577456792197
2022,0.3521730899810791,0.09666666666666668,0.0,0.2956538200378418,False,0.0,0.2555064233144124
2022,0.386644184589386,0.26,0.0,0.22671163082122803,False,0.0,0.12664418458938598
2022,0.7035518884658813,0.8986666666666666,1.0,0.4071037769317627,True,0.0,0.19511477820078527
2022,0.5417901277542114,0.358,0.0,0.08358025550842285,True,1.0,0.18379012775421144
2022,0.6217758655548096,0.7473333333333334,1.0,0.24355173110961914,True,0.0,0.12555746777852383
2022,0.7192763686180115,0.5986666666666667,1.0,0.43855273723602295,True,0.0,0.1206097019513448
2022,0.6181368827819824,0.88,1.0,0.23627376556396484,True,0.0,0.2618631172180176
2022,0.7665508985519409,0.8406666666666667,0.0,0.5331017971038818,True,1.0,0.07411576811472576
2022,0.38691413402557373,0.30533333333333335,1.0,0.22617173194885254,False,1.0,0.08158080069224038
2022,0.5438377261161804,0.2446666666666667,0.0,0.08767545223236084,True,1.0,0.2991710594495137
2022,0.4993599057197571,0.5593333333333333,1.0,0.0012801885604858398,False,1.0,0.05997342761357627
2022,0.8526191711425781,0.6833333333333333,1.0,0.7052383422851562,True,0.0,0.16928583780924478
2022,0.3821210265159607,0.07933333333333337,0.0,0.2357579469680786,False,0.0,0.3027876931826273
2022,0.36777210235595703,0.5373333333333333,0.0,0.26445579528808594,False,0.0,0.1695612309773763
2022,0.34235620498657227,0.20866666666666656,0.0,0.31528759002685547,False,0.0,0.1336895383199057
2022,0.4204968214035034,0.2846666666666666,1.0,0.15900635719299316,False,1.0,0.1358301547368368
2022,0.5676063299179077,0.6326666666666667,1.0,0.13521265983581543,True,0.0,0.065060336748759
2022,0.489310085773468,0.11866666666666659,0.0,0.021379828453063965,False,0.0,0.37064341910680143
2022,0.5453487634658813,0.486,0.0,0.0906975269317627,True,1.0,0.05934876346588136
2022,0.48993104696273804,0.05133333333333345,0.0,0.020137906074523926,False,0.0,0.4385977136294046
2023,0.5477883815765381,0.04933333333333334,1.0,0.09557676315307617,True,0.0,0.49845504824320475
2023,0.4690471887588501,0.03933333333333333,1.0,0.061905622482299805,False,1.0,0.42971385542551677
2023,0.5711562633514404,0.2479999999999999,1.0,0.14231252670288086,True,0.0,0.32315626335144054
2023,0.5076013803482056,0.9453333333333334,1.0,0.015202760696411133,True,0.0,0.4377319529851278
2023,0.5609813928604126,0.66,1.0,0.1219627857208252,True,0.0,0.09901860713958743
2023,0.6037487983703613,0.18666666666666665,0.0,0.20749759674072266,True,1.0,0.4170821317036947
2023,0.23644942045211792,0.20066666666666666,0.0,0.5271011590957642,False,0.0,0.03578275378545126
2023,0.7364816665649414,0.5333333333333333,0.0,0.4729633331298828,True,1.0,0.20314833323160808
2023,0.6585455536842346,0.30066666666666664,1.0,0.31709110736846924,True,0.0,0.357878887017568
2023,0.4834718108177185,0.19266666666666665,0.0,0.03305637836456299,False,0.0,0.29080514415105185
2023,0.8928134441375732,0.5906666666666667,0.0,0.7856268882751465,True,1.0,0.30214677747090657
2023,0.6821374893188477,0.36,1.0,0.3642749786376953,True,0.0,0.32213748931884767
2023,0.7838757634162903,0.5613333333333332,1.0,0.5677515268325806,True,0.0,0.22254243008295704
2023,0.7617180347442627,0.952,1.0,0.5234360694885254,True,0.0,0.19028196525573726
2023,0.5702017545700073,0.516,1.0,0.14040350914001465,True,0.0,0.05420175457000731
2023,0.420354425907135,0.20200000000000007,0.0,0.15929114818572998,False,0.0,0.21835442590713494
2023,0.7877324819564819,0.8346666666666667,1.0,0.5754649639129639,True,0.0,0.046934184710184734
2023,0.8238596320152283,0.546,1.0,0.6477192640304565,True,0.0,0.27785963201522823
2023,0.38881438970565796,0.18000000000000005,0.0,0.22237122058868408,False,0.0,0.2088143897056579
2023,0.6329392194747925,0.8273333333333334,0.0,0.26587843894958496,True,1.0,0.19439411385854088
2023,0.6295682191848755,0.15066666666666673,1.0,0.259136438369751,True,0.0,0.47890155251820876
2023,0.26731228828430176,0.272,1.0,0.4653754234313965,False,1.0,0.004687711715698262
2023,0.6736776828765869,0.2953333333333332,0.0,0.34735536575317383,True,1.0,0.3783443495432537
2023,0.6087666749954224,0.14800000000000002,1.0,0.21753334999084473,True,0.0,0.46076667499542234
2023,0.8432830572128296,0.964,1.0,0.6865661144256592,True,0.0,0.12071694278717038
2023,0.6264405250549316,0.778,1.0,0.2528810501098633,True,0.0,0.15155947494506838
2023,0.7482449412345886,0.856,0.0,0.49648988246917725,True,1.0,0.10775505876541136
2023,0.3996909260749817,0.126,1.0,0.20061814785003662,False,1.0,0.2736909260749817
2023,0.8053683638572693,0.6659999999999999,0.0,0.6107367277145386,True,1.0,0.13936836385726936
2023,0.7359939813613892,0.29133333333333333,0.0,0.4719879627227783,True,1.0,0.4446606480280558
2023,0.7076499462127686,0.388,0.0,0.4152998924255371,True,1.0,0.31964994621276854
2023,0.6199761033058167,0.54,1.0,0.2399522066116333,True,0.0,0.07997610330581661
2023,0.5381088256835938,0.356,1.0,0.0762176513671875,True,0.0,0.18210882568359377
2023,0.8219140768051147,0.5513333333333333,1.0,0.6438281536102295,True,0.0,0.2705807434717814
2023,0.6871798038482666,0.7773333333333333,0.0,0.3743596076965332,True,1.0,0.09015352948506672
2023,0.6688464283943176,0.7453333333333334,0.0,0.33769285678863525,True,1.0,0.07648690493901578
2023,0.17772209644317627,0.3513333333333334,1.0,0.6445558071136475,False,1.0,0.17361123689015712
2023,0.6714208126068115,0.8813333333333333,1.0,0.34284162521362305,True,0.0,0.20991252072652178
2023,0.3794289231300354,0.4706666666666667,1.0,0.2411421537399292,False,1.0,0.09123774353663128
2023,0.4472125172615051,0.3513333333333334,1.0,0.10557496547698975,False,1.0,0.09587918392817174
2023,0.40048742294311523,0.048666666666666636,0.0,0.19902515411376953,False,0.0,0.3518207562764486
2023,0.27713215351104736,0.3713333333333333,0.0,0.4457356929779053,False,0.0,0.09420117982228593
2023,0.7478129863739014,0.9133333333333333,1.0,0.49562597274780273,True,0.0,0.16552034695943196
2023,0.8660106658935547,0.9713333333333334,1.0,0.7320213317871094,True,0.0,0.1053226674397787
2023,0.7776411175727844,0.9166666666666666,0.0,0.5552822351455688,True,1.0,0.1390255490938822
2023,0.4862998127937317,0.20066666666666666,0.0,0.02740037441253662,False,0.0,0.28563314612706503
2023,0.5000501275062561,0.1113333333333334,0.0,0.00010025501251220703,True,1.0,0.3887167941729227
2023,0.2786574959754944,0.16599999999999993,0.0,0.44268500804901123,False,0.0,0.11265749597549446
2023,0.48005354404449463,0.33533333333333337,1.0,0.03989291191101074,False,1.0,0.14472021071116126
2023,0.44395333528518677,0.6886666666666666,1.0,0.11209332942962646,False,1.0,0.24471333138147988
2023,0.8055452108383179,0.8526666666666667,1.0,0.6110904216766357,True,0.0,0.04712145582834881
2023,0.2867252826690674,0.43933333333333335,0.0,0.42654943466186523,False,0.0,0.15260805066426597
2023,0.2066812515258789,0.3813333333333334,0.0,0.5866374969482422,False,0.0,0.1746520818074545
2023,0.541731595993042,0.11933333333333329,0.0,0.08346319198608398,True,1.0,0.4223982626597087
2023,0.5840088129043579,0.44666666666666666,0.0,0.16801762580871582,True,1.0,0.13734214623769125
2023,0.7677011489868164,0.43400000000000005,1.0,0.5354022979736328,True,0.0,0.33370114898681635
2023,0.707106351852417,0.7713333333333333,1.0,0.414212703704834,True,0.0,0.06422698148091632
2023,0.440582275390625,0.036666666666666625,0.0,0.11883544921875,False,0.0,0.4039156087239584
2023,0.6993616819381714,0.3680000000000001,0.0,0.3987233638763428,True,1.0,0.3313616819381713
2023,0.5631886720657349,0.868,1.0,0.12637734413146973,True,0.0,0.30481132793426513
2023,0.6259057521820068,0.5173333333333334,0.0,0.25181150436401367,True,1.0,0.10857241884867341
2023,0.5984348654747009,0.21066666666666667,1.0,0.19686973094940186,True,0.0,0.38776819880803426
2023,0.6393081545829773,0.8193333333333334,1.0,0.2786163091659546,True,0.0,0.18002517875035606
2023,0.5610470771789551,0.03866666666666663,0.0,0.12209415435791016,True,1.0,0.5223804105122885
2023,0.26403748989105225,0.06266666666666665,0.0,0.4719250202178955,False,0.0,0.2013708232243856
2023,0.6237647533416748,0.3966666666666667,0.0,0.2475295066833496,True,1.0,0.22709808667500808
2023,0.5472206473350525,1.0,0.0,0.09444129467010498,True,1.0,0.4527793526649475
2023,0.19367903470993042,0.3833333333333333,0.0,0.6126419305801392,False,0.0,0.18965429862340288
2023,0.2972836494445801,0.45866666666666667,1.0,0.40543270111083984,False,1.0,0.1613830172220866
2023,0.6358996629714966,0.10133333333333339,1.0,0.27179932594299316,True,0.0,0.5345663296381632
2023,0.28298836946487427,0.20200000000000007,0.0,0.43402326107025146,False,0.0,0.0809883694648742
2023,0.1743648648262024,0.30066666666666664,0.0,0.6512702703475952,False,0.0,0.12630180184046425
2023,0.33325111865997314,0.3340000000000001,0.0,0.3334977626800537,False,0.0,0.0007488813400269301
2023,0.804921567440033,0.3673333333333333,1.0,0.6098431348800659,True,0.0,0.43758823410669967
2023,0.6215130686759949,0.614,0.0,0.24302613735198975,True,1.0,0.007513068675994883
2023,0.903926432132721,0.9733333333333334,1.0,0.8078528642654419,True,0.0,0.06940690120061244
2023,0.7169677019119263,0.5,1.0,0.43393540382385254,True,0.0,0.21696770191192627
2023,0.30669182538986206,0.2713333333333333,0.0,0.3866163492202759,False,0.0,0.035358492056528745
2023,0.5238469839096069,0.12466666666666659,0.0,0.04769396781921387,True,1.0,0.39918031724294034
2023,0.5217373371124268,0.34333333333333327,0.0,0.043474674224853516,True,1.0,0.1784040037790935
2023,0.4899938702583313,0.992,1.0,0.020012259483337402,False,1.0,0.5020061297416687
2023,0.46308302879333496,0.058666666666666645,1.0,0.07383394241333008,False,1.0,0.4044163621266683
2023,0.3493480086326599,0.05933333333333335,0.0,0.3013039827346802,False,0.0,0.29001467529932656
2023,0.39959001541137695,0.16266666666666674,0.0,0.2008199691772461,False,0.0,0.23692334874471022
2023,0.28443634510040283,0.548,1.0,0.43112730979919434,False,1.0,0.2635636548995972
2023,0.3069661855697632,0.43866666666666665,0.0,0.38606762886047363,False,0.0,0.13170048109690347
2023,0.5412766337394714,0.6,1.0,0.08255326747894287,True,0.0,0.05872336626052854
2023,0.5110897421836853,0.41400000000000003,1.0,0.022179484367370605,True,0.0,0.09708974218368527
2023,0.5899127721786499,0.2493333333333334,1.0,0.1798255443572998,True,0.0,0.3405794388453165
2023,0.9228893518447876,1.0,1.0,0.8457787036895752,True,0.0,0.0771106481552124
2023,0.6568976640701294,0.3793333333333333,0.0,0.3137953281402588,True,1.0,0.2775643307367961
2023,0.5587911605834961,0.16533333333333333,1.0,0.11758232116699219,True,0.0,0.39345782725016276
2023,0.46639299392700195,0.2513333333333333,1.0,0.0672140121459961,False,1.0,0.21505966059366866
2023,0.21506577730178833,0.16266666666666663,0.0,0.5698684453964233,False,0.0,0.052399110635121704
2023,0.5128356218338013,0.32533333333333325,1.0,0.02567124366760254,True,0.0,0.18750228850046802
2023,0.684064507484436,0.03266666666666662,1.0,0.36812901496887207,True,0.0,0.6513978408177694
2023,0.4072962999343872,0.048666666666666636,0.0,0.18540740013122559,False,0.0,0.35862963326772057
2023,0.6880806684494019,0.31333333333333335,0.0,0.3761613368988037,True,1.0,0.3747473351160685
2023,0.6876811385154724,0.44066666666666665,0.0,0.3753622770309448,True,1.0,0.24701447184880576
2023,0.5391204953193665,0.716,1.0,0.07824099063873291,True,0.0,0.17687950468063351
2023,0.48214977979660034,0.4906666666666667,0.0,0.035700440406799316,False,0.0,0.008516886870066354
2023,0.7478668093681335,0.4666666666666667,1.0,0.4957336187362671,True,0.0,0.28120014270146687
2023,0.2360643744468689,0.04599999999999993,0.0,0.5278712511062622,False,0.0,0.19006437444686897
2023,0.36117124557495117,0.19000000000000006,0.0,0.27765750885009766,False,0.0,0.17117124557495111
2023,0.44401687383651733,0.9146666666666666,1.0,0.11196625232696533,False,1.0,0.4706497928301493
2023,0.4411754012107849,0.16133333333333333,1.0,0.11764919757843018,False,1.0,0.2798420678774516
2023,0.4363827705383301,0.5559999999999999,0.0,0.12723445892333984,False,0.0,0.11961722946166986
2023,0.5964597463607788,0.3873333333333333,1.0,0.19291949272155762,True,0.0,0.2091264130274455
2023,0.5505262613296509,0.9953333333333333,0.0,0.10105252265930176,True,1.0,0.4448070720036824
2023,0.5582500696182251,0.2573333333333334,1.0,0.1165001392364502,True,0.0,0.3009167362848917
2023,0.525173008441925,0.22133333333333327,1.0,0.0503460168838501,True,0.0,0.3038396751085918
2023,0.729739785194397,0.9433333333333334,1.0,0.45947957038879395,True,0.0,0.21359354813893638
2023,0.23018759489059448,0.08266666666666667,0.0,0.539624810218811,False,0.0,0.14752092822392782
2023,0.43341702222824097,0.19533333333333336,0.0,0.13316595554351807,False,0.0,0.2380836888949076
2023,0.338792085647583,0.42999999999999994,1.0,0.322415828704834,False,1.0,0.09120791435241693
2023,0.640345573425293,0.2593333333333334,0.0,0.28069114685058594,True,1.0,0.38101224009195955
2023,0.33595043420791626,0.9,0.0,0.3280991315841675,False,0.0,0.5640495657920838
2023,0.6248564124107361,0.05666666666666653,0.0,0.24971282482147217,True,1.0,0.5681897457440696
2023,0.6185433864593506,0.9506666666666667,1.0,0.23708677291870117,True,0.0,0.3321232802073161
2023,0.4849824905395508,0.033333333333333326,1.0,0.030035018920898438,False,1.0,0.45164915720621746
2023,0.7592921257019043,0.732,1.0,0.5185842514038086,True,0.0,0.027292125701904313
2023,0.24912399053573608,0.4793333333333334,0.0,0.5017520189285278,False,0.0,0.2302093427975973
2023,0.4701122045516968,0.6346666666666667,1.0,0.059775590896606445,False,1.0,0.16455446211496993
2023,0.603888750076294,0.4086666666666666,1.0,0.2077775001525879,True,0.0,0.19522208340962732
2023,0.6835242509841919,0.2853333333333333,0.0,0.3670485019683838,True,1.0,0.39819091765085857
2023,0.5822075605392456,0.7233333333333334,0.0,0.1644151210784912,True,1.0,0.14112577279408778
2023,0.4274338483810425,0.22733333333333328,0.0,0.14513230323791504,False,0.0,0.2001005150477092
2023,0.28411710262298584,0.7133333333333334,0.0,0.4317657947540283,False,0.0,0.42921623071034753
2023,0.47510266304016113,0.8506666666666667,0.0,0.049794673919677734,False,0.0,0.37556400362650555
2023,0.5712056756019592,0.2346666666666667,1.0,0.14241135120391846,True,0.0,0.33653900893529254
2023,0.4598066210746765,0.1373333333333333,0.0,0.08038675785064697,False,0.0,0.3224732877413432
2023,0.3911617398262024,0.2593333333333333,1.0,0.21767652034759521,False,1.0,0.1318284064928691
2023,0.31977903842926025,0.19666666666666666,0.0,0.3604419231414795,False,0.0,0.1231123717625936
2023,0.44723254442214966,0.29999999999999993,0.0,0.10553491115570068,False,0.0,0.14723254442214972
2023,0.4627991318702698,0.5646666666666667,0.0,0.07440173625946045,False,0.0,0.10186753479639687
2023,0.8627034425735474,0.862,1.0,0.7254068851470947,True,0.0,0.0007034425735473748
2023,0.36812859773635864,0.1213333333333334,0.0,0.2637428045272827,False,0.0,0.24679526440302524
2023,0.7064505219459534,0.41400000000000003,0.0,0.41290104389190674,True,1.0,0.29245052194595333
2023,0.627544641494751,0.16800000000000004,0.0,0.25508928298950195,True,1.0,0.45954464149475094
2023,0.3770303726196289,0.856,1.0,0.2459392547607422,False,1.0,0.4789696273803711
2023,0.4692367911338806,0.43999999999999995,1.0,0.06152641773223877,False,1.0,0.02923679113388067
2023,0.5182887315750122,0.268,1.0,0.036577463150024414,True,0.0,0.2502887315750122
2023,0.8626241087913513,0.56,1.0,0.7252482175827026,True,0.0,0.30262410879135127
2023,0.5178569555282593,0.17066666666666663,0.0,0.035713911056518555,True,1.0,0.34719028886159264
2023,0.7092393636703491,0.06599999999999995,0.0,0.41847872734069824,True,1.0,0.6432393636703492
2023,0.5276603698730469,0.17733333333333334,0.0,0.05532073974609375,True,1.0,0.35032703653971353
2023,0.6042386293411255,0.22199999999999998,0.0,0.20847725868225098,True,1.0,0.3822386293411255
2023,0.5322227478027344,0.9466666666666667,0.0,0.06444549560546875,True,1.0,0.4144439188639323
2023,0.32446151971817017,0.73,0.0,0.35107696056365967,False,0.0,0.4055384802818298
2023,0.8366363644599915,0.8273333333333334,1.0,0.6732727289199829,True,0.0,0.00930303112665809
2023,0.7426725625991821,0.66,0.0,0.48534512519836426,True,1.0,0.0826725625991821
2023,0.414287269115448,0.33999999999999997,1.0,0.171425461769104,False,1.0,0.07428726911544803
2023,0.5806781053543091,0.5293333333333333,0.0,0.16135621070861816,True,1.0,0.05134477202097576
2023,0.3005160689353943,0.06066666666666676,1.0,0.3989678621292114,False,1.0,0.23984940226872753
2023,0.3631899952888489,0.5193333333333333,0.0,0.27362000942230225,False,0.0,0.15614333804448444
2023,0.5088123083114624,0.3406666666666667,0.0,0.017624616622924805,True,1.0,0.16814564164479573
2023,0.4433962106704712,0.608,0.0,0.11320757865905762,False,0.0,0.1646037893295288
2023,0.5064891576766968,0.053333333333333344,0.0,0.012978315353393555,True,1.0,0.45315582434336343
2023,0.6145470142364502,0.20599999999999996,0.0,0.2290940284729004,True,1.0,0.40854701423645023
2023,0.8747414350509644,0.99,1.0,0.7494828701019287,True,0.0,0.11525856494903564
2023,0.7928788065910339,0.6833333333333333,0.0,0.5857576131820679,True,1.0,0.10954547325770059
2023,0.7816048860549927,0.18666666666666665,1.0,0.5632097721099854,True,0.0,0.594938219388326
2023,0.5192008018493652,0.2846666666666666,1.0,0.03840160369873047,True,0.0,0.2345341351826986
2023,0.6256088018417358,0.15400000000000003,1.0,0.2512176036834717,True,0.0,0.4716088018417358
2023,0.6954519748687744,0.046666666666666745,1.0,0.39090394973754883,True,0.0,0.6487853082021077
2023,0.5729564428329468,0.718,1.0,0.14591288566589355,True,0.0,0.1450435571670532
2023,0.5655089616775513,0.41266666666666674,0.0,0.13101792335510254,True,1.0,0.15284229501088453
2023,0.7542649507522583,0.029333333333333322,0.0,0.5085299015045166,True,1.0,0.724931617418925
2023,0.587921142578125,0.95,1.0,0.17584228515625,True,0.0,0.36207885742187496
2023,0.47368234395980835,0.04466666666666663,0.0,0.0526353120803833,False,0.0,0.4290156772931417
2023,0.6294331550598145,0.05066666666666664,0.0,0.2588663101196289,True,1.0,0.5787664883931478
2023,0.45160984992980957,0.19066666666666665,0.0,0.09678030014038086,False,0.0,0.2609431832631429
2023,0.47823864221572876,0.406,1.0,0.04352271556854248,False,1.0,0.07223864221572873
2023,0.5450754165649414,0.008666666666666711,0.0,0.09015083312988281,True,1.0,0.5364087498982747
2023,0.6423438787460327,0.9833333333333333,0.0,0.28468775749206543,True,1.0,0.34098945458730057
2023,0.42001092433929443,0.1266666666666667,0.0,0.15997815132141113,False,0.0,0.29334425767262773
2023,0.7823338508605957,0.10200000000000009,0.0,0.5646677017211914,True,1.0,0.6803338508605956
2023,0.7229911088943481,0.16133333333333344,0.0,0.4459822177886963,True,1.0,0.5616577755610147
2023,0.277968168258667,0.2260000000000001,0.0,0.444063663482666,False,0.0,0.0519681682586669
2023,0.4324154257774353,0.5266666666666666,0.0,0.1351691484451294,False,0.0,0.09425124088923131
2023,0.5669269561767578,0.2513333333333334,0.0,0.13385391235351562,True,1.0,0.3155936228434244
2023,0.7540701031684875,0.9093333333333333,1.0,0.5081402063369751,True,0.0,0.15526323016484578
2023,0.5913602709770203,0.42666666666666664,1.0,0.18272054195404053,True,0.0,0.16469360431035363
2023,0.6240119934082031,0.3560000000000001,0.0,0.24802398681640625,True,1.0,0.26801199340820303
2023,0.5502246618270874,0.732,1.0,0.1004493236541748,True,0.0,0.18177533817291258
2023,0.7644364833831787,0.858,1.0,0.5288729667663574,True,0.0,0.09356351661682127
2023,0.3390800356864929,0.05466666666666664,0.0,0.32183992862701416,False,0.0,0.2844133690198263
2023,0.7910402417182922,0.4713333333333334,1.0,0.5820804834365845,True,0.0,0.31970690838495885
2023,0.8657203912734985,0.8033333333333333,1.0,0.7314407825469971,True,0.0,0.06238705794016519
2023,0.6734308004379272,0.3693333333333334,0.0,0.3468616008758545,True,1.0,0.30409746710459384
2023,0.35862165689468384,0.256,1.0,0.2827566862106323,False,1.0,0.10262165689468383
2023,0.6102770566940308,0.20799999999999996,1.0,0.22055411338806152,True,0.0,0.4022770566940308
2023,0.5244195461273193,0.9933333333333333,1.0,0.04883909225463867,True,0.0,0.46891378720601395
2023,0.7160854935646057,0.05733333333333335,1.0,0.4321709871292114,True,0.0,0.6587521602312724
2023,0.5632929801940918,0.28200000000000003,0.0,0.1265859603881836,True,1.0,0.28129298019409177
2023,0.5310682058334351,0.398,1.0,0.06213641166687012,True,0.0,0.13306820583343504
2023,0.5233396291732788,0.474,0.0,0.04667925834655762,True,1.0,0.04933962917327883
2023,0.5500010251998901,0.7053333333333334,0.0,0.10000205039978027,True,1.0,0.15533230813344323
2023,0.5509999394416809,0.3893333333333334,1.0,0.10199987888336182,True,0.0,0.1616666061083475
2023,0.47275012731552124,0.06733333333333336,0.0,0.05449974536895752,False,0.0,0.4054167939821879
2023,0.6431543827056885,0.5866666666666667,0.0,0.28630876541137695,True,1.0,0.05648771603902181
2023,0.503555417060852,0.29933333333333334,0.0,0.0071108341217041016,True,1.0,0.2042220837275187
2023,0.5833940505981445,0.74,0.0,0.16678810119628906,True,1.0,0.15660594940185546
2023,0.6844079494476318,0.06666666666666665,1.0,0.36881589889526367,True,0.0,0.6177412827809652
2023,0.43083637952804565,0.5533333333333332,1.0,0.1383272409439087,False,1.0,0.12249695380528758
2023,0.5730361342430115,0.1306666666666666,0.0,0.14607226848602295,True,1.0,0.4423694675763449
2023,0.7623512744903564,0.9966666666666667,1.0,0.5247025489807129,True,0.0,0.23431539217631026
2023,0.5159403085708618,0.23266666666666658,0.0,0.03188061714172363,True,1.0,0.28327364190419524
2023,0.791890561580658,0.7033333333333334,0.0,0.5837811231613159,True,1.0,0.0885572282473246
2023,0.6942577362060547,0.5673333333333334,0.0,0.3885154724121094,True,1.0,0.12692440287272133
2023,0.39965981245040894,0.238,1.0,0.20068037509918213,False,1.0,0.16165981245040895
2023,0.562771201133728,0.534,1.0,0.12554240226745605,True,0.0,0.028771201133727997
2023,0.3279615044593811,0.026666666666666616,0.0,0.3440769910812378,False,0.0,0.3012948377927145
2023,0.5706939697265625,0.48,0.0,0.141387939453125,True,1.0,0.09069396972656252
2023,0.30978405475616455,0.048666666666666636,0.0,0.3804318904876709,False,0.0,0.2611173880894979
2023,0.5327869653701782,0.3786666666666667,0.0,0.06557393074035645,True,1.0,0.15412029870351152
2023,0.5700868368148804,0.18599999999999994,1.0,0.14017367362976074,True,0.0,0.38408683681488043
2023,0.29885900020599365,0.32600000000000007,0.0,0.4022819995880127,False,0.0,0.027140999794006415
2023,0.42641597986221313,0.522,0.0,0.14716804027557373,False,0.0,0.09558402013778688
2023,0.7167485952377319,0.7386666666666666,0.0,0.43349719047546387,True,1.0,0.02191807142893465
2023,0.7041734457015991,0.06733333333333347,1.0,0.40834689140319824,True,0.0,0.6368401123682657
2023,0.6743824481964111,0.11266666666666669,1.0,0.34876489639282227,True,0.0,0.5617157815297444
2023,0.6109498739242554,0.1253333333333333,0.0,0.22189974784851074,True,1.0,0.4856165405909221
2023,0.5222095251083374,0.1406666666666666,0.0,0.044419050216674805,True,1.0,0.3815428584416708
2023,0.5985352993011475,0.4740000000000001,0.0,0.19707059860229492,True,1.0,0.12453529930114737
2023,0.38229912519454956,0.05800000000000005,0.0,0.23540174961090088,False,0.0,0.3242991251945495
2023,0.8159264326095581,0.9746666666666667,0.0,0.6318528652191162,True,1.0,0.15874023405710858
2023,0.6700468063354492,0.7346666666666667,1.0,0.34009361267089844,True,0.0,0.06461986033121747
2023,0.33774155378341675,0.17533333333333345,0.0,0.3245168924331665,False,0.0,0.1624082204500833
2023,0.5911769270896912,0.21266666666666667,1.0,0.18235385417938232,True,0.0,0.3785102604230245
2023,0.7256054878234863,0.9253333333333333,1.0,0.45121097564697266,True,0.0,0.199727845509847
2023,0.25332707166671753,0.372,1.0,0.49334585666656494,False,1.0,0.11867292833328247
2023,0.455594539642334,0.7646666666666666,1.0,0.08881092071533203,False,1.0,0.3090721270243326
2023,0.3950696587562561,0.06333333333333324,1.0,0.2098606824874878,False,1.0,0.33173632542292286
2023,0.49833250045776367,0.2493333333333333,0.0,0.0033349990844726562,False,0.0,0.24899916712443038
2023,0.6179256439208984,0.844,1.0,0.23585128784179688,True,0.0,0.22607435607910153
2023,0.7385436296463013,0.72,1.0,0.47708725929260254,True,0.0,0.018543629646301296
2023,0.3066818118095398,0.2806666666666666,0.0,0.3866363763809204,False,0.0,0.026015145142873175
2023,0.5650981068611145,0.9746666666666667,1.0,0.130196213722229,True,0.0,0.4095685598055522
2023,0.8285540342330933,0.5033333333333333,1.0,0.6571080684661865,True,0.0,0.32522070089975996
2023,0.6631909608840942,0.5353333333333333,0.0,0.3263819217681885,True,1.0,0.1278576275507609
2023,0.43838685750961304,0.046666666666666634,1.0,0.12322628498077393,False,1.0,0.3917201908429464
2023,0.7104595303535461,0.022666666666666613,1.0,0.4209190607070923,True,0.0,0.6877928636868795
2023,0.37461286783218384,0.03399999999999992,0.0,0.2507742643356323,False,0.0,0.3406128678321839
2023,0.7300441861152649,0.4726666666666667,1.0,0.4600883722305298,True,0.0,0.2573775194485982
2023,0.520636796951294,0.2659999999999999,0.0,0.04127359390258789,True,1.0,0.25463679695129404
2023,0.5651721954345703,0.33533333333333337,1.0,0.13034439086914062,True,0.0,0.22983886210123694
2023,0.190643310546875,0.542,1.0,0.61871337890625,False,1.0,0.35135668945312504
2023,0.5026310682296753,0.16333333333333333,0.0,0.005262136459350586,True,1.0,0.33929773489634196
2023,0.5346491932868958,0.3553333333333333,1.0,0.0692983865737915,True,0.0,0.17931585995356247
2023,0.5470910668373108,0.6839999999999999,1.0,0.09418213367462158,True,0.0,0.13690893316268915
2023,0.27448564767837524,0.45199999999999996,0.0,0.4510287046432495,False,0.0,0.1775143523216247
2023,0.23123937845230103,0.07399999999999995,1.0,0.537521243095398,False,1.0,0.15723937845230107
2023,0.6833048462867737,0.31600000000000006,0.0,0.36660969257354736,True,1.0,0.3673048462867736
2023,0.5209896564483643,0.45733333333333326,1.0,0.041979312896728516,True,0.0,0.063656323115031
2023,0.6684135794639587,0.41466666666666674,1.0,0.3368271589279175,True,0.0,0.253746912797292
2023,0.40966731309890747,0.274,1.0,0.18066537380218506,False,1.0,0.13566731309890745
2023,0.370202898979187,0.744,0.0,0.259594202041626,False,0.0,0.373797101020813
2023,0.6190786361694336,0.43866666666666676,1.0,0.2381572723388672,True,0.0,0.18041196950276683
2023,0.4781395196914673,0.512,0.0,0.04372096061706543,False,0.0,0.033860480308532726
2023,0.32605743408203125,0.568,0.0,0.3478851318359375,False,0.0,0.2419425659179687
2023,0.21784436702728271,0.15466666666666662,0.0,0.5643112659454346,False,0.0,0.0631777003606161
2023,0.5737799406051636,0.30133333333333345,1.0,0.14755988121032715,True,0.0,0.2724466072718301
2023,0.42219245433807373,0.2599999999999999,0.0,0.15561509132385254,False,0.0,0.16219245433807383
2023,0.6244493126869202,0.18000000000000005,1.0,0.24889862537384033,True,0.0,0.4444493126869201
2023,0.5599085688591003,0.39,0.0,0.11981713771820068,True,1.0,0.16990856885910033
2023,0.5602999925613403,0.6066666666666667,0.0,0.12059998512268066,True,1.0,0.046366674105326355
2023,0.34449946880340576,0.04933333333333334,0.0,0.3110010623931885,False,0.0,0.2951661354700724
2023,0.17340731620788574,0.06400000000000006,0.0,0.6531853675842285,False,0.0,0.10940731620788569
2023,0.12567561864852905,0.11999999999999988,0.0,0.7486487627029419,False,0.0,0.005675618648529168
2023,0.5783438682556152,0.046666666666666745,1.0,0.15668773651123047,True,0.0,0.5316772015889485
2023,0.4799513816833496,0.2686666666666667,1.0,0.04009723663330078,False,1.0,0.2112847150166829
2023,0.727631688117981,0.033333333333333326,0.0,0.4552633762359619,True,1.0,0.6942983547846476
2023,0.3282676935195923,0.7913333333333333,1.0,0.34346461296081543,False,1.0,0.46306563981374105
2023,0.741325318813324,0.5513333333333332,0.0,0.48265063762664795,True,1.0,0.18999198547999074
2023,0.598126232624054,0.3626666666666667,1.0,0.1962524652481079,True,0.0,0.23545956595738726
2023,0.6664226055145264,0.8006666666666666,1.0,0.33284521102905273,True,0.0,0.13424406115214027
2023,0.5599578022956848,0.3859999999999999,1.0,0.11991560459136963,True,0.0,0.17395780229568492
2023,0.6857303380966187,0.1446666666666666,0.0,0.3714606761932373,True,1.0,0.541063671429952
2023,0.3381989598274231,0.11066666666666669,0.0,0.3236020803451538,False,0.0,0.2275322931607564
2023,0.4768085479736328,0.30666666666666664,1.0,0.046382904052734375,False,1.0,0.17014188130696617
2023,0.8960450887680054,0.9866666666666667,0.0,0.7920901775360107,True,1.0,0.09062157789866132
2023,0.4735945463180542,0.09999999999999998,0.0,0.0528109073638916,False,0.0,0.3735945463180542
2023,0.5950675010681152,0.3726666666666666,0.0,0.19013500213623047,True,1.0,0.22240083440144864
2023,0.7576853632926941,0.6466666666666667,0.0,0.5153707265853882,True,1.0,0.11101869662602737
2023,0.6856783628463745,0.4893333333333334,1.0,0.371356725692749,True,0.0,0.1963450295130411
2023,0.7151486873626709,0.5586666666666666,1.0,0.4302973747253418,True,0.0,0.15648202069600425
2023,0.287281334400177,0.4846666666666667,0.0,0.425437331199646,False,0.0,0.1973853322664897
2023,0.6281098127365112,0.9373333333333334,1.0,0.25621962547302246,True,0.0,0.3092235205968221
2023,0.43267494440078735,0.04733333333333323,1.0,0.1346501111984253,False,1.0,0.3853416110674541
2023,0.5200954675674438,0.5113333333333334,0.0,0.040190935134887695,True,1.0,0.00876213423411043
2023,0.23345577716827393,0.242,0.0,0.5330884456634521,False,0.0,0.008544222831726067
2023,0.4221881628036499,0.1246666666666667,1.0,0.1556236743927002,False,1.0,0.2975214961369832
2023,0.6812430620193481,0.7426666666666667,1.0,0.3624861240386963,True,0.0,0.06142360464731855
2023,0.6268365383148193,0.502,1.0,0.25367307662963867,True,0.0,0.12483653831481933
2023,0.4970582127571106,0.5313333333333333,1.0,0.005883574485778809,False,1.0,0.03427512057622273
2023,0.6104297637939453,0.44733333333333336,1.0,0.22085952758789062,True,0.0,0.16309643046061195
2023,0.6978098154067993,0.04600000000000004,1.0,0.39561963081359863,True,0.0,0.6518098154067993
2023,0.3551538586616516,0.4700000000000001,1.0,0.2896922826766968,False,1.0,0.11484614133834847
2023,0.8630738258361816,0.9566666666666667,1.0,0.7261476516723633,True,0.0,0.09359284083048502
2023,0.7427768111228943,0.31733333333333336,0.0,0.4855536222457886,True,1.0,0.42544347778956093
2023,0.4774632453918457,0.1146666666666667,1.0,0.045073509216308594,False,1.0,0.362796578725179
2023,0.7103086709976196,0.4726666666666667,1.0,0.42061734199523926,True,0.0,0.23764200433095295
2023,0.8276453018188477,0.3666666666666667,1.0,0.6552906036376953,True,0.0,0.46097863515218096
2023,0.3413214683532715,0.03733333333333333,0.0,0.31735706329345703,False,0.0,0.30398813501993815
2023,0.3257947564125061,0.43866666666666665,1.0,0.3484104871749878,False,1.0,0.11287191025416055
2023,0.22191810607910156,0.08733333333333326,1.0,0.5561637878417969,False,1.0,0.1345847727457683
2023,0.6862882375717163,0.6913333333333334,1.0,0.3725764751434326,True,0.0,0.005045095761617047
2023,0.3103148341178894,0.31999999999999995,0.0,0.3793703317642212,False,0.0,0.009685165882110547
2023,0.49612748622894287,0.254,1.0,0.007745027542114258,False,1.0,0.24212748622894287
2023,0.5191076993942261,0.2913333333333332,1.0,0.03821539878845215,True,0.0,0.22777436606089285
2023,0.7721290588378906,0.5093333333333333,0.0,0.5442581176757812,True,1.0,0.2627957255045573
2023,0.6731196641921997,0.706,1.0,0.3462393283843994,True,0.0,0.032880335807800254
2023,0.4042209982872009,0.498,0.0,0.19155800342559814,False,0.0,0.09377900171279907
2023,0.746133029460907,0.45733333333333337,1.0,0.49226605892181396,True,0.0,0.2887996961275736
2023,0.43062877655029297,0.33266666666666667,0.0,0.13874244689941406,False,0.0,0.0979621098836263
2023,0.25174784660339355,0.4813333333333334,1.0,0.4965043067932129,False,1.0,0.22958548672993984
2023,0.6866810321807861,0.76,1.0,0.37336206436157227,True,0.0,0.07331896781921388
2023,0.7183743715286255,0.914,1.0,0.436748743057251,True,0.0,0.19562562847137455
2023,0.6688286066055298,0.18933333333333335,1.0,0.33765721321105957,True,0.0,0.47949527327219643
2023,0.6534613966941833,0.274,0.0,0.3069227933883667,True,1.0,0.37946139669418333
2023,0.5743619799613953,0.8846666666666667,0.0,0.14872395992279053,True,1.0,0.31030468670527145
2023,0.6446744203567505,0.2626666666666666,1.0,0.289348840713501,True,0.0,0.3820077536900839
2023,0.7647949457168579,0.6566666666666667,1.0,0.5295898914337158,True,0.0,0.10812827905019118
2023,0.46002691984176636,0.4106666666666666,1.0,0.07994616031646729,False,1.0,0.04936025317509973
2023,0.5516436696052551,0.7433333333333334,0.0,0.10328733921051025,True,1.0,0.19168966372807827
2023,0.702095627784729,0.534,1.0,0.404191255569458,True,0.0,0.16809562778472897
2023,0.3123719096183777,0.1359999999999999,0.0,0.37525618076324463,False,0.0,0.1763719096183778
2023,0.7265878319740295,0.5006666666666666,0.0,0.4531756639480591,True,1.0,0.22592116530736295
2023,0.7648974657058716,0.984,0.0,0.5297949314117432,True,1.0,0.2191025342941284
2023,0.5539353489875793,0.20133333333333325,0.0,0.10787069797515869,True,1.0,0.3526020156542461
2023,0.608169674873352,0.3466666666666667,1.0,0.2163393497467041,True,0.0,0.2615030082066854
2023,0.4454672336578369,0.5339999999999999,1.0,0.10906553268432617,False,1.0,0.088532766342163
2024,0.3270372748374939,0.42533333333333323,0.0,0.3459254503250122,False,0.0,0.09829605849583933
2024,0.6089012622833252,0.9946666666666667,1.0,0.2178025245666504,True,0.0,0.3857654043833415
2024,0.49065130949020386,0.7826666666666666,0.0,0.018697381019592285,False,0.0,0.29201535717646276
2024,0.3486800193786621,0.512,0.0,0.3026399612426758,False,0.0,0.1633199806213379
2024,0.5299261808395386,0.472,1.0,0.05985236167907715,True,0.0,0.0579261808395386
2024,0.41629767417907715,0.28600000000000003,0.0,0.1674046516418457,False,0.0,0.13029767417907712
2024,0.4777815341949463,0.14600000000000002,0.0,0.04443693161010742,False,0.0,0.33178153419494627
2024,0.6801760792732239,0.7586666666666667,1.0,0.36035215854644775,True,0.0,0.07849058739344283
2024,0.565282940864563,0.29400000000000004,1.0,0.13056588172912598,True,0.0,0.27128294086456295
2024,0.655703067779541,0.9246666666666666,1.0,0.31140613555908203,True,0.0,0.2689635988871256
2024,0.5966429710388184,0.8206666666666667,1.0,0.19328594207763672,True,0.0,0.2240236956278483
2024,0.5545269250869751,0.07200000000000006,0.0,0.1090538501739502,True,1.0,0.48252692508697503
2024,0.4345942735671997,0.44533333333333336,0.0,0.13081145286560059,False,0.0,0.010739059766133652
2024,0.18355131149291992,0.04400000000000004,0.0,0.6328973770141602,False,0.0,0.13955131149291988
2024,0.6197818517684937,0.5026666666666667,0.0,0.2395637035369873,True,1.0,0.11711518510182695
2024,0.6885006427764893,0.05800000000000005,1.0,0.3770012855529785,True,0.0,0.6305006427764892
2024,0.4917304515838623,0.06399999999999995,1.0,0.01653909683227539,False,1.0,0.42773045158386236
2024,0.36595141887664795,0.04733333333333334,0.0,0.2680971622467041,False,0.0,0.3186180855433146
2024,0.5256855487823486,0.512,1.0,0.051371097564697266,True,0.0,0.013685548782348622
2024,0.7556291818618774,0.06133333333333335,0.0,0.5112583637237549,True,1.0,0.6942958485285441
2024,0.22332638502120972,0.07799999999999996,0.0,0.5533472299575806,False,0.0,0.14532638502120976
2024,0.7854447960853577,0.7593333333333333,0.0,0.5708895921707153,True,1.0,0.02611146275202436
2024,0.5266746878623962,0.5559999999999999,1.0,0.05334937572479248,True,0.0,0.0293253121376037
2024,0.6832547187805176,0.7133333333333333,0.0,0.36650943756103516,True,1.0,0.030078614552815686
2024,0.30417782068252563,0.3520000000000001,0.0,0.39164435863494873,False,0.0,0.047822179317474456
2024,0.7515180706977844,0.802,0.0,0.5030361413955688,True,1.0,0.05048192930221562
2024,0.3611619472503662,0.246,1.0,0.2776761054992676,False,1.0,0.11516194725036621
2024,0.7625240087509155,0.8646666666666667,1.0,0.525048017501831,True,0.0,0.10214265791575117
2024,0.7302807569503784,0.19799999999999995,1.0,0.46056151390075684,True,0.0,0.5322807569503785
2024,0.3427307605743408,0.04400000000000004,0.0,0.31453847885131836,False,0.0,0.2987307605743408
2024,0.145954430103302,0.08000000000000007,0.0,0.708091139793396,False,0.0,0.06595443010330193
2024,0.30809342861175537,0.24066666666666658,0.0,0.38381314277648926,False,0.0,0.06742676194508879
2024,0.5136594772338867,0.7826666666666666,0.0,0.027318954467773438,True,1.0,0.2690071894327799
2024,0.8130736947059631,0.43733333333333335,1.0,0.6261473894119263,True,0.0,0.3757403613726298
2024,0.5855528712272644,0.4886666666666667,0.0,0.1711057424545288,True,1.0,0.09688620456059771
2024,0.5763685703277588,0.2919999999999999,0.0,0.15273714065551758,True,1.0,0.28436857032775886
2024,0.6226816773414612,0.10333333333333328,0.0,0.24536335468292236,True,1.0,0.5193483440081279
2024,0.631030797958374,0.738,0.0,0.26206159591674805,True,1.0,0.10696920204162597
2024,0.41778016090393066,0.15000000000000002,0.0,0.16443967819213867,False,0.0,0.26778016090393064
2024,0.7464596033096313,0.6126666666666667,0.0,0.4929192066192627,True,1.0,0.13379293664296465
2024,0.49174511432647705,0.043333333333333446,1.0,0.0165097713470459,False,1.0,0.4484117809931436
2024,0.6893757581710815,0.4013333333333333,1.0,0.3787515163421631,True,0.0,0.2880424248377482
2024,0.7414816617965698,0.8726666666666667,1.0,0.48296332359313965,True,0.0,0.13118500487009688
2024,0.41338998079299927,0.6020000000000001,1.0,0.17322003841400146,False,1.0,0.18861001920700082
2024,0.6618548631668091,0.8993333333333333,0.0,0.32370972633361816,True,1.0,0.23747847016652424
2024,0.28791260719299316,0.09199999999999986,0.0,0.42417478561401367,False,0.0,0.1959126071929933
2024,0.7392808198928833,0.9933333333333333,1.0,0.4785616397857666,True,0.0,0.25405251344045
2024,0.5923328399658203,0.7373333333333334,0.0,0.18466567993164062,True,1.0,0.14500049336751308
2024,0.6387736797332764,0.514,1.0,0.27754735946655273,True,0.0,0.12477367973327635
2024,0.686366617679596,0.7586666666666667,0.0,0.3727332353591919,True,1.0,0.07230004898707076
2024,0.7468103170394897,0.3593333333333333,1.0,0.4936206340789795,True,0.0,0.38747698370615646
2024,0.2176327109336853,0.19666666666666666,0.0,0.5647345781326294,False,0.0,0.020966044267018646
2024,0.3480393886566162,0.14600000000000002,0.0,0.3039212226867676,False,0.0,0.2020393886566162
2024,0.25739842653274536,0.30799999999999994,0.0,0.4852031469345093,False,0.0,0.05060157346725458
2024,0.5779513120651245,0.3766666666666666,0.0,0.15590262413024902,True,1.0,0.20128464539845792
2024,0.5022075176239014,0.5506666666666666,1.0,0.004415035247802734,True,0.0,0.04845914904276527
2024,0.42218083143234253,0.7566666666666666,0.0,0.15563833713531494,False,0.0,0.33448583523432407
2024,0.5888946056365967,0.5066666666666666,0.0,0.17778921127319336,True,1.0,0.08222793896993008
2024,0.12112075090408325,0.08733333333333337,0.0,0.7577584981918335,False,0.0,0.03378741757074988
2024,0.7803438901901245,0.6806666666666666,1.0,0.560687780380249,True,0.0,0.09967722352345787
2024,0.6888077259063721,0.278,0.0,0.37761545181274414,True,1.0,0.41080772590637205
2024,0.6076464653015137,0.9166666666666666,1.0,0.21529293060302734,True,0.0,0.30902020136515296
2024,0.4324101209640503,0.07133333333333325,0.0,0.13517975807189941,False,0.0,0.36107678763071704
2024,0.45356476306915283,0.05466666666666675,1.0,0.09287047386169434,False,1.0,0.3988980964024861
2024,0.6823468208312988,0.796,1.0,0.36469364166259766,True,0.0,0.11365317916870121
2024,0.6110497713088989,0.9319999999999999,1.0,0.22209954261779785,True,0.0,0.320950228691101
2024,0.7262171506881714,0.71,0.0,0.4524343013763428,True,1.0,0.016217150688171422
2024,0.34722185134887695,0.2606666666666667,1.0,0.3055562973022461,False,1.0,0.08655518468221024
2024,0.44527655839920044,0.2746666666666666,1.0,0.10944688320159912,False,1.0,0.17060989173253382
2024,0.8483054041862488,0.4006666666666666,1.0,0.6966108083724976,True,0.0,0.44763873751958216
2024,0.6128179430961609,0.7953333333333333,0.0,0.22563588619232178,True,1.0,0.18251539023717245
2024,0.6773151159286499,0.862,1.0,0.3546302318572998,True,0.0,0.18468488407135009
2024,0.5284085273742676,0.11399999999999999,1.0,0.056817054748535156,True,0.0,0.4144085273742676
2024,0.548418402671814,0.2606666666666666,0.0,0.09683680534362793,True,1.0,0.28775173600514736
2024,0.5440834760665894,0.041333333333333444,1.0,0.08816695213317871,True,0.0,0.5027501427332559
2024,0.7241092920303345,0.5733333333333334,0.0,0.44821858406066895,True,1.0,0.1507759586970011
2024,0.5253431797027588,0.6693333333333333,0.0,0.05068635940551758,True,1.0,0.14399015363057455
2024,0.6068702936172485,0.040000000000000036,1.0,0.21374058723449707,True,0.0,0.5668702936172485
2024,0.558420717716217,0.7953333333333333,1.0,0.11684143543243408,True,0.0,0.2369126156171163
2024,0.5808013677597046,0.6046666666666667,1.0,0.16160273551940918,True,0.0,0.023865298906962096
2024,0.28370344638824463,0.2826666666666666,0.0,0.43259310722351074,False,0.0,0.0010367797215780072
2024,0.6559387445449829,0.3813333333333333,1.0,0.3118774890899658,True,0.0,0.2746054112116496
2024,0.8180450797080994,0.812,0.0,0.6360901594161987,True,1.0,0.00604507970809931
2024,0.717143177986145,0.7366666666666666,1.0,0.43428635597229004,True,0.0,0.01952348868052156
2024,0.44604408740997314,0.8059999999999999,1.0,0.10791182518005371,False,1.0,0.3599559125900268
2024,0.6593273878097534,0.5826666666666667,0.0,0.31865477561950684,True,1.0,0.07666072114308675
2024,0.6852492690086365,0.502,1.0,0.37049853801727295,True,0.0,0.18324926900863647
2024,0.8737533092498779,0.5693333333333334,0.0,0.7475066184997559,True,1.0,0.30441997591654457
2024,0.43156832456588745,0.21399999999999997,0.0,0.1368633508682251,False,0.0,0.21756832456588748
2024,0.42390376329421997,0.04600000000000004,1.0,0.15219247341156006,False,1.0,0.37790376329421993
2024,0.4218289256095886,0.32599999999999996,0.0,0.15634214878082275,False,0.0,0.09582892560958867
2024,0.4352198839187622,0.548,1.0,0.12956023216247559,False,1.0,0.11278011608123784
2024,0.5802617073059082,0.238,0.0,0.1605234146118164,True,1.0,0.3422617073059082
2024,0.593100905418396,0.5940000000000001,1.0,0.186201810836792,True,0.0,0.0008990945816040874
2024,0.8773999810218811,0.5586666666666666,1.0,0.7547999620437622,True,0.0,0.31873331435521446
2024,0.4419989585876465,0.382,0.0,0.11600208282470703,False,0.0,0.05999895858764648
2024,0.7956721186637878,0.7673333333333333,0.0,0.5913442373275757,True,1.0,0.02833878533045453
2024,0.5881990194320679,0.20933333333333326,0.0,0.17639803886413574,True,1.0,0.3788656860987346
2024,0.7545179724693298,0.5813333333333333,1.0,0.5090359449386597,True,0.0,0.17318463913599658
2024,0.6329238414764404,0.8446666666666667,1.0,0.26584768295288086,True,0.0,0.21174282519022625
2024,0.7151502370834351,0.87,1.0,0.4303004741668701,True,0.0,0.15484976291656494
2024,0.8548892140388489,0.9893333333333333,1.0,0.7097784280776978,True,0.0,0.1344441192944844
2024,0.5129386186599731,0.21066666666666656,0.0,0.02587723731994629,True,1.0,0.3022719519933066
2024,0.8628637194633484,0.9706666666666667,1.0,0.7257274389266968,True,0.0,0.10780294720331829
2024,0.7794922590255737,0.9286666666666666,1.0,0.5589845180511475,True,0.0,0.1491744076410929
2024,0.5302277207374573,0.30933333333333324,0.0,0.06045544147491455,True,1.0,0.22089438740412404
2024,0.7860122919082642,0.3453333333333334,1.0,0.5720245838165283,True,0.0,0.4406789585749308
2024,0.31006622314453125,0.038000000000000034,0.0,0.3798675537109375,False,0.0,0.2720662231445312
2024,0.3413392901420593,0.3613333333333333,1.0,0.31732141971588135,False,1.0,0.019994043191273958
2024,0.6521135568618774,0.5813333333333334,0.0,0.3042271137237549,True,1.0,0.07078022352854407
2024,0.6106787323951721,0.05933333333333335,0.0,0.22135746479034424,True,1.0,0.5513453990618388
2024,0.6905702352523804,0.1413333333333332,1.0,0.38114047050476074,True,0.0,0.5492369019190472
2024,0.7362174987792969,0.9846666666666667,0.0,0.47243499755859375,True,1.0,0.24844916788736982
2024,0.5731258988380432,0.0033333333333332993,0.0,0.14625179767608643,True,1.0,0.5697925655047099
2024,0.39464467763900757,0.2486666666666666,0.0,0.21071064472198486,False,0.0,0.14597801097234098
2024,0.20148426294326782,0.3533333333333334,0.0,0.5970314741134644,False,0.0,0.15184907039006557
2024,0.38572484254837036,0.2779999999999999,1.0,0.22855031490325928,False,1.0,0.10772484254837045
2024,0.6397850513458252,0.6239999999999999,1.0,0.2795701026916504,True,0.0,0.015785051345825307
2024,0.5966024398803711,0.7566666666666666,1.0,0.1932048797607422,True,0.0,0.1600642267862955
2024,0.3345004916191101,0.44399999999999995,0.0,0.3309990167617798,False,0.0,0.10949950838088984
2024,0.5449991226196289,0.07066666666666666,0.0,0.08999824523925781,True,1.0,0.47433245595296225
2024,0.5526835918426514,0.46399999999999997,0.0,0.10536718368530273,True,1.0,0.0886835918426514
2024,0.7033817768096924,0.6493333333333333,1.0,0.40676355361938477,True,0.0,0.054048443476359065
2024,0.6944248676300049,0.7533333333333334,1.0,0.38884973526000977,True,0.0,0.05890846570332853
2024,0.47661125659942627,0.79,0.0,0.04677748680114746,False,0.0,0.31338874340057377
2024,0.7643078565597534,0.17933333333333334,0.0,0.5286157131195068,True,1.0,0.5849745232264201
2024,0.2965928316116333,0.3746666666666667,0.0,0.4068143367767334,False,0.0,0.0780738350550334
2024,0.716819167137146,0.9873333333333333,0.0,0.433638334274292,True,1.0,0.2705141661961873
2024,0.7203209400177002,0.8013333333333333,1.0,0.4406418800354004,True,0.0,0.08101239331563315
2024,0.7567155957221985,0.9633333333333334,1.0,0.513431191444397,True,0.0,0.2066177376111349
2024,0.6180791854858398,0.08399999999999996,0.0,0.2361583709716797,True,1.0,0.5340791854858399
2024,0.791159451007843,0.8026666666666666,1.0,0.582318902015686,True,0.0,0.011507215658823622
2024,0.6587871313095093,0.8206666666666667,1.0,0.31757426261901855,True,0.0,0.16187953535715738
2024,0.45855945348739624,0.06933333333333336,0.0,0.08288109302520752,False,0.0,0.3892261201540629
2024,0.6907546520233154,0.7753333333333333,1.0,0.38150930404663086,True,0.0,0.08457868131001789
2024,0.16085517406463623,0.15533333333333332,0.0,0.6782896518707275,False,0.0,0.005521840731302907
2024,0.4875638484954834,0.356,0.0,0.024872303009033203,False,0.0,0.13156384849548342
2024,0.6677563190460205,0.8513333333333334,1.0,0.335512638092041,True,0.0,0.18357701428731288
2024,0.630608081817627,0.05066666666666664,0.0,0.2612161636352539,True,1.0,0.5799414151509603
2024,0.3536064028739929,0.05466666666666664,1.0,0.29278719425201416,False,1.0,0.2989397362073263
2024,0.8286316394805908,0.9866666666666667,0.0,0.6572632789611816,True,1.0,0.15803502718607587
2024,0.37832194566726685,0.4013333333333333,0.0,0.2433561086654663,False,0.0,0.023011387666066474
2024,0.20225757360458374,0.19999999999999996,0.0,0.5954848527908325,False,0.0,0.0022575736045837846
2024,0.33694177865982056,0.19799999999999995,1.0,0.3261164426803589,False,1.0,0.1389417786598206
2024,0.4837504029273987,0.35066666666666657,0.0,0.03249919414520264,False,0.0,0.1330837362607321
2024,0.546597421169281,0.031333333333333324,0.0,0.09319484233856201,True,1.0,0.5152640878359477
2024,0.5382236838340759,0.538,0.0,0.07644736766815186,True,1.0,0.00022368383407589398
2024,0.4929773211479187,0.17266666666666675,0.0,0.014045357704162598,False,0.0,0.32031065448125196
2024,0.7740452289581299,0.6606666666666666,1.0,0.5480904579162598,True,0.0,0.11337856229146326
2024,0.5880522727966309,0.41600000000000004,0.0,0.17610454559326172,True,1.0,0.17205227279663082
2024,0.7480735778808594,0.614,0.0,0.49614715576171875,True,1.0,0.13407357788085938
2024,0.7692366242408752,0.43200000000000005,1.0,0.5384732484817505,True,0.0,0.3372366242408752
2024,0.25196176767349243,0.046666666666666634,0.0,0.49607646465301514,False,0.0,0.2052951010068258
2024,0.6863431930541992,0.714,0.0,0.37268638610839844,True,1.0,0.02765680694580075
2024,0.7471144199371338,0.8626666666666667,1.0,0.4942288398742676,True,0.0,0.1155522467295329
2024,0.6640892028808594,0.65,1.0,0.32817840576171875,True,0.0,0.014089202880859353
2024,0.3259807825088501,0.1413333333333333,0.0,0.3480384349822998,False,0.0,0.1846474491755168
2024,0.29785799980163574,0.07933333333333326,0.0,0.4042840003967285,False,0.0,0.2185246664683025
2024,0.29613780975341797,0.04466666666666674,0.0,0.40772438049316406,False,0.0,0.2514711430867512
2024,0.7280004024505615,0.7573333333333333,1.0,0.45600080490112305,True,0.0,0.02933293088277178
2024,0.7499772310256958,0.8053333333333333,1.0,0.4999544620513916,True,0.0,0.055356102307637545
2024,0.4584583044052124,0.41999999999999993,0.0,0.0830833911895752,False,0.0,0.03845830440521247
2024,0.5570799708366394,0.18799999999999994,1.0,0.11415994167327881,True,0.0,0.36907997083663946
2024,0.4567145109176636,0.3733333333333333,0.0,0.08657097816467285,False,0.0,0.08338117758433028
2024,0.6564499735832214,0.9833333333333333,1.0,0.31289994716644287,True,0.0,0.32688335975011185
2024,0.7832544445991516,1.0,1.0,0.5665088891983032,True,0.0,0.2167455554008484
2024,0.4960227608680725,0.16466666666666674,1.0,0.00795447826385498,False,1.0,0.33135609420140577
2024,0.634179949760437,0.784,1.0,0.268359899520874,True,0.0,0.14982005023956302
2024,0.7821639776229858,0.18933333333333335,0.0,0.5643279552459717,True,1.0,0.5928306442896525
2024,0.7345935702323914,0.942,0.0,0.4691871404647827,True,1.0,0.2074064297676086
2024,0.3093019127845764,0.32999999999999996,0.0,0.38139617443084717,False,0.0,0.020698087215423544
2024,0.6472529172897339,0.8646666666666667,0.0,0.2945058345794678,True,1.0,0.2174137493769328
2024,0.6109998226165771,0.9766666666666667,0.0,0.2219996452331543,True,1.0,0.36566684405008953
2024,0.8035650253295898,0.992,1.0,0.6071300506591797,True,0.0,0.18843497467041015
2024,0.8088066577911377,0.8453333333333333,0.0,0.6176133155822754,True,1.0,0.036526675542195575
2024,0.7776187658309937,0.9293333333333333,1.0,0.5552375316619873,True,0.0,0.1517145675023397
2024,0.3862258195877075,0.36,0.0,0.22754836082458496,False,0.0,0.026225819587707533
2024,0.6895751953125,0.6073333333333333,0.0,0.379150390625,True,1.0,0.08224186197916672
2024,0.5097624063491821,0.42733333333333334,0.0,0.019524812698364258,True,1.0,0.08242907301584879
2024,0.6762816905975342,0.061999999999999944,0.0,0.35256338119506836,True,1.0,0.6142816905975342
2024,0.7475799322128296,0.22266666666666668,0.0,0.4951598644256592,True,1.0,0.5249132655461629
2024,0.7678952217102051,0.536,1.0,0.5357904434204102,True,0.0,0.23189522171020505
2024,0.4479983448982239,0.3713333333333333,0.0,0.10400331020355225,False,0.0,0.07666501156489058
2024,0.9203352928161621,0.736,1.0,0.8406705856323242,True,0.0,0.18433529281616212
2024,0.472933828830719,0.5713333333333332,0.0,0.05413234233856201,False,0.0,0.09839950450261425
2024,0.3548750877380371,0.6293333333333333,0.0,0.2902498245239258,False,0.0,0.2744582455952962
2024,0.8986554741859436,0.4933333333333333,1.0,0.7973109483718872,True,0.0,0.4053221408526103
2024,0.588089644908905,0.3466666666666668,0.0,0.17617928981781006,True,1.0,0.24142297824223824
2024,0.6473643779754639,0.3833333333333333,1.0,0.29472875595092773,True,0.0,0.26403104464213056
2024,0.744156002998352,0.6379999999999999,1.0,0.4883120059967041,True,0.0,0.10615600299835215
2024,0.434381902217865,0.5586666666666666,0.0,0.13123619556427002,False,0.0,0.12428476444880165
2024,0.632325291633606,0.6086666666666667,0.0,0.2646505832672119,True,1.0,0.023658624966939268
2024,0.7491545677185059,0.2553333333333333,1.0,0.4983091354370117,True,0.0,0.49382123438517256
2024,0.4733543395996094,0.09733333333333327,1.0,0.05329132080078125,False,1.0,0.3760210062662761
2024,0.282540500164032,0.3753333333333333,1.0,0.43491899967193604,False,1.0,0.09279283316930131
2024,0.7004877328872681,0.1259999999999999,1.0,0.40097546577453613,True,0.0,0.5744877328872682
2024,0.16209256649017334,0.10799999999999998,0.0,0.6758148670196533,False,0.0,0.054092566490173355
2024,0.44350552558898926,0.04933333333333334,1.0,0.11298894882202148,False,1.0,0.3941721922556559
2024,0.2943059206008911,0.2666666666666667,0.0,0.4113881587982178,False,0.0,0.027639253934224395
2024,0.43388622999191284,0.134,0.0,0.13222754001617432,False,0.0,0.29988622999191283
2024,0.34115463495254517,0.9586666666666667,0.0,0.31769073009490967,False,0.0,0.6175120317141215
2024,0.46643954515457153,0.3953333333333333,1.0,0.06712090969085693,False,1.0,0.07110621182123822
2024,0.773154616355896,0.694,1.0,0.546309232711792,True,0.0,0.07915461635589605
2024,0.7127432823181152,0.06600000000000006,1.0,0.42548656463623047,True,0.0,0.6467432823181152
2024,0.5429832935333252,0.8593333333333333,1.0,0.08596658706665039,True,0.0,0.3163500398000081
2024,0.7873764634132385,0.46199999999999997,1.0,0.574752926826477,True,0.0,0.32537646341323856
2024,0.8038800954818726,1.0,1.0,0.6077601909637451,True,0.0,0.19611990451812744
2024,0.6631999015808105,0.05266666666666664,0.0,0.3263998031616211,True,1.0,0.6105332349141439
2024,0.435644268989563,0.13,0.0,0.12871146202087402,False,0.0,0.305644268989563
2024,0.5163631439208984,0.02400000000000002,0.0,0.032726287841796875,True,1.0,0.4923631439208984
2024,0.32684528827667236,0.278,0.0,0.3463094234466553,False,0.0,0.04884528827667234
2024,0.2929084300994873,0.4646666666666667,0.0,0.4141831398010254,False,0.0,0.17175823656717937
2024,0.46086567640304565,0.602,0.0,0.07826864719390869,False,0.0,0.14113432359695433
2024,0.6567358374595642,0.3546666666666667,1.0,0.3134716749191284,True,0.0,0.3020691707928975
2024,0.8745527863502502,0.9926666666666667,1.0,0.7491055727005005,True,0.0,0.11811388031641645
2024,0.690172553062439,0.14066666666666672,0.0,0.38034510612487793,True,1.0,0.5495058863957722
2024,0.7178202867507935,0.7033333333333334,1.0,0.4356405735015869,True,0.0,0.014486953417460091
2024,0.3487966060638428,0.053333333333333344,0.0,0.30240678787231445,False,0.0,0.29546327273050943
2024,0.6573091745376587,0.6506666666666666,1.0,0.3146183490753174,True,0.0,0.006642507870992076
2024,0.8179259896278381,0.8226666666666667,0.0,0.6358519792556763,True,1.0,0.004740677038828522
2024,0.3894765377044678,0.08200000000000007,0.0,0.22104692459106445,False,0.0,0.3074765377044677
2024,0.5501140356063843,0.15933333333333322,0.0,0.10022807121276855,True,1.0,0.39078070227305106
2024,0.7204393148422241,0.8006666666666666,1.0,0.44087862968444824,True,0.0,0.08022735182444252
2024,0.5347689390182495,0.44466666666666665,0.0,0.06953787803649902,True,1.0,0.09010227235158286
2024,0.6932172179222107,0.6799999999999999,1.0,0.3864344358444214,True,0.0,0.013217217922210756
2024,0.7352813482284546,0.07599999999999985,0.0,0.4705626964569092,True,1.0,0.6592813482284547
2024,0.5092389583587646,0.029333333333333322,1.0,0.018477916717529297,True,0.0,0.4799056250254313
2024,0.33842933177948,0.44466666666666665,0.0,0.32314133644104004,False,0.0,0.10623733488718667
2024,0.5246202945709229,0.134,0.0,0.0492405891418457,True,1.0,0.39062029457092284
2024,0.4640849232673645,0.17200000000000004,0.0,0.071830153465271,False,0.0,0.29208492326736446
2024,0.45398765802383423,0.15800000000000003,1.0,0.09202468395233154,False,1.0,0.2959876580238342
2024,0.3762540817260742,0.09599999999999997,0.0,0.24749183654785156,False,0.0,0.28025408172607424
2024,0.6725940108299255,0.4806666666666667,1.0,0.3451880216598511,True,0.0,0.19192734416325885
2024,0.5963910222053528,0.704,0.0,0.19278204441070557,True,1.0,0.10760897779464718
2024,0.7200345993041992,0.16799999999999993,1.0,0.44006919860839844,True,0.0,0.5520345993041993
2024,0.7163215279579163,0.9586666666666667,0.0,0.4326430559158325,True,1.0,0.2423451387087504
2024,0.5048525333404541,0.406,1.0,0.009705066680908203,True,0.0,0.09885253334045407
2024,0.3575374484062195,0.124,1.0,0.28492510318756104,False,1.0,0.23353744840621948
2024,0.4465632438659668,0.3833333333333333,0.0,0.1068735122680664,False,0.0,0.0632299105326335
2024,0.619891881942749,0.34199999999999997,1.0,0.23978376388549805,True,0.0,0.27789188194274905
2024,0.525270938873291,0.46066666666666667,0.0,0.05054187774658203,True,1.0,0.06460427220662435
2024,0.4000217318534851,0.8566666666666667,0.0,0.19995653629302979,False,0.0,0.4566449348131816
2024,0.5600520372390747,0.052000000000000046,0.0,0.12010407447814941,True,1.0,0.5080520372390747
2024,0.27253836393356323,0.2786666666666666,1.0,0.45492327213287354,False,1.0,0.006128302733103386
2024,0.1612265706062317,0.23666666666666658,0.0,0.6775468587875366,False,0.0,0.07544009606043489
2024,0.4497675895690918,0.7046666666666667,0.0,0.1004648208618164,False,0.0,0.25489907709757487
2024,0.7602707743644714,0.6933333333333334,1.0,0.5205415487289429,True,0.0,0.06693744103113808
2024,0.25548285245895386,0.33133333333333326,0.0,0.4890342950820923,False,0.0,0.0758504808743794
2024,0.5396182537078857,0.4953333333333333,0.0,0.07923650741577148,True,1.0,0.04428492037455245
2024,0.6283068656921387,0.494,1.0,0.25661373138427734,True,0.0,0.13430686569213868
2024,0.6128250360488892,0.5386666666666666,0.0,0.22565007209777832,True,1.0,0.07415836938222253
2024,0.4153004288673401,0.23333333333333328,0.0,0.16939914226531982,False,0.0,0.1819670955340068
2024,0.7524215579032898,0.6913333333333334,1.0,0.5048431158065796,True,0.0,0.06108822456995644
2024,0.42954814434051514,0.04466666666666674,0.0,0.14090371131896973,False,0.0,0.3848814776738484
2024,0.4819931387901306,0.1366666666666666,0.0,0.03601372241973877,False,0.0,0.345326472123464
2024,0.5068578124046326,0.05133333333333334,0.0,0.013715624809265137,True,1.0,0.4555244790712992
2024,0.7698441743850708,0.6346666666666667,1.0,0.5396883487701416,True,0.0,0.1351775077184041
2024,0.5699225664138794,0.2493333333333334,1.0,0.1398451328277588,True,0.0,0.320589233080546
2024,0.5817354917526245,0.628,0.0,0.16347098350524902,True,1.0,0.04626450824737549
2024,0.5953799486160278,0.78,0.0,0.19075989723205566,True,1.0,0.1846200513839722
2024,0.21335303783416748,0.44199999999999995,0.0,0.573293924331665,False,0.0,0.22864696216583247
2024,0.6473257541656494,0.31733333333333336,0.0,0.29465150833129883,True,1.0,0.32999242083231606
2024,0.5461298823356628,0.16066666666666662,0.0,0.09225976467132568,True,1.0,0.3854632156689962
2024,0.30098146200180054,0.07333333333333325,0.0,0.3980370759963989,False,0.0,0.2276481286684673
2024,0.2677311897277832,0.17333333333333334,0.0,0.4645376205444336,False,0.0,0.09439785639444986
2024,0.5999472737312317,0.636,0.0,0.19989454746246338,True,1.0,0.03605272626876832
2024,0.7411030530929565,0.848,1.0,0.4822061061859131,True,0.0,0.10689694690704343
2024,0.5060480833053589,1.0,1.0,0.012096166610717773,True,0.0,0.4939519166946411
2024,0.5219702124595642,0.04066666666666663,1.0,0.04394042491912842,True,0.0,0.4813035457928976
2024,0.7739223837852478,0.5953333333333333,0.0,0.5478447675704956,True,1.0,0.17858905045191453
2024,0.4201357960700989,0.1479999999999999,1.0,0.15972840785980225,False,1.0,0.27213579607009897
2024,0.5552434921264648,0.17466666666666664,0.0,0.11048698425292969,True,1.0,0.3805768254597982
2024,0.4480747580528259,0.3773333333333333,0.0,0.10385048389434814,False,0.0,0.07074142471949263
2024,0.29313796758651733,0.02733333333333332,1.0,0.41372406482696533,False,1.0,0.265804634253184
2024,0.5299233198165894,0.5446666666666666,0.0,0.05984663963317871,True,1.0,0.014743346850077277
2024,0.8729329705238342,0.986,1.0,0.7458659410476685,True,0.0,0.11306702947616576
2024,0.7465273141860962,0.9753333333333334,0.0,0.4930546283721924,True,1.0,0.2288060191472372
2024,0.5681095123291016,0.03199999999999992,0.0,0.13621902465820312,True,1.0,0.5361095123291016
2024,0.7205753326416016,0.6619999999999999,0.0,0.4411506652832031,True,1.0,0.05857533264160164
2024,0.25919753313064575,0.05266666666666664,0.0,0.4816049337387085,False,0.0,0.2065308664639791
2024,0.579796314239502,0.16866666666666652,0.0,0.1595926284790039,True,1.0,0.41112964757283543
2024,0.773389458656311,0.7673333333333333,1.0,0.5467789173126221,True,0.0,0.0060561253229777234
2024,0.3915718197822571,0.482,1.0,0.21685636043548584,False,1.0,0.0904281802177429
2024,0.5073889493942261,0.6020000000000001,1.0,0.014777898788452148,True,0.0,0.09461105060577402
2024,0.4424893856048584,0.06399999999999995,1.0,0.1150212287902832,False,1.0,0.37848938560485845
2024,0.3281601667404175,0.1326666666666667,0.0,0.34367966651916504,False,0.0,0.19549350007375077
2024,0.7737160325050354,0.902,1.0,0.5474320650100708,True,0.0,0.12828396749496462
2024,0.4795025587081909,0.4886666666666667,0.0,0.040994882583618164,False,0.0,0.009164107958475776
2024,0.6085692048072815,0.41400000000000003,0.0,0.217138409614563,True,1.0,0.19456920480728146
2024,0.6863800287246704,0.5553333333333333,0.0,0.3727600574493408,True,1.0,0.13104669539133706
2024,0.7468356490135193,0.782,0.0,0.4936712980270386,True,1.0,0.03516435098648074
2024,0.32956063747406006,0.4813333333333333,0.0,0.3408787250518799,False,0.0,0.15177269585927322
2024,0.40784668922424316,0.22266666666666657,0.0,0.18430662155151367,False,0.0,0.1851800225575766
2024,0.621951162815094,0.5013333333333334,1.0,0.243902325630188,True,0.0,0.12061782948176059
2024,0.6429522633552551,0.8180000000000001,0.0,0.28590452671051025,True,1.0,0.17504773664474493
2024,0.4208357334136963,0.29000000000000004,0.0,0.15832853317260742,False,0.0,0.13083573341369625
2024,0.5579737424850464,0.384,1.0,0.11594748497009277,True,0.0,0.17397374248504638
2024,0.29119229316711426,0.2693333333333332,1.0,0.4176154136657715,False,1.0,0.021858959833781055
2024,0.25774455070495605,0.27,0.0,0.4845108985900879,False,0.0,0.012255449295043963
2024,0.4395049810409546,0.3706666666666666,0.0,0.12099003791809082,False,0.0,0.068838314374288
2024,0.7884655594825745,0.756,1.0,0.5769311189651489,True,0.0,0.03246555948257446
2024,0.28784918785095215,0.33799999999999997,0.0,0.4243016242980957,False,0.0,0.05015081214904782
2024,0.5142130851745605,0.07800000000000007,0.0,0.028426170349121094,True,1.0,0.4362130851745605
2024,0.8053766489028931,1.0,0.0,0.6107532978057861,True,1.0,0.19462335109710693
2024,0.4554414749145508,0.03400000000000003,0.0,0.08911705017089844,False,0.0,0.42144147491455075
2024,0.3827764391899109,0.3880000000000001,0.0,0.23444712162017822,False,0.0,0.005223560810089234
2024,0.7075045108795166,0.40800000000000003,1.0,0.4150090217590332,True,0.0,0.2995045108795166
2024,0.8106450438499451,0.5413333333333333,1.0,0.6212900876998901,True,0.0,0.26931171051661174
2024,0.379751980304718,0.1513333333333332,0.0,0.24049603939056396,False,0.0,0.2284186469713848
2024,0.6087431907653809,0.03400000000000003,0.0,0.21748638153076172,True,1.0,0.5747431907653808
2024,0.6475237607955933,0.402,0.0,0.2950475215911865,True,1.0,0.24552376079559324
2024,0.6772303581237793,0.08800000000000008,1.0,0.3544607162475586,True,0.0,0.5892303581237792
2024,0.4478299021720886,0.73,0.0,0.10434019565582275,False,0.0,0.28217009782791136
2024,0.48604291677474976,0.33599999999999997,0.0,0.02791416645050049,False,0.0,0.1500429167747498
2024,0.24590295553207397,0.46199999999999997,1.0,0.508194088935852,False,1.0,0.216097044467926
2024,0.5977792143821716,0.3653333333333333,0.0,0.19555842876434326,True,1.0,0.23244588104883834
2024,0.4551237225532532,0.30733333333333335,0.0,0.08975255489349365,False,0.0,0.14779038921991983
2024,0.3759351968765259,0.3973333333333333,0.0,0.24812960624694824,False,0.0,0.021398136456807437
2024,0.5886677503585815,0.726,0.0,0.17733550071716309,True,1.0,0.13733224964141844
2024,0.7716064453125,0.94,0.0,0.543212890625,True,1.0,0.16839355468749995
2024,0.44438087940216064,0.2693333333333333,0.0,0.11123824119567871,False,0.0,0.17504754606882733
2024,0.41528427600860596,0.32733333333333325,1.0,0.16943144798278809,False,1.0,0.0879509426752727
2024,0.4897485375404358,0.3673333333333334,0.0,0.020502924919128418,False,0.0,0.12241520420710239
2024,0.7786281704902649,0.7853333333333333,1.0,0.5572563409805298,True,0.0,0.006705162843068435
2024,0.5015224814414978,0.3646666666666667,1.0,0.0030449628829956055,True,0.0,0.1368558147748311
2024,0.7096400856971741,0.4066666666666666,0.0,0.41928017139434814,True,1.0,0.30297341903050745
2024,0.4780060052871704,0.31333333333333335,1.0,0.04398798942565918,False,1.0,0.16467267195383706
2024,0.5261746644973755,0.846,0.0,0.05234932899475098,True,1.0,0.3198253355026245
2024,0.19697070121765137,0.15399999999999991,0.0,0.6060585975646973,False,0.0,0.04297070121765145
2024,0.3945106863975525,0.6273333333333333,0.0,0.21097862720489502,False,0.0,0.2328226469357808
2024,0.4228360056877136,0.4686666666666667,1.0,0.15432798862457275,False,1.0,0.04583066097895305
2024,0.584510326385498,0.6399999999999999,1.0,0.1690206527709961,True,0.0,0.055489673614501855
2024,0.8451369404792786,0.9993333333333333,0.0,0.6902738809585571,True,1.0,0.15419639285405473
2024,0.7274676561355591,0.3360000000000001,1.0,0.45493531227111816,True,0.0,0.391467656135559
2024,0.26003003120422363,0.05666666666666664,1.0,0.47993993759155273,False,1.0,0.203363364537557
2024,0.4100126028060913,0.7893333333333333,0.0,0.17997479438781738,False,0.0,0.379320730527242
2024,0.5039166808128357,0.4793333333333334,1.0,0.007833361625671387,True,0.0,0.024583347479502304
2024,0.6331860423088074,0.6220000000000001,1.0,0.26637208461761475,True,0.0,0.011186042308807265
2024,0.9050485491752625,0.9966666666666667,0.0,0.8100970983505249,True,1.0,0.09161811749140425
2024,0.7655360102653503,0.5653333333333332,1.0,0.5310720205307007,True,0.0,0.2002026769320171
2024,0.7369287014007568,0.05133333333333334,0.0,0.47385740280151367,True,1.0,0.6855953680674235
2024,0.579764187335968,0.05399999999999994,1.0,0.15952837467193604,True,0.0,0.5257641873359681
2024,0.5397163033485413,0.45266666666666666,0.0,0.07943260669708252,True,1.0,0.0870496366818746
2024,0.29633015394210815,0.13,0.0,0.4073396921157837,False,0.0,0.16633015394210815
2024,0.4687918424606323,0.498,1.0,0.06241631507873535,False,1.0,0.029208157539367674
2024,0.4484359622001648,0.06799999999999995,1.0,0.10312807559967041,False,1.0,0.38043596220016485
2024,0.6669828295707703,0.8166666666666667,0.0,0.3339656591415405,True,1.0,0.1496838370958964
2024,0.7345632910728455,0.988,0.0,0.4691265821456909,True,1.0,0.25343670892715453
2024,0.6056399345397949,0.42133333333333334,0.0,0.21127986907958984,True,1.0,0.18430660120646158
2024,0.8309962749481201,0.7406666666666666,1.0,0.6619925498962402,True,0.0,0.09032960828145353
2024,0.21209269762039185,0.07066666666666666,0.0,0.5758146047592163,False,0.0,0.1414260309537252
2024,0.5416547656059265,0.31200000000000006,0.0,0.08330953121185303,True,1.0,0.22965476560592646
2024,0.5913063287734985,0.47666666666666657,1.0,0.18261265754699707,True,0.0,0.11463966210683196
2024,0.7691203355789185,0.8906666666666667,1.0,0.5382406711578369,True,0.0,0.12154633108774826
2024,0.675772488117218,0.5326666666666666,0.0,0.35154497623443604,True,1.0,0.1431058214505514
2024,0.6399452686309814,0.5760000000000001,1.0,0.2798905372619629,True,0.0,0.06394526863098138
2024,0.5475626587867737,0.6873333333333334,1.0,0.09512531757354736,True,0.0,0.13977067454655967
2024,0.6868406534194946,0.9266666666666666,1.0,0.37368130683898926,True,0.0,0.239826013247172
2024,0.5555734634399414,0.44866666666666666,1.0,0.11114692687988281,True,0.0,0.10690679677327475
2024,0.6168674826622009,0.5646666666666667,1.0,0.23373496532440186,True,0.0,0.05220081599553428
2024,0.5379815101623535,0.21799999999999997,1.0,0.07596302032470703,True,0.0,0.31998151016235354
2024,0.264765202999115,0.20599999999999996,0.0,0.47046959400177,False,0.0,0.05876520299911503
2024,0.5088374614715576,0.6453333333333333,0.0,0.017674922943115234,True,1.0,0.1364958718617757
2024,0.4079626202583313,0.05399999999999994,0.0,0.1840747594833374,False,0.0,0.35396262025833136
2024,0.6054908037185669,0.4053333333333333,1.0,0.2109816074371338,True,0.0,0.20015747038523357
2024,0.480863094329834,0.1153333333333334,1.0,0.03827381134033203,False,1.0,0.3655297609965006
2024,0.4535369873046875,0.3753333333333333,1.0,0.092926025390625,False,1.0,0.0782036539713542
2024,0.6479505300521851,0.5646666666666667,1.0,0.2959010601043701,True,0.0,0.08328386338551841
2025,0.3000141382217407,0.2693333333333333,1.0,0.39997172355651855,False,1.0,0.03068080488840741
2025,0.5447498559951782,0.972,1.0,0.08949971199035645,True,0.0,0.42725014400482175
2025,0.5390830039978027,0.06400000000000006,1.0,0.07816600799560547,True,0.0,0.4750830039978027
2025,0.46682047843933105,0.3846666666666667,1.0,0.06635904312133789,False,1.0,0.08215381177266434
2025,0.4752182364463806,0.04800000000000004,1.0,0.04956352710723877,False,1.0,0.4272182364463806
2025,0.7629378437995911,0.5786666666666667,1.0,0.5258756875991821,True,0.0,0.1842711771329244
2025,0.5460474491119385,0.030000000000000027,0.0,0.09209489822387695,True,1.0,0.5160474491119384
2025,0.6441966891288757,0.4846666666666667,1.0,0.28839337825775146,True,0.0,0.15953002246220904
2025,0.626046895980835,0.29933333333333334,0.0,0.2520937919616699,True,1.0,0.3267135626475016
2025,0.487451434135437,0.4753333333333333,0.0,0.025097131729125977,False,0.0,0.012118100802103737
2025,0.7957537174224854,0.8826666666666667,1.0,0.5915074348449707,True,0.0,0.08691294924418136
2025,0.5587564706802368,0.6953333333333334,0.0,0.11751294136047363,True,1.0,0.13657686265309654
2025,0.6596810817718506,0.5093333333333334,0.0,0.31936216354370117,True,1.0,0.15034774843851717
2025,0.4371129274368286,0.6153333333333333,0.0,0.12577414512634277,False,0.0,0.17822040589650467
2025,0.8922509551048279,0.9279999999999999,1.0,0.7845019102096558,True,0.0,0.035749044895172055
2025,0.36064261198043823,0.2513333333333333,0.0,0.27871477603912354,False,0.0,0.10930927864710493
2025,0.8094421029090881,0.9886666666666667,1.0,0.6188842058181763,True,0.0,0.17922456375757856
2025,0.42074209451675415,0.04133333333333322,0.0,0.1585158109664917,False,0.0,0.37940876118342093
2025,0.6962077021598816,0.9213333333333333,0.0,0.3924154043197632,True,1.0,0.22512563117345175
2025,0.280619740486145,0.3966666666666667,0.0,0.43876051902770996,False,0.0,0.1160469261805217
2025,0.3774458169937134,0.08666666666666656,1.0,0.24510836601257324,False,1.0,0.2907791503270468
2025,0.5809909105300903,0.43400000000000005,0.0,0.16198182106018066,True,1.0,0.14699091053009028
2025,0.5811741352081299,0.06933333333333325,0.0,0.16234827041625977,True,1.0,0.5118408018747966
2025,0.7865222692489624,0.9113333333333333,0.0,0.5730445384979248,True,1.0,0.12481106408437093
2025,0.5231989622116089,0.3933333333333333,0.0,0.04639792442321777,True,1.0,0.12986562887827557
2025,0.5329089760780334,0.4973333333333333,0.0,0.0658179521560669,True,1.0,0.03557564274470015
2025,0.5125383734703064,0.6093333333333334,1.0,0.025076746940612793,True,0.0,0.096794959863027
2025,0.7051073312759399,0.9473333333333334,0.0,0.4102146625518799,True,1.0,0.24222600205739342
2025,0.5934853553771973,0.33466666666666667,0.0,0.18697071075439453,True,1.0,0.2588186887105306
2025,0.7936301231384277,0.8180000000000001,1.0,0.5872602462768555,True,0.0,0.024369876861572326
2025,0.6449776887893677,0.41666666666666663,1.0,0.28995537757873535,True,0.0,0.22831102212270105
2025,0.28983139991760254,0.5166666666666666,0.0,0.4203372001647949,False,0.0,0.22683526674906407
2025,0.5617244839668274,0.404,1.0,0.12344896793365479,True,0.0,0.15772448396682737
2025,0.3384198546409607,0.31466666666666665,0.0,0.3231602907180786,False,0.0,0.023753187974294043
2025,0.6666518449783325,0.5313333333333333,1.0,0.33330368995666504,True,0.0,0.1353185116449992
2025,0.6532691717147827,0.46066666666666667,0.0,0.30653834342956543,True,1.0,0.19260250504811605
2025,0.24330753087997437,0.21466666666666656,0.0,0.5133849382400513,False,0.0,0.028640864213307804
2025,0.4241546392440796,0.14600000000000002,0.0,0.15169072151184082,False,0.0,0.27815463924407957
2025,0.16636323928833008,0.28733333333333333,1.0,0.6672735214233398,False,1.0,0.12097009404500325
2025,0.7084789276123047,0.474,1.0,0.4169578552246094,True,0.0,0.2344789276123047
2025,0.600580096244812,0.6593333333333333,1.0,0.20116019248962402,True,0.0,0.058753237088521315
2025,0.7306640148162842,0.05600000000000005,1.0,0.46132802963256836,True,0.0,0.6746640148162841
2025,0.33008384704589844,0.498,0.0,0.3398323059082031,False,0.0,0.16791615295410156
2025,0.5641255378723145,0.6266666666666667,0.0,0.1282510757446289,True,1.0,0.06254112879435225
2025,0.37265437841415405,0.1273333333333333,0.0,0.2546912431716919,False,0.0,0.24532104508082075
2025,0.7986595630645752,0.9313333333333333,1.0,0.5973191261291504,True,0.0,0.13267377026875815
2025,0.5396703481674194,0.05800000000000005,1.0,0.07934069633483887,True,0.0,0.4816703481674194
2025,0.1965773105621338,0.29666666666666675,0.0,0.6068453788757324,False,0.0,0.10008935610453296
2025,0.7740237712860107,0.05800000000000005,0.0,0.5480475425720215,True,1.0,0.7160237712860107
2025,0.4905121326446533,0.16933333333333334,0.0,0.01897573471069336,False,0.0,0.32117879931132
2025,0.545934796333313,0.5273333333333334,0.0,0.09186959266662598,True,1.0,0.018601462999979557
2025,0.7910732626914978,0.7693333333333333,1.0,0.5821465253829956,True,0.0,0.02173992935816449
2025,0.8550236225128174,0.606,1.0,0.7100472450256348,True,0.0,0.2490236225128174
2025,0.41901254653930664,0.20199999999999996,1.0,0.16197490692138672,False,1.0,0.21701254653930668
2025,0.2852814197540283,0.08866666666666667,0.0,0.42943716049194336,False,0.0,0.19661475308736165
2025,0.5722411274909973,0.5013333333333333,0.0,0.14448225498199463,True,1.0,0.07090779415766402
2025,0.45109808444976807,0.3906666666666667,0.0,0.09780383110046387,False,0.0,0.06043141778310135
2025,0.6783618927001953,0.20066666666666677,0.0,0.3567237854003906,True,1.0,0.47769522603352854
2025,0.6606526970863342,0.32799999999999996,0.0,0.32130539417266846,True,1.0,0.33265269708633427
2025,0.7490547895431519,0.4886666666666667,0.0,0.4981095790863037,True,1.0,0.26038812287648516
2025,0.5656167268753052,0.43599999999999994,1.0,0.13123345375061035,True,0.0,0.12961672687530523
2025,0.7452788352966309,0.512,1.0,0.4905576705932617,True,0.0,0.23327883529663085
2025,0.7268825769424438,0.676,1.0,0.4537651538848877,True,0.0,0.0508825769424438
2025,0.35750895738601685,0.15333333333333332,0.0,0.2849820852279663,False,0.0,0.20417562405268352
2025,0.49288320541381836,0.04400000000000004,1.0,0.014233589172363281,False,1.0,0.4488832054138183
2025,0.48862749338150024,0.07599999999999996,0.0,0.02274501323699951,False,0.0,0.4126274933815003
2025,0.35332006216049194,0.266,0.0,0.2933598756790161,False,0.0,0.08732006216049193
2025,0.39749133586883545,0.1319999999999999,1.0,0.2050173282623291,False,1.0,0.26549133586883555
2025,0.44729161262512207,0.4106666666666666,0.0,0.10541677474975586,False,0.0,0.036624945958455446
2025,0.783254086971283,0.4833333333333334,0.0,0.5665081739425659,True,1.0,0.29992075363794957
2025,0.6161202192306519,0.344,1.0,0.2322404384613037,True,0.0,0.2721202192306519
2025,0.6810140609741211,0.47399999999999987,0.0,0.3620281219482422,True,1.0,0.20701406097412123
2025,0.21922487020492554,0.17066666666666674,1.0,0.5615502595901489,False,1.0,0.04855820353825879
2025,0.6133912801742554,0.6886666666666666,0.0,0.22678256034851074,True,1.0,0.07527538649241128
2025,0.3245083689689636,0.53,0.0,0.35098326206207275,False,0.0,0.2054916310310364
2025,0.5406603217124939,0.992,1.0,0.08132064342498779,True,0.0,0.4513396782875061
2025,0.4586676359176636,0.5573333333333332,1.0,0.08266472816467285,False,1.0,0.09866569741566966
2025,0.40593934059143066,0.04533333333333334,0.0,0.18812131881713867,False,0.0,0.3606060072580973
2025,0.7862445116043091,0.996,1.0,0.5724890232086182,True,0.0,0.20975548839569091
2025,0.2715632915496826,0.19799999999999995,0.0,0.45687341690063477,False,0.0,0.07356329154968266
2025,0.5205462574958801,0.18733333333333335,0.0,0.041092514991760254,True,1.0,0.3332129241625468
2025,0.7501574158668518,0.4953333333333333,0.0,0.5003148317337036,True,1.0,0.2548240825335185
2025,0.5464712381362915,0.516,0.0,0.09294247627258301,True,1.0,0.03047123813629149
2025,0.6235537528991699,0.10999999999999999,0.0,0.24710750579833984,True,1.0,0.5135537528991699
2025,0.5050450563430786,0.4986666666666667,0.0,0.010090112686157227,True,1.0,0.006378389676411911
2025,0.2812013030052185,0.051999999999999935,1.0,0.437597393989563,False,1.0,0.22920130300521857
2025,0.38243621587753296,0.3560000000000001,0.0,0.23512756824493408,False,0.0,0.026436215877532865
2025,0.723237156867981,0.5246666666666666,0.0,0.4464743137359619,True,1.0,0.19857049020131434
2025,0.19673144817352295,0.04466666666666674,1.0,0.6065371036529541,False,1.0,0.1520647815068562
2025,0.20957082509994507,0.2773333333333333,0.0,0.5808583498001099,False,0.0,0.06776250823338825
2025,0.6430495977401733,0.4093333333333333,0.0,0.2860991954803467,True,1.0,0.23371626440684
2025,0.3950578570365906,0.22399999999999998,0.0,0.20988428592681885,False,0.0,0.1710578570365906
2025,0.6744794845581055,0.4733333333333334,1.0,0.34895896911621094,True,0.0,0.20114615122477209
2025,0.35654497146606445,0.041999999999999926,0.0,0.2869100570678711,False,0.0,0.3145449714660645
2025,0.8239918947219849,0.5866666666666667,0.0,0.6479837894439697,True,1.0,0.2373252280553182
2025,0.7277390956878662,0.6386666666666667,1.0,0.4554781913757324,True,0.0,0.0890724290211995
2025,0.5576447248458862,0.7286666666666667,1.0,0.11528944969177246,True,0.0,0.17102194182078045
2025,0.9194257855415344,0.8926666666666667,1.0,0.8388515710830688,True,0.0,0.026759118874867704
2025,0.8597490787506104,0.9986666666666667,1.0,0.7194981575012207,True,0.0,0.13891758791605635
2025,0.7136545181274414,0.946,1.0,0.4273090362548828,True,0.0,0.23234548187255855
2025,0.7183611392974854,0.33066666666666666,0.0,0.4367222785949707,True,1.0,0.3876944726308187
2025,0.29168301820755005,0.16533333333333333,1.0,0.4166339635848999,False,1.0,0.12634968487421672
2025,0.873223602771759,0.988,1.0,0.7464472055435181,True,0.0,0.11477639722824096
2025,0.7861412763595581,0.9373333333333334,1.0,0.5722825527191162,True,0.0,0.15119205697377525
2025,0.5721933841705322,0.15466666666666662,1.0,0.14438676834106445,True,0.0,0.4175267175038656
2025,0.5726242065429688,0.93,0.0,0.1452484130859375,True,1.0,0.3573757934570313
2025,0.6142904758453369,0.6033333333333333,1.0,0.22858095169067383,True,0.0,0.010957142512003637
2025,0.40421396493911743,0.1259999999999999,0.0,0.19157207012176514,False,0.0,0.27821396493911754
2025,0.303877592086792,0.33799999999999997,0.0,0.392244815826416,False,0.0,0.034122407913207975
2025,0.5273479223251343,0.11266666666666669,0.0,0.054695844650268555,True,1.0,0.4146812556584676
2025,0.47610706090927124,0.16133333333333333,1.0,0.04778587818145752,False,1.0,0.3147737275759379
2025,0.1727939248085022,0.15800000000000003,1.0,0.6544121503829956,False,1.0,0.014793924808502168
2025,0.38417989015579224,0.41333333333333333,1.0,0.23164021968841553,False,1.0,0.029153443177541094
2025,0.6414552927017212,0.1466666666666666,0.0,0.2829105854034424,True,1.0,0.4947886260350546
2025,0.3575124144554138,0.06533333333333324,1.0,0.28497517108917236,False,1.0,0.2921790811220806
2025,0.5216760635375977,0.43800000000000006,1.0,0.04335212707519531,True,0.0,0.0836760635375976
2025,0.44259679317474365,0.16266666666666674,0.0,0.1148064136505127,False,0.0,0.2799301265080769
2025,0.49313104152679443,0.42266666666666675,0.0,0.013737916946411133,False,0.0,0.07046437486012769
2025,0.42453402280807495,0.21266666666666667,0.0,0.1509319543838501,False,0.0,0.21186735614140828
2025,0.6328141689300537,0.06133333333333335,0.0,0.2656283378601074,True,1.0,0.5714808355967204
2025,0.8011237382888794,0.7286666666666667,0.0,0.6022474765777588,True,1.0,0.07245707162221271
2025,0.7387747764587402,0.5113333333333333,1.0,0.47754955291748047,True,0.0,0.22744144312540693
2025,0.2943032383918762,0.043333333333333335,1.0,0.41139352321624756,False,1.0,0.2509699050585429
2025,0.7191826105117798,0.3533333333333334,0.0,0.43836522102355957,True,1.0,0.3658492771784464
2025,0.38629353046417236,0.08399999999999996,0.0,0.22741293907165527,False,0.0,0.3022935304641724
2025,0.5132517218589783,0.03933333333333333,0.0,0.026503443717956543,True,1.0,0.47391838852564494
2025,0.38791394233703613,0.17933333333333334,0.0,0.22417211532592773,False,0.0,0.2085806090037028
2025,0.4282718300819397,0.34866666666666657,1.0,0.1434563398361206,False,1.0,0.07960516341527313
2025,0.1324610710144043,0.05133333333333334,0.0,0.7350778579711914,False,0.0,0.08112773768107095
2025,0.41239315271377563,0.2326666666666668,0.0,0.17521369457244873,False,0.0,0.17972648604710884
2025,0.6497588157653809,0.3733333333333333,1.0,0.2995176315307617,True,0.0,0.27642548243204756
2025,0.8255988359451294,0.9466666666666667,0.0,0.6511976718902588,True,1.0,0.12106783072153726
2025,0.48223811388015747,0.31799999999999995,1.0,0.03552377223968506,False,1.0,0.16423811388015752
2025,0.34581100940704346,0.4946666666666667,0.0,0.3083779811859131,False,0.0,0.14885565725962324
2025,0.7746175527572632,0.632,0.0,0.5492351055145264,True,1.0,0.14261755275726318
2025,0.7796828150749207,0.696,1.0,0.5593656301498413,True,0.0,0.0836828150749207
2025,0.4773786664009094,0.32133333333333336,1.0,0.04524266719818115,False,1.0,0.15604533306757606
2025,0.4374949336051941,0.32466666666666666,1.0,0.12501013278961182,False,1.0,0.11282826693852743
2025,0.19043117761611938,0.16333333333333333,0.0,0.6191376447677612,False,0.0,0.027097844282786054
2025,0.6134757399559021,0.594,0.0,0.2269514799118042,True,1.0,0.019475739955902127
2025,0.7740309238433838,0.9553333333333334,0.0,0.5480618476867676,True,1.0,0.18130240948994958
2025,0.6937793493270874,0.3746666666666667,1.0,0.3875586986541748,True,0.0,0.3191126826604207
2025,0.3084457516670227,0.2553333333333334,0.0,0.3831084966659546,False,0.0,0.05311241833368929
2025,0.35430920124053955,0.32199999999999995,0.0,0.2913815975189209,False,0.0,0.0323092012405396
2025,0.2593359351158142,0.15399999999999991,1.0,0.4813281297683716,False,1.0,0.1053359351158143
2025,0.5724011063575745,0.4099999999999999,0.0,0.14480221271514893,True,1.0,0.16240110635757454
2025,0.5061171054840088,0.31066666666666665,1.0,0.012234210968017578,True,0.0,0.19545043881734214
2025,0.7876555919647217,0.3526666666666667,1.0,0.5753111839294434,True,0.0,0.434988925298055
2025,0.6506603956222534,0.8806666666666667,1.0,0.30132079124450684,True,0.0,0.2300062710444133
2025,0.6802995800971985,0.708,0.0,0.360599160194397,True,1.0,0.027700419902801476
2025,0.6987013816833496,0.596,0.0,0.3974027633666992,True,1.0,0.10270138168334964
2025,0.8019066452980042,1.0,1.0,0.6038132905960083,True,0.0,0.19809335470199585
2025,0.5876777768135071,0.30000000000000004,0.0,0.17535555362701416,True,1.0,0.28767777681350704
2025,0.821133017539978,0.4946666666666667,0.0,0.642266035079956,True,1.0,0.32646635087331133
2025,0.21507954597473145,0.13666666666666671,0.0,0.5698409080505371,False,0.0,0.07841287930806473
2025,0.31564897298812866,0.09533333333333327,0.0,0.3687020540237427,False,0.0,0.2203156396547954
2025,0.4956941604614258,0.053333333333333344,1.0,0.008611679077148438,False,1.0,0.44236082712809244
2025,0.4282093048095703,0.7766666666666666,0.0,0.14358139038085938,False,0.0,0.3484573618570963
2025,0.16694891452789307,0.272,0.0,0.6661021709442139,False,0.0,0.10505108547210695
2025,0.4449320435523987,0.20600000000000007,0.0,0.11013591289520264,False,0.0,0.2389320435523986
2025,0.5992739200592041,0.08666666666666656,0.0,0.1985478401184082,True,1.0,0.5126072533925375
2025,0.5562411546707153,0.5713333333333334,0.0,0.11248230934143066,True,1.0,0.015092178662618028
2025,0.49431949853897095,0.05933333333333335,0.0,0.011361002922058105,False,0.0,0.4349861652056376
2025,0.8650460243225098,0.9966666666666667,0.0,0.7300920486450195,True,1.0,0.13162064234415694
2025,0.7177642583847046,0.74,1.0,0.4355285167694092,True,0.0,0.0222357416152954
2025,0.406632661819458,0.32066666666666666,0.0,0.18673467636108398,False,0.0,0.08596599515279135
2025,0.5026298761367798,0.354,0.0,0.00525975227355957,True,1.0,0.1486298761367798
2025,0.7647307515144348,0.998,1.0,0.5294615030288696,True,0.0,0.23326924848556518
2025,0.854891300201416,1.0,1.0,0.709782600402832,True,0.0,0.14510869979858398
2025,0.6327191591262817,0.5833333333333334,1.0,0.2654383182525635,True,0.0,0.04938582579294837
2025,0.7401639223098755,0.8373333333333333,1.0,0.480327844619751,True,0.0,0.09716941102345777
2025,0.17315906286239624,0.05266666666666664,0.0,0.6536818742752075,False,0.0,0.1204923961957296
2025,0.692503809928894,0.8173333333333334,0.0,0.3850076198577881,True,1.0,0.12482952340443931
2025,0.5444341897964478,0.41066666666666674,1.0,0.08886837959289551,True,0.0,0.13376752312978102
2025,0.4811105728149414,0.998,1.0,0.03777885437011719,False,1.0,0.5168894271850586
2025,0.716230034828186,0.1113333333333334,1.0,0.43246006965637207,True,0.0,0.6048967014948526
2025,0.7503752708435059,0.7566666666666666,1.0,0.5007505416870117,True,0.0,0.006291395823160739
2025,0.49716705083847046,0.4046666666666666,1.0,0.005665898323059082,False,1.0,0.09250038417180384
2025,0.32062065601348877,0.978,0.0,0.35875868797302246,False,0.0,0.6573793439865112
2025,0.5254377126693726,0.7333333333333334,1.0,0.05087542533874512,True,0.0,0.20789562066396083
2025,0.40950655937194824,0.03599999999999992,1.0,0.18098688125610352,False,1.0,0.3735065593719483
2025,0.6239043474197388,0.7626666666666667,0.0,0.24780869483947754,True,1.0,0.13876231924692795
2025,0.41570204496383667,0.1246666666666667,0.0,0.16859591007232666,False,0.0,0.29103537829716997
2025,0.6818183660507202,0.32799999999999996,0.0,0.36363673210144043,True,1.0,0.35381836605072026
2025,0.4999595284461975,0.494,0.0,8.094310760498047e-05,False,0.0,0.005959528446197515
2025,0.3657125234603882,0.16866666666666674,0.0,0.26857495307922363,False,0.0,0.19704585679372144
2025,0.461778461933136,0.2293333333333334,0.0,0.07644307613372803,False,0.0,0.2324451285998026
2025,0.4368877410888672,0.28733333333333333,0.0,0.12622451782226562,False,0.0,0.14955440775553386
2025,0.22585958242416382,0.08066666666666666,1.0,0.5482808351516724,False,1.0,0.14519291575749715
2025,0.3938097357749939,0.476,0.0,0.2123805284500122,False,0.0,0.08219026422500608
2025,0.8655452132225037,0.9746666666666667,1.0,0.7310904264450073,True,0.0,0.10912145344416302
2025,0.8318621516227722,0.638,1.0,0.6637243032455444,True,0.0,0.1938621516227722
2025,0.7537433505058289,0.5233333333333333,0.0,0.5074867010116577,True,1.0,0.23041001717249554
2025,0.4689256548881531,0.19333333333333336,0.0,0.06214869022369385,False,0.0,0.2755923215548197
2025,0.7246036529541016,0.974,1.0,0.4492073059082031,True,0.0,0.24939634704589841
2025,0.7374035716056824,0.06133333333333324,0.0,0.47480714321136475,True,1.0,0.6760702382723491
2025,0.6745585799217224,0.274,0.0,0.3491171598434448,True,1.0,0.4005585799217224
2025,0.7838078141212463,0.20200000000000007,1.0,0.5676156282424927,True,0.0,0.5818078141212463
2025,0.872120201587677,0.9593333333333334,1.0,0.744240403175354,True,0.0,0.08721313174565637
2025,0.6235803365707397,0.5346666666666666,0.0,0.2471606731414795,True,1.0,0.08891366990407312
2025,0.5828180313110352,0.42466666666666664,0.0,0.1656360626220703,True,1.0,0.15815136464436852
2025,0.25523072481155396,0.3373333333333334,1.0,0.4895385503768921,False,1.0,0.08210260852177942
2025,0.6059314012527466,0.6319999999999999,0.0,0.21186280250549316,True,1.0,0.026068598747253313
2025,0.6897901296615601,0.9546666666666667,0.0,0.3795802593231201,True,1.0,0.2648765370051066
2025,0.2885282635688782,0.3673333333333333,0.0,0.42294347286224365,False,0.0,0.07880506976445512
2025,0.1614254117012024,0.2899999999999999,0.0,0.6771491765975952,False,0.0,0.12857458829879753
2025,0.5444995164871216,0.07533333333333325,0.0,0.08899903297424316,True,1.0,0.46916618315378833
2025,0.4493982791900635,0.3406666666666667,1.0,0.10120344161987305,False,1.0,0.1087316125233968
2025,0.4584723711013794,0.7566666666666667,0.0,0.08305525779724121,False,0.0,0.2981942955652873
2025,0.5716893672943115,0.476,0.0,0.14337873458862305,True,1.0,0.09568936729431154
2025,0.36781567335128784,0.32599999999999996,0.0,0.2643686532974243,False,0.0,0.041815673351287885
2025,0.6423172950744629,0.19999999999999996,1.0,0.2846345901489258,True,0.0,0.44231729507446294
2025,0.6849398612976074,0.2366666666666667,1.0,0.36987972259521484,True,0.0,0.44827319463094073
2025,0.5110843777656555,0.2533333333333333,0.0,0.022168755531311035,True,1.0,0.2577510444323222
2025,0.5858350396156311,1.0,0.0,0.1716700792312622,True,1.0,0.4141649603843689
2025,0.8001753091812134,1.0,1.0,0.6003506183624268,True,0.0,0.19982469081878662
2025,0.45090073347091675,0.11999999999999988,1.0,0.0981985330581665,False,1.0,0.33090073347091686
2025,0.6064934730529785,0.22266666666666668,1.0,0.21298694610595703,True,0.0,0.38382680638631184
2025,0.5274431705474854,0.19866666666666666,0.0,0.0548863410949707,True,1.0,0.3287765038808187
2025,0.6979203820228577,0.5513333333333333,0.0,0.39584076404571533,True,1.0,0.14658704868952432
2025,0.6452310085296631,0.5073333333333334,0.0,0.29046201705932617,True,1.0,0.13789767519632967
2025,0.3938596248626709,0.3860000000000001,0.0,0.2122807502746582,False,0.0,0.007859624862670778
2025,0.379308819770813,0.30266666666666664,0.0,0.24138236045837402,False,0.0,0.07664215310414635
2025,0.31581705808639526,0.06666666666666665,0.0,0.3683658838272095,False,0.0,0.2491503914197286
2025,0.5465279817581177,0.41600000000000004,1.0,0.09305596351623535,True,0.0,0.13052798175811764
2025,0.3879738450050354,0.6846666666666668,0.0,0.2240523099899292,False,0.0,0.29669282166163136
2025,0.9369155764579773,0.9073333333333333,1.0,0.8738311529159546,True,0.0,0.02958224312464397
2025,0.4682602882385254,0.17466666666666664,1.0,0.06347942352294922,False,1.0,0.29359362157185875
2025,0.6609638333320618,0.66,1.0,0.32192766666412354,True,0.0,0.0009638333320617365
2025,0.5344995856285095,0.1353333333333333,0.0,0.06899917125701904,True,1.0,0.3991662522951762
2025,0.5857658386230469,0.848,1.0,0.17153167724609375,True,0.0,0.2622341613769531
2025,0.4521869421005249,0.392,0.0,0.0956261157989502,False,0.0,0.06018694210052489
2025,0.28654855489730835,0.5413333333333332,0.0,0.4269028902053833,False,0.0,0.2547847784360249
2025,0.7939494252204895,0.5326666666666667,0.0,0.587898850440979,True,1.0,0.26128275855382277
2025,0.23461592197418213,0.03866666666666663,0.0,0.5307681560516357,False,0.0,0.1959492553075155
2025,0.676301121711731,0.8086666666666666,1.0,0.3526022434234619,True,0.0,0.1323655449549357
2025,0.4026670455932617,0.20200000000000007,1.0,0.19466590881347656,False,1.0,0.20066704559326165
2025,0.4214516878128052,0.07800000000000007,1.0,0.15709662437438965,False,1.0,0.3434516878128051
2025,0.6309953927993774,0.7506666666666666,1.0,0.2619907855987549,True,0.0,0.11967127386728915
2025,0.40481311082839966,0.236,0.0,0.19037377834320068,False,0.0,0.16881311082839967
2025,0.8228241205215454,0.9533333333333334,1.0,0.6456482410430908,True,0.0,0.13050921281178796
2025,0.4565303921699524,0.06866666666666676,1.0,0.08693921566009521,False,1.0,0.38786372550328563
2025,0.39616119861602783,0.3926666666666666,0.0,0.20767760276794434,False,0.0,0.0034945319493612237
2025,0.5934693813323975,0.6066666666666667,1.0,0.18693876266479492,True,0.0,0.013197285334269226
2025,0.4765794277191162,0.516,0.0,0.04684114456176758,False,0.0,0.0394205722808838
2025,0.7227771878242493,0.9746666666666667,0.0,0.44555437564849854,True,1.0,0.2518894788424174
2025,0.6035940647125244,0.74,0.0,0.20718812942504883,True,1.0,0.13640593528747558
2025,0.49634331464767456,0.5286666666666666,1.0,0.007313370704650879,False,1.0,0.03232335201899206
2025,0.715510368347168,0.6093333333333333,0.0,0.43102073669433594,True,1.0,0.10617703501383469
2025,0.37016797065734863,0.22333333333333338,1.0,0.25966405868530273,False,1.0,0.14683463732401525
2025,0.7037432193756104,0.5660000000000001,1.0,0.4074864387512207,True,0.0,0.1377432193756103
2025,0.46562373638153076,0.126,0.0,0.06875252723693848,False,0.0,0.33962373638153076
2025,0.5258758068084717,0.4053333333333333,0.0,0.05175161361694336,True,1.0,0.12054247347513836
2025,0.8348177671432495,0.9893333333333333,1.0,0.669635534286499,True,0.0,0.15451556619008378
2025,0.7699794173240662,0.8666666666666667,1.0,0.5399588346481323,True,0.0,0.09668724934260053
2025,0.6200016736984253,0.5746666666666667,1.0,0.24000334739685059,True,0.0,0.045335007031758634
2025,0.31099432706832886,0.4653333333333334,0.0,0.3780113458633423,False,0.0,0.15433900626500452
2025,0.6316039562225342,0.6246666666666667,1.0,0.26320791244506836,True,0.0,0.006937289555867476
2025,0.6935776472091675,0.2886666666666666,0.0,0.38715529441833496,True,1.0,0.40491098054250085
2025,0.3349897861480713,0.21266666666666667,0.0,0.3300204277038574,False,0.0,0.12232311948140462
2025,0.3726106882095337,0.3633333333333333,0.0,0.2547786235809326,False,0.0,0.009277354876200405
2025,0.338850736618042,0.696,1.0,0.322298526763916,False,1.0,0.35714926338195796
2025,0.6105271577835083,0.2440000000000001,1.0,0.2210543155670166,True,0.0,0.3665271577835082
2025,0.6813663244247437,0.7093333333333334,1.0,0.3627326488494873,True,0.0,0.02796700890858972
2025,0.6229050159454346,0.9253333333333333,1.0,0.24581003189086914,True,0.0,0.30242831738789877
2025,0.32254964113235474,0.29533333333333334,0.0,0.3549007177352905,False,0.0,0.0272163077990214
2025,0.7942426204681396,0.918,1.0,0.5884852409362793,True,0.0,0.12375737953186039
2025,0.1862981915473938,0.10933333333333328,1.0,0.6274036169052124,False,1.0,0.07696485821406052
2025,0.8860344886779785,0.878,1.0,0.772068977355957,True,0.0,0.008034488677978513
2025,0.6713234186172485,0.8926666666666667,1.0,0.34264683723449707,True,0.0,0.22134324804941818
2025,0.40985286235809326,0.29800000000000004,0.0,0.18029427528381348,False,0.0,0.11185286235809322
2025,0.6959559321403503,0.034666666666666734,0.0,0.3919118642807007,True,1.0,0.6612892654736836
2025,0.4525872468948364,0.6913333333333334,1.0,0.09482550621032715,False,1.0,0.23874608643849693
2025,0.5021318793296814,0.47133333333333327,1.0,0.004263758659362793,True,0.0,0.030798545996348126
2025,0.7075350284576416,0.7366666666666667,0.0,0.4150700569152832,True,1.0,0.02913163820902509
2025,0.42083996534347534,0.15666666666666673,1.0,0.15832006931304932,False,1.0,0.2641732986768086
2025,0.5947052240371704,0.7366666666666667,1.0,0.18941044807434082,True,0.0,0.14196144262949628
2025,0.7453712224960327,0.6273333333333333,0.0,0.49074244499206543,True,1.0,0.11803788916269942
2025,0.2554672360420227,0.05133333333333334,1.0,0.4890655279159546,False,1.0,0.20413390270868936
2025,0.5638121366500854,0.44399999999999995,1.0,0.1276242733001709,True,0.0,0.1198121366500855
2025,0.48449766635894775,0.2413333333333333,1.0,0.031004667282104492,False,1.0,0.24316433302561447
2025,0.32799243927001953,0.30266666666666675,0.0,0.34401512145996094,False,0.0,0.02532577260335278
2025,0.7586036324501038,0.9106666666666666,1.0,0.5172072649002075,True,0.0,0.15206303421656286
2025,0.32153356075286865,0.033333333333333215,1.0,0.3569328784942627,False,1.0,0.28820022741953544
2025,0.5466421842575073,0.5413333333333333,0.0,0.09328436851501465,True,1.0,0.005308850924173991
2025,0.6861293315887451,0.616,0.0,0.37225866317749023,True,1.0,0.07012933158874513
2025,0.474406361579895,0.5073333333333334,1.0,0.05118727684020996,False,1.0,0.032926971753438394
2025,0.4917494058609009,0.29466666666666663,0.0,0.016501188278198242,False,0.0,0.19708273919423425
2025,0.37489384412765503,0.5326666666666666,0.0,0.25021231174468994,False,0.0,0.1577728225390116
2025,0.623681902885437,0.7346666666666666,0.0,0.24736380577087402,True,1.0,0.11098476378122957
2025,0.6539770364761353,0.09733333333333327,0.0,0.3079540729522705,True,1.0,0.556643703142802
2025,0.6562310457229614,0.8006666666666666,0.0,0.31246209144592285,True,1.0,0.1444356209437052
2025,0.7354065179824829,0.6839999999999999,0.0,0.4708130359649658,True,1.0,0.05140651798248297
2025,0.7190911769866943,0.31599999999999995,1.0,0.43818235397338867,True,0.0,0.4030911769866944
2025,0.1731850504875183,0.1286666666666667,0.0,0.6536298990249634,False,0.0,0.044518383820851604
2025,0.766463041305542,0.982,1.0,0.532926082611084,True,0.0,0.215536958694458
2025,0.40226614475250244,0.05400000000000005,0.0,0.19546771049499512,False,0.0,0.3482661447525024
2025,0.6664660573005676,0.4953333333333333,0.0,0.33293211460113525,True,1.0,0.17113272396723433
2025,0.43676960468292236,0.996,1.0,0.12646079063415527,False,1.0,0.5592303953170776
2025,0.5411485433578491,0.9413333333333334,1.0,0.08229708671569824,True,0.0,0.40018478997548423
2025,0.28083449602127075,0.498,0.0,0.4383310079574585,False,0.0,0.21716550397872925
2025,0.8200912475585938,0.9453333333333334,1.0,0.6401824951171875,True,0.0,0.1252420857747396
2025,0.6456548571586609,0.11733333333333329,1.0,0.2913097143173218,True,0.0,0.5283215238253276
2025,0.17556464672088623,0.10066666666666668,0.0,0.6488707065582275,False,0.0,0.07489798005421955
2025,0.7729447484016418,0.02933333333333321,1.0,0.5458894968032837,True,0.0,0.7436114150683086
2025,0.23001396656036377,0.3486666666666667,0.0,0.5399720668792725,False,0.0,0.11865270010630291
2025,0.6776004433631897,0.9133333333333333,1.0,0.3552008867263794,True,0.0,0.23573288997014363
2025,0.25134044885635376,0.10599999999999998,1.0,0.4973191022872925,False,1.0,0.14534044885635378
2025,0.6633545160293579,0.876,1.0,0.3267090320587158,True,0.0,0.2126454839706421
2025,0.7193868160247803,0.5653333333333334,0.0,0.43877363204956055,True,1.0,0.15405348269144692
2025,0.7250429391860962,0.2240000000000001,0.0,0.4500858783721924,True,1.0,0.5010429391860961
2025,0.6200681328773499,0.8113333333333334,1.0,0.2401362657546997,True,0.0,0.1912652004559835
2025,0.24681007862091064,0.04799999999999993,1.0,0.5063798427581787,False,1.0,0.1988100786209107
2025,0.48752135038375854,0.20399999999999996,0.0,0.02495729923248291,False,0.0,0.2835213503837586
2025,0.31852245330810547,0.04466666666666663,0.0,0.36295509338378906,False,0.0,0.27385578664143884
2025,0.724583089351654,0.09466666666666668,1.0,0.4491661787033081,True,0.0,0.6299164226849874
2025,0.5725655555725098,0.1446666666666666,1.0,0.14513111114501953,True,0.0,0.42789888890584316
2025,0.5602949261665344,0.3853333333333333,0.0,0.12058985233306885,True,1.0,0.17496159283320112
2025,0.5899423360824585,0.038000000000000034,0.0,0.179884672164917,True,1.0,0.5519423360824585
2025,0.5400254726409912,0.138,1.0,0.08005094528198242,True,0.0,0.4020254726409912
2025,0.28625327348709106,0.14933333333333332,0.0,0.42749345302581787,False,0.0,0.13691994015375775
2025,0.6117643713951111,0.5186666666666666,1.0,0.22352874279022217,True,0.0,0.09309770472844447
2025,0.5430275201797485,0.694,1.0,0.08605504035949707,True,0.0,0.15097247982025142
2025,0.6659813523292542,0.23199999999999998,1.0,0.3319627046585083,True,0.0,0.43398135232925417
2025,0.5838321447372437,0.6153333333333333,1.0,0.1676642894744873,True,0.0,0.031501188596089635
2025,0.5608710646629333,0.2466666666666666,1.0,0.1217421293258667,True,0.0,0.31420439799626676
2025,0.36938750743865967,0.08999999999999997,1.0,0.26122498512268066,False,1.0,0.2793875074386597
2025,0.7205612659454346,0.8393333333333333,1.0,0.44112253189086914,True,0.0,0.1187720673878987
2025,0.8154067993164062,0.9933333333333333,1.0,0.6308135986328125,True,0.0,0.17792653401692704
2025,0.7714319229125977,0.9446666666666667,1.0,0.5428638458251953,True,0.0,0.173234743754069
2025,0.6566013097763062,0.792,1.0,0.3132026195526123,True,0.0,0.13539869022369388
2025,0.43615585565567017,0.23199999999999998,1.0,0.12768828868865967,False,1.0,0.20415585565567018
2025,0.21819281578063965,0.19266666666666676,0.0,0.5636143684387207,False,0.0,0.025526149113972885
2025,0.339715838432312,0.03400000000000003,1.0,0.320568323135376,False,1.0,0.305715838432312
2025,0.6126667857170105,0.6266666666666667,0.0,0.225333571434021,True,1.0,0.013999880949656207
2025,0.5056548118591309,0.062000000000000055,0.0,0.011309623718261719,True,1.0,0.4436548118591308
2025,0.38686323165893555,0.07666666666666655,0.0,0.2262735366821289,False,0.0,0.310196564992269
2025,0.5435088872909546,0.30000000000000004,1.0,0.08701777458190918,True,0.0,0.24350888729095455
2025,0.47216808795928955,0.44866666666666666,1.0,0.0556638240814209,False,1.0,0.023501421292622893
2025,0.4757741689682007,0.06533333333333335,1.0,0.04845166206359863,False,1.0,0.41044083563486733
2025,0.6125534772872925,0.32799999999999996,1.0,0.22510695457458496,True,0.0,0.2845534772872925
2026,0.34265685081481934,0.20266666666666666,0.0,0.31468629837036133,False,0.0,0.13999018414815267
2026,0.5290555357933044,0.4,0.0,0.05811107158660889,True,1.0,0.12905553579330442
2026,0.28661811351776123,0.03599999999999992,0.0,0.42676377296447754,False,0.0,0.2506181135177613
2026,0.772626519203186,0.45799999999999996,1.0,0.5452530384063721,True,0.0,0.3146265192031861
2026,0.8359531164169312,0.8746666666666667,1.0,0.6719062328338623,True,0.0,0.03871355024973555
2026,0.863722562789917,0.06666666666666665,0.0,0.727445125579834,True,1.0,0.7970558961232503
2026,0.4872199296951294,0.3806666666666667,0.0,0.02556014060974121,False,0.0,0.10655326302846269
2026,0.5235016942024231,0.16000000000000003,1.0,0.04700338840484619,True,0.0,0.36350169420242306
2026,0.603230893611908,0.9333333333333333,0.0,0.20646178722381592,True,1.0,0.3301024397214254
2026,0.8384570479393005,1.0,0.0,0.6769140958786011,True,1.0,0.16154295206069946
2026,0.5336654186248779,0.944,0.0,0.06733083724975586,True,1.0,0.410334581375122
2026,0.5924736261367798,0.31666666666666665,0.0,0.18494725227355957,True,1.0,0.27580695947011313
2026,0.712090253829956,0.7273333333333334,1.0,0.4241805076599121,True,0.0,0.015243079503377333
2026,0.6451965570449829,0.7533333333333333,1.0,0.2903931140899658,True,0.0,0.10813677628835039
2026,0.47681111097335815,0.20466666666666666,1.0,0.04637777805328369,False,1.0,0.2721444443066915
2026,0.4225388169288635,0.03866666666666674,0.0,0.15492236614227295,False,0.0,0.3838721502621968
2026,0.6539205312728882,0.40666666666666673,1.0,0.30784106254577637,True,0.0,0.24725386460622145
2026,0.715582549571991,0.2553333333333334,1.0,0.43116509914398193,True,0.0,0.46024921623865755
2026,0.8406387567520142,0.546,0.0,0.6812775135040283,True,1.0,0.2946387567520141
2026,0.7071694135665894,0.348,0.0,0.4143388271331787,True,1.0,0.3591694135665894
2026,0.29102569818496704,0.3979999999999999,0.0,0.4179486036300659,False,0.0,0.10697430181503287
2026,0.43005430698394775,0.5293333333333333,1.0,0.1398913860321045,False,1.0,0.09927902634938557
2026,0.7281830310821533,0.5606666666666666,0.0,0.45636606216430664,True,1.0,0.16751636441548667
2026,0.2740013599395752,0.276,0.0,0.4519972801208496,False,0.0,0.0019986400604248278
2026,0.3883609175682068,0.048666666666666636,0.0,0.22327816486358643,False,0.0,0.33969425090154015
2026,0.7105782628059387,0.9426666666666667,0.0,0.42115652561187744,True,1.0,0.23208840386072793
2026,0.6893913745880127,0.9813333333333334,0.0,0.3787827491760254,True,1.0,0.2919419587453207
2026,0.6837794780731201,0.8180000000000001,0.0,0.36755895614624023,True,1.0,0.13422052192687994
2026,0.5206639766693115,0.2566666666666667,1.0,0.04132795333862305,True,0.0,0.2639973100026448
2026,0.588957667350769,0.45999999999999996,0.0,0.17791533470153809,True,1.0,0.12895766735076908
2026,0.4369717836380005,0.7166666666666667,1.0,0.12605643272399902,False,1.0,0.2796948830286662
2026,0.48418593406677246,0.22733333333333328,1.0,0.03162813186645508,False,1.0,0.2568526007334392
2026,0.7624911069869995,0.9653333333333334,1.0,0.524982213973999,True,0.0,0.20284222634633386
2026,0.583805501461029,0.394,0.0,0.1676110029220581,True,1.0,0.18980550146102904
2026,0.8468219041824341,0.7546666666666666,0.0,0.6936438083648682,True,1.0,0.09215523751576749
2026,0.3967472314834595,0.3973333333333333,0.0,0.20650553703308105,False,0.0,0.0005861018498738435
2026,0.6107938289642334,0.796,0.0,0.2215876579284668,True,1.0,0.18520617103576664
2026,0.720553457736969,0.3773333333333333,0.0,0.441106915473938,True,1.0,0.3432201244036357
2026,0.5485150218009949,0.44466666666666677,0.0,0.09703004360198975,True,1.0,0.10384835513432811
2026,0.2121712565422058,0.18733333333333324,0.0,0.5756574869155884,False,0.0,0.02483792320887257
2026,0.531342089176178,0.244,1.0,0.06268417835235596,True,0.0,0.287342089176178
2026,0.25439733266830444,0.41933333333333334,1.0,0.4912053346633911,False,1.0,0.1649360006650289
2026,0.6229000687599182,0.5413333333333334,0.0,0.24580013751983643,True,1.0,0.08156673542658477
2026,0.6832050085067749,0.54,0.0,0.3664100170135498,True,1.0,0.14320500850677487
2026,0.502690315246582,0.5386666666666666,0.0,0.0053806304931640625,True,1.0,0.035976351420084596
2026,0.6264448165893555,0.914,0.0,0.25288963317871094,True,1.0,0.28755518341064457
2026,0.44527989625930786,0.558,0.0,0.10944020748138428,False,0.0,0.11272010374069219
2026,0.728866457939148,0.7193333333333334,1.0,0.4577329158782959,True,0.0,0.009533124605814569
2026,0.6239440441131592,0.3426666666666667,1.0,0.24788808822631836,True,0.0,0.2812773774464925
2026,0.5037870407104492,0.5800000000000001,0.0,0.0075740814208984375,True,1.0,0.07621295928955085
2026,0.46899890899658203,0.02533333333333332,1.0,0.06200218200683594,False,1.0,0.4436655756632487
2026,0.4106364846229553,0.43999999999999995,0.0,0.17872703075408936,False,0.0,0.029363515377044624
2026,0.6555477380752563,0.6753333333333333,0.0,0.3110954761505127,True,1.0,0.019785595258076993
2026,0.5122405290603638,0.17733333333333334,1.0,0.02448105812072754,True,0.0,0.3349071957270304
2026,0.21235322952270508,0.2293333333333334,0.0,0.5752935409545898,False,0.0,0.01698010381062831
2026,0.6765667200088501,0.6946666666666667,0.0,0.3531334400177002,True,1.0,0.018099946657816557
2026,0.7124990224838257,0.6113333333333333,0.0,0.42499804496765137,True,1.0,0.1011656891504924
2026,0.5258588790893555,0.1486666666666666,0.0,0.05171775817871094,True,1.0,0.37719221242268886
2026,0.7980906963348389,0.18266666666666664,0.0,0.5961813926696777,True,1.0,0.6154240296681722
2026,0.6349040865898132,0.07266666666666677,0.0,0.26980817317962646,True,1.0,0.5622374199231465
2026,0.276828408241272,0.06333333333333324,0.0,0.44634318351745605,False,0.0,0.21349507490793873
2026,0.4359040856361389,0.17600000000000005,0.0,0.12819182872772217,False,0.0,0.25990408563613887
2026,0.6462873816490173,0.7686666666666667,1.0,0.29257476329803467,True,0.0,0.12237928501764939
2026,0.8348780870437622,0.642,1.0,0.6697561740875244,True,0.0,0.1928780870437622
2026,0.442990779876709,0.5513333333333332,0.0,0.11401844024658203,False,0.0,0.10834255345662425
2026,0.15738248825073242,0.04599999999999993,1.0,0.6852350234985352,False,1.0,0.11138248825073249
2026,0.5323418974876404,0.3493333333333333,1.0,0.06468379497528076,True,0.0,0.1830085641543071
2026,0.47849011421203613,0.34599999999999986,0.0,0.043019771575927734,False,0.0,0.13249011421203627
2026,0.8740536570549011,0.9866666666666667,1.0,0.7481073141098022,True,0.0,0.11261300961176557
2026,0.5726338624954224,0.4600000000000001,1.0,0.14526772499084473,True,0.0,0.11263386249542229
2026,0.48474401235580444,0.18733333333333335,1.0,0.030511975288391113,False,1.0,0.2974106790224711
2026,0.46411240100860596,0.2666666666666667,1.0,0.07177519798278809,False,1.0,0.19744573434193924
2026,0.5720462799072266,0.9306666666666666,1.0,0.14409255981445312,True,0.0,0.3586203867594401
2026,0.25128859281539917,0.2753333333333333,0.0,0.49742281436920166,False,0.0,0.02404474051793415
2026,0.410603404045105,0.03466666666666662,0.0,0.17879319190979004,False,0.0,0.37593673737843836
2026,0.712364673614502,1.0,0.0,0.4247293472290039,True,1.0,0.28763532638549805
2026,0.8649284839630127,0.958,1.0,0.7298569679260254,True,0.0,0.09307151603698727
2026,0.5488541126251221,0.17266666666666663,0.0,0.09770822525024414,True,1.0,0.37618744595845544
2026,0.5925027132034302,0.8353333333333333,1.0,0.18500542640686035,True,0.0,0.24283062012990309
2026,0.6550405621528625,0.554,0.0,0.3100811243057251,True,1.0,0.1010405621528625
2026,0.4905094504356384,0.5066666666666666,1.0,0.018981099128723145,False,1.0,0.01615721623102817
2026,0.18051797151565552,0.1293333333333333,1.0,0.638964056968689,False,1.0,0.05118463818232222
2026,0.49498385190963745,0.2573333333333333,1.0,0.010032296180725098,False,1.0,0.23765051857630415
2026,0.37242943048477173,0.03733333333333333,1.0,0.25514113903045654,False,1.0,0.3350960971514384
2026,0.5586109757423401,0.03199999999999992,0.0,0.11722195148468018,True,1.0,0.5266109757423402
2026,0.0669865608215332,0.04533333333333334,0.0,0.8660268783569336,False,0.0,0.021653227488199867
2026,0.5482912659645081,0.768,1.0,0.09658253192901611,True,0.0,0.21970873403549196
2026,0.36917227506637573,0.20466666666666666,0.0,0.26165544986724854,False,0.0,0.16450560839970907
2026,0.2558717727661133,0.055333333333333234,0.0,0.48825645446777344,False,0.0,0.20053843943278005
2026,0.5448818802833557,0.15400000000000003,0.0,0.08976376056671143,True,1.0,0.3908818802833557
2026,0.714495062828064,0.512,1.0,0.42899012565612793,True,0.0,0.20249506282806395
2026,0.43630969524383545,0.2466666666666667,0.0,0.1273806095123291,False,0.0,0.18964302857716875
2026,0.7488822937011719,0.7686666666666666,0.0,0.49776458740234375,True,1.0,0.019784372965494734
2026,0.44744282960891724,0.07866666666666666,0.0,0.10511434078216553,False,0.0,0.3687761629422506
2026,0.6046891212463379,0.2613333333333333,1.0,0.20937824249267578,True,0.0,0.3433557879130046
2026,0.372819185256958,0.20599999999999996,0.0,0.254361629486084,False,0.0,0.16681918525695805
2026,0.5001605153083801,0.2666666666666667,1.0,0.0003210306167602539,True,0.0,0.2334938486417134
2026,0.7707254886627197,0.97,1.0,0.5414509773254395,True,0.0,0.19927451133728025
2026,0.8377774357795715,0.6033333333333333,1.0,0.6755548715591431,True,0.0,0.23444410244623826
2026,0.7846578359603882,0.45199999999999996,0.0,0.5693156719207764,True,1.0,0.3326578359603882
2026,0.49542707204818726,0.052000000000000046,0.0,0.009145855903625488,False,0.0,0.4434270720481872
2026,0.6202508211135864,0.07533333333333325,1.0,0.24050164222717285,True,0.0,0.5449174877802532
2026,0.4487236738204956,0.7366666666666667,0.0,0.10255265235900879,False,0.0,0.2879429928461711
2026,0.34494197368621826,0.2466666666666667,0.0,0.3101160526275635,False,0.0,0.09827530701955156
2026,0.6073316335678101,0.9913333333333333,1.0,0.21466326713562012,True,0.0,0.38400169976552323
2026,0.6032248139381409,0.6026666666666667,1.0,0.20644962787628174,True,0.0,0.0005581472714741853
2026,0.6401287913322449,0.9126666666666666,0.0,0.28025758266448975,True,1.0,0.27253787533442175
2026,0.5039254426956177,0.1333333333333333,0.0,0.007850885391235352,True,1.0,0.37059210936228437
2026,0.6294087171554565,0.7386666666666667,0.0,0.2588174343109131,True,1.0,0.10925794951121015
2026,0.6123582124710083,0.278,1.0,0.2247164249420166,True,0.0,0.3343582124710083
2026,0.515221893787384,0.32733333333333325,0.0,0.030443787574768066,True,1.0,0.18788856045405078
2026,0.49250084161758423,0.4,1.0,0.014998316764831543,False,1.0,0.0925008416175842
2026,0.7284203767776489,0.13666666666666671,0.0,0.45684075355529785,True,1.0,0.5917537101109822
2026,0.6966115236282349,0.966,1.0,0.3932230472564697,True,0.0,0.2693884763717651
2026,0.6948143243789673,0.3400000000000001,1.0,0.38962864875793457,True,0.0,0.3548143243789672
2026,0.6119604110717773,0.028000000000000025,0.0,0.2239208221435547,True,1.0,0.5839604110717773
2026,0.7277655601501465,0.19000000000000006,1.0,0.45553112030029297,True,0.0,0.5377655601501464
2026,0.6345726251602173,0.4706666666666667,1.0,0.26914525032043457,True,0.0,0.1639059584935506
2026,0.3792661428451538,0.45066666666666666,1.0,0.24146771430969238,False,1.0,0.07140052382151285
2026,0.27470022439956665,0.42866666666666675,0.0,0.4505995512008667,False,0.0,0.1539664422671001
2026,0.646926760673523,0.6373333333333333,1.0,0.2938535213470459,True,0.0,0.009593427340189642
2026,0.5662593841552734,0.6006666666666667,1.0,0.13251876831054688,True,0.0,0.034407282511393245
2026,0.43879449367523193,0.44533333333333336,1.0,0.12241101264953613,False,1.0,0.006538839658101425
2026,0.28042954206466675,0.5946666666666667,0.0,0.4391409158706665,False,0.0,0.31423712460199993
2026,0.62819504737854,0.43400000000000005,0.0,0.2563900947570801,True,1.0,0.19419504737854
2026,0.17362749576568604,0.10466666666666657,0.0,0.6527450084686279,False,0.0,0.06896082909901946
2026,0.7681503295898438,1.0,1.0,0.5363006591796875,True,0.0,0.23184967041015625
2026,0.6173861622810364,0.04800000000000004,1.0,0.23477232456207275,True,0.0,0.5693861622810363
2026,0.3212958574295044,0.1286666666666667,1.0,0.3574082851409912,False,1.0,0.1926291907628377
2026,0.41470569372177124,0.19733333333333336,1.0,0.17058861255645752,False,1.0,0.21737236038843788
2026,0.35833853483200073,0.08600000000000008,1.0,0.28332293033599854,False,1.0,0.27233853483200066
2026,0.3774052858352661,0.4660000000000001,1.0,0.24518942832946777,False,1.0,0.08859471416473397
2026,0.5395650863647461,0.8346666666666667,0.0,0.07913017272949219,True,1.0,0.2951015803019206
2026,0.5775566101074219,0.3653333333333333,1.0,0.15511322021484375,True,0.0,0.2122232767740886
2026,0.7882989645004272,0.45333333333333337,0.0,0.5765979290008545,True,1.0,0.3349656311670939
2026,0.6790057420730591,0.6733333333333333,0.0,0.35801148414611816,True,1.0,0.005672408739725743
2026,0.5206087231636047,0.8886666666666667,1.0,0.04121744632720947,True,0.0,0.368057943503062
2026,0.5255101323127747,0.42600000000000005,1.0,0.051020264625549316,True,0.0,0.09951013231277461
2026,0.6461131572723389,0.3626666666666667,1.0,0.29222631454467773,True,0.0,0.2834464906056722
2026,0.5699582695960999,0.28400000000000003,0.0,0.1399165391921997,True,1.0,0.2859582695960998
2026,0.6142683029174805,0.18799999999999994,1.0,0.22853660583496094,True,0.0,0.4262683029174805
2026,0.5468755960464478,0.2526666666666666,0.0,0.09375119209289551,True,1.0,0.29420892937978116
2026,0.6298118829727173,0.40866666666666673,1.0,0.25962376594543457,True,0.0,0.22114521630605055
2026,0.6248524188995361,0.4853333333333333,1.0,0.24970483779907227,True,0.0,0.13951908556620285
2026,0.8848056197166443,0.8086666666666666,1.0,0.7696112394332886,True,0.0,0.07613895304997764
2026,0.5389480590820312,0.2366666666666667,1.0,0.0778961181640625,True,0.0,0.30228139241536456
2026,0.6069884300231934,0.9166666666666666,1.0,0.21397686004638672,True,0.0,0.30967823664347327
2026,0.8356518149375916,0.9319999999999999,1.0,0.6713036298751831,True,0.0,0.09634818506240839
2026,0.3883165717124939,0.18999999999999995,1.0,0.2233668565750122,False,1.0,0.19831657171249395
2026,0.4064587950706482,0.2366666666666667,1.0,0.1870824098587036,False,1.0,0.1697921284039815
2026,0.2186630368232727,0.37,0.0,0.5626739263534546,False,0.0,0.1513369631767273
2026,0.5992764234542847,0.5586666666666666,1.0,0.19855284690856934,True,0.0,0.04060975678761802
2026,0.4109690189361572,0.3853333333333333,0.0,0.17806196212768555,False,0.0,0.02563568560282392
2026,0.45062464475631714,0.22133333333333327,0.0,0.09875071048736572,False,0.0,0.22929131142298387
2026,0.39150726795196533,0.07999999999999996,1.0,0.21698546409606934,False,1.0,0.31150726795196537
2026,0.7888363599777222,0.42199999999999993,1.0,0.5776727199554443,True,0.0,0.36683635997772224
2026,0.7399314045906067,0.9986666666666667,1.0,0.4798628091812134,True,0.0,0.25873526207606
2026,0.7164759039878845,0.2866666666666666,1.0,0.43295180797576904,True,0.0,0.4298092373212179
2026,0.3796982169151306,0.2320000000000001,0.0,0.24060356616973877,False,0.0,0.14769821691513052
2026,0.4625774025917053,0.3500000000000001,0.0,0.07484519481658936,False,0.0,0.11257740259170523
2026,0.37093114852905273,0.134,1.0,0.25813770294189453,False,1.0,0.23693114852905273
2026,0.7975651025772095,0.9986666666666667,1.0,0.595130205154419,True,0.0,0.20110156408945723
2026,0.6799122095108032,0.7206666666666667,1.0,0.35982441902160645,True,0.0,0.040754457155863455
2026,0.7501674890518188,0.8553333333333333,1.0,0.5003349781036377,True,0.0,0.10516584428151443
2026,0.4289126396179199,0.33466666666666667,1.0,0.14217472076416016,False,1.0,0.09424597295125325
2026,0.3677298426628113,0.16000000000000003,1.0,0.26454031467437744,False,1.0,0.20772984266281125
2026,0.8289525508880615,0.5940000000000001,1.0,0.657905101776123,True,0.0,0.23495255088806144
2026,0.3224756717681885,0.1246666666666667,0.0,0.35504865646362305,False,0.0,0.19780900510152177
2026,0.6857105493545532,0.9406666666666667,1.0,0.37142109870910645,True,0.0,0.25495611731211343
2026,0.831049382686615,0.9886666666666667,1.0,0.66209876537323,True,0.0,0.1576172839800517
2026,0.7447705268859863,0.5246666666666666,1.0,0.48954105377197266,True,0.0,0.2201038602193197
2026,0.3524959683418274,0.3686666666666667,0.0,0.2950080633163452,False,0.0,0.016170698324839305
2026,0.55406653881073,0.10133333333333339,0.0,0.10813307762145996,True,1.0,0.4527332054773966
2026,0.14997220039367676,0.07533333333333325,0.0,0.7000555992126465,False,0.0,0.0746388670603435
2026,0.5393816232681274,0.30066666666666675,0.0,0.07876324653625488,True,1.0,0.2387149566014607
2026,0.5629909038543701,0.2653333333333334,0.0,0.12598180770874023,True,1.0,0.2976575705210367
2026,0.5567686557769775,0.56,0.0,0.11353731155395508,True,1.0,0.0032313442230225142
2026,0.7004916071891785,0.738,1.0,0.40098321437835693,True,0.0,0.03750839281082152
2026,0.5191695690155029,0.046666666666666634,0.0,0.03833913803100586,True,1.0,0.4725029023488363
2026,0.5424996614456177,0.79,1.0,0.08499932289123535,True,0.0,0.24750033855438236
2026,0.8223960399627686,0.766,1.0,0.6447920799255371,True,0.0,0.05639603996276854
2026,0.6641747355461121,0.2766666666666667,1.0,0.3283494710922241,True,0.0,0.38750806887944533
2026,0.6895659565925598,0.4073333333333333,1.0,0.37913191318511963,True,0.0,0.2822326232592265
2026,0.586990237236023,0.522,0.0,0.1739804744720459,True,1.0,0.06499023723602293
2026,0.3788347840309143,0.3866666666666667,1.0,0.2423304319381714,False,1.0,0.007831882635752407
2026,0.5384758710861206,0.7246666666666667,1.0,0.07695174217224121,True,0.0,0.18619079558054608
2026,0.5538369417190552,0.29666666666666663,1.0,0.10767388343811035,True,0.0,0.25717027505238854
2026,0.9076108932495117,0.9873333333333333,1.0,0.8152217864990234,True,0.0,0.07972244008382157
2026,0.4866597056388855,0.06999999999999995,1.0,0.026680588722229004,False,1.0,0.41665970563888555
2026,0.5153607130050659,0.8573333333333333,1.0,0.030721426010131836,True,0.0,0.34197262032826736
2026,0.720178484916687,0.6613333333333333,0.0,0.440356969833374,True,1.0,0.05884515158335368
2026,0.5567119121551514,0.33866666666666667,1.0,0.11342382431030273,True,0.0,0.2180452454884847
2026,0.617260217666626,0.18599999999999994,1.0,0.23452043533325195,True,0.0,0.43126021766662603
2026,0.5084667205810547,0.1353333333333333,1.0,0.016933441162109375,True,0.0,0.3731333872477214
